appid,name,release_date,developers,publishers,genres,categories,price_overview,metacritic_score,is_free,required_age,short_description,header_image,metadata_source,crawled_at
3551340,Football Manager 26,,,,,,,,,,,,failed,2026-06-07T15:36:23+00:00
2584990,Shadowverse: Worlds Beyond,2025년 6월 14일,"[""Cygames, Inc.""]","[""Cygames, Inc.""]","[""캐주얼"", ""RPG"", ""전략"", ""무료 플레이""]","[""싱글 플레이어"", ""멀티플레이어"", ""PvP"", ""온라인 PvP"", ""크로스 플랫폼 멀티플레이어"", ""Steam 도전 과제"", ""앱 내 구매"", ""텍스트 크기 조정"", ""카메라 움직임 조정"", ""음량 개별 조절"", ""퀵타임 이벤트 없이 플레이 가능"", ""스테레오 사운드"", ""컨트롤러 일부 지원""]",,,True,0.0,Cygames가 선보이는 신작 카드 게임 '섀도우버스 월즈 비욘드'가 드디어 시동! 초진화와 섀버 파크 등 신규 요소와 콘텐츠가 추가된 새로운 차원의 디지털 카드 게임 탄생! 신규 유저도 기존 유저도 모두 즐길 수 있는 한층 더 진화한 섀도우버스!,https://shared.akamai.steamstatic.com/store_item_assets/steam/apps/2584990/bab5a90e2765d340ca3ba8553e1b0ee679176dda/header_koreana.jpg?t=1772083189,appdetails,2026-06-07T15:36:23+00:00
578080,PUBG: BATTLEGROUNDS,2017년 12월 21일,"[""PUBG Corporation""]","[""KRAFTON, Inc.""]","[""액션"", ""어드벤처"", ""대규모 멀티플레이어"", ""무료 플레이""]","[""멀티플레이어"", ""PvP"", ""온라인 PvP"", ""음량 개별 조절"", ""스테레오 사운드"", ""서라운드 사운드"", ""통계"", ""Remote Play 휴대전화"", ""Remote Play 태블릿""]",,,True,19.0,"배틀로얄 유행의 시작이자, 그 정수를 보여준 PUBG: 배틀그라운드를 지금 무료로 플레이하세요! 다양한 맵에 낙하하여 무기와 보급품을 확보하고, 점점 줄어드는 블루존 속에서 끝까지 살아남아 승리를 쟁취하세요.",https://shared.akamai.steamstatic.com/store_item_assets/steam/apps/578080/841ea38bc58cabb70aef65365cf50bc2d79329d9/header.jpg?t=1778634253,appdetails,2026-06-07T15:36:23+00:00
304390,포 아너,2017년 2월 13일,"[""Ubisoft Montreal"", ""Ubisoft Quebec"", ""Ubisoft Toronto"", ""Blue Byte""]","[""Ubisoft""]","[""액션""]","[""싱글 플레이어"", ""멀티플레이어"", ""PvP"", ""온라인 PvP"", ""협동"", ""온라인 협동"", ""Steam 도전 과제"", ""Steam 트레이딩 카드"", ""앱 내 구매"", ""컨트롤러 일부 지원""]","{""currency"": ""KRW"", ""discount_percent"": 85, ""final"": 510000, ""final_formatted"": ""₩ 5,100"", ""initial"": 3400000, ""initial_formatted"": ""₩ 34,000""}",76.0,False,19.0,"혼자서 또는 친구와 함께 3인칭 영웅 기반 근접 전투 게임 ‘포 아너’를 즐겨 보십시오. 기사, 바이킹, 사무라이, 무림, 아웃랜더 중 하나가 되어 혼돈의 전장 속으로 뛰어드십시오. 잔혹한 PvP 팀 기반 모드에서 싸우거나, 스릴 넘치는 스토리 캠페인도 즐겨볼 수 있습니다.",https://shared.akamai.steamstatic.com/store_item_assets/steam/apps/304390/2c22776de84112b1c4f39da2597567bb450386a0/header.jpg?t=1778259779,appdetails,2026-06-07T15:36:23+00:00
949230,Cities: Skylines II,2023년 10월 24일,"[""Iceflake Studios"", ""Colossal Order""]","[""Paradox Interactive""]","[""시뮬레이션""]","[""싱글 플레이어"", ""Steam 도전 과제"", ""컨트롤러 완벽 지원"", ""Steam Cloud"", ""가족 공유""]","{""currency"": ""KRW"", ""discount_percent"": 0, ""final"": 5500000, ""final_formatted"": ""₩ 55,000"", ""initial"": 5500000, ""initial_formatted"": """"}",,False,0.0,역대 가장 현실적인 도시 건설 게임의 허허벌판에 도시를 세워 메트로폴리스로 키워보세요. 창의력과 문제 해결 능력을 한층 더 자극하게 됩니다. 정교한 시뮬레이션과 살아 숨 쉬는 경제를 활용해 제한 없이 나만의 세계를 그려보세요.,https://shared.akamai.steamstatic.com/store_item_assets/steam/apps/949230/header.jpg?t=1779837128,appdetails,2026-06-07T15:36:23+00:00
363150,삼국지13,2016년 1월 27일,"[""KOEI TECMO GAMES CO., LTD.""]","[""KOEI TECMO GAMES CO., LTD.""]","[""시뮬레이션""]","[""싱글 플레이어"", ""Steam Cloud"", ""가족 공유""]","{""currency"": ""KRW"", ""discount_percent"": 0, ""final"": 6380000, ""final_formatted"": ""₩ 63,800"", ""initial"": 6380000, ""initial_formatted"": """"}",,False,0.0,"『삼국지13』은 「이것이야말로 삼국지, 백화요란의 영걸극」을 컨셉으로, 전 무장 플레이를 통한 영걸들의 “인간 드라마”, 장대한 전투를 재현한 “스펙타클” 전투, 광활한 중국 대륙을 풀 3D로 표현한 “역동성”을 통해, 지금 이상으로 「삼국지」의 세계를 체험할 수 있는 작품입니다.",https://shared.akamai.steamstatic.com/store_item_assets/steam/apps/363150/header_koreana.jpg?t=1760589032,appdetails,2026-06-07T15:36:23+00:00
1677280,Company of Heroes 3,2023년 2월 23일,"[""Relic Entertainment""]","[""Relic Entertainment""]","[""액션"", ""전략""]","[""싱글 플레이어"", ""멀티플레이어"", ""PvP"", ""온라인 PvP"", ""협동"", ""온라인 협동"", ""Steam 도전 과제"", ""Steam 트레이딩 카드"", ""Steam 창작마당"", ""통계"", ""가족 공유""]","{""currency"": ""KRW"", ""discount_percent"": 0, ""final"": 5980000, ""final_formatted"": ""₩ 59,800"", ""initial"": 5980000, ""initial_formatted"": """"}",81.0,False,18.0,사상 최대의 야심작으로 돌아온 Company of Heroes 3에서는 눈부신 지중해 전구를 배경으로 한 가슴 뛰는 전투와 심도 있는 전략적 선택이 갖춰져 있습니다. Company of Heroes 3의 전투에는 모두 이야기가 깃들어 있습니다... 여러분의 이야기는 무엇입니까?&quot;,https://shared.akamai.steamstatic.com/store_item_assets/steam/apps/1677280/header.jpg?t=1778776992,appdetails,2026-06-07T15:36:23+00:00
1352080,스매시 레전드,2021년 4월 12일,"[""5minlab Corp.""]","[""5minlab Corp."", ""KRAFTON, Inc.""]","[""액션"", ""캐주얼"", ""무료 플레이""]","[""멀티플레이어"", ""PvP"", ""온라인 PvP"", ""협동"", ""온라인 협동"", ""크로스 플랫폼 멀티플레이어"", ""앱 내 구매"", ""컨트롤러 일부 지원""]",,,True,0.0,스매시 레전드를 무료로 플레이 하세요. 다양한 레전드들과 경쾌한 전투를 즐기는 PVP 액션 게임입니다. 3vs3팀전부터 개인전까지 원하는 모드를 친구들과 함께 즐겨보세요.,https://shared.akamai.steamstatic.com/store_item_assets/steam/apps/1352080/1d0713a01f82b9876b9e44e4b3a7b4d0bd45ada4/header.jpg?t=1773643961,appdetails,2026-06-07T15:36:23+00:00
1997040,마블스냅,2023년 8월 22일,"[""Second Dinner Studios, Inc.""]",,"[""캐주얼"", ""전략"", ""무료 플레이""]","[""멀티플레이어"", ""PvP"", ""온라인 PvP"", ""크로스 플랫폼 멀티플레이어"", ""앱 내 구매""]",,,True,0.0,"마블스냅은 빠른 속도로 진행되는 수집형 카드 게임으로, 혁신적인 메커니즘으로 장르를 재정의하였습니다. '최고의 전략 게임' 및 '올해의 획기적인 게임' 등 수많은 수상 경력에 빛나는 마블스냅으로 여러분을 초대합니다. 전 세계 수백만 플레이어와 함께 즐기세요. 배우는 데에는 몇 분이면 충분합니다. 오늘 바로 시작하세요!",https://shared.akamai.steamstatic.com/store_item_assets/steam/apps/1997040/47bfae67977f349b56d1cfdceba9e6f9f9f4951e/header.jpg?t=1777781345,appdetails,2026-06-07T15:36:23+00:00
1295660,시드 마이어의 문명 VII,2025년 2월 10일,"[""Firaxis Games""]","[""2K""]","[""시뮬레이션"", ""전략""]","[""싱글 플레이어"", ""멀티플레이어"", ""PvP"", ""온라인 PvP"", ""LAN PvP"", ""크로스 플랫폼 멀티플레이어"", ""Steam 도전 과제"", ""컨트롤러 완벽 지원"", ""Steam 트레이딩 카드"", ""Steam 창작마당"", ""텍스트 크기 조정"", ""카메라 움직임 조정"", ""텍스트 채팅 음성 변환"", ""색상 대체"", ""음량 개별 조절"", ""난이도 조정"", ""마우스 전용 옵션"", ""게임 메뉴 음성 안내"", ""퀵타임 이벤트 없이 플레이 가능"", ""수시 저장"", ""스테레오 사운드"", ""서라운드 사운드"", ""터치 전용 옵션"", ""HDR 사용 가능"", ""가족 공유""]","{""currency"": ""KRW"", ""discount_percent"": 0, ""final"": 8300000, ""final_formatted"": ""₩ 83,000"", ""initial"": 8300000, ""initial_formatted"": """"}",79.0,False,0.0,시대를 진보 또는 존속시키는 지도자가 되어 제국을 이끌어 보세요. 시드 마이어의 문명® VII에서 여러분의 신념을 실현하세요.,https://shared.akamai.steamstatic.com/store_item_assets/steam/apps/1295660/ef351f076e073fb0cd8c6fa8129ee7abb57bad56/header_alt_assets_5_koreana.jpg?t=1779464366,appdetails,2026-06-07T15:36:23+00:00
1124300,휴먼카인드,2021년 8월 17일,"[""AMPLITUDE Studios""]","[""AMPLITUDE Studios""]","[""전략""]","[""싱글 플레이어"", ""멀티플레이어"", ""PvP"", ""온라인 PvP"", ""Steam 도전 과제"", ""Steam 트레이딩 카드"", ""Steam Cloud"", ""레벨 에디터 포함"", ""가족 공유""]","{""currency"": ""KRW"", ""discount_percent"": 75, ""final"": 1250000, ""final_formatted"": ""₩ 12,500"", ""initial"": 5000000, ""initial_formatted"": ""₩ 50,000""}",,False,0.0,"HUMANKIND™는 Amplitude Studios의 야심작인 역사 기반 전략 게임으로, 여러분은 직접 인류의 역사 전체를 다시 써내려가면서 각종 문화, 역사, 그리고 가치를 융합하여 독특한 문명을 만들게 됩니다. 인류를 얼마나 멀리까지 이끄시겠습니까?",https://shared.akamai.steamstatic.com/store_item_assets/steam/apps/1124300/header.jpg?t=1779433660,appdetails,2026-06-07T15:36:23+00:00
3308670,소녀전선2: 망명,2025년 2월 10일,"[""SUNBORN Information Co., Ltd.""]","[""HAOPLAY Limited""]","[""RPG"", ""전략"", ""무료 플레이""]","[""싱글 플레이어"", ""앱 내 구매""]",,,True,0.0,포스트 아포칼립스 소대 전술 RPG . 전술 인형 소대를 이끌고 오염 지대에서 의뢰를 완수하고 적을 상대하라. 새로운 질서 속에서 베일에 가려진 음모가 수면 위로 떠오른다.,https://shared.akamai.steamstatic.com/store_item_assets/steam/apps/3308670/header_koreana.jpg?t=1741082524,appdetails,2026-06-07T15:36:23+00:00
285190,"Warhammer 40,000: Dawn of War III",2017년 4월 27일,"[""Relic Entertainment"", ""Feral Interactive (Mac)"", ""Feral Interactive (Linux)""]","[""Relic Entertainment"", ""Feral Interactive (Mac)"", ""Feral Interactive (Linux)""]","[""액션"", ""시뮬레이션"", ""전략""]","[""싱글 플레이어"", ""멀티플레이어"", ""PvP"", ""온라인 PvP"", ""Steam 도전 과제"", ""Steam 트레이딩 카드"", ""Steam 창작마당"", ""Steam Cloud"", ""통계"", ""레벨 에디터 포함"", ""가족 공유""]","{""currency"": ""KRW"", ""discount_percent"": 0, ""final"": 4300000, ""final_formatted"": ""₩ 43,000"", ""initial"": 4300000, ""initial_formatted"": """"}",77.0,False,0.0,"3개의 세력이 벌이는 격렬한 전쟁을 체험하십시오. Dawn of War III에서, 신비의 세계 Acheron에서 발견된 엄청난 무기로 인해 모든 이들은 자신의 숙적과 맞설 수밖에 없게 되었습니다.",https://shared.akamai.steamstatic.com/store_item_assets/steam/apps/285190/header.jpg?t=1750948681,appdetails,2026-06-07T15:36:23+00:00
1424800,대항해시대4 with 파워업키트 HD Version,2021년 5월 19일,"[""KOEI TECMO GAMES CO., LTD.""]","[""KOEI TECMO GAMES CO., LTD.""]","[""액션"", ""RPG"", ""시뮬레이션"", ""전략""]","[""싱글 플레이어"", ""컨트롤러 일부 지원"", ""Steam Cloud"", ""가족 공유""]","{""currency"": ""KRW"", ""discount_percent"": 0, ""final"": 4980000, ""final_formatted"": ""₩ 49,800"", ""initial"": 4980000, ""initial_formatted"": """"}",,False,0.0,"&quot;대항해시대&quot; 시리즈의 인기 타이틀 &quot;대항해시대IV&quot;가 HD로 등장! 16세기 유럽의 &quot;대항해시대&quot;를 무대로 직접 모험가, 상인, 군인 등이 되어 동시대를 살아가던 많은 사람과 인간 드라마를 만들어나가는 해양 모험 시뮬레이션 RPG입니다. 플레이어는 세계 7대양을 제패하기 위하여 해역의 패권을 다투는 동시에 바닷속에 잠들어 있는 보물 &quot;패자의 증표&quot;를 찾아야 합니다. 전 세계에 퍼져있는 유적의 탐색, 보물 지도의 해독, 숨겨진 재화를 발견 등 다양한 이벤트가 당신의 항해를 더욱 드라마틱하게 만듭니다.",https://shared.akamai.steamstatic.com/store_item_assets/steam/apps/1424800/header_koreana.jpg?t=1776671859,appdetails,2026-06-07T15:36:23+00:00
1845910,Dragon Age™: The Veilguard,2024년 10월 31일,"[""BioWare""]","[""Electronic Arts""]","[""액션"", ""어드벤처"", ""RPG"", ""전략""]","[""싱글 플레이어"", ""Steam 도전 과제"", ""컨트롤러 완벽 지원"", ""Steam 트레이딩 카드"", ""색상 대체"", ""음량 개별 조절"", ""난이도 조정"", ""수시 저장"", ""스테레오 사운드"", ""자막 옵션"", ""서라운드 사운드"", ""Steam Cloud"", ""Remote Play TV"", ""HDR 사용 가능"", ""가족 공유""]","{""currency"": ""KRW"", ""discount_percent"": 0, ""final"": 6600000, ""final_formatted"": ""₩ 66,000"", ""initial"": 6600000, ""initial_formatted"": """"}",,False,19.0,몰입감 높은 싱글 플레이어 RPG인 Dragon Age™: The Veilguard에서 베일가드를 모아 신들에게 맞서세요.,https://shared.akamai.steamstatic.com/store_item_assets/steam/apps/1845910/header.jpg?t=1777414790,appdetails,2026-06-07T15:36:23+00:00
1604270,Broken Arrow,2025년 6월 19일,"[""Steel Balalaika""]","[""Slitherine Ltd.""]","[""전략""]","[""싱글 플레이어"", ""멀티플레이어"", ""PvP"", ""온라인 PvP"", ""협동"", ""온라인 협동"", ""Steam 도전 과제"", ""Steam 트레이딩 카드"", ""Steam 창작마당"", ""텍스트 크기 조정"", ""음량 개별 조절"", ""난이도 조정"", ""마우스 전용 옵션"", ""퀵타임 이벤트 없이 플레이 가능"", ""자막 옵션"", ""Steam Cloud"", ""레벨 에디터 포함""]","{""currency"": ""KRW"", ""discount_percent"": 0, ""final"": 5300000, ""final_formatted"": ""₩ 53,000"", ""initial"": 5300000, ""initial_formatted"": """"}",,False,0.0,"Broken Arrow는 대규모 실시간 현대전 전술 게임으로, 복잡한 연합군 전쟁 시뮬레이션과 액션 중심의 실시간 전술 게임플레이를 결합한 작품입니다. ",https://shared.akamai.steamstatic.com/store_item_assets/steam/apps/1604270/cb2b500747ffbc3434eb6a534c7c395fe1a5285a/header.jpg?t=1776680871,appdetails,2026-06-07T15:36:23+00:00
712100,토탈워 사가: 브리타니아의 왕좌,2018년 5월 2일,"[""CREATIVE ASSEMBLY"", ""Feral Interactive (Mac)"", ""Feral Interactive (Linux)""]","[""SEGA"", ""Feral Interactive (Mac)"", ""Feral Interactive (Linux)""]","[""액션"", ""전략""]","[""싱글 플레이어"", ""멀티플레이어"", ""PvP"", ""온라인 PvP"", ""LAN PvP"", ""협동"", ""온라인 협동"", ""LAN 협동"", ""Steam 도전 과제"", ""카메라 움직임 조정"", ""음량 개별 조절"", ""난이도 조정"", ""퀵타임 이벤트 없이 플레이 가능"", ""수시 저장"", ""스테레오 사운드"", ""서라운드 사운드"", ""가족 공유""]","{""currency"": ""KRW"", ""discount_percent"": 0, ""final"": 3980000, ""final_formatted"": ""₩ 39,800"", ""initial"": 3980000, ""initial_formatted"": """"}",,False,0.0,"다수의 수상에 빛나는 전략 게임 시리즈, 'A Total War Saga: Thrones of Britannia’는 일촉즉발의 상황이었던 역사를 배경으로 거대한 규모의 실시간 전투와몰입감 있는 턴제 캠페인을 결합하였습니다. 앵글로색슨, 게일족과 바이킹이 충돌합니다. 어느 왕국을 선택하시겠습니까?",https://shared.akamai.steamstatic.com/store_item_assets/steam/apps/712100/header.jpg?t=1764166677,appdetails,2026-06-07T15:36:23+00:00
593600,PixARK,2019년 5월 31일,"[""Snail Games USA""]","[""Snail Games USA""]","[""액션"", ""어드벤처"", ""캐주얼"", ""대규모 멀티플레이어"", ""RPG"", ""전략""]","[""싱글 플레이어"", ""멀티플레이어"", ""PvP"", ""온라인 PvP"", ""협동"", ""온라인 협동"", ""Steam 도전 과제"", ""Steam 트레이딩 카드"", ""컨트롤러 일부 지원"", ""가족 공유""]","{""currency"": ""KRW"", ""discount_percent"": 0, ""final"": 2150000, ""final_formatted"": ""₩ 21,500"", ""initial"": 2150000, ""initial_formatted"": """"}",,False,0.0,"Enter a world of mystery, danger, ancient dinosaurs, mythical beasts, and cubes! Work by yourself or with a tribe of others to gather materials, craft useful items, tame wild creatures, and build huge bases to survive in PixARK! ",https://shared.akamai.steamstatic.com/store_item_assets/steam/apps/593600/header.jpg?t=1779911006,appdetails,2026-06-07T15:36:23+00:00
1341200,진・삼국무쌍８ Empires,2021년 12월 22일,"[""KOEI TECMO GAMES CO., LTD.""]","[""KOEI TECMO GAMES CO., LTD.""]","[""액션"", ""시뮬레이션"", ""전략""]","[""싱글 플레이어"", ""Steam 도전 과제"", ""Steam 트레이딩 카드"", ""음량 개별 조절"", ""난이도 조정"", ""퀵타임 이벤트 없이 플레이 가능"", ""스테레오 사운드"", ""서라운드 사운드"", ""컨트롤러 일부 지원"", ""Steam Cloud"", ""가족 공유""]","{""currency"": ""KRW"", ""discount_percent"": 50, ""final"": 3240000, ""final_formatted"": ""₩ 32,400"", ""initial"": 6480000, ""initial_formatted"": ""₩ 64,800""}",,False,0.0,"상쾌 액션과 영토 쟁탈 시뮬레이션이 융합된 Empires 시리즈 최신작이 등장. 무장들의 인간 드라마가 그려지는 Empires만의 「삼국지 체험」이나 성 주변 일대를 전장으로 삼아 성을 두고 싸우는 「공성전」, 무장의 개성과 신뢰가 세력을 강성하게 만드는 「정략」 등, 진화한 Empires가 여기에!",https://shared.akamai.steamstatic.com/store_item_assets/steam/apps/1341200/header_koreana.jpg?t=1775536556,appdetails,2026-06-07T15:36:23+00:00
3274580,Anno 117: Pax Romana,2025년 11월 12일,"[""Ubisoft Mainz""]","[""Ubisoft""]","[""시뮬레이션"", ""전략""]","[""싱글 플레이어"", ""멀티플레이어"", ""PvP"", ""온라인 PvP"", ""협동"", ""온라인 협동"", ""Steam 도전 과제"", ""컨트롤러 완벽 지원""]","{""currency"": ""KRW"", ""discount_percent"": 0, ""final"": 6900000, ""final_formatted"": ""₩ 69,000"", ""initial"": 6900000, ""initial_formatted"": """"}",84.0,False,0.0,"장르를 대표하는 전략적 도시 건설 게임에서 로마 제국의 운명을 결정하세요. 로마 속주 곳곳에 영향력을 넓히면서 도시를 건설하세요. 경제력, 군사력, 또는 외교적 기술로 통치를 이어 나가세요.",https://shared.akamai.steamstatic.com/store_item_assets/steam/apps/3274580/003e0401485b98433c7dd46b86258c609578c6c0/header_koreana.jpg?t=1780353529,appdetails,2026-06-07T15:36:23+00:00
1292630,3on3 FreeStyle: Rebound,2020년 7월 14일,"[""Joycity""]","[""Joycity""]","[""액션"", ""캐주얼"", ""인디"", ""RPG"", ""스포츠"", ""무료 플레이""]","[""싱글 플레이어"", ""멀티플레이어"", ""PvP"", ""온라인 PvP"", ""협동"", ""온라인 협동"", ""크로스 플랫폼 멀티플레이어"", ""Steam 도전 과제"", ""컨트롤러 완벽 지원"", ""Steam 트레이딩 카드"", ""앱 내 구매""]",,,True,0.0,"팀워크, 성장, 전략이 결합된 3on3 길거리 농구! 싱글 커리어 모드와 실시간 매칭, 그리고 향상된 그래픽으로 새로운 플레이를 경험하세요.",https://shared.akamai.steamstatic.com/store_item_assets/steam/apps/1292630/93b4b027748e7562df28ebe903e21163a8e9a0c9/header.jpg?t=1775721619,appdetails,2026-06-07T15:36:23+00:00
381210,Dead by Daylight,2016년 6월 14일,"[""Behaviour Interactive Inc.""]","[""Behaviour Interactive Inc.""]","[""액션""]","[""멀티플레이어"", ""PvP"", ""온라인 PvP"", ""협동"", ""온라인 협동"", ""크로스 플랫폼 멀티플레이어"", ""Steam 도전 과제"", ""컨트롤러 완벽 지원"", ""Steam 트레이딩 카드"", ""색상 대체"", ""음량 개별 조절"", ""스테레오 사운드"", ""자막 옵션"", ""서라운드 사운드"", ""Steam Cloud"", ""Remote Play 휴대전화"", ""Remote Play 태블릿"", ""Remote Play TV"", ""가족 공유""]","{""currency"": ""KRW"", ""discount_percent"": 0, ""final"": 2150000, ""final_formatted"": ""₩ 21,500"", ""initial"": 2150000, ""initial_formatted"": """"}",,False,0.0,10년의 호러. 10년간 돌발적으로 급습한 공포와 아슬아슬한 순간들. 10년의 잔혹한 희생과 짜릿한 탈출. 죽음조차도 피할 수 없는 섬뜩한 악의 영역에 영원히 갇힌 네 명의 생존자는 신경과 재치를 시험하는 잔혹한 게임에서 피에 굶주린 살인마에 맞서 싸워야 합니다. 어느 편에 설지 선택하고 공포 게임 최고의 비대칭 멀티플레이어에서 긴장감과 공포의 세계로 들어가보세요.,https://shared.akamai.steamstatic.com/store_item_assets/steam/apps/381210/8512297f0f02ec3e592f45b21779f61624941964/header_alt_assets_6.jpg?t=1778880603,appdetails,2026-06-07T15:36:23+00:00
1449850,Yu-Gi-Oh! Master Duel,2022년 1월 18일,"[""KONAMI""]","[""KONAMI""]","[""시뮬레이션"", ""전략"", ""무료 플레이""]","[""싱글 플레이어"", ""멀티플레이어"", ""PvP"", ""온라인 PvP"", ""크로스 플랫폼 멀티플레이어"", ""Steam 도전 과제"", ""Steam 트레이딩 카드"", ""앱 내 구매""]",,,True,0.0,사상 최고봉의 디지털 카드 게임으로!,https://shared.akamai.steamstatic.com/store_item_assets/steam/apps/1449850/6ad0cd0c355a0072e2492c3c4d17e615ac085c02/header.jpg?t=1778872856,appdetails,2026-06-07T15:36:23+00:00
550650,Black Squad,2019년 6월 26일,"[""VALOFE"", ""NS STUDIO""]","[""VALOFE""]","[""액션"", ""무료 플레이""]","[""멀티플레이어"", ""Steam 도전 과제"", ""Steam 트레이딩 카드"", ""앱 내 구매""]",,,True,0.0,"Black Squad is a free-to-play military first-person-shooter. Players can master their skills and show off their strategies with a wide range of game maps, modes, and weapons to choose from. Join thousands of FPS players worldwide in one of the most played games on Steam!",https://shared.akamai.steamstatic.com/store_item_assets/steam/apps/550650/header.jpg?t=1756315059,appdetails,2026-06-07T15:36:23+00:00
1142710,토탈워: 워해머 3,2022년 2월 16일,"[""CREATIVE ASSEMBLY"", ""Feral Interactive""]","[""SEGA"", ""Feral Interactive""]","[""액션"", ""전략""]","[""싱글 플레이어"", ""멀티플레이어"", ""PvP"", ""온라인 PvP"", ""LAN PvP"", ""협동"", ""온라인 협동"", ""LAN 협동"", ""Steam 도전 과제"", ""Steam 트레이딩 카드"", ""카메라 움직임 조정"", ""색상 대체"", ""음량 개별 조절"", ""난이도 조정"", ""퀵타임 이벤트 없이 플레이 가능"", ""수시 저장"", ""스테레오 사운드"", ""서라운드 사운드"", ""Steam Cloud"", ""가족 공유""]","{""currency"": ""KRW"", ""discount_percent"": 0, ""final"": 6000000, ""final_formatted"": ""₩ 60,000"", ""initial"": 6000000, ""initial_formatted"": """"}",86.0,False,0.0,Total War: WARHAMMER 3부작의 격렬한 결말이 도래했습니다. 병력을 결집하여 혼돈의 영역에 발들이십시오. 정신을 농락하는 이 공포의 공간에서 세상의 운명이 결정될 것입니다. 자신의 악마를 정복하시겠습니까… 아니면 뜻대로 부리시겠습니까?,https://shared.akamai.steamstatic.com/store_item_assets/steam/apps/1142710/header.jpg?t=1779441058,appdetails,2026-06-07T15:36:23+00:00
835570,컨커러스 블레이드,2020년 4월 5일,"[""Booming Tech""]","[""Poros Interactive"", ""Booming Tech""]","[""액션"", ""대규모 멀티플레이어"", ""RPG"", ""전략"", ""무료 플레이""]","[""멀티플레이어"", ""MMO"", ""PvP"", ""온라인 PvP"", ""협동"", ""온라인 협동"", ""Steam 도전 과제"", ""앱 내 구매""]",,,True,0.0,"다양한 문명의 고대 전장에서 장군의 꿈을 이루세요! 《컨커러스 블레이드》에서 다양한 문명의 병력을 이끌고 동맹군과 함께 수천명이 동시에 등장하는 습격 대전을 펼치며, 다채로운 문명 고전장에 압도당할 준비를 하세요.",https://shared.akamai.steamstatic.com/store_item_assets/steam/apps/835570/8b6fe6ceb8cb642fd209a5cab6a37dc3128e607b/header_koreana.jpg?t=1779764579,appdetails,2026-06-07T15:36:23+00:00
529340,Victoria 3,2022년 10월 25일,"[""Paradox Development Studio""]","[""Paradox Interactive""]","[""시뮬레이션"", ""전략""]","[""싱글 플레이어"", ""멀티플레이어"", ""PvP"", ""온라인 PvP"", ""크로스 플랫폼 멀티플레이어"", ""Steam 도전 과제"", ""Steam 창작마당"", ""색상 대체"", ""음량 개별 조절"", ""난이도 조정"", ""키보드 전용 옵션"", ""마우스 전용 옵션"", ""퀵타임 이벤트 없이 플레이 가능"", ""수시 저장"", ""스테레오 사운드"", ""서라운드 사운드"", ""Steam Cloud"", ""가족 공유""]","{""currency"": ""KRW"", ""discount_percent"": 0, ""final"": 5500000, ""final_formatted"": ""₩ 55,000"", ""initial"": 5500000, ""initial_formatted"": """"}",,False,0.0,Paradox Development Studio가 흥미진진한 격변의 19세기 속에서 나만의 이상 사회를 만들 수 있는 세계로 여러분을 초대합니다. Paradox 역사상 최고의 기대를 받고 있는 게임 중 하나인 Victoria 3에서 사회 내 상충하는 다양한 이해관계를 조정하고 눈부신 역사를 만들어보세요.,https://shared.akamai.steamstatic.com/store_item_assets/steam/apps/529340/header.jpg?t=1777914005,appdetails,2026-06-07T15:36:23+00:00
761890,알비온 온라인,2018년 5월 16일,"[""Sandbox Interactive GmbH""]","[""Sandbox Interactive GmbH""]","[""대규모 멀티플레이어"", ""RPG"", ""무료 플레이""]","[""멀티플레이어"", ""MMO"", ""PvP"", ""온라인 PvP"", ""크로스 플랫폼 멀티플레이어"", ""Steam 도전 과제"", ""앱 내 구매"", ""컨트롤러 일부 지원""]",,,True,0.0,"알비온 온라인은 높은 자유도를 가진 판타지 MMORPG 게임으로, 플레이어가 직접 경제, 직업, 전투방식을 만들어가고 스릴 넘치는 PvP 전투를 경험할 수 있습니다. 위험과 기회가 가득한 방대한 세계를 탐험해 보세요. 부를 쌓고, 연합군을 결성하며 알비온 세계에 당신의 역사를 기록해 보세요.",https://shared.akamai.steamstatic.com/store_item_assets/steam/apps/761890/c6a91cee239d48792562a8c638103950c0ebd32a/header.jpg?t=1776091042,appdetails,2026-06-07T15:36:23+00:00
2767030,마블 라이벌즈,2024년 12월 5일,"[""NetEase Games""]","[""NetEase Games""]","[""액션"", ""무료 플레이""]","[""멀티플레이어"", ""PvP"", ""온라인 PvP"", ""협동"", ""온라인 협동"", ""크로스 플랫폼 멀티플레이어"", ""Steam 도전 과제"", ""컨트롤러 완벽 지원"", ""앱 내 구매""]",,,True,0.0,슈퍼 히어로 PVP 팀 슈팅 게임 를 소개합니다. 플레이어는 슈퍼 히어로와 빌런 진영에서 원하는 캐릭터를 골라 올스타팀을 구성할 수 있습니다. 마블 유니버스의 다양한 맵을 활용하고 캐릭터 본연의 능력과 팀업 스킬을 전략적으로 조합하여 전투를 승리로 이끄세요!,https://shared.akamai.steamstatic.com/store_item_assets/steam/apps/2767030/1c28b9ed355e516c85b84b1332aa91ea727f60b1/header.jpg?t=1778835753,appdetails,2026-06-07T15:36:23+00:00
8500,이브 온라인,2010년 12월 15일,"[""Fenris Creations""]","[""Fenris Creations""]","[""액션"", ""대규모 멀티플레이어"", ""RPG"", ""전략"", ""무료 플레이""]","[""멀티플레이어"", ""MMO"", ""PvP"", ""온라인 PvP"", ""협동"", ""온라인 협동"", ""Steam 트레이딩 카드"", ""텍스트 크기 조정"", ""색상 대체"", ""음량 개별 조절"", ""스테레오 사운드"", ""서라운드 사운드""]",,88.0,True,0.0,"20년 이상의 역사를 지닌 우주 전쟁 게임! 살아 움직이는 SF 샌드박스 MMO의 광활한 우주에서 위대한 도전을 시작하세요. 전투, 거래, 건설 등 다양한 활동으로 플레이어가 직접 만들어가는 우주에 동참하세요.",https://shared.akamai.steamstatic.com/store_item_assets/steam/apps/8500/fed1ea9b01dd6564101518a5201740fb44929fb4/header.jpg?t=1780068051,appdetails,2026-06-07T15:36:23+00:00
444200,World of Tanks Blitz,2016년 11월 9일,"[""Wargaming Group Limited""]","[""Wargaming Group Limited""]","[""액션"", ""대규모 멀티플레이어"", ""시뮬레이션"", ""전략"", ""무료 플레이""]","[""멀티플레이어"", ""MMO"", ""PvP"", ""온라인 PvP"", ""협동"", ""온라인 협동"", ""크로스 플랫폼 멀티플레이어"", ""Steam 트레이딩 카드"", ""앱 내 구매"", ""카메라 움직임 조정"", ""색상 대체"", ""음량 개별 조절"", ""수시 저장"", ""스테레오 사운드"", ""터치 전용 옵션""]",,,True,0.0,"무료 온라인 7대7 전차 슈팅 게임에서 적 전차 포탑과 함께 스트레스도 날려보십시오! 박물관에나 있을 법한 고전부터 ‘정말 실제로 존재했나?’ 스페셜까지, 수백 대 전차를 직접 운용하고, 쇳덩이가 난무하는 5~7분의 빠른 난투전을 즐겨보십시오. 혼자 플레이하거나 친구와 팀을 이루어 즐길 수도 있으며, 그리 높지 않은 사양에서도 부드러운 액션을 즐길 수 있습니다.",https://shared.akamai.steamstatic.com/store_item_assets/steam/apps/444200/bd64dd64069d31a55e803ca181f4e1b6df7c9ae5/header.jpg?t=1779384119,appdetails,2026-06-07T15:36:23+00:00
1407200,World of Tanks,2021년 4월 28일,"[""Wargaming Group Limited""]","[""Wargaming Group Limited""]","[""액션"", ""대규모 멀티플레이어"", ""시뮬레이션"", ""무료 플레이""]","[""멀티플레이어"", ""MMO"", ""PvP"", ""온라인 PvP"", ""Steam 도전 과제"", ""Steam 트레이딩 카드"", ""앱 내 구매"", ""색상 대체"", ""음량 개별 조절"", ""퀵타임 이벤트 없이 플레이 가능"", ""스테레오 사운드"", ""서라운드 사운드""]",,80.0,True,0.0,"월드 오브 탱크는 전차 유형과 역할에 따라 매우 다양한 게임 플레이를 즐길 수 있는 전술 액션 게임입니다. 일반적인 PvP 외에도 경쟁 모드와 클랜 기반 모드, 특별 PvE 및 PvPvE 이벤트 등 다양한 콘텐츠가 준비되어 있습니다. 전장을 지배하든 재미를 추구하든 원하는 방식으로 전투를 즐겨 보십시오.",https://shared.akamai.steamstatic.com/store_item_assets/steam/apps/1407200/819fc92f7ddb96ef10792a6d72382c5b814d671a/header.jpg?t=1779992736,appdetails,2026-06-07T15:36:23+00:00
368500,어쌔신 크리드 신디케이트,2015년 11월 18일,"[""Ubisoft Quebec, in collaboration with Ubisoft Annecy, Bucharest, Kiev, Montreal, Montpellier, Shanghai, Singapore, Sofia, Toronto studios""]","[""Ubisoft""]","[""액션"", ""어드벤처""]","[""싱글 플레이어"", ""Steam 도전 과제"", ""앱 내 구매"", ""음량 개별 조절"", ""난이도 조정"", ""마우스 전용 옵션"", ""수시 저장"", ""스테레오 사운드"", ""서라운드 사운드"", ""컨트롤러 일부 지원""]","{""currency"": ""KRW"", ""discount_percent"": 75, ""final"": 1100000, ""final_formatted"": ""₩ 11,000"", ""initial"": 4400000, ""initial_formatted"": ""₩ 44,000""}",74.0,False,0.0,"1868년, 런던 산업 혁명이 정점에 달해 있는 부패로 얼룩진 도시에서 암흑가의 조직을 이끄세요. 액션과 음모, 잔혹한 전투로 생동감 넘치는 모험을 즐겨보세요.",https://shared.akamai.steamstatic.com/store_item_assets/steam/apps/368500/header.jpg?t=1766772262,appdetails,2026-06-07T15:36:23+00:00
916440,Anno 1800,2019년 4월 16일,"[""Ubisoft Mainz""]","[""Ubisoft""]","[""시뮬레이션"", ""전략""]","[""싱글 플레이어"", ""멀티플레이어"", ""PvP"", ""온라인 PvP"", ""협동"", ""온라인 협동"", ""Steam 도전 과제"", ""Steam 트레이딩 카드"", ""캡션 이용 가능""]","{""currency"": ""KRW"", ""discount_percent"": 0, ""final"": 6500000, ""final_formatted"": ""₩ 65,000"", ""initial"": 6500000, ""initial_formatted"": """"}",81.0,False,0.0,"Anno 1800™ – 산업 혁명을 주도하라! 바야흐로 산업화가 태동하는 시대입니다. 당신이 어떤 길을 선택하는가에 따라 세계는 달라집니다. 혁신에 매진할 것인가, 아니면 노동자를 착취할 것인가? 정복을 추구할 것인가, 아니면 자유를 중시할 것인가? 격변하는 시기에 어떻게 세상에 이름을 떨치고 싶은지 스스로 결정하십시오",https://shared.akamai.steamstatic.com/store_item_assets/steam/apps/916440/header.jpg?t=1778771290,appdetails,2026-06-07T15:36:23+00:00
376210,The Isle,2015년 12월 1일,"[""Afterthought LLC""]","[""Afterthought LLC""]","[""액션"", ""어드벤처"", ""인디"", ""대규모 멀티플레이어"", ""시뮬레이션"", ""앞서 해보기""]","[""멀티플레이어"", ""MMO"", ""PvP"", ""온라인 PvP"", ""컨트롤러 일부 지원"", ""Valve Anti-Cheat 사용""]","{""currency"": ""KRW"", ""discount_percent"": 0, ""final"": 2150000, ""final_formatted"": ""₩ 21,500"", ""initial"": 2150000, ""initial_formatted"": """"}",,False,0.0,Experience fierce open world survival gameplay as you attempt to stay alive on an unforgiving island inhabited by dinosaurs! Hunt. Grow. Survive.,https://shared.akamai.steamstatic.com/store_item_assets/steam/apps/376210/header.jpg?t=1653237914,appdetails,2026-06-07T15:36:23+00:00
625960,Stoneshard,2020년 2월 6일,"[""Ink Stains Games""]","[""HypeTrain Digital""]","[""어드벤처"", ""인디"", ""RPG"", ""전략"", ""앞서 해보기""]","[""싱글 플레이어"", ""Steam 도전 과제"", ""캡션 이용 가능"", ""Steam Cloud"", ""Remote Play 휴대전화"", ""Remote Play 태블릿"", ""가족 공유""]","{""currency"": ""KRW"", ""discount_percent"": 0, ""final"": 2400000, ""final_formatted"": ""₩ 24,000"", ""initial"": 2400000, ""initial_formatted"": """"}",,False,0.0,"Stoneshard is a hardcore turn-based RPG about the harsh life of a medieval mercenary: travel with your own caravan, descend into procedurally generated dungeons, learn new skills, survive hunger and injuries - and remember, every mistake can mean death and loss of progress.",https://shared.akamai.steamstatic.com/store_item_assets/steam/apps/625960/1603548a766b4cd4f94239cf3d4bd7d3616f2d2a/header.jpg?t=1780385918,appdetails,2026-06-07T15:36:23+00:00
3609080,스타세이비어,2025년 12월 10일,"[""Studiobside""]","[""Studiobside""]","[""RPG"", ""시뮬레이션"", ""전략"", ""무료 플레이""]","[""싱글 플레이어"", ""멀티플레이어"", ""PvP"", ""온라인 PvP"", ""크로스 플랫폼 멀티플레이어"", ""앱 내 구매""]",,,True,15.0,"별이 깃든 구원자 육성담, 스타세이비어",https://shared.akamai.steamstatic.com/store_item_assets/steam/apps/3609080/e2601b8f08af778847a964c321f5354bce21ad1e/header.jpg?t=1779090827,appdetails,2026-06-07T15:36:23+00:00
1601580,프로스트펑크2,2024년 9월 20일,"[""11 bit studios""]","[""11 bit studios""]","[""시뮬레이션"", ""전략""]","[""싱글 플레이어"", ""Steam 도전 과제"", ""컨트롤러 완벽 지원"", ""Steam 트레이딩 카드"", ""Steam 창작마당"", ""텍스트 크기 조정"", ""음량 개별 조절"", ""난이도 조정"", ""수시 저장"", ""스테레오 사운드"", ""서라운드 사운드"", ""Steam Cloud"", ""가족 공유""]","{""currency"": ""KRW"", ""discount_percent"": 0, ""final"": 4700000, ""final_formatted"": ""₩ 47,000"", ""initial"": 4700000, ""initial_formatted"": """"}",85.0,False,0.0,"눈보라의 재앙이 지구를 덮친 후 30년 뒤를 배경으로 하는 사회 생존 게임에서 도시를 개발하고, 확장하고, 발전시키세요. 프로스트펑크2에서는 끝나지 않는 혹독한 겨울을 견디는 동시에 모든 결정을 주시하는 위원회 파벌들과 조화를 이루어야 합니다.",https://shared.akamai.steamstatic.com/store_item_assets/steam/apps/1601580/578eb4c6e2c0164eb4ff0518b713ea35de6928b0/header_alt_assets_5.jpg?t=1780326779,appdetails,2026-06-07T15:36:23+00:00
1222690,드래곤 에이지™ 인퀴지션 ,2020년 6월 4일,"[""BioWare""]","[""Electronic Arts""]","[""액션"", ""어드벤처"", ""RPG"", ""전략""]","[""싱글 플레이어"", ""멀티플레이어"", ""협동"", ""온라인 협동"", ""Steam 도전 과제"", ""컨트롤러 완벽 지원"", ""Steam 트레이딩 카드""]","{""currency"": ""KRW"", ""discount_percent"": 0, ""final"": 4400000, ""final_formatted"": ""₩ 44,000"", ""initial"": 4400000, ""initial_formatted"": """"}",85.0,False,18.0,"테다스를 구하기 위한 싸움에서 여러분의 모든 선택이 앞 길에 영향을 미칩니다. 자신만의 영웅을 만들고, 스킬을 선택하고, 동료를 모아 왕국에서 악을 제거하세요.",https://shared.akamai.steamstatic.com/store_item_assets/steam/apps/1222690/header.jpg?t=1779987585,appdetails,2026-06-07T15:36:23+00:00
1676840,For The King II,2023년 11월 2일,"[""IronOak Games""]","[""Curve Games""]","[""어드벤처"", ""인디"", ""RPG"", ""전략""]","[""싱글 플레이어"", ""멀티플레이어"", ""협동"", ""온라인 협동"", ""스크린 공유 및 분할 협동"", ""공유 및 분할 화면"", ""크로스 플랫폼 멀티플레이어"", ""Steam 도전 과제"", ""컨트롤러 완벽 지원"", ""Steam 트레이딩 카드"", ""텍스트 크기 조정"", ""카메라 움직임 조정"", ""음량 개별 조절"", ""난이도 조정"", ""키보드 전용 옵션"", ""마우스 전용 옵션"", ""수시 저장"", ""Steam Cloud"", ""Remote Play Together"", ""가족 공유""]","{""currency"": ""KRW"", ""discount_percent"": 0, ""final"": 2950000, ""final_formatted"": ""₩ 29,500"", ""initial"": 2950000, ""initial_formatted"": """"}",76.0,False,0.0,초인기 턴제 로그라이트 TRPG! For The King 후속작에서 홀로 또는 4인 파티를 결성해 Fahrul의 폭군 여왕과 맞서 싸우십시오. 여러분은 과연 한때 존경받던 여왕의 끔찍한 비밀을 밝혀낼 수 있을까요?,https://shared.akamai.steamstatic.com/store_item_assets/steam/apps/1676840/32f021b881d39dc87804c09da6293a295f549703/header_alt_assets_13_koreana.jpg?t=1779102679,appdetails,2026-06-07T15:36:23+00:00
3450310,Europa Universalis V,2025년 11월 4일,"[""Paradox Tinto""]","[""Paradox Interactive""]","[""전략""]","[""싱글 플레이어"", ""멀티플레이어"", ""PvP"", ""온라인 PvP"", ""협동"", ""온라인 협동"", ""Steam 도전 과제"", ""Steam 트레이딩 카드"", ""Steam 창작마당"", ""Steam Cloud"", ""가족 공유""]","{""currency"": ""KRW"", ""discount_percent"": 0, ""final"": 6600000, ""final_formatted"": ""₩ 66,000"", ""initial"": 6600000, ""initial_formatted"": """"}",,False,0.0,"Paradox Interactive의 대표적인 역사 대전략 게임, Europa Universalis의 최신 버전에서 전쟁, 교역 또는 외교를 활용해 위대한 야망을 충족하고 5세기에 걸친 역사를 지배하세요.",https://shared.akamai.steamstatic.com/store_item_assets/steam/apps/3450310/9944293cf93d5c11430d3b69941221b614c3ea70/header.jpg?t=1779286100,appdetails,2026-06-07T15:36:23+00:00
313120,Stranded Deep,2022년 8월 10일,"[""Beam Team Games""]","[""Beam Team Publishing""]","[""어드벤처"", ""인디""]","[""싱글 플레이어"", ""멀티플레이어"", ""협동"", ""온라인 협동"", ""스크린 공유 및 분할 협동"", ""공유 및 분할 화면"", ""Steam 도전 과제"", ""컨트롤러 완벽 지원"", ""Steam 창작마당"", ""통계"", ""Steam 순위표"", ""레벨 에디터 포함"", ""Remote Play TV"", ""Remote Play Together"", ""가족 공유""]","{""currency"": ""KRW"", ""discount_percent"": 0, ""final"": 2050000, ""final_formatted"": ""₩ 20,500"", ""initial"": 2050000, ""initial_formatted"": """"}",,False,0.0,Take the role of a plane crash survivor stranded somewhere in the Pacific Ocean. Come face to face with some of the most life threatening scenarios that will result in a different experience each time you play. Scavenge. Discover. Survive.,https://shared.akamai.steamstatic.com/store_item_assets/steam/apps/313120/header.jpg?t=1776770148,appdetails,2026-06-07T15:36:23+00:00
1617400,The Bazaar,2025년 8월 13일,"[""Tempo""]","[""Tempo""]","[""전략""]","[""싱글 플레이어"", ""멀티플레이어"", ""PvP"", ""온라인 PvP"", ""앱 내 구매"", ""음량 개별 조절"", ""퀵타임 이벤트 없이 플레이 가능"", ""수시 저장"", ""스테레오 사운드""]","{""currency"": ""KRW"", ""discount_percent"": 0, ""final"": 2150000, ""final_formatted"": ""₩ 21,500"", ""initial"": 2150000, ""initial_formatted"": """"}",,False,0.0,"The Bazaar는 매번 새로운 퍼즐이 펼쳐지는 빠른 템포의 멀티플레이어 로그라이크 게임입니다. 개성 넘치는 영웅을 선택하고 강력한 조합을 발견해, 끊임없이 변화하는 시장에서 상대를 앞서 나가세요. 자신의 페이스대로 플레이하며 끝없는 승리의 방법을 찾아보세요.",https://shared.akamai.steamstatic.com/store_item_assets/steam/apps/1617400/eac2893cccab684a615561e84831b6d4f7a39410/header.jpg?t=1775066388,appdetails,2026-06-07T15:36:23+00:00
2503740,스톰 스트라이커,2023년 11월 16일,"[""SuperStormStudio""]","[""SuperStormStudio""]","[""액션"", ""앞서 해보기""]","[""멀티플레이어"", ""PvP"", ""온라인 PvP""]",,,True,0.0,"새로운 하이퍼 액션 TPS '스톰 스트라이커'가 온다!액션 팀 배틀 PvP 게임!스톰 스트라이커에 오신 것을 환영합니다!스톰 스트라이커는 TPS 시점의 액션 게임으로,보다 높은 몰입감을 만나보실 수 있습니다.5:5 TPS 게임의 강렬한 액션과 스킬 콤보,팀 플레이의 화려한 연계를 확인해보세요!",https://shared.akamai.steamstatic.com/store_item_assets/steam/apps/2503740/d3a0e245fb7f8bbf86cb8df20846a6d372f7b174/header_koreana.jpg?t=1765874030,appdetails,2026-06-07T15:36:23+00:00
235600,톰 클랜시의 스플린터 셀: 블랙리스트,2013년 9월 4일,"[""Ubisoft Toronto""]","[""Ubisoft""]","[""액션"", ""어드벤처""]","[""싱글 플레이어"", ""멀티플레이어"", ""협동"", ""Steam 도전 과제""]","{""currency"": ""KRW"", ""discount_percent"": 0, ""final"": 2240000, ""final_formatted"": ""₩ 22,400"", ""initial"": 2240000, ""initial_formatted"": """"}",,False,0.0,"테러리스트인 엔지니어가 블랙리스트 작전을 실행했고, 미국은 여러 차례의 공격을 받는 위기에 처했습니다. 이들을 막을 수 있는 사람은 전설적인 비밀 요원 샘 피셔뿐입니다.",https://shared.akamai.steamstatic.com/store_item_assets/steam/apps/235600/header.jpg?t=1764775433,appdetails,2026-06-07T15:36:23+00:00
1954420,麻雀一番街,2022년 9월 8일,"[""Formirai Co., Ltd.""]","[""Formirai Co., Ltd.""]",,"[""멀티플레이어"", ""PvP"", ""온라인 PvP"", ""크로스 플랫폼 멀티플레이어"", ""앱 내 구매""]",,,True,0.0,"Riichi City is a competitive urban-style Anime mahjong game, featuring beginner-friendly mahjong tutorials, Ranked Matches and tournaments crowded with masters! Spice up the experience with our ACG characters voiced by famous CVs, and attractive items and decorations! Set off for Riichi City now!",https://shared.akamai.steamstatic.com/store_item_assets/steam/apps/1954420/e1adebbd9f32e2ecaa49faab98518ca8b0bfc197/header_koreana.jpg?t=1776005796,appdetails,2026-06-07T15:36:23+00:00
826630,Iron Harvest,2020년 8월 31일,"[""KING Art""]","[""Prime Matter"", ""Deep Silver""]","[""전략""]","[""싱글 플레이어"", ""멀티플레이어"", ""PvP"", ""온라인 PvP"", ""협동"", ""온라인 협동"", ""크로스 플랫폼 멀티플레이어"", ""Steam 도전 과제"", ""컨트롤러 완벽 지원"", ""Remote Play TV"", ""가족 공유""]","{""currency"": ""KRW"", ""discount_percent"": 85, ""final"": 456000, ""final_formatted"": ""₩ 4,560"", ""initial"": 3040000, ""initial_formatted"": ""₩ 30,400""}",75.0,False,0.0,"1920년 이후의 대체 현실을 배경으로 장대한 싱글 플레이어 캠페인과 멀티플레이어, 협동전이 모두 포함된 클래식 실시간 전략 게임",https://shared.akamai.steamstatic.com/store_item_assets/steam/apps/826630/header.jpg?t=1771496696,appdetails,2026-06-07T15:36:23+00:00
2620240,스펙트럴 스크림,2024년 8월 28일,"[""STOIC Ent.""]","[""STOIC Ent.""]","[""액션"", ""어드벤처"", ""인디"", ""전략""]","[""싱글 플레이어"", ""멀티플레이어"", ""협동"", ""온라인 협동"", ""Steam 도전 과제"", ""VR 지원"", ""가족 공유""]","{""currency"": ""KRW"", ""discount_percent"": 0, ""final"": 990000, ""final_formatted"": ""₩ 9,900"", ""initial"": 990000, ""initial_formatted"": """"}",,False,0.0,스펙트럴 스크림은 1-4인 협동 호러 탐험 게임입니다. 연옥의 아귀 속에서 죽음과 맞서 싸울 준비가 되셨나요? 각 챕터의 키 아이템을 찾고 오브를 회수하는 것이 당신의 목표입니다. 하지만 조심하세요! 매 단계마다 위협적이고 흉악한 크리쳐들이 당신을 기다리고 있습니다.,https://shared.akamai.steamstatic.com/store_item_assets/steam/apps/2620240/82b2f69c65e023bdc4b6b70a3b6de4ef574b2992/header.jpg?t=1762304621,appdetails,2026-06-07T15:36:23+00:00
2622000,Astral Party,2024년 2월 28일,"[""STAR ENGINE PROJECT""]","[""Neverland Entertainment""]","[""캐주얼"", ""인디"", ""RPG"", ""전략""]","[""멀티플레이어"", ""PvP"", ""온라인 PvP"", ""협동"", ""온라인 협동"", ""앱 내 구매""]",,,True,0.0,"Astral Party is a multiplayer party game populated by cute anime girls! Choose your favorite character, strategize skills &amp; cards, and roll the dice to destroy friendships in this unique board game.",https://shared.akamai.steamstatic.com/store_item_assets/steam/apps/2622000/bf2f2f5bd97e0f3be91209888d067a4858235db7/header.jpg?t=1779373425,appdetails,2026-06-07T15:36:23+00:00
2526380,Sword of Convallaria,2024년 7월 31일,"[""XD""]","[""XD""]","[""RPG"", ""전략"", ""무료 플레이""]","[""싱글 플레이어"", ""컨트롤러 완벽 지원"", ""앱 내 구매""]",,,True,0.0,뉴클래식 SRPG [소드 오브 콘발라리아]는 중세 판타지 세계관을 배경으로 한 하이퀄리티 픽셀 아트와 깊이 있는 전략 플레이를 통해 한층 업그레이드된 SRPG의 재미와 감동을 선사합니다. 향수와 추억이 가득 담긴 클래식한 픽셀 그래픽과 최신 3D 기술과의 절묘한 만남!,https://shared.akamai.steamstatic.com/store_item_assets/steam/apps/2526380/header.jpg?t=1769103220,appdetails,2026-06-07T15:36:23+00:00
1812450,Bellwright,2024년 4월 23일,"[""Donkey Crew""]","[""Donkey Crew"", ""Snail Games USA""]","[""액션"", ""RPG"", ""시뮬레이션"", ""전략"", ""앞서 해보기""]","[""싱글 플레이어"", ""멀티플레이어"", ""협동"", ""온라인 협동"", ""Steam 도전 과제"", ""음량 개별 조절"", ""난이도 조정"", ""퀵타임 이벤트 없이 플레이 가능"", ""수시 저장"", ""스테레오 사운드"", ""컨트롤러 일부 지원"", ""Steam Cloud"", ""HDR 사용 가능"", ""가족 공유""]","{""currency"": ""KRW"", ""discount_percent"": 0, ""final"": 3200000, ""final_formatted"": ""₩ 32,000"", ""initial"": 3200000, ""initial_formatted"": """"}",,False,0.0,자신만의 정착지를 건설하고 영토를 확장하여 땅을 해방시키고 주민들을 도와주세요. 과거의 삶에 대해 더 배우는 한편 다른 사람들을 당신의 대의에 끌어들여 동참시키세요. 군대를 지휘하고 전투를 통해 용맹함을 증명하며 국민의 영웅으로 자리 잡으세요.,https://shared.akamai.steamstatic.com/store_item_assets/steam/apps/1812450/header.jpg?t=1766079675,appdetails,2026-06-07T15:36:23+00:00
392160,X4: Foundations,2018년 11월 30일,"[""Egosoft""]","[""Egosoft""]","[""액션"", ""시뮬레이션"", ""전략""]","[""싱글 플레이어"", ""Steam 도전 과제"", ""컨트롤러 완벽 지원"", ""Steam 트레이딩 카드"", ""Steam 창작마당"", ""텍스트 크기 조정"", ""카메라 움직임 조정"", ""색상 대체"", ""음량 개별 조절"", ""퀵타임 이벤트 없이 플레이 가능"", ""수시 저장"", ""스테레오 사운드"", ""Steam Cloud"", ""가족 공유""]","{""currency"": ""KRW"", ""discount_percent"": 0, ""final"": 5300000, ""final_formatted"": ""₩ 53,000"", ""initial"": 5300000, ""initial_formatted"": """"}",,False,0.0,"거대한 우주 제국을 건설하는 여정은 단 한 척의 함선을 조종하는 것에서 시작됩니다. 당신의 결정에 따라 변화하는 살아있는 우주 내에서 항성을 탐험하고, 상품을 거래하며, 치열한 전투에 뛰어들고, 스테이션을 건설하고, 함선을 구매 및 장비하며, 함대를 지휘합니다.",https://shared.akamai.steamstatic.com/store_item_assets/steam/apps/392160/header_koreana.jpg?t=1777389882,appdetails,2026-06-07T15:36:23+00:00
359320,Elite Dangerous,2015년 4월 2일,"[""Frontier Developments""]","[""Frontier Developments""]","[""액션"", ""어드벤처"", ""대규모 멀티플레이어"", ""RPG"", ""시뮬레이션"", ""전략""]","[""싱글 플레이어"", ""멀티플레이어"", ""MMO"", ""협동"", ""VR 지원"", ""VR 지원"", ""앱 내 구매"", ""컨트롤러 일부 지원"", ""Remote Play 태블릿"", ""가족 공유""]","{""currency"": ""KRW"", ""discount_percent"": 0, ""final"": 2150000, ""final_formatted"": ""₩ 21,500"", ""initial"": 2150000, ""initial_formatted"": """"}",80.0,False,0.0,"함선을 조종하며 끊임없이 변화하는 은하에서 나만의 길을 개척하세요. 전투, 채굴, 무역의 기술을 마스터하거나, 1:1 스케일로 구현된 우주를 탐험하며 미지의 영역으로 나아가세요.",https://shared.akamai.steamstatic.com/store_item_assets/steam/apps/359320/header.jpg?t=1759842966,appdetails,2026-06-07T15:36:23+00:00
1850510,TRIANGLE STRATEGY,2022년 10월 13일,"[""Square Enix"", ""ARTDINK""]","[""Square Enix""]","[""RPG"", ""시뮬레이션"", ""전략""]","[""싱글 플레이어"", ""Steam 도전 과제"", ""컨트롤러 완벽 지원"", ""Steam 트레이딩 카드"", ""카메라 움직임 조정"", ""음량 개별 조절"", ""난이도 조정"", ""키보드 전용 옵션"", ""퀵타임 이벤트 없이 플레이 가능"", ""수시 저장"", ""스테레오 사운드"", ""Steam Cloud"", ""가족 공유""]","{""currency"": ""KRW"", ""discount_percent"": 0, ""final"": 6980000, ""final_formatted"": ""₩ 69,800"", ""initial"": 6980000, ""initial_formatted"": """"}",,False,0.0,"「BRAVELY」 시리즈와 『옥토패스 트래블러』의 개발진이 만든 완전히 새로운 전략 RPG. HD-2D의 아름다운 그래픽으로 그려지는 영웅담. 전란의 노젤리아 대륙을 무대로, 플레이어는 어려운 선택에 놓이게 된다. 당신의 정의는 어디로 향할 것인가......?",https://shared.akamai.steamstatic.com/store_item_assets/steam/apps/1850510/header.jpg?t=1775028430,appdetails,2026-06-07T15:36:23+00:00
505460,Foxhole,2022년 9월 28일,"[""Siege Camp""]","[""Siege Camp""]","[""액션"", ""인디"", ""대규모 멀티플레이어"", ""RPG"", ""전략""]","[""멀티플레이어"", ""MMO"", ""PvP"", ""온라인 PvP"", ""Valve Anti-Cheat 사용""]","{""currency"": ""KRW"", ""discount_percent"": 0, ""final"": 3100000, ""final_formatted"": ""₩ 31,000"", ""initial"": 3100000, ""initial_formatted"": """"}",,False,0.0,Foxhole은 지속되는 온라인 전쟁의 결과물을 구성하고자 수백 명의 플레이어들과 함께 진행하는 스케일이 큰 멀티플레이어 게임으로서 최후의 협동 전략 및 전술 게임입니다. 취하는 모든 조치는 전쟁이 지속되는 상태의 세계에서 막강한 영향을 미칠 수 있습니다.,https://shared.akamai.steamstatic.com/store_item_assets/steam/apps/505460/3b4805691c442e4bd87a8437ee9e8e486274c29c/header_alt_assets_0.jpg?t=1775152848,appdetails,2026-06-07T15:36:23+00:00
1611910,"Warhammer 40,000: Chaos Gate - Daemonhunters",2022년 5월 5일,"[""Complex Games""]","[""Frontier Foundry""]","[""RPG"", ""전략""]","[""싱글 플레이어"", ""Steam 도전 과제"", ""컨트롤러 완벽 지원"", ""Steam 트레이딩 카드"", ""Steam Cloud"", ""가족 공유""]","{""currency"": ""KRW"", ""discount_percent"": 0, ""final"": 4600000, ""final_formatted"": ""₩ 46,000"", ""initial"": 4600000, ""initial_formatted"": """"}",81.0,False,0.0,인류의 가장 위대한 무기인 Grey Knights를 이끌고 빠르게 전개되는 턴제 기반의 전략적인 RPG를 경험해 보세요. 시네마틱과 스토리를 중심으로 흘러가는 캠페인에서 온 우주로 퍼져가는 전염병을 차단하세요. 여러분만의 Daemonhuntes 군대를 모집하고 전략과 기술을 발휘해 보세요.,https://shared.akamai.steamstatic.com/store_item_assets/steam/apps/1611910/header.jpg?t=1764856974,appdetails,2026-06-07T15:36:23+00:00
1809700,페르소나3 포터블,2023년 1월 18일,"[""ATLUS""]","[""SEGA""]","[""어드벤처"", ""RPG"", ""전략""]","[""싱글 플레이어"", ""Steam 도전 과제"", ""컨트롤러 완벽 지원"", ""Steam 트레이딩 카드"", ""Steam Cloud"", ""가족 공유""]","{""currency"": ""KRW"", ""discount_percent"": 0, ""final"": 1980000, ""final_formatted"": ""₩ 19,800"", ""initial"": 1980000, ""initial_formatted"": """"}",81.0,False,0.0,"쉐도 타임, 시작되다──",https://shared.akamai.steamstatic.com/store_item_assets/steam/apps/1809700/header.jpg?t=1763530922,appdetails,2026-06-07T15:36:23+00:00
718670,Cultist Simulator,2018년 5월 31일,"[""Weather Factory""]","[""Weather Factory""]","[""인디"", ""RPG"", ""시뮬레이션""]","[""싱글 플레이어"", ""Steam 도전 과제"", ""Steam 트레이딩 카드"", ""Steam 창작마당"", ""텍스트 크기 조정"", ""색상 대체"", ""음량 개별 조절"", ""마우스 전용 옵션"", ""퀵타임 이벤트 없이 플레이 가능"", ""Steam Cloud"", ""Remote Play 태블릿"", ""가족 공유""]","{""currency"": ""KRW"", ""discount_percent"": 0, ""final"": 2050000, ""final_formatted"": ""₩ 20,500"", ""initial"": 2050000, ""initial_formatted"": """"}",71.0,False,0.0,"Seize forbidden treasures. Summon alien gods. Feed on your disciples. Cultist Simulator is a game of apocalypse and yearning. Play as a seeker after unholy mysteries, in a 1920s-themed setting of hidden gods and secret histories.",https://shared.akamai.steamstatic.com/store_item_assets/steam/apps/718670/header.jpg?t=1761059623,appdetails,2026-06-07T15:36:23+00:00
1361000,In Silence,2021년 10월 29일,"[""Ravenhood Games""]","[""Ravenhood Games""]","[""액션""]","[""싱글 플레이어"", ""멀티플레이어"", ""PvP"", ""온라인 PvP"", ""협동"", ""온라인 협동"", ""크로스 플랫폼 멀티플레이어"", ""Steam 도전 과제"", ""Steam 순위표"", ""가족 공유""]","{""currency"": ""KRW"", ""discount_percent"": 0, ""final"": 1100000, ""final_formatted"": ""₩ 11,000"", ""initial"": 1100000, ""initial_formatted"": """"}",,False,0.0,In Silence는 멀티 플레이어 공포 게임입니다. 플레이어는 뛰어난 감각 능력을 가지고 있으며 거의 ​​완전히 장님 괴물을 제어합니다. 다른 플레이어 (2-6)는 몬스터를 제거하거나 사냥하려고합니다.,https://shared.akamai.steamstatic.com/store_item_assets/steam/apps/1361000/header.jpg?t=1639062908,appdetails,2026-06-07T15:36:23+00:00
2688950,플래닛 코스터 2,2024년 11월 6일,"[""Frontier Developments""]","[""Frontier Developments""]","[""시뮬레이션"", ""전략""]","[""싱글 플레이어"", ""Steam 도전 과제"", ""컨트롤러 완벽 지원"", ""Steam 트레이딩 카드"", ""카메라 움직임 조정"", ""색상 대체"", ""음량 개별 조절"", ""난이도 조정"", ""퀵타임 이벤트 없이 플레이 가능"", ""수시 저장"", ""스테레오 사운드"", ""서라운드 사운드"", ""Steam Cloud"", ""HDR 사용 가능"", ""가족 공유""]","{""currency"": ""KRW"", ""discount_percent"": 0, ""final"": 5300000, ""final_formatted"": ""₩ 53,000"", ""initial"": 5300000, ""initial_formatted"": """"}",76.0,False,0.0,"스릴 넘치는 롤러코스터와 환상적인 물 미끄럼틀을 내 마음대로 만들고 꾸미세요. 최고의 테마 공원을 관리하고, 멋진 창작물을 다른 플레이어와 공유해 보세요. 파도를 탈 준비는 되셨나요? ",https://shared.akamai.steamstatic.com/store_item_assets/steam/apps/2688950/header_koreana.jpg?t=1777478529,appdetails,2026-06-07T15:36:23+00:00
1426450,Age of Darkness: Final Stand,2025년 1월 15일,"[""PlaySide""]","[""PlaySide""]","[""전략""]","[""싱글 플레이어"", ""멀티플레이어"", ""협동"", ""온라인 협동"", ""Steam 도전 과제"", ""Steam 트레이딩 카드"", ""Steam Cloud"", ""가족 공유""]","{""currency"": ""KRW"", ""discount_percent"": 0, ""final"": 2950000, ""final_formatted"": ""₩ 29,500"", ""initial"": 2950000, ""initial_formatted"": """"}",,False,0.0,"Age of Darkness: Final Stand is a dark fantasy survival RTS where you must illuminate, build and defend humanity’s last bastion against hordes of Nightmares. Set in the remnants of a kingdom consumed by a deadly fog, you decide. Will you hide in the light? Or take back your world.",https://shared.akamai.steamstatic.com/store_item_assets/steam/apps/1426450/header.jpg?t=1776236491,appdetails,2026-06-07T15:36:23+00:00
359550,톰 클랜시의 레인보우식스 시즈,2015년 12월 1일,"[""Ubisoft Montreal""]","[""Ubisoft""]","[""액션"", ""무료 플레이""]","[""싱글 플레이어"", ""멀티플레이어"", ""PvP"", ""온라인 PvP"", ""협동"", ""온라인 협동"", ""컨트롤러 완벽 지원"", ""Steam 트레이딩 카드"", ""앱 내 구매"", ""Remote Play 휴대전화"", ""Remote Play 태블릿""]",,,True,0.0,톰 클랜시의 레인보우식스 시즈는 탁월한 계획과 기술이 승부를 좌우하는 전술적인 정예 팀 기반 슈팅 게임입니다.,https://shared.akamai.steamstatic.com/store_item_assets/steam/apps/359550/a874bf3975eb2c291a67cf66172f126d211150fd/header_alt_assets_23.jpg?t=1780498812,appdetails,2026-06-07T15:36:23+00:00
1049590,이터널 리턴,2023년 7월 19일,"[""Nimble Neuron""]","[""Nimble Neuron"", ""SapStaR Games"", ""KRAFTON, Inc.""]","[""인디"", ""전략"", ""무료 플레이""]","[""멀티플레이어"", ""PvP"", ""온라인 PvP"", ""Steam 트레이딩 카드"", ""앱 내 구매"", ""카메라 움직임 조정"", ""색상 대체"", ""음량 개별 조절"", ""퀵타임 이벤트 없이 플레이 가능""]",,,True,0.0,"이터널 리턴은 쿼터뷰로 진행되는 무료 배틀로얄 게임입니다. 제작, 사냥, 전투 그리고 멋진 캐릭터들을 경험해보시고 최후의 생존을 위한 전략적인 판단, 화려한 전투 플레이로 영원히 반복되는 실험에서 최후의 생존자가 되십시오.",https://shared.akamai.steamstatic.com/store_item_assets/steam/apps/1049590/47b68758157f3607fc00d8a81604e9544c4491da/header.jpg?t=1779936416,appdetails,2026-06-07T15:36:23+00:00
730,Counter-Strike 2,2012년 8월 21일,"[""Valve""]","[""Valve""]","[""액션"", ""무료 플레이""]","[""멀티플레이어"", ""크로스 플랫폼 멀티플레이어"", ""Steam 트레이딩 카드"", ""Steam 창작마당"", ""앱 내 구매"", ""텍스트 크기 조정"", ""카메라 움직임 조정"", ""색상 대체"", ""음량 개별 조절"", ""퀵타임 이벤트 없이 플레이 가능"", ""스테레오 사운드"", ""서라운드 사운드"", ""Valve Anti-Cheat 사용"", ""통계"", ""Remote Play 휴대전화"", ""Remote Play 태블릿"", ""Remote Play TV"", ""Steam 타임라인""]",,,True,0.0,Counter-Strike는 20년이 넘는 시간 동안 전 세계 수백만 명의 플레이어가 모여 수준 높은 경쟁을 펼칠 수 있는 플랫폼을 제공해 왔습니다. 그리고 이제 곧 Counter-Strike 2와 함께 새로운 CS 시대의 막이 열립니다.,https://shared.akamai.steamstatic.com/store_item_assets/steam/apps/730/162664aa5da85f418105350c5d67ca565f6c3713/header.jpg?t=1780435263,appdetails,2026-06-07T15:36:23+00:00
1973530,Limbus Company,2023년 2월 26일,"[""ProjectMoon""]","[""ProjectMoon""]",,"[""싱글 플레이어"", ""앱 내 구매""]",,,True,19.0,"림버스 컴퍼니의 관리자가 되어 12명의 수감자를 이끌고, 폐쇄된 로보토미 코퍼레이션 지부로 들어가 황금가지를 탈환하세요.",https://shared.akamai.steamstatic.com/store_item_assets/steam/apps/1973530/header.jpg?t=1780663568,appdetails,2026-06-07T15:36:23+00:00
289070,Sid Meier’s Civilization® VI,2016년 10월 20일,"[""Firaxis Games"", ""Aspyr (Mac)"", ""Aspyr (Linux)""]","[""2K"", ""Aspyr (Mac)"", ""Aspyr (Linux)""]","[""전략""]","[""싱글 플레이어"", ""멀티플레이어"", ""PvP"", ""온라인 PvP"", ""LAN PvP"", ""스크린 공유 및 분할 PvP"", ""공유 및 분할 화면"", ""크로스 플랫폼 멀티플레이어"", ""Steam 도전 과제"", ""Steam 트레이딩 카드"", ""Steam 창작마당"", ""앱 내 구매"", ""Steam 턴 알림"", ""Remote Play 태블릿"", ""Remote Play Together"", ""가족 공유""]","{""currency"": ""KRW"", ""discount_percent"": 0, ""final"": 6500000, ""final_formatted"": ""₩ 65,000"", ""initial"": 6500000, ""initial_formatted"": """"}",88.0,False,0.0,"문명 VI 에서는 새로운 방식으로 세상과 소통하고, 제국의 영토를 확장시키며, 문화를 발전시키고, 역사속 위대한 지도자들에 맞서 오래도록 지속될 나만의 문명을 건설해볼 수 있습니다. 클레오파트라를 비롯한 20명의 역사 속 지도자들 중 한명으로 플레이 해보세요. ",https://shared.akamai.steamstatic.com/store_item_assets/steam/apps/289070/header.jpg?t=1740607040,appdetails,2026-06-07T15:36:23+00:00
648800,Raft,2022년 6월 20일,"[""Redbeet Interactive""]","[""Axolot Games""]","[""어드벤처"", ""인디"", ""시뮬레이션""]","[""싱글 플레이어"", ""멀티플레이어"", ""협동"", ""온라인 협동"", ""Steam 도전 과제"", ""Steam Cloud"", ""가족 공유""]","{""currency"": ""KRW"", ""discount_percent"": 0, ""final"": 2100000, ""final_formatted"": ""₩ 21,000"", ""initial"": 2100000, ""initial_formatted"": """"}",,False,0.0,"Raft™ throws you and your friends into an epic oceanic adventure! Alone or together, players battle to survive a perilous voyage across a vast sea! Gather debris, scavenge reefs and build your own floating home, but be wary of the man-eating sharks!",https://shared.akamai.steamstatic.com/store_item_assets/steam/apps/648800/header.jpg?t=1727184011,appdetails,2026-06-07T15:36:23+00:00
568220,Lobotomy Corporation | Monster Management Simulation,2018년 4월 9일,"[""ProjectMoon""]","[""ProjectMoon""]","[""인디"", ""시뮬레이션""]","[""싱글 플레이어"", ""가족 공유""]","{""currency"": ""KRW"", ""discount_percent"": 0, ""final"": 2600000, ""final_formatted"": ""₩ 26,000"", ""initial"": 2600000, ""initial_formatted"": """"}",,False,0.0,당신이 상상할 수 없을 온갖 종류의 괴물들. 여러분은 괴물들을 격리시키는 로보토미사의 관리자가 되어 다양한 종류의 괴물들을 관리하게 됩니다. 여러분은 직원들에게 명령을 시키고 그 결과를 지켜볼 수 있을 겁니다. 환상체들로 부터 에너지를 모아 시설을 확장하고 더 많은 괴물들을 관리하세요.,https://shared.akamai.steamstatic.com/store_item_assets/steam/apps/568220/header.jpg?t=1636694188,appdetails,2026-06-07T15:36:23+00:00
262060,Darkest Dungeon®,2016년 1월 19일,"[""Red Hook Studios""]","[""Red Hook Studios""]","[""인디"", ""RPG"", ""전략""]","[""싱글 플레이어"", ""Steam 도전 과제"", ""Steam 트레이딩 카드"", ""컨트롤러 일부 지원"", ""Steam Cloud"", ""Remote Play 태블릿"", ""가족 공유""]","{""currency"": ""KRW"", ""discount_percent"": 0, ""final"": 2700000, ""final_formatted"": ""₩ 27,000"", ""initial"": 2700000, ""initial_formatted"": """"}",84.0,False,0.0,"Darkest Dungeon은 모험의 심리적 스트레스에 중점을 둔, 매력적인 고딕풍의 턴제 기반 RPG입니다. 미완성된 영웅의 팀을 고용, 훈련 그리고 리드하여 상상할 수 없는 공포, 스트레스, 기근, 질병 그리고 끊임없이 침식하는 암흑에 맞서세요. 모든 희망이 사라졌을 때 여러분의 영웅을 모두 지켜내세요!",https://shared.akamai.steamstatic.com/store_item_assets/steam/apps/262060/header.jpg?t=1769780578,appdetails,2026-06-07T15:36:23+00:00
218620,PAYDAY 2,2013년 8월 13일,"[""OVERKILL - a Starbreeze Studio.""]","[""Starbreeze Entertainment""]","[""액션"", ""RPG""]","[""싱글 플레이어"", ""멀티플레이어"", ""협동"", ""온라인 협동"", ""Steam 도전 과제"", ""컨트롤러 완벽 지원"", ""추적되는 컨트롤러 지원"", ""VR 지원"", ""Steam 트레이딩 카드"", ""앱 내 구매"", ""카메라 움직임 조정"", ""음량 개별 조절"", ""난이도 조정"", ""퀵타임 이벤트 없이 플레이 가능"", ""스테레오 사운드"", ""Steam Cloud"", ""Remote Play 휴대전화"", ""Remote Play 태블릿"", ""Remote Play TV"", ""가족 공유""]","{""currency"": ""KRW"", ""discount_percent"": 0, ""final"": 1070000, ""final_formatted"": ""₩ 10,700"", ""initial"": 1070000, ""initial_formatted"": """"}",79.0,False,0.0,"PAYDAY 2 는 액션으로 가득찬 4인 코옵 FPS 게임으로서 게이머들은 다시 한번 오리지널 페이데이 크루인 달라스, 혹스턴, 울프, 체인스의 가면을 쓰고 워싱턴 DC로 내려와 엄청난 범죄행위를 저지릅니다.",https://shared.akamai.steamstatic.com/store_item_assets/steam/apps/218620/header.jpg?t=1779319712,appdetails,2026-06-07T15:36:23+00:00
394360,Hearts of Iron IV,2016년 6월 6일,"[""Paradox Development Studio""]","[""Paradox Interactive""]","[""시뮬레이션"", ""전략""]","[""싱글 플레이어"", ""멀티플레이어"", ""협동"", ""크로스 플랫폼 멀티플레이어"", ""Steam 도전 과제"", ""Steam 트레이딩 카드"", ""Steam 창작마당"", ""Steam Cloud"", ""Remote Play 태블릿"", ""가족 공유""]","{""currency"": ""KRW"", ""discount_percent"": 0, ""final"": 5500000, ""final_formatted"": ""₩ 55,000"", ""initial"": 5500000, ""initial_formatted"": """"}",83.0,False,0.0,"Victory is at your fingertips! Your ability to lead your nation is your supreme weapon, the strategy game Hearts of Iron IV lets you take command of any nation in World War II; the most engaging conflict in world history.",https://shared.akamai.steamstatic.com/store_item_assets/steam/apps/394360/67bbd0057627fc2244793bcdd09260c2539499cf/header.jpg?t=1780494129,appdetails,2026-06-07T15:36:23+00:00
322170,Geometry Dash,2014년 12월 22일,"[""RobTop Games""]","[""RobTop Games""]","[""액션"", ""인디""]","[""싱글 플레이어"", ""Steam 도전 과제"", ""Steam 트레이딩 카드"", ""컨트롤러 일부 지원"", ""레벨 에디터 포함"", ""Remote Play 휴대전화"", ""Remote Play 태블릿"", ""가족 공유""]","{""currency"": ""KRW"", ""discount_percent"": 0, ""final"": 560000, ""final_formatted"": ""₩ 5,600"", ""initial"": 560000, ""initial_formatted"": """"}",,False,0.0,Jump and fly your way through danger in this rhythm-based action platformer!,https://shared.akamai.steamstatic.com/store_item_assets/steam/apps/322170/header.jpg?t=1775300400,appdetails,2026-06-07T15:36:23+00:00
255710,Cities: Skylines,2015년 3월 10일,"[""Colossal Order""]","[""Paradox Interactive""]","[""시뮬레이션"", ""전략""]","[""싱글 플레이어"", ""Steam 도전 과제"", ""Steam 트레이딩 카드"", ""Steam 창작마당"", ""Steam Cloud"", ""레벨 에디터 포함"", ""Remote Play 태블릿"", ""가족 공유""]","{""currency"": ""KRW"", ""discount_percent"": 0, ""final"": 3300000, ""final_formatted"": ""₩ 33,000"", ""initial"": 3300000, ""initial_formatted"": """"}",85.0,False,0.0,Cities: Skylines is a modern take on the classic city simulation. The game introduces new game play elements to realize the thrill and hardships of creating and maintaining a real city whilst expanding on some well-established tropes of the city building experience.,https://shared.akamai.steamstatic.com/store_item_assets/steam/apps/255710/header.jpg?t=1777568415,appdetails,2026-06-07T15:36:23+00:00
779340,토탈워: 삼국,2019년 5월 23일,"[""CREATIVE ASSEMBLY"", ""Feral Interactive (Mac)"", ""Feral Interactive (Linux)""]","[""SEGA"", ""Feral Interactive (Mac)"", ""Feral Interactive (Linux)""]","[""액션"", ""전략""]","[""싱글 플레이어"", ""멀티플레이어"", ""PvP"", ""온라인 PvP"", ""LAN PvP"", ""협동"", ""온라인 협동"", ""LAN 협동"", ""Steam 도전 과제"", ""Steam 트레이딩 카드"", ""카메라 움직임 조정"", ""색상 대체"", ""음량 개별 조절"", ""난이도 조정"", ""퀵타임 이벤트 없이 플레이 가능"", ""수시 저장"", ""스테레오 사운드"", ""서라운드 사운드"", ""Steam Cloud"", ""가족 공유""]","{""currency"": ""KRW"", ""discount_percent"": 0, ""final"": 4480000, ""final_formatted"": ""₩ 44,800"", ""initial"": 4480000, ""initial_formatted"": """"}",85.0,False,0.0,"턴제 국정과 실시간 전투가 짜릿하게 어우러진 게임 플레이를 통해 고대 중국을 당신의 통치 아래 하나로 통합하세요. 관계 시스템과 외교를 활용해 동맹을 맺고, 수백 종의 독특한 보병, 기병, 공성병기 등으로 강력한 군대를 구축하세요.",https://shared.akamai.steamstatic.com/store_item_assets/steam/apps/779340/header.jpg?t=1780332718,appdetails,2026-06-07T15:36:23+00:00
323190,프로스트펑크,2018년 4월 24일,"[""11 bit studios""]","[""11 bit studios""]","[""시뮬레이션"", ""전략""]","[""싱글 플레이어"", ""Steam 도전 과제"", ""Steam 트레이딩 카드"", ""Steam Cloud"", ""Remote Play 휴대전화"", ""Remote Play 태블릿"", ""가족 공유""]","{""currency"": ""KRW"", ""discount_percent"": 0, ""final"": 3200000, ""final_formatted"": ""₩ 32,000"", ""initial"": 3200000, ""initial_formatted"": """"}",84.0,False,0.0,"프로스트펑크는 최초의 사회 생존 게임입니다. 당신은 지구상 마지막 도시의 지도자로서, 시민과 기반 시설을 관리해야 합니다. 사회의 생존을 위해, 어떤 결정을 내리시겠습니까? 한계까지 내몰렸을 때, 어떻게 하시겠습니까? 그 동안, 당신은 어떻게 변해갈까요?",https://shared.akamai.steamstatic.com/store_item_assets/steam/apps/323190/abcd2bf3c275092d637d7dd98e0061dbdd2fd2da/header.jpg?t=1775495730,appdetails,2026-06-07T15:36:23+00:00
570,Dota 2,2013년 7월 9일,"[""Valve""]","[""Valve""]","[""액션"", ""전략"", ""무료 플레이""]","[""멀티플레이어"", ""협동"", ""Steam 트레이딩 카드"", ""Steam 창작마당"", ""SteamVR 수집품"", ""앱 내 구매"", ""카메라 움직임 조정"", ""색상 대체"", ""음량 개별 조절"", ""Valve Anti-Cheat 사용"", ""Steam 타임라인""]",,90.0,True,0.0,"매일, 전 세계 수백 만의 플레이어가 백여 명의 도타 영웅 중 하나가 되어 전장에 뛰어듭니다. 10시간을 했든, 1,000시간을 했든 언제나 새롭게 느껴지는 무언가가 있습니다. 정기적인 업데이트로 게임플레이, 기능, 영웅이 끊임없이 진화하는 도타 2는 그 자체의 생명력으로 살아 숨 쉬는 게임입니다.",https://shared.akamai.steamstatic.com/store_item_assets/steam/apps/570/header.jpg?t=1769535998,appdetails,2026-06-07T15:36:23+00:00
261550,Mount & Blade II: Bannerlord,2022년 10월 25일,"[""TaleWorlds Entertainment""]","[""TaleWorlds Entertainment""]","[""액션"", ""인디"", ""RPG"", ""시뮬레이션"", ""전략""]","[""싱글 플레이어"", ""멀티플레이어"", ""PvP"", ""온라인 PvP"", ""Steam 도전 과제"", ""Steam 트레이딩 카드"", ""Steam 창작마당"", ""컨트롤러 일부 지원"", ""Steam Cloud"", ""레벨 에디터 포함"", ""Remote Play 태블릿"", ""가족 공유""]","{""currency"": ""KRW"", ""discount_percent"": 0, ""final"": 6000000, ""final_formatted"": ""₩ 60,000"", ""initial"": 6000000, ""initial_formatted"": """"}",77.0,False,19.0,"본 게임은 전략/액션 RPG입니다. 캐릭터를 생성하고, 외교에 참여하고, 제작, 거래를 하고, 방대한 중세풍의 샌드박스에서 새로운 땅을 정복하십시오. 군대를 일으켜 전쟁에 뛰어들고, 깊이가 있으나 직관적인 실력 기반의 전투 시스템을 채용한 대규모 실시간 전투에서 자신의 부대에 명령을 내리고 함께 싸우십시오.",https://shared.akamai.steamstatic.com/store_item_assets/steam/apps/261550/header.jpg?t=1764252300,appdetails,2026-06-07T15:36:23+00:00
728880,Overcooked! 2,2018년 8월 7일,"[""Ghost Town Games Ltd."", ""Team17""]","[""Team17""]","[""액션"", ""캐주얼"", ""인디""]","[""싱글 플레이어"", ""멀티플레이어"", ""PvP"", ""온라인 PvP"", ""스크린 공유 및 분할 PvP"", ""협동"", ""온라인 협동"", ""스크린 공유 및 분할 협동"", ""공유 및 분할 화면"", ""Steam 도전 과제"", ""컨트롤러 완벽 지원"", ""Steam 트레이딩 카드"", ""Steam Cloud"", ""Remote Play 휴대전화"", ""Remote Play 태블릿"", ""Remote Play TV"", ""Remote Play Together"", ""가족 공유""]","{""currency"": ""KRW"", ""discount_percent"": 0, ""final"": 2600000, ""final_formatted"": ""₩ 26,000"", ""initial"": 2600000, ""initial_formatted"": """"}",81.0,False,0.0,혼란스러운 요리 액션으로 가득한 Overcooked가 돌아왔습니다! 양파 왕국으로 돌아가는 여행을 떠나세요. 클래식 협동 또는 온라인 플레이에서 셰프 팀을 만들어서 최대 4명까지 플레이하세요. 앞치마를 준비하세요... 다시 세상을 구할 때가 되었습니다!,https://shared.akamai.steamstatic.com/store_item_assets/steam/apps/728880/header.jpg?t=1780480581,appdetails,2026-06-07T15:36:23+00:00
1568590,Goose Goose Duck,2021년 10월 3일,"[""Gaggle Studios, Inc.""]","[""Gaggle Studios, Inc.""]","[""캐주얼"", ""인디"", ""대규모 멀티플레이어"", ""전략"", ""무료 플레이""]","[""멀티플레이어"", ""PvP"", ""온라인 PvP"", ""협동"", ""온라인 협동"", ""크로스 플랫폼 멀티플레이어"", ""Steam 도전 과제"", ""컨트롤러 완벽 지원"", ""앱 내 구매""]",,,True,0.0,"Goose Goose Duck는 최대 16명이 플레이할 수 있는 소셜 디덕션 게임입니다. 플레이어들은 각기 다른 목표를 가진 그룹으로 나뉘며, 팀의 목표를 달성하면 승리할 수 있습니다!",https://shared.akamai.steamstatic.com/store_item_assets/steam/apps/1568590/header.jpg?t=1778102536,appdetails,2026-06-07T15:36:23+00:00
268500,XCOM® 2,2016년 2월 4일,"[""Firaxis Games"", ""Feral Interactive (Mac)"", ""Feral Interactive (Linux)""]","[""2K"", ""Feral Interactive (Mac)"", ""Feral Interactive (Linux)""]","[""전략""]","[""싱글 플레이어"", ""Steam 도전 과제"", ""Steam 트레이딩 카드"", ""Steam 창작마당"", ""Steam Cloud"", ""Remote Play 태블릿"", ""가족 공유""]","{""currency"": ""KRW"", ""discount_percent"": 0, ""final"": 2450000, ""final_formatted"": ""₩ 24,500"", ""initial"": 2450000, ""initial_formatted"": """"}",88.0,False,0.0,"XCOM 2는 수상 경력이 있는 전략 게임 XCOM: Enemy Unknown의 속편입니다. 인류가 외계인 침략군에게 항복한 지 20년, 이제 지구 상에는 새로운 세계 질서가 존재합니다. 수년간을 어둠 속에서 숨어 있었던 XCOM 부대는 반드시 일어나 외계인의 지배를 무너뜨릴 것입니다.",https://shared.akamai.steamstatic.com/store_item_assets/steam/apps/268500/header.jpg?t=1772813016,appdetails,2026-06-07T15:36:23+00:00
2868840,Slay the Spire 2,2026년 3월 5일,"[""Mega Crit""]","[""Mega Crit""]","[""인디"", ""전략"", ""앞서 해보기""]","[""싱글 플레이어"", ""멀티플레이어"", ""협동"", ""온라인 협동"", ""컨트롤러 완벽 지원"", ""음량 개별 조절"", ""마우스 전용 옵션"", ""퀵타임 이벤트 없이 플레이 가능"", ""수시 저장"", ""Steam Cloud"", ""통계"", ""Steam 순위표"", ""가족 공유""]","{""currency"": ""KRW"", ""discount_percent"": 0, ""final"": 2700000, ""final_formatted"": ""₩ 27,000"", ""initial"": 2700000, ""initial_formatted"": """"}",,False,0.0,"로그라이크 덱 빌딩 게임의 상징이 돌아왔습니다! 슬레이 더 스파이어 2에서 독창적인 덱을 만들고, 괴이한 생명체들과 조우하며, 엄청난 힘을 가진 유물을 발견하세요.",https://shared.akamai.steamstatic.com/store_item_assets/steam/apps/2868840/b0958d387dc366211e0f353443710cfcf9fdb020/header.jpg?t=1776735385,appdetails,2026-06-07T15:36:23+00:00
282070,This War of Mine,2014년 11월 14일,"[""11 bit studios""]","[""11 bit studios""]","[""어드벤처"", ""인디"", ""시뮬레이션""]","[""싱글 플레이어"", ""Steam 도전 과제"", ""Steam 트레이딩 카드"", ""Steam 창작마당"", ""컨트롤러 일부 지원"", ""Steam Cloud"", ""가족 공유""]","{""currency"": ""KRW"", ""discount_percent"": 0, ""final"": 2150000, ""final_formatted"": ""₩ 21,500"", ""initial"": 2150000, ""initial_formatted"": """"}",83.0,False,0.0,"나만의 전쟁(This War of Mine)에서 여러분은 정예 병사로 플레이 하는 것이 아닌, 봉쇄된 도시에서 부족한 식량과 약품, 그리고 저격수와 호전적인 약탈자들의 끊임없는 위협으로부터 살아남기 위해 몸부림치는 일련의 민간인들의 입장으로 플레이 하게 됩니다. 본 게임은 전쟁을 전혀 다른 시각으로 경험할 수 있게 해줄 것입니다.",https://shared.akamai.steamstatic.com/store_item_assets/steam/apps/282070/26fb8c9bb7b9e3a17469d8026ee3fa510ee7f8f5/header.jpg?t=1765218571,appdetails,2026-06-07T15:36:23+00:00
240720,Getting Over It with Bennett Foddy,2017년 12월 6일,"[""Bennett Foddy""]","[""Bennett Foddy""]","[""액션""]","[""싱글 플레이어"", ""컨트롤러 일부 지원"", ""코멘터리 제공"", ""Remote Play 휴대전화"", ""Remote Play 태블릿"", ""가족 공유""]","{""currency"": ""KRW"", ""discount_percent"": 0, ""final"": 850000, ""final_formatted"": ""₩ 8,500"", ""initial"": 850000, ""initial_formatted"": """"}",,False,0.0,게임을 특정 종류의 사람들을 해치기 위해 만들었습니다.,https://shared.akamai.steamstatic.com/store_item_assets/steam/apps/240720/header.jpg?t=1666987027,appdetails,2026-06-07T15:36:23+00:00
251570,7 Days to Die,2024년 7월 25일,"[""The Fun Pimps""]","[""The Fun Pimps Entertainment LLC""]","[""액션"", ""어드벤처"", ""인디"", ""RPG"", ""시뮬레이션"", ""전략""]","[""싱글 플레이어"", ""멀티플레이어"", ""PvP"", ""온라인 PvP"", ""LAN PvP"", ""협동"", ""온라인 협동"", ""LAN 협동"", ""크로스 플랫폼 멀티플레이어"", ""Steam 도전 과제"", ""컨트롤러 완벽 지원"", ""Steam 트레이딩 카드"", ""레벨 에디터 포함"", ""Remote Play 태블릿"", ""Remote Play TV"", ""가족 공유""]","{""currency"": ""KRW"", ""discount_percent"": 0, ""final"": 4700000, ""final_formatted"": ""₩ 47,000"", ""initial"": 4700000, ""initial_formatted"": """"}",,False,0.0,『7 Days to Dir』は、FPS、サバイバルホラー、タワーディフェンス、ロールプレイングゲームをユニークに組み合わせたオープンワールド型のゲームです。元祖ゾンビサバイバルなサンドボックスRPGゲームをプレイしましょう。ネーブズジェーンがあなたを待っています！,https://shared.akamai.steamstatic.com/store_item_assets/steam/apps/251570/header.jpg?t=1776457619,appdetails,2026-06-07T15:36:23+00:00
305620,The Long Dark,2017년 8월 1일,"[""Hinterland Studio Inc.""]","[""Hinterland Studio Inc.""]","[""어드벤처"", ""인디"", ""시뮬레이션"", ""전략""]","[""싱글 플레이어"", ""Steam 도전 과제"", ""컨트롤러 완벽 지원"", ""Steam 트레이딩 카드"", ""Steam Cloud"", ""Remote Play TV"", ""가족 공유""]","{""currency"": ""KRW"", ""discount_percent"": 0, ""final"": 2150000, ""final_formatted"": ""₩ 21,500"", ""initial"": 2150000, ""initial_formatted"": """"}",,False,0.0,"The Long Dark는 깊은 생각을 요구하는 탐험 생존 게임입니다. 플레이어는 지구 자기장 이상으로 인한 대재앙이 휩쓸고 간 세상에서 혼자 드넓은 설원 황무지를 탐험하며 살아남아야 합니다. 좀비는 등장하지 않으며 오직 플레이어와 추위, 그리고 자연 속의 위험들만 존재합니다. 고요한 종말의 세상에 오신 것을 환영합니다.",https://shared.akamai.steamstatic.com/store_item_assets/steam/apps/305620/3d41bec8760d9c7fc2b724317229630d644c8f46/header.jpg?t=1780689206,appdetails,2026-06-07T15:36:23+00:00
1158310,Crusader Kings III,2020년 9월 1일,"[""Paradox Development Studio""]","[""Paradox Interactive""]","[""RPG"", ""시뮬레이션"", ""전략""]","[""싱글 플레이어"", ""멀티플레이어"", ""PvP"", ""온라인 PvP"", ""Steam 도전 과제"", ""Steam 트레이딩 카드"", ""Steam 창작마당"", ""텍스트 크기 조정"", ""카메라 움직임 조정"", ""음량 개별 조절"", ""난이도 조정"", ""마우스 전용 옵션"", ""퀵타임 이벤트 없이 플레이 가능"", ""수시 저장"", ""Steam Cloud"", ""Remote Play 태블릿"", ""가족 공유""]","{""currency"": ""KRW"", ""discount_percent"": 0, ""final"": 5500000, ""final_formatted"": ""₩ 55,000"", ""initial"": 5500000, ""initial_formatted"": """"}",91.0,False,0.0,"사랑하고, 싸우고, 계략을 세우고, 위대함을 쟁취하세요. Crusader Kings III의 마구 뻗어 나가는 대전략 게임에서 귀족 가문의 유산을 결정하세요. 풍부하고 개성 넘치는 중세 시대 시뮬레이션 속 왕조 혈통을 이어나가는 이곳에서, 죽음은 단지 시작일 뿐입니다.",https://shared.akamai.steamstatic.com/store_item_assets/steam/apps/1158310/8a7e814d13f8e73c0d40471f585ece908f9be282/header.jpg?t=1777568423,appdetails,2026-06-07T15:36:23+00:00
594570,토탈워: 워해머 2,2017년 9월 28일,"[""CREATIVE ASSEMBLY"", ""Feral Interactive (Mac)"", ""Feral Interactive (Linux)""]","[""SEGA"", ""Feral Interactive (Mac)"", ""Feral Interactive (Linux)""]","[""액션"", ""전략""]","[""싱글 플레이어"", ""멀티플레이어"", ""PvP"", ""온라인 PvP"", ""LAN PvP"", ""협동"", ""온라인 협동"", ""LAN 협동"", ""Steam 도전 과제"", ""Steam 트레이딩 카드"", ""Steam 창작마당"", ""카메라 움직임 조정"", ""색상 대체"", ""음량 개별 조절"", ""난이도 조정"", ""퀵타임 이벤트 없이 플레이 가능"", ""수시 저장"", ""스테레오 사운드"", ""서라운드 사운드"", ""Remote Play 태블릿"", ""가족 공유""]","{""currency"": ""KRW"", ""discount_percent"": 0, ""final"": 5980000, ""final_formatted"": ""₩ 59,800"", ""initial"": 5980000, ""initial_formatted"": """"}",87.0,False,0.0,"러스트리아의 세력이 당신의 지휘를 기다립니다. 전설적인 군주를 선택하고, 군대를 확장하고, 전략적 턴제 캠페인에서 동맹을 맺고, 박진감 넘치는 실시간 전투에서 자신이 양성한 군단의 괴물 같은 위력을 마음껏 발휘하세요.",https://shared.akamai.steamstatic.com/store_item_assets/steam/apps/594570/header.jpg?t=1780389571,appdetails,2026-06-07T15:36:23+00:00
107410,Arma 3,2013년 9월 12일,"[""Bohemia Interactive""]","[""Bohemia Interactive""]","[""액션"", ""시뮬레이션"", ""전략""]","[""싱글 플레이어"", ""멀티플레이어"", ""PvP"", ""온라인 PvP"", ""LAN PvP"", ""협동"", ""온라인 협동"", ""LAN 협동"", ""Steam 도전 과제"", ""Steam 트레이딩 카드"", ""캡션 이용 가능"", ""Steam 창작마당"", ""통계"", ""Steam 순위표"", ""레벨 에디터 포함"", ""Steam 타임라인""]","{""currency"": ""KRW"", ""discount_percent"": 0, ""final"": 3600000, ""final_formatted"": ""₩ 36,000"", ""initial"": 3600000, ""initial_formatted"": """"}",74.0,False,0.0,"거대한 군사 샌드박스에서 진정한 전투 게임플레이를 경험하세요. 다양한 싱글 및 멀티플레이어 콘텐츠, 현대적인 무기와 차량으로 구성된 방대한 무기고, 그리고 무한한 콘텐츠 제작의 기회와 함께 전장에 뛰어드세요. 사실적이고, 다양하고, 개방적인 Arma 3가 당신을 전쟁의 한복판으로 초대합니다.",https://shared.akamai.steamstatic.com/store_item_assets/steam/apps/107410/header.jpg?t=1777566947,appdetails,2026-06-07T15:36:23+00:00
518790,theHunter: Call of the Wild™,2017년 2월 16일,"[""Expansive Worlds""]","[""Avalanche Studios""]","[""어드벤처"", ""시뮬레이션"", ""스포츠""]","[""싱글 플레이어"", ""멀티플레이어"", ""협동"", ""온라인 협동"", ""Steam 도전 과제"", ""컨트롤러 완벽 지원"", ""앱 내 구매"", ""Steam Cloud"", ""가족 공유""]","{""currency"": ""KRW"", ""discount_percent"": 0, ""final"": 2150000, ""final_formatted"": ""₩ 21,500"", ""initial"": 2150000, ""initial_formatted"": """"}",,False,0.0,커뮤니티와 협력하여 정기적으로 업데이트되는 이 사실적이고 놀라운 오픈 월드에서 다른 어떤 게임과도 비교할 수 없는 분위기를 내는 사냥 게임을 즐겨보세요. 싱글 플레이어 캠페인에 몰입하거나 친구들과 최고의 사냥 경험을 공유할 수 있습니다.,https://shared.akamai.steamstatic.com/store_item_assets/steam/apps/518790/036e17409d690cc01b022d73a198aa51a320f803/header_alt_assets_28.jpg?t=1780409865,appdetails,2026-06-07T15:36:23+00:00
460930,Tom Clancy's Ghost Recon® Wildlands,2017년 3월 6일,"[""Ubisoft Paris"", ""Ubisoft Annecy"", ""Ubisoft Bucharest"", ""Ubisoft Montpellier"", ""Ubisoft Milan"", ""Reflections"", ""Ubisoft Belgrade""]","[""Ubisoft""]","[""액션"", ""어드벤처""]","[""싱글 플레이어"", ""멀티플레이어"", ""협동"", ""Steam 도전 과제"", ""Steam 트레이딩 카드"", ""앱 내 구매"", ""컨트롤러 일부 지원""]","{""currency"": ""KRW"", ""discount_percent"": 0, ""final"": 5500000, ""final_formatted"": ""₩ 55,000"", ""initial"": 5500000, ""initial_formatted"": """"}",,False,0.0,Tom Clancy’s Ghost Recon® Wildlands에서 최대 3명의 친구와 팀을 구성해 거대하고 위험한 오픈 월드에서 펼쳐지는 밀리터리 슈팅 게임과 만나보세요.,https://shared.akamai.steamstatic.com/store_item_assets/steam/apps/460930/header.jpg?t=1764776201,appdetails,2026-06-07T15:36:23+00:00
527230,For The King,2018년 4월 19일,"[""IronOak Games""]","[""Curve Games""]","[""어드벤처"", ""인디"", ""RPG"", ""전략""]","[""싱글 플레이어"", ""멀티플레이어"", ""PvP"", ""온라인 PvP"", ""스크린 공유 및 분할 PvP"", ""협동"", ""온라인 협동"", ""스크린 공유 및 분할 협동"", ""공유 및 분할 화면"", ""Steam 도전 과제"", ""컨트롤러 완벽 지원"", ""Steam 트레이딩 카드"", ""난이도 조정"", ""키보드 전용 옵션"", ""마우스 전용 옵션"", ""수시 저장"", ""Steam Cloud"", ""Remote Play 휴대전화"", ""Remote Play 태블릿"", ""Remote Play TV"", ""Remote Play Together"", ""가족 공유""]","{""currency"": ""KRW"", ""discount_percent"": 0, ""final"": 2050000, ""final_formatted"": ""₩ 20,500"", ""initial"": 2050000, ""initial_formatted"": """"}",79.0,False,0.0,For The King is a strategic RPG that blends tabletop and roguelike elements in a challenging adventure that spans the realms. Set off on a single player experience or play cooperatively both online and locally.,https://shared.akamai.steamstatic.com/store_item_assets/steam/apps/527230/166aff558fda0f7e13df1970c7e825805c6e52b0/header_alt_assets_14.jpg?t=1762445651,appdetails,2026-06-07T15:36:23+00:00
281990,Stellaris,2016년 5월 9일,"[""Paradox Development Studio""]","[""Paradox Interactive""]","[""시뮬레이션"", ""전략""]","[""싱글 플레이어"", ""멀티플레이어"", ""크로스 플랫폼 멀티플레이어"", ""Steam 도전 과제"", ""Steam 트레이딩 카드"", ""Steam 창작마당"", ""Steam Cloud"", ""가족 공유""]","{""currency"": ""KRW"", ""discount_percent"": 0, ""final"": 5500000, ""final_formatted"": ""₩ 55,000"", ""initial"": 5500000, ""initial_formatted"": """"}",78.0,False,0.0,"항성간 여행을 통해 우주를 탐험하며 수많은 종족들도 만나보세요. 과학선을 보내 우주를 조사하고 탐험하면서 은하 제국을 건설하고, 건축선을 보내 새로 발견한 행성에 기지를 건설하세요. 소속 사회를 위한 탐험에 나서 매장된 보물과 은하계의 경이를 발견하고, 탐험가의 한계치와 진화 범위를 설정하세요. 동맹이 체결되고, 전쟁이 선포됩니다.",https://shared.akamai.steamstatic.com/store_item_assets/steam/apps/281990/header.jpg?t=1779090735,appdetails,2026-06-07T15:36:23+00:00
231430,Company of Heroes 2,2013년 6월 25일,"[""Relic Entertainment"", ""Feral Interactive (Mac)"", ""Feral Interactive (Linux)""]","[""Relic Entertainment"", ""Feral Interactive (Mac)"", ""Feral Interactive (Linux)""]","[""전략""]","[""싱글 플레이어"", ""멀티플레이어"", ""PvP"", ""온라인 PvP"", ""협동"", ""온라인 협동"", ""Steam 도전 과제"", ""Steam 트레이딩 카드"", ""Steam 창작마당"", ""Steam Cloud"", ""통계"", ""가족 공유""]","{""currency"": ""KRW"", ""discount_percent"": 0, ""final"": 2150000, ""final_formatted"": ""₩ 21,500"", ""initial"": 2150000, ""initial_formatted"": """"}",80.0,False,0.0,"Experience the ultimate WWII RTS platform with COH2 and its standalone expansions. This package includes the base game, which you can then upgrade by purchasing The Western Front Armies, Ardennes Assault and/or The British Forces. More info in the &quot;About This Game&quot; section below.",https://shared.akamai.steamstatic.com/store_item_assets/steam/apps/231430/header.jpg?t=1750947634,appdetails,2026-06-07T15:36:23+00:00
208650,Batman™: Arkham Knight,2015년 6월 23일,"[""Rocksteady Studios""]","[""WB Games""]","[""액션"", ""어드벤처""]","[""싱글 플레이어"", ""Steam 도전 과제"", ""컨트롤러 완벽 지원"", ""Steam 트레이딩 카드"", ""Steam Cloud"", ""Steam 순위표"", ""Remote Play 휴대전화"", ""Remote Play 태블릿"", ""Remote Play TV"", ""가족 공유""]","{""currency"": ""KRW"", ""discount_percent"": 0, ""final"": 2100000, ""final_formatted"": ""₩ 21,000"", ""initial"": 2100000, ""initial_formatted"": """"}",,False,18.0,"Rocksteady Studios의 수차례 상을 받은 아캄 3부작 시리즈가 배트맨™: 아캄 나이트에서 웅장한 결말을 맞이합니다. 차세대 플랫폼용으로 독점 개발된 배트맨™: 아캄 나이트에는 Rocksteady가 독창적으로 설계한 버전의 배트모빌이 등장합니다. 이 전설적인 차량의 등장이 매우 기대되지 않습니까? 호평을 받은 아캄 시리즈의 게임플레이에 배트모빌이 추가되어, 게이머는 고담시 전역의 거리를 누비고, 고담시 상공을 활공하며 가장 완벽한 배트맨이 될 수 있습니다. 장엄한 시리즈의 최종화에서 배트맨은 자신이 지키기로 맹세한 도시를 위협하는 궁극의 적들을 상대하게 됩니다.",https://shared.akamai.steamstatic.com/store_item_assets/steam/apps/208650/header.jpg?t=1745534372,appdetails,2026-06-07T15:36:23+00:00
493340,플래닛 코스터,2016년 11월 17일,"[""Frontier Developments"", ""Aspyr (Mac)""]","[""Frontier Developments"", ""Aspyr (Mac)""]","[""액션"", ""어드벤처"", ""캐주얼"", ""시뮬레이션"", ""전략""]","[""싱글 플레이어"", ""Steam 도전 과제"", ""Steam 트레이딩 카드"", ""Steam 창작마당"", ""Steam Cloud"", ""가족 공유""]","{""currency"": ""KRW"", ""discount_percent"": 0, ""final"": 4875000, ""final_formatted"": ""₩ 48,750"", ""initial"": 4875000, ""initial_formatted"": """"}",84.0,False,0.0,"Planet Coaster® - 코스터 공원 시뮬레이션 게임의 미래가 도래했습니다! 코스터 공원의 제국을 건설하여 환상적인 손님들에게 놀라움과 기쁨, 스릴을 선사하세요. 상상의 나래를 마음껏 펼치고 성공적인 작품을 세상에 공유하세요.",https://shared.akamai.steamstatic.com/store_item_assets/steam/apps/493340/header.jpg?t=1725377481,appdetails,2026-06-07T15:36:23+00:00
644930,They Are Billions,2019년 6월 18일,"[""Numantian Games""]","[""Numantian Games""]","[""전략""]","[""싱글 플레이어"", ""Steam 도전 과제"", ""Steam 트레이딩 카드"", ""Steam 창작마당"", ""Steam Cloud"", ""통계"", ""Steam 순위표"", ""레벨 에디터 포함"", ""Remote Play 태블릿"", ""가족 공유""]","{""currency"": ""KRW"", ""discount_percent"": 0, ""final"": 3100000, ""final_formatted"": ""₩ 31,000"", ""initial"": 3100000, ""initial_formatted"": """"}",77.0,False,0.0,They Are Billions는 세계 종말 후의 행성에서 펼쳐지는 스팀펑크 전략 게임입니다. 얼마 남지 않은 인류를 몰살시키려는 수십억 명의 감염자들에 맞서 생존하기 위해 식민지를 건설하고 방어하십시오. 좀비 종말 이후 인류의 운명은?,https://shared.akamai.steamstatic.com/store_item_assets/steam/apps/644930/header.jpg?t=1595631876,appdetails,2026-06-07T15:36:23+00:00
1527950,Wartales,2023년 4월 12일,"[""Shiro Games""]","[""Shiro Games""]","[""어드벤처"", ""인디"", ""RPG"", ""전략""]","[""싱글 플레이어"", ""멀티플레이어"", ""협동"", ""온라인 협동"", ""Steam 도전 과제"", ""컨트롤러 완벽 지원"", ""Steam Cloud"", ""가족 공유""]","{""currency"": ""KRW"", ""discount_percent"": 60, ""final"": 1440000, ""final_formatted"": ""₩ 14,400"", ""initial"": 3600000, ""initial_formatted"": ""₩ 36,000""}",,False,0.0,"Wartales is an open world RPG in which you lead a group of mercenaries in their search for wealth across a massive medieval universe. Explore the world, recruit companions, collect bounties and unravel the secrets of the tombs of the ancients!",https://shared.akamai.steamstatic.com/store_item_assets/steam/apps/1527950/header.jpg?t=1779375249,appdetails,2026-06-07T15:36:23+00:00
356190,Middle-earth™: Shadow of War™,2017년 10월 9일,"[""Monolith Productions""]","[""WB Games""]","[""액션"", ""어드벤처"", ""RPG""]","[""싱글 플레이어"", ""Steam 도전 과제"", ""컨트롤러 완벽 지원"", ""Steam 트레이딩 카드"", ""앱 내 구매"", ""Steam Cloud"", ""가족 공유""]","{""currency"": ""KRW"", ""discount_percent"": 90, ""final"": 530000, ""final_formatted"": ""₩ 5,300"", ""initial"": 5300000, ""initial_formatted"": ""₩ 53,000""}",,False,0.0,다수의 상을 받은 네메시스 시스템을 통해서 방대한 오픈 월드를 생생하게 체험하세요. 미들 어스™: 섀도우 오브 워™에서 힘의 반지를 주조하여 여러분만의 오크 군대로 대규모 전투에서 요새들을 점령하고 모르도르를 지배하세요.,https://shared.akamai.steamstatic.com/store_item_assets/steam/apps/356190/header_koreana.jpg?t=1780594801,appdetails,2026-06-07T15:36:23+00:00
1238860,Battlefield 4™,2020년 6월 11일,"[""DICE""]","[""Electronic Arts""]","[""액션""]","[""싱글 플레이어"", ""멀티플레이어"", ""PvP"", ""온라인 PvP"", ""Steam 도전 과제"", ""컨트롤러 완벽 지원"", ""Steam 트레이딩 카드"", ""HDR 사용 가능""]","{""currency"": ""KRW"", ""discount_percent"": 0, ""final"": 4400000, ""final_formatted"": ""₩ 44,000"", ""initial"": 4400000, ""initial_formatted"": """"}",,False,18.0,프리미엄 추가 사항으로 전장을 지배하세요,https://shared.akamai.steamstatic.com/store_item_assets/steam/apps/1238860/header.jpg?t=1777391884,appdetails,2026-06-07T15:36:23+00:00
200510,XCOM: Enemy Unknown,2012년 10월 11일,"[""Firaxis Games"", ""Feral Interactive (Linux)""]","[""2K"", ""Feral Interactive (Linux)""]","[""전략""]","[""싱글 플레이어"", ""멀티플레이어"", ""크로스 플랫폼 멀티플레이어"", ""Steam 도전 과제"", ""컨트롤러 완벽 지원"", ""Steam 트레이딩 카드"", ""Steam Cloud"", ""Remote Play TV"", ""가족 공유""]","{""currency"": ""KRW"", ""discount_percent"": 0, ""final"": 1840000, ""final_formatted"": ""₩ 18,400"", ""initial"": 1840000, ""initial_formatted"": """"}",89.0,False,18.0,The XCOM: Enemy Unknown - Slingshot Pack is Now Available!,https://shared.akamai.steamstatic.com/store_item_assets/steam/apps/200510/header.jpg?t=1777585174,appdetails,2026-06-07T15:36:23+00:00
703080,플래닛 주,2019년 11월 5일,"[""Frontier Developments""]","[""Frontier Developments""]","[""캐주얼"", ""시뮬레이션"", ""전략""]","[""싱글 플레이어"", ""Steam 도전 과제"", ""Steam 트레이딩 카드"", ""Steam 창작마당"", ""Steam Cloud"", ""HDR 사용 가능"", ""가족 공유""]","{""currency"": ""KRW"", ""discount_percent"": 0, ""final"": 4600000, ""final_formatted"": ""₩ 46,000"", ""initial"": 4600000, ""initial_formatted"": """"}",81.0,False,0.0,"플래닛 주에서 야생의 세계를 건설하세요. 플래닛 코스터와 주 타이쿤의 개발자들이 최고의 동물원 시뮬레이션 게임으로 돌아왔습니다. 실감 나는 서식지를 건설하고, 동물원을 관리하고, 생각하고 느끼고 여러분이 창조한 세계를 탐험하는 진짜 살아 있는 동물들을 만나 보세요.",https://shared.akamai.steamstatic.com/store_item_assets/steam/apps/703080/header.jpg?t=1765896213,appdetails,2026-06-07T15:36:23+00:00
236850,Europa Universalis IV,2013년 8월 13일,"[""Paradox Development Studio"", ""Paradox Tinto""]","[""Paradox Interactive""]","[""시뮬레이션"", ""전략""]","[""싱글 플레이어"", ""멀티플레이어"", ""PvP"", ""온라인 PvP"", ""협동"", ""온라인 협동"", ""크로스 플랫폼 멀티플레이어"", ""Steam 도전 과제"", ""Steam 트레이딩 카드"", ""Steam 창작마당"", ""Steam Cloud"", ""가족 공유""]","{""currency"": ""KRW"", ""discount_percent"": 0, ""final"": 5500000, ""final_formatted"": ""₩ 55,000"", ""initial"": 5500000, ""initial_formatted"": """"}",87.0,False,0.0,"비교할 수 없는 자유도, 깊이 있는 스토리, 정확한 역사적 고증을 즐기며 국토를 다스리고 세계를 정복하세요. 세계 역사를 새롭게 쓰며 시대를 풍미할 제국을 만드세요.",https://shared.akamai.steamstatic.com/store_item_assets/steam/apps/236850/header.jpg?t=1778249292,appdetails,2026-06-07T15:36:23+00:00
2679460,메타포: 리판타지오,2024년 10월 10일,"[""ATLUS""]","[""SEGA""]","[""액션"", ""어드벤처"", ""RPG""]","[""싱글 플레이어"", ""Steam 도전 과제"", ""컨트롤러 완벽 지원"", ""Steam 트레이딩 카드"", ""카메라 움직임 조정"", ""난이도 조정"", ""키보드 전용 옵션"", ""퀵타임 이벤트 없이 플레이 가능"", ""스테레오 사운드"", ""서라운드 사운드"", ""Steam Cloud"", ""가족 공유""]","{""currency"": ""KRW"", ""discount_percent"": 0, ""final"": 7980000, ""final_formatted"": ""₩ 79,800"", ""initial"": 7980000, ""initial_formatted"": """"}",92.0,False,0.0,"『메타포: 리판타지오』는 국왕 암살 후 돌연 시작된 선거에 휘말려 새로운 왕의 후보자가 된 소년의 운명을 그린 판타지 RPG입니다. 세계를 방랑하며 하루하루를 자유롭게 보내고, 다양한 클래스와 파티를 활용하여 강적과 맞서 싸우세요. &quot;환상이기에 가능한 현실의 여행&quot;이 시작됩니다.",https://shared.akamai.steamstatic.com/store_item_assets/steam/apps/2679460/header.jpg?t=1764776325,appdetails,2026-06-07T15:36:23+00:00
3314790,CloverPit,2025년 9월 26일,"[""Panik Arcade""]","[""Future Friends Games""]","[""액션"", ""어드벤처"", ""인디"", ""시뮬레이션"", ""스포츠"", ""전략""]","[""싱글 플레이어"", ""Steam 도전 과제"", ""컨트롤러 완벽 지원"", ""Steam Cloud"", ""가족 공유""]","{""currency"": ""KRW"", ""discount_percent"": 20, ""final"": 880000, ""final_formatted"": ""₩ 8,800"", ""initial"": 1100000, ""initial_formatted"": ""₩ 11,000""}",,False,0.0,로그라이트 슬롯 머신 악몽이 펼쳐집니다. 끝이 나지 않는 부채 시뮬레이터에서 목숨을 건 도박을 즐기세요!,https://shared.akamai.steamstatic.com/store_item_assets/steam/apps/3314790/8ba81356b84aa937573fa29fdd708dbd96b01537/header.jpg?t=1780064423,appdetails,2026-06-07T15:36:23+00:00
201270,토탈워: 쇼군2,2011년 3월 15일,"[""CREATIVE ASSEMBLY"", ""Feral Interactive (Mac)"", ""Feral Interactive (Linux)""]","[""SEGA"", ""Feral Interactive (Mac)"", ""Feral Interactive (Linux)""]","[""전략""]","[""싱글 플레이어"", ""멀티플레이어"", ""PvP"", ""온라인 PvP"", ""LAN PvP"", ""협동"", ""온라인 협동"", ""LAN 협동"", ""Steam 도전 과제"", ""Steam 트레이딩 카드"", ""카메라 움직임 조정"", ""음량 개별 조절"", ""난이도 조정"", ""퀵타임 이벤트 없이 플레이 가능"", ""수시 저장"", ""스테레오 사운드"", ""Steam Cloud"", ""Valve Anti-Cheat 사용"", ""통계"", ""가족 공유""]","{""currency"": ""KRW"", ""discount_percent"": 0, ""final"": 3000000, ""final_formatted"": ""₩ 30,000"", ""initial"": 3000000, ""initial_formatted"": """"}",90.0,False,0.0,Total War: SHOGUN 2 is the perfect mix of real-time and turn-based strategy gaming for newcomers and veterans alike.,https://shared.akamai.steamstatic.com/store_item_assets/steam/apps/201270/header.jpg?t=1763649183,appdetails,2026-06-07T15:36:23+00:00
601510,Yu-Gi-Oh! Duel Links,2017년 11월 16일,"[""KONAMI""]","[""KONAMI""]","[""전략"", ""무료 플레이""]","[""싱글 플레이어"", ""멀티플레이어"", ""PvP"", ""온라인 PvP"", ""크로스 플랫폼 멀티플레이어"", ""Steam 도전 과제"", ""Steam 트레이딩 카드"", ""앱 내 구매""]",,,True,0.0,&quot;Yu-Gi-Oh! Duel Links&quot;에서 전 세계 듀얼리스트와 대결하세요! 디멘션을 넘어 모든 듀얼리스트를 연결하는 세계로 들어오세요. 듀얼 월드에서는 그 어느 곳이든 치열한 듀얼이 펼쳐지는 듀얼 필드로 변할 수 있습니다!,https://shared.akamai.steamstatic.com/store_item_assets/steam/apps/601510/c5bbd8019f5e1a5d5e21a5264246598222a4659f/header.jpg?t=1778872860,appdetails,2026-06-07T15:36:23+00:00
429050,Feed and Grow: Fish,2016년 1월 8일,"[""Old B1ood""]","[""Greens s.r.o.""]","[""액션"", ""인디"", ""시뮬레이션"", ""앞서 해보기""]","[""싱글 플레이어"", ""멀티플레이어"", ""Steam 도전 과제"", ""컨트롤러 일부 지원"", ""가족 공유""]","{""currency"": ""KRW"", ""discount_percent"": 0, ""final"": 1600000, ""final_formatted"": ""₩ 16,000"", ""initial"": 1600000, ""initial_formatted"": """"}",,False,0.0,"Hunt and eat other fish - simply, grow into larger beasts!",https://shared.akamai.steamstatic.com/store_item_assets/steam/apps/429050/header.jpg?t=1615737978,appdetails,2026-06-07T15:36:23+00:00
1139900,Ghostrunner - 고스트러너,2020년 10월 27일,"[""One More Level"", ""3D Realms"", ""Slipgate Ironworks™"", ""All in! Games""]","[""505 Games""]","[""액션""]","[""싱글 플레이어"", ""Steam 도전 과제"", ""Steam 트레이딩 카드"", ""컨트롤러 일부 지원"", ""Steam Cloud"", ""가족 공유""]","{""currency"": ""KRW"", ""discount_percent"": 0, ""final"": 3500000, ""final_formatted"": ""₩ 35,000"", ""initial"": 3500000, ""initial_formatted"": """"}",81.0,False,18.0,"Ghostrunner는 유니크한 싱글 플레이어 체험을 제공합니다: 빠른 전개, 격렬한 전투, 그리고 공상 과학과 포스트 아포칼립스 테마가 버물린 독창적 설정을 즐겨 보세요. 이미 끝난 세계와 그 속에서 생존을 위해 싸우는 이들의 스토리를 담았습니다.",https://shared.akamai.steamstatic.com/store_item_assets/steam/apps/1139900/header.jpg?t=1727712844,appdetails,2026-06-07T15:36:23+00:00
1466860,Age of Empires IV: Anniversary Edition,2021년 10월 28일,"[""World's Edge"", ""Relic Entertainment"", ""Forgotten Empires"", ""Climax Studios""]","[""Xbox Game Studios""]","[""전략""]","[""싱글 플레이어"", ""멀티플레이어"", ""PvP"", ""온라인 PvP"", ""협동"", ""온라인 협동"", ""크로스 플랫폼 멀티플레이어"", ""Steam 도전 과제"", ""컨트롤러 완벽 지원"", ""가족 공유""]","{""currency"": ""KRW"", ""discount_percent"": 65, ""final"": 1396000, ""final_formatted"": ""₩ 13,960"", ""initial"": 3990000, ""initial_formatted"": ""₩ 39,900""}",81.0,False,0.0,수백만 명의 글로벌 플레이어를 기쁘게하는 첫 해를 축하하는 수상 경력에 빛나는 베스트셀러 전략 프랜차이즈는 에이지 오브 엠파이어 IV: 기념일 에디션으로 계속되어 세계를 형성 한 더욱 서사시적인 역사적 전투의 중심에 서게합니다.,https://shared.akamai.steamstatic.com/store_item_assets/steam/apps/1466860/header.jpg?t=1780502351,appdetails,2026-06-07T15:36:23+00:00
648350,쥬라기 월드 에볼루션,2018년 6월 11일,"[""Frontier Developments""]","[""Frontier Developments""]","[""시뮬레이션"", ""전략""]","[""싱글 플레이어"", ""Steam 도전 과제"", ""컨트롤러 완벽 지원"", ""Steam 트레이딩 카드"", ""Steam Cloud"", ""Remote Play TV"", ""가족 공유""]","{""currency"": ""KRW"", ""discount_percent"": 0, ""final"": 4640000, ""final_formatted"": ""₩ 46,400"", ""initial"": 4640000, ""initial_formatted"": """"}",69.0,False,0.0,"쥬라기 스토리의 한 가운데에 뛰어들어 직접 쥬라기 월드를 창조하세요. 스스로 생각하고, 느끼고, 주변 환경에 지능적으로 반응하는 공룡을 생명 공학으로 탄생시키고, 생명이 언제나 길을 찾아내는 미지의 세계에서 내부 배신자, 정전, 재앙적인 열대 폭풍의 위협을 해결하세요.",https://shared.akamai.steamstatic.com/store_item_assets/steam/apps/648350/header.jpg?t=1750957705,appdetails,2026-06-07T15:36:23+00:00
233450,Prison Architect,2015년 10월 6일,"[""Introversion Software"", ""Double Eleven""]","[""Paradox Interactive""]","[""인디"", ""시뮬레이션"", ""전략""]","[""싱글 플레이어"", ""Steam 도전 과제"", ""Steam 트레이딩 카드"", ""Steam 창작마당"", ""Steam Cloud"", ""레벨 에디터 포함"", ""가족 공유""]","{""currency"": ""KRW"", ""discount_percent"": 0, ""final"": 3300000, ""final_formatted"": ""₩ 33,000"", ""initial"": 3300000, ""initial_formatted"": """"}",83.0,False,0.0,세계에서 가장 무자비한 교도소장만이 세계에서 가장 무자비한 재소자들을 관리할 수 있습니다. Prison Architect에서 나만의 교도소를 세우고 발전시키세요.,https://shared.akamai.steamstatic.com/store_item_assets/steam/apps/233450/header.jpg?t=1759221867,appdetails,2026-06-07T15:36:23+00:00
393380,Squad,2020년 9월 23일,"[""Offworld""]","[""Offworld""]","[""액션"", ""인디"", ""대규모 멀티플레이어"", ""전략""]","[""멀티플레이어"", ""PvP"", ""온라인 PvP"", ""협동"", ""온라인 협동"", ""Steam 트레이딩 카드"", ""Steam 창작마당"", ""컨트롤러 일부 지원"", ""Valve Anti-Cheat 사용""]","{""currency"": ""KRW"", ""discount_percent"": 0, ""final"": 5300000, ""final_formatted"": ""₩ 53,000"", ""initial"": 5300000, ""initial_formatted"": """"}",,False,0.0,"스쿼드는 50 대 50 멀티플레이어 일인칭 슈터로서, 팀원간의 소통과 협동을 중심으로 전투의 현장감을 살려낸 게임입니다. 주요 요소로서 차량기반 제병협동 게임플레이, 광활한 맵, 기지 건설, 그리고 분대 무전기능과 사실적인 근접 마이크 채팅을 가능케 하는 위치기반 VoIP기능을 선보입니다.",https://shared.akamai.steamstatic.com/store_item_assets/steam/apps/393380/0b19b50aabea356bd8f534fbe7d6db9bd227810a/header.jpg?t=1778698936,appdetails,2026-06-07T15:36:23+00:00
1363080,Manor Lords 매너 로드,2024년 4월 26일,"[""Slavic Magic""]","[""Hooded Horse""]","[""시뮬레이션"", ""전략"", ""앞서 해보기""]","[""싱글 플레이어"", ""Steam 도전 과제"", ""텍스트 크기 조정"", ""카메라 움직임 조정"", ""음량 개별 조절"", ""난이도 조정"", ""마우스 전용 옵션"", ""수시 저장"", ""스테레오 사운드"", ""Steam Cloud"", ""가족 공유""]","{""currency"": ""KRW"", ""discount_percent"": 35, ""final"": 2593000, ""final_formatted"": ""₩ 25,930"", ""initial"": 3990000, ""initial_formatted"": ""₩ 39,900""}",,False,0.0,"Manor Lords는 정밀한 도시 건설, 전술이 필요한 대규모 전투, 정교한 경제 및 사회 시뮬레이션을 특징으로 하는 중세 전략 게임입니다. 시간에 따라 계절이 지나고 날씨가 다채롭게 변화하며 도시가 흥망성쇠를 겪는 가운데 중세 영주가 되어 자신의 영토를 통치해 보세요.",https://shared.akamai.steamstatic.com/store_item_assets/steam/apps/1363080/header_koreana.jpg?t=1779785894,appdetails,2026-06-07T15:36:23+00:00
246620,Plague Inc: Evolved,2016년 2월 18일,"[""Ndemic Creations""]","[""Ndemic Creations""]","[""캐주얼"", ""인디"", ""시뮬레이션"", ""전략""]","[""싱글 플레이어"", ""멀티플레이어"", ""PvP"", ""온라인 PvP"", ""협동"", ""온라인 협동"", ""Steam 도전 과제"", ""Steam 트레이딩 카드"", ""Steam 창작마당"", ""카메라 움직임 조정"", ""음량 개별 조절"", ""난이도 조정"", ""마우스 전용 옵션"", ""퀵타임 이벤트 없이 플레이 가능"", ""수시 저장"", ""스테레오 사운드"", ""컨트롤러 일부 지원"", ""Steam Cloud"", ""통계"", ""Steam 순위표"", ""레벨 에디터 포함"", ""Remote Play 태블릿"", ""가족 공유""]","{""currency"": ""KRW"", ""discount_percent"": 0, ""final"": 1650000, ""final_formatted"": ""₩ 16,500"", ""initial"": 1650000, ""initial_formatted"": """"}",,False,0.0,Plague Inc: Evolved는 고급 전략과 오싹하게 리얼한 시뮬레이션이 독특하게 혼합된 게임입니다. 플레이어의 병원균이 '1호 환자'를 방금 감염했습니다. 이제 인류의 방지책을 전부 이겨내는 치명적이고 세계적으로 확산되는 전염병을 진화시켜서 인류 역사의 종말을 가져와야 합니다.,https://shared.akamai.steamstatic.com/store_item_assets/steam/apps/246620/3ec45f5792420a5ecbe50ff6f24a4aa30ec8a06e/header_koreana.jpg?t=1779100239,appdetails,2026-06-07T15:36:23+00:00
203770,Crusader Kings II,2012년 2월 14일,"[""Paradox Development Studio""]","[""Paradox Interactive""]","[""RPG"", ""시뮬레이션"", ""전략"", ""무료 플레이""]","[""싱글 플레이어"", ""멀티플레이어"", ""Steam 트레이딩 카드""]",,82.0,True,0.0,Explore one of the defining periods in world history in an experience crafted by the masters of Grand Strategy.,https://shared.akamai.steamstatic.com/store_item_assets/steam/apps/203770/header.jpg?t=1740566844,appdetails,2026-06-07T15:36:23+00:00
1244460,쥬라기 월드 에볼루션 2,2021년 11월 9일,"[""Frontier Developments""]","[""Frontier Developments""]","[""시뮬레이션"", ""전략""]","[""싱글 플레이어"", ""Steam 도전 과제"", ""컨트롤러 완벽 지원"", ""Steam Cloud"", ""통계"", ""HDR 사용 가능"", ""가족 공유""]","{""currency"": ""KRW"", ""discount_percent"": 0, ""final"": 6100000, ""final_formatted"": ""₩ 61,000"", ""initial"": 6100000, ""initial_formatted"": """"}",76.0,False,0.0,"쥬라기 월드 에볼루션 2는 Frontier에서 2018년에 출시한 획기적이고 몰입도 높은 관리 시뮬레이션 쥬라기 월드 에볼루션의 후속작으로, 게임 시리즈에 기반한 과감하고 새로운 시대를 선보여 많은 기대를 받고 있습니다",https://shared.akamai.steamstatic.com/store_item_assets/steam/apps/1244460/header.jpg?t=1750957701,appdetails,2026-06-07T15:36:23+00:00
364360,토탈워: 워해머,2016년 5월 24일,"[""CREATIVE ASSEMBLY"", ""Feral Interactive (Linux)"", ""Feral Interactive (Mac)""]","[""SEGA"", ""Feral Interactive (Linux)"", ""Feral Interactive (Mac)""]","[""액션"", ""전략""]","[""싱글 플레이어"", ""멀티플레이어"", ""PvP"", ""온라인 PvP"", ""LAN PvP"", ""협동"", ""온라인 협동"", ""LAN 협동"", ""Steam 도전 과제"", ""Steam 트레이딩 카드"", ""Steam 창작마당"", ""카메라 움직임 조정"", ""음량 개별 조절"", ""난이도 조정"", ""퀵타임 이벤트 없이 플레이 가능"", ""수시 저장"", ""스테레오 사운드"", ""서라운드 사운드"", ""가족 공유""]","{""currency"": ""KRW"", ""discount_percent"": 0, ""final"": 5980000, ""final_formatted"": ""₩ 59,800"", ""initial"": 5980000, ""initial_formatted"": """"}",86.0,False,0.0,"올드 월드를 직접 지휘하십시오. 턴제 캠페인과 마법이 난무하는 전략적 실시간 전투 속에서 전설적인 군주들을 이끌고, 카오스에 맞선 싸움에서 자신이 선택한 종족이 어떤 운명을 맞이할지 결정하십시오.",https://shared.akamai.steamstatic.com/store_item_assets/steam/apps/364360/header.jpg?t=1780389642,appdetails,2026-06-07T15:36:23+00:00
686810,Hell Let Loose,2021년 7월 27일,"[""Expression Games""]","[""Team17""]","[""액션"", ""인디"", ""대규모 멀티플레이어"", ""시뮬레이션"", ""전략""]","[""멀티플레이어"", ""PvP"", ""온라인 PvP"", ""Steam 도전 과제"", ""컨트롤러 일부 지원"", ""가족 공유""]","{""currency"": ""KRW"", ""discount_percent"": 75, ""final"": 1889000, ""final_formatted"": ""₩ 18,890"", ""initial"": 7553000, ""initial_formatted"": ""₩ 75,530""}",79.0,False,0.0,"하드코어 스타일의 제2차 세계대전이 펼쳐지는 Hell Let Loose에서 더 많은 것을 경험해보세요. RTS 형식에서 영감을 받아 제작한 독특한 자원 기반의 메타 게임으로, 보병대와 탱크, 대포, 종잡을 수 없이 변화하는 최전선의 100명의 플레이어와 1인칭 시점으로 주요 전투에 참여할 수 있습니다.",https://shared.akamai.steamstatic.com/store_item_assets/steam/apps/686810/ba5b238c5655447f425e607775ca92ac58c31f1d/header_alt_assets_5.jpg?t=1780494066,appdetails,2026-06-07T15:36:23+00:00
371660,Far Cry® Primal,2016년 2월 29일,"[""Ubisoft""]","[""Ubisoft""]","[""액션"", ""어드벤처""]","[""싱글 플레이어"", ""Steam 트레이딩 카드"", ""컨트롤러 일부 지원""]","{""currency"": ""KRW"", ""discount_percent"": 0, ""final"": 3400000, ""final_formatted"": ""₩ 34,000"", ""initial"": 3400000, ""initial_formatted"": """"}",74.0,False,0.0,수상에 빛나는 Far Cry 시리즈가 거대한 야수와 숨 막히는 환경 그리고 예측할 수 없는 야만인으로 가득한 혁신적인 오픈 월드 게임 플레이로 돌아왔습니다. 위험과 모험으로 가득한 석기 시대에 오신 걸 환영합니다. 때는 거대한 맘모스와 세이버투스가 지구를 지배하고 인간은 먹이 사슬 아래서 투쟁하던 때입니다. 사냥꾼 그룹의 마지막 생존자인 당신은 멸종의 위기를 극복하고 부족을 통합해야 합니다.,https://shared.akamai.steamstatic.com/store_item_assets/steam/apps/371660/header.jpg?t=1772640435,appdetails,2026-06-07T15:36:23+00:00
466560,Northgard: Definitive Edition,2018년 3월 7일,"[""Shiro Games""]","[""Shiro Games""]","[""어드벤처"", ""인디"", ""시뮬레이션"", ""전략""]","[""싱글 플레이어"", ""멀티플레이어"", ""PvP"", ""온라인 PvP"", ""협동"", ""온라인 협동"", ""Steam 도전 과제"", ""Steam 트레이딩 카드"", ""Steam 창작마당"", ""Steam 창작마당"", ""Steam Cloud"", ""레벨 에디터 포함"", ""가족 공유""]","{""currency"": ""KRW"", ""discount_percent"": 60, ""final"": 1500000, ""final_formatted"": ""₩ 15,000"", ""initial"": 3750000, ""initial_formatted"": ""₩ 37,500""}",81.0,False,0.0,Northgard: Definitive Edition은 북유럽 신화를 바탕으로 한 비평가 호평의 실시간 전략 게임입니다. 당신의 부족을 이끌고 새로 발견된 신비로운 대륙의 비밀을 밝혀 적을 물리치고 왕좌를 차지하세요!,https://shared.akamai.steamstatic.com/store_item_assets/steam/apps/466560/3326885aac59a055d64d325556c3bd83a37e67d5/header_alt_assets_15_koreana.jpg?t=1776366876,appdetails,2026-06-07T15:36:23+00:00
674940,Stick Fight: The Game,2017년 9월 28일,"[""Landfall West""]","[""Landfall""]","[""액션"", ""캐주얼"", ""인디""]","[""멀티플레이어"", ""PvP"", ""온라인 PvP"", ""스크린 공유 및 분할 PvP"", ""공유 및 분할 화면"", ""컨트롤러 일부 지원"", ""Remote Play 휴대전화"", ""Remote Play 태블릿"", ""Remote Play Together"", ""가족 공유""]","{""currency"": ""KRW"", ""discount_percent"": 60, ""final"": 216000, ""final_formatted"": ""₩ 2,160"", ""initial"": 540000, ""initial_formatted"": ""₩ 5,400""}",,False,0.0,Stick Fight is a physics-based couch/online fighting game where you battle it out as the iconic stick figures from the golden age of the internet.,https://shared.akamai.steamstatic.com/store_item_assets/steam/apps/674940/header.jpg?t=1730715399,appdetails,2026-06-07T15:36:23+00:00
365360,Battle Brothers,2017년 3월 24일,"[""Overhype Studios""]","[""Hooded Horse"", ""Overhype Studios""]","[""RPG"", ""시뮬레이션"", ""전략""]","[""싱글 플레이어"", ""Steam 도전 과제"", ""Steam 트레이딩 카드"", ""Steam Cloud"", ""Remote Play 태블릿"", ""가족 공유""]","{""currency"": ""KRW"", ""discount_percent"": 70, ""final"": 897000, ""final_formatted"": ""₩ 8,970"", ""initial"": 2990000, ""initial_formatted"": ""₩ 29,900""}",80.0,False,0.0,"중세 판타지 세계를 배경으로 펼쳐지는 이 전술 RPG에서 용병단을 이끌어 보세요. 절차적으로 생성된 오픈 월드 캠페인 속에서 어디로 갈지, 어떤 전사를 영입할지, 어떤 계약을 추구할지, 그리고 부하들을 어떤 방식으로 훈련시키고 어떤 장비를 갖추어야 할지 선택하며 명예와 부를 쟁취하세요.",https://shared.akamai.steamstatic.com/store_item_assets/steam/apps/365360/c6ad528c1ec98716cccc6b251d570bd1c0f2d283/header.jpg?t=1779785759,appdetails,2026-06-07T15:36:23+00:00
218230,PlanetSide 2,2012년 11월 20일,"[""Rogue Planet Games""]","[""Daybreak Game Company""]","[""액션"", ""대규모 멀티플레이어"", ""무료 플레이""]","[""멀티플레이어"", ""MMO"", ""PvP"", ""온라인 PvP"", ""Steam 트레이딩 카드"", ""Steam Cloud""]",,84.0,True,0.0,"PlanetSide 2 is an all-out planetary war, where thousands of players battle as one across enormous continents. Utilize infantry, ground and air vehicles, and teamwork to destroy your enemies in this revolutionary first-person shooter on a massive scale.",https://shared.akamai.steamstatic.com/store_item_assets/steam/apps/218230/86a0f9e8396733762ba9aff37169498e603c38b5/header.jpg?t=1765498236,appdetails,2026-06-07T15:36:23+00:00
214950,토탈워: 로마2 - 엠퍼러 에디션,2013년 9월 2일,"[""CREATIVE ASSEMBLY"", ""Feral Interactive""]","[""SEGA"", ""Feral Interactive""]","[""전략""]","[""싱글 플레이어"", ""멀티플레이어"", ""PvP"", ""온라인 PvP"", ""LAN PvP"", ""협동"", ""온라인 협동"", ""LAN 협동"", ""Steam 트레이딩 카드"", ""카메라 움직임 조정"", ""음량 개별 조절"", ""난이도 조정"", ""퀵타임 이벤트 없이 플레이 가능"", ""수시 저장"", ""스테레오 사운드"", ""서라운드 사운드"", ""Steam Cloud"", ""가족 공유""]","{""currency"": ""KRW"", ""discount_percent"": 0, ""final"": 5980000, ""final_formatted"": ""₩ 59,800"", ""initial"": 5980000, ""initial_formatted"": """"}",76.0,False,0.0,"로마2의 완전판인 엠퍼러 에디션에서 개선된 정치 시스템, 재구성된 건물 체계, 전투 밸런스 조정, 캠페인 및 전투의 향상된 그래픽을 만나보세요",https://shared.akamai.steamstatic.com/store_item_assets/steam/apps/214950/header.jpg?t=1768912466,appdetails,2026-06-07T15:36:23+00:00
10180,Call of Duty®: Modern Warfare® 2 (2009),2009년 11월 11일,"[""Infinity Ward""]","[""Activision""]","[""액션""]","[""싱글 플레이어"", ""멀티플레이어"", ""협동"", ""Steam 도전 과제"", ""Steam Cloud"", ""Valve Anti-Cheat 사용"", ""가족 공유""]","{""currency"": ""KRW"", ""discount_percent"": 0, ""final"": 2790000, ""final_formatted"": ""₩ 27,900"", ""initial"": 2790000, ""initial_formatted"": """"}",86.0,False,0.0,"올해의 최고로 기대되는 게임이자, 사상 최고로 가장 많이 팔린 1인칭 액션게임의 속편인 Modern Warfare 2 는 플레이어에게 새로운 위협과 맞서거나, 붕괴 직전의 세상을 위해 헌신하는등의 박진감 넘치고 눈을 떼지 못할만한 액션을 이어가고있습니다. Call of Duty®: Modern Warfare 2 의 특징으로는, 비디오 게임 최초로 뮤지컬 사운드트랙부문 legendary Academy Award® 수상, Golden Globe® 에서 수상을 하였으며, Grammy® 상과 작곡가 Hans Zimmer 가 Tony 상 수상을 하였습니다.",https://shared.akamai.steamstatic.com/store_item_assets/steam/apps/10180/header.jpg?t=1748044299,appdetails,2026-06-07T15:36:23+00:00
325610,토탈워: 아틸라,2015년 2월 17일,"[""CREATIVE ASSEMBLY""]","[""SEGA""]","[""전략""]","[""싱글 플레이어"", ""멀티플레이어"", ""PvP"", ""온라인 PvP"", ""LAN PvP"", ""협동"", ""온라인 협동"", ""LAN 협동"", ""Steam 도전 과제"", ""Steam 트레이딩 카드"", ""카메라 움직임 조정"", ""음량 개별 조절"", ""난이도 조정"", ""퀵타임 이벤트 없이 플레이 가능"", ""수시 저장"", ""스테레오 사운드"", ""서라운드 사운드"", ""Steam Cloud"", ""가족 공유""]","{""currency"": ""KRW"", ""discount_percent"": 0, ""final"": 4500000, ""final_formatted"": ""₩ 45,000"", ""initial"": 4500000, ""initial_formatted"": """"}",80.0,False,0.0,"기근, 질병, 전쟁이 만연한 어두운 시대. 동쪽의 광활한 초원에서 새로운 세력이 등장하고, 백만 기병을 등에 업은 궁극의 전사 왕이 로마로 향합니다…. 턴제 전술과 실시간 전략을 결합하여 여러 상을 수상한 PC 시리즈의 후속작, 토탈워: 아틸라가 서기 395년 암흑기의 서막을 알리는 종말론적 혼란 속으로 플레이어들을 초대합니다.",https://shared.akamai.steamstatic.com/store_item_assets/steam/apps/325610/header.jpg?t=1768911096,appdetails,2026-06-07T15:36:23+00:00
47890,The Sims™ 3,2011년 1월 27일,"[""The Sims Studio"", ""Maxis""]","[""Electronic Arts""]","[""시뮬레이션""]","[""싱글 플레이어"", ""가족 공유""]","{""currency"": ""KRW"", ""discount_percent"": 0, ""final"": 2200000, ""final_formatted"": ""₩ 22,000"", ""initial"": 2200000, ""initial_formatted"": """"}",86.0,False,0.0,The Sims 3: Create the perfect world with full customization at your fingertips. Refine personalities and help fulfill destinies.,https://shared.akamai.steamstatic.com/store_item_assets/steam/apps/47890/header.jpg?t=1738703889,appdetails,2026-06-07T15:36:23+00:00
203140,Hitman: Absolution™,2012년 11월 19일,"[""Io-Interactive A/S""]","[""Io-Interactive A/S""]","[""액션""]","[""싱글 플레이어"", ""Steam 도전 과제"", ""Steam 트레이딩 카드"", ""컨트롤러 일부 지원"", ""Steam Cloud"", ""가족 공유""]","{""currency"": ""KRW"", ""discount_percent"": 0, ""final"": 2319000, ""final_formatted"": ""₩ 23,190"", ""initial"": 2319000, ""initial_formatted"": """"}",79.0,False,18.0,"The original assassin is back! Betrayed by the Agency and hunted by the police, Agent 47 finds himself pursuing redemption in a corrupt and twisted world.",https://shared.akamai.steamstatic.com/store_item_assets/steam/apps/203140/header.jpg?t=1734461136,appdetails,2026-06-07T15:36:23+00:00
933110,Age of Empires III: Definitive Edition,2020년 10월 15일,"[""World's Edge"", ""Tantalus Media"", ""Forgotten Empires""]","[""Xbox Game Studios""]","[""전략"", ""무료 플레이""]","[""싱글 플레이어"", ""멀티플레이어"", ""PvP"", ""온라인 PvP"", ""LAN PvP"", ""크로스 플랫폼 멀티플레이어"", ""Steam 도전 과제"", ""Steam 트레이딩 카드"", ""Steam Cloud""]",,75.0,True,0.0,"Age of Empires III: Definitive Edition은 이 역사물 RTS 경험을 싱글 및 멀티 플레이어로 체험해 볼 수 있는 체험판을 제공합니다. 다양한 문명과 협동 역사적인 전쟁, 놀라운 4K HD 그래픽 및 최신식 게임플레이를 즐겨 보세요. 보다 꾸준한 재미를 위해 콘텐츠가 매달 돌아가며 해제되고 문명, 영웅 외형, 이벤트가 포함되어 있으니 자주 즐기실수록 좋습니다! 오늘 바로 든든한 커뮤니티에 참여하고 친구를 플레이에 초대하세요! *참고: 게임의 모든 기능을 해제하려면 '완전판' 제품을 참조하세요.",https://shared.akamai.steamstatic.com/store_item_assets/steam/apps/933110/header.jpg?t=1756156214,appdetails,2026-06-07T15:36:23+00:00
3097560,Liar's Bar,2024년 10월 2일,"[""Curve Animation""]","[""Curve Animation""]","[""캐주얼"", ""인디"", ""시뮬레이션"", ""전략"", ""앞서 해보기""]","[""멀티플레이어"", ""PvP"", ""온라인 PvP"", ""협동"", ""온라인 협동"", ""가족 공유""]","{""currency"": ""KRW"", ""discount_percent"": 0, ""final"": 780000, ""final_formatted"": ""₩ 7,800"", ""initial"": 780000, ""initial_formatted"": """"}",,False,0.0,수상한 바에서 벌어지는 멀티플레이어 온라인 경험에 뛰어드세요. 이곳의 게임은 손님들만큼 위험합니다. 4인 테이블에 앉아 거짓말과 속임수가 승리의 열쇠인 라이어스 다이스와 라이어스 덱에서 당신의 실력을 시험해보세요. 라이어스 바에서의 밤을 준비되셨나요?,https://shared.akamai.steamstatic.com/store_item_assets/steam/apps/3097560/b3c329e47cc499727f516da18522342d769f620f/header.jpg?t=1766761133,appdetails,2026-06-07T15:36:23+00:00
588430,Fallout Shelter,2017년 3월 29일,"[""Bethesda Game Studios""]","[""Bethesda Softworks""]","[""RPG"", ""시뮬레이션"", ""무료 플레이""]","[""싱글 플레이어"", ""Steam 도전 과제"", ""컨트롤러 완벽 지원"", ""앱 내 구매"", ""퀵타임 이벤트 없이 플레이 가능"", ""스테레오 사운드"", ""Steam Cloud"", ""통계""]",,63.0,True,0.0,"Fallout Shelter puts you in control of a state-of-the-art underground Vault from Vault-Tec. Build the perfect Vault, keep your Dwellers happy, and protect them from the dangers of the Wasteland.",https://shared.akamai.steamstatic.com/store_item_assets/steam/apps/588430/df2107f2ceb73545e8533e5a48dac30aee7d68aa/header_alt_assets_61.jpg?t=1780070440,appdetails,2026-06-07T15:36:23+00:00
535930,Two Point Hospital,2018년 8월 29일,"[""Two Point Studios""]","[""SEGA""]","[""인디"", ""시뮬레이션""]","[""싱글 플레이어"", ""Steam 도전 과제"", ""Steam 트레이딩 카드"", ""Steam 창작마당"", ""Steam Cloud"", ""Remote Play 태블릿"", ""가족 공유""]","{""currency"": ""KRW"", ""discount_percent"": 0, ""final"": 3800000, ""final_formatted"": ""₩ 38,000"", ""initial"": 3800000, ""initial_formatted"": """"}",83.0,False,0.0,"Design stunning hospitals, cure peculiar illnesses and manage troublesome staff as you spread your budding healthcare organisation across Two Point County.",https://shared.akamai.steamstatic.com/store_item_assets/steam/apps/535930/header.jpg?t=1763648286,appdetails,2026-06-07T15:36:23+00:00
223750,DCS World Steam Edition,2013년 8월 2일,"[""Eagle Dynamics SA""]","[""Eagle Dynamics SA""]","[""시뮬레이션"", ""무료 플레이""]","[""싱글 플레이어"", ""멀티플레이어"", ""PvP"", ""온라인 PvP"", ""LAN PvP"", ""협동"", ""온라인 협동"", ""LAN 협동"", ""추적되는 컨트롤러 지원"", ""VR 지원"", ""캡션 이용 가능"", ""VR 지원"", ""카메라 움직임 조정"", ""색상 대체"", ""음량 개별 조절"", ""난이도 조정"", ""키보드 전용 옵션"", ""마우스 전용 옵션"", ""퀵타임 이벤트 없이 플레이 가능"", ""수시 저장"", ""스테레오 사운드"", ""서라운드 사운드"", ""터치 전용 옵션"", ""컨트롤러 일부 지원"", ""레벨 에디터 포함""]",,,True,0.0,Feel the excitement of flying the Su-25T &quot;Frogfoot&quot; attack jet and the TF-51D &quot;Mustang&quot; in the free-to-play Digital Combat Simulator World!,https://shared.akamai.steamstatic.com/store_item_assets/steam/apps/223750/header.jpg?t=1777887462,appdetails,2026-06-07T15:36:23+00:00
244850,Space Engineers,2019년 2월 28일,"[""Keen Software House""]","[""Keen Software House""]","[""액션"", ""인디"", ""시뮬레이션"", ""전략""]","[""싱글 플레이어"", ""멀티플레이어"", ""PvP"", ""온라인 PvP"", ""협동"", ""크로스 플랫폼 멀티플레이어"", ""Steam 도전 과제"", ""Steam 창작마당"", ""컨트롤러 일부 지원"", ""Steam Cloud"", ""레벨 에디터 포함"", ""가족 공유""]","{""currency"": ""KRW"", ""discount_percent"": 0, ""final"": 2900000, ""final_formatted"": ""₩ 29,000"", ""initial"": 2900000, ""initial_formatted"": """"}",,False,0.0,"Space Engineers is a sandbox engineering game where you design and build ships, stations, and planetary bases in a fully destructible environment. Explore planets and space, mine resources, survive hazards, and engage in combat alone or with friends in Creative or Survival modes.",https://shared.akamai.steamstatic.com/store_item_assets/steam/apps/244850/1ec501a4be57139dd10219dc6b8434cef26984c5/header.jpg?t=1777915333,appdetails,2026-06-07T15:36:23+00:00
373420,Divinity: Original Sin - Enhanced Edition,2015년 10월 27일,"[""Larian Studios""]","[""Larian Studios""]","[""어드벤처"", ""인디"", ""RPG"", ""전략""]","[""싱글 플레이어"", ""멀티플레이어"", ""협동"", ""공유 및 분할 화면"", ""크로스 플랫폼 멀티플레이어"", ""Steam 도전 과제"", ""컨트롤러 완벽 지원"", ""Steam 트레이딩 카드"", ""캡션 이용 가능"", ""Steam Cloud"", ""Remote Play Together"", ""가족 공유""]","{""currency"": ""KRW"", ""discount_percent"": 0, ""final"": 4300000, ""final_formatted"": ""₩ 43,000"", ""initial"": 4300000, ""initial_formatted"": """"}",94.0,False,0.0,"Gather your party and get ready for the kick-ass new version of GameSpot's PC Game of the Year 2014. With hours of new content, new game modes, full voiceovers, split-screen multiplayer, and thousands of improvements, there's never been a better time to explore the epic world of Rivellon!",https://shared.akamai.steamstatic.com/store_item_assets/steam/apps/373420/header.jpg?t=1765505119,appdetails,2026-06-07T15:36:23+00:00
1213210,커맨드 앤 컨커 리마스터 컬렉션,2020년 6월 5일,"[""Petroglyph"", ""Lemon Sky Studios""]","[""Electronic Arts""]","[""전략""]","[""싱글 플레이어"", ""멀티플레이어"", ""PvP"", ""온라인 PvP"", ""Steam 도전 과제"", ""Steam 창작마당"", ""Steam Cloud"", ""레벨 에디터 포함"", ""가족 공유""]","{""currency"": ""KRW"", ""discount_percent"": 0, ""final"": 2200000, ""final_formatted"": ""₩ 22,000"", ""initial"": 2200000, ""initial_formatted"": """"}",82.0,False,15.0,"커맨드 앤 컨커와 레드 얼럿이 이전 Westwood Studios 팀 멤버들의 손으로 4K로 리마스터됩니다. 3가지 확장팩, 새롭게 개선된 멀티 플레이, 최신 UI, 맵 에디터, 보너스 영상 갤러리, 그리고 7시간 이상의 리마스터된 음악이 포함됩니다.",https://shared.akamai.steamstatic.com/store_item_assets/steam/apps/1213210/header.jpg?t=1779987581,appdetails,2026-06-07T15:36:23+00:00
16900,GROUND BRANCH,2018년 8월 14일,"[""BlackFoot Studios""]","[""MicroProse Software""]","[""액션"", ""인디"", ""시뮬레이션"", ""앞서 해보기""]","[""싱글 플레이어"", ""멀티플레이어"", ""PvP"", ""온라인 PvP"", ""협동"", ""온라인 협동"", ""Steam 창작마당"", ""컨트롤러 일부 지원"", ""가족 공유""]","{""currency"": ""KRW"", ""discount_percent"": 0, ""final"": 2450000, ""final_formatted"": ""₩ 24,500"", ""initial"": 2450000, ""initial_formatted"": """"}",,False,0.0,"Rainbow Six® 및 Ghost Recon® 게임의 개발자 중 한 명이 심도 있는 캐릭터와 무기 커스터마이제이션을 구현하는 생각하는 1인칭 슈팅 게임을 소개합니다. 시간을 가지고, 미리 생각하고, 일을 완수하십시오.",https://shared.akamai.steamstatic.com/store_item_assets/steam/apps/16900/header.jpg?t=1778556072,appdetails,2026-06-07T15:36:23+00:00
590380,Into the Breach,2018년 2월 27일,"[""Subset Games""]","[""Subset Games""]","[""인디"", ""RPG"", ""시뮬레이션"", ""전략""]","[""싱글 플레이어"", ""Steam 도전 과제"", ""컨트롤러 완벽 지원"", ""Steam 트레이딩 카드"", ""Steam Cloud"", ""Remote Play 휴대전화"", ""Remote Play 태블릿"", ""Remote Play TV"", ""가족 공유""]","{""currency"": ""KRW"", ""discount_percent"": 0, ""final"": 1550000, ""final_formatted"": ""₩ 15,500"", ""initial"": 1550000, ""initial_formatted"": """"}",90.0,False,0.0,미래의 강력한 메크를 조종하여 외계 세력을 물리치세요. 이 턴제 전략 게임에서는 세계를 구하려 시도할 때마다 무작위로 새롭게 생성되는 도전이 여러분 앞에 나타납니다.,https://shared.akamai.steamstatic.com/store_item_assets/steam/apps/590380/header.jpg?t=1755610784,appdetails,2026-06-07T15:36:23+00:00
332800,Five Nights at Freddy's 2,2014년 11월 10일,"[""Scott Cawthon""]","[""Scott Cawthon""]","[""인디""]","[""싱글 플레이어"", ""가족 공유""]","{""currency"": ""KRW"", ""discount_percent"": 0, ""final"": 850000, ""final_formatted"": ""₩ 8,500"", ""initial"": 850000, ""initial_formatted"": """"}",62.0,False,0.0,"Welcome back to the new and improved Freddy Fazbear's Pizza! As always, Fazbear Entertainment is not responsible for death or dismemberment.",https://shared.akamai.steamstatic.com/store_item_assets/steam/apps/332800/header.jpg?t=1579635993,appdetails,2026-06-07T15:36:23+00:00
1184370,Pathfinder: Wrath of the Righteous - Enhanced Edition,2021년 9월 2일,"[""Owlcat Games""]","[""META Publishing"", ""Owlcat Games""]","[""액션"", ""어드벤처"", ""인디"", ""RPG"", ""전략""]","[""싱글 플레이어"", ""Steam 도전 과제"", ""컨트롤러 완벽 지원"", ""Steam 트레이딩 카드"", ""음량 개별 조절"", ""난이도 조정"", ""마우스 전용 옵션"", ""퀵타임 이벤트 없이 플레이 가능"", ""수시 저장"", ""스테레오 사운드"", ""터치 전용 옵션"", ""Steam Cloud"", ""Remote Play TV"", ""가족 공유""]","{""currency"": ""KRW"", ""discount_percent"": 0, ""final"": 2240000, ""final_formatted"": ""₩ 22,400"", ""initial"": 2240000, ""initial_formatted"": """"}",83.0,False,0.0,"Embark on a journey to a realm overrun by demons in a new epic RPG from the creators of the critically acclaimed Pathfinder: Kingmaker. Explore the nature of good and evil, learn the true cost of power, and rise as a Mythic Hero capable of deeds beyond mortal expectations.",https://shared.akamai.steamstatic.com/store_item_assets/steam/apps/1184370/header.jpg?t=1779177424,appdetails,2026-06-07T15:36:23+00:00
645630,Car Mechanic Simulator 2018,2017년 7월 28일,"[""Red Dot Games""]","[""PlayWay S.A.""]","[""레이싱"", ""시뮬레이션""]","[""싱글 플레이어"", ""Steam 도전 과제"", ""Steam 트레이딩 카드"", ""Steam 창작마당"", ""컨트롤러 일부 지원"", ""Steam Cloud"", ""통계"", ""레벨 에디터 포함"", ""가족 공유""]","{""currency"": ""KRW"", ""discount_percent"": 90, ""final"": 215000, ""final_formatted"": ""₩ 2,150"", ""initial"": 2150000, ""initial_formatted"": ""₩ 21,500""}",,False,0.0,"Build and expand your repair service empire in this incredibly detailed and highly realistic simulation game, where attention to car detail is astonishing. Find classic, unique cars in the new Barn Find module and Junkyard module. You can even add your self-made car in the Car Editor.",https://shared.akamai.steamstatic.com/store_item_assets/steam/apps/645630/header.jpg?t=1780774911,appdetails,2026-06-07T15:36:23+00:00
633230,NARUTO TO BORUTO: SHINOBI STRIKER,2023년 6월 29일,"[""Soleil Ltd.""]","[""Bandai Namco Entertainment""]","[""액션""]","[""싱글 플레이어"", ""멀티플레이어"", ""PvP"", ""온라인 PvP"", ""협동"", ""온라인 협동"", ""Steam 도전 과제"", ""컨트롤러 일부 지원"", ""가족 공유""]","{""currency"": ""KRW"", ""discount_percent"": 75, ""final"": 1245000, ""final_formatted"": ""₩ 12,450"", ""initial"": 4980000, ""initial_formatted"": ""₩ 49,800""}",,False,0.0,"온라인 아크로바틱 닌자 대전 액션이 등장! 7대 호카게의 시대. 당신은 나뭇잎 마을에서 개최되는 「인계 리그」에 참가하러 온 신참 닌자! NARUTO・BORUTO에 등장하는 인술들을 갈고닦아, 온라인 로비에 모인 플레이어들과 4인 1조 팀을 맺고 인계 최강을 노리자!",https://shared.akamai.steamstatic.com/store_item_assets/steam/apps/633230/header.jpg?t=1780005833,appdetails,2026-06-07T15:36:23+00:00
871720,Ultimate Custom Night,2018년 6월 27일,"[""Scott Cawthon""]","[""Scott Cawthon""]","[""액션"", ""무료 플레이"", ""인디""]","[""싱글 플레이어"", ""Remote Play 휴대전화"", ""Remote Play 태블릿""]",,,True,0.0,"Welcome to the ultimate FNAF mashup, featuring 50 selectable characters and custom difficulties!",https://shared.akamai.steamstatic.com/store_item_assets/steam/apps/871720/header.jpg?t=1568143255,appdetails,2026-06-07T15:36:23+00:00
787860,Farming Simulator 19,2018년 11월 19일,"[""Giants Software""]","[""Giants Software""]","[""시뮬레이션""]","[""싱글 플레이어"", ""멀티플레이어"", ""협동"", ""온라인 협동"", ""Steam 도전 과제"", ""컨트롤러 완벽 지원"", ""Steam 트레이딩 카드"", ""Steam Cloud"", ""Remote Play 태블릿"", ""Remote Play TV"", ""가족 공유""]","{""currency"": ""KRW"", ""discount_percent"": 0, ""final"": 1980000, ""final_formatted"": ""₩ 19,800"", ""initial"": 1980000, ""initial_formatted"": """"}",73.0,False,0.0,"수백만 카피가 판매된 프랜차이즈가 완전히 새로운 그래픽의 충격적이고 몰입되는 비주얼 및 효과, 심도 있고 완벽한 농업 체험으로 무장하고 거대한 도약을 시도합니다.",https://shared.akamai.steamstatic.com/store_item_assets/steam/apps/787860/header.jpg?t=1674664652,appdetails,2026-06-07T15:36:23+00:00
589290,Holdfast: Nations At War,2020년 3월 5일,"[""Anvil Game Studios""]","[""Anvil Game Studios""]","[""액션"", ""인디"", ""대규모 멀티플레이어"", ""RPG"", ""시뮬레이션"", ""전략""]","[""멀티플레이어"", ""MMO"", ""PvP"", ""온라인 PvP"", ""Steam 도전 과제"", ""컨트롤러 완벽 지원"", ""Steam 트레이딩 카드"", ""Steam 창작마당"", ""텍스트 크기 조정"", ""색상 대체"", ""음량 개별 조절"", ""퀵타임 이벤트 없이 플레이 가능"", ""스테레오 사운드"", ""서라운드 사운드"", ""통계"", ""Steam 순위표"", ""레벨 에디터 포함"", ""Source SDK 포함""]","{""currency"": ""KRW"", ""discount_percent"": 50, ""final"": 1075000, ""final_formatted"": ""₩ 10,750"", ""initial"": 2150000, ""initial_formatted"": ""₩ 21,500""}",,False,0.0,나폴레옹 시대와 제1차 세계대전 시대를 배경으로 하는 멀티플레이어 1인칭/3인칭 슈팅 게임인 Holdfast: Nations At War에서 여러 전선에서 싸우세요. 서버당 150명이 넘는 플레이어와 함께 전장으로 뛰어드세요!,https://shared.akamai.steamstatic.com/store_item_assets/steam/apps/589290/674121abacbfcc7405a5da86c398b7923912590c/header.jpg?t=1780778357,appdetails,2026-06-07T15:36:23+00:00
10500,토탈워: 엠파이어 - 데피니티브 에디션,2009년 3월 4일,"[""CREATIVE ASSEMBLY"", ""Feral Interactive (Mac)"", ""Feral Interactive (Linux)""]","[""SEGA"", ""Feral Interactive (Mac)"", ""Feral Interactive (Linux)""]","[""전략""]","[""싱글 플레이어"", ""멀티플레이어"", ""PvP"", ""온라인 PvP"", ""LAN PvP"", ""협동"", ""온라인 협동"", ""LAN 협동"", ""Steam 도전 과제"", ""Steam 트레이딩 카드"", ""카메라 움직임 조정"", ""음량 개별 조절"", ""난이도 조정"", ""퀵타임 이벤트 없이 플레이 가능"", ""수시 저장"", ""스테레오 사운드"", ""통계"", ""가족 공유""]","{""currency"": ""KRW"", ""discount_percent"": 0, ""final"": 2500000, ""final_formatted"": ""₩ 25,000"", ""initial"": 2500000, ""initial_formatted"": """"}",90.0,False,0.0,"바다를 지휘하고, 땅을 통제하고, 새로운 국가를 만들고 세상도 정복하라.",https://shared.akamai.steamstatic.com/store_item_assets/steam/apps/10500/header.jpg?t=1763646960,appdetails,2026-06-07T15:36:23+00:00
427730,Who's Your Daddy?!,2016년 5월 13일,"[""Evil Tortilla Games""]","[""Evil Tortilla Games""]","[""액션"", ""캐주얼"", ""인디""]","[""멀티플레이어"", ""PvP"", ""온라인 PvP"", ""스크린 공유 및 분할 PvP"", ""공유 및 분할 화면"", ""크로스 플랫폼 멀티플레이어"", ""Steam 도전 과제"", ""Steam 트레이딩 카드"", ""컨트롤러 일부 지원"", ""Remote Play Together"", ""가족 공유""]","{""currency"": ""KRW"", ""discount_percent"": 0, ""final"": 1100000, ""final_formatted"": ""₩ 11,000"", ""initial"": 1100000, ""initial_formatted"": """"}",,False,0.0,"Who's Your Daddy is a casual multiplayer game featuring a clueless father attempting to prevent his infant son from certain death. Play with up to 7 of your friends, and test your parenting skills in a competitive setup with wacky physics and over 67 potentially ominous household items.",https://shared.akamai.steamstatic.com/store_item_assets/steam/apps/427730/header.jpg?t=1773896104,appdetails,2026-06-07T15:36:23+00:00
637090,BATTLETECH,2018년 4월 24일,"[""Harebrained Schemes""]","[""Paradox Interactive""]","[""액션"", ""어드벤처"", ""전략""]","[""싱글 플레이어"", ""멀티플레이어"", ""PvP"", ""온라인 PvP"", ""크로스 플랫폼 멀티플레이어"", ""Steam 도전 과제"", ""Steam 트레이딩 카드"", ""Steam Cloud"", ""Remote Play Together"", ""가족 공유""]","{""currency"": ""KRW"", ""discount_percent"": 0, ""final"": 4400000, ""final_formatted"": ""₩ 44,000"", ""initial"": 4400000, ""initial_formatted"": """"}",78.0,False,0.0,자신만의 용병 Mech 부대를 구축하고 Mech를 조종하는 MechWarrior들을 지휘해서 잔혹한 항성 간 전쟁 속으로 뛰어드세요.,https://shared.akamai.steamstatic.com/store_item_assets/steam/apps/637090/header.jpg?t=1726497883,appdetails,2026-06-07T15:36:23+00:00
1086940,Baldur's Gate 3,2023년 8월 3일,"[""Larian Studios""]","[""Larian Studios""]","[""어드벤처"", ""RPG"", ""전략""]","[""싱글 플레이어"", ""멀티플레이어"", ""협동"", ""온라인 협동"", ""LAN 협동"", ""크로스 플랫폼 멀티플레이어"", ""Steam 도전 과제"", ""컨트롤러 완벽 지원"", ""Steam 트레이딩 카드"", ""텍스트 크기 조정"", ""카메라 움직임 조정"", ""색상 대체"", ""음량 개별 조절"", ""난이도 조정"", ""퀵타임 이벤트 없이 플레이 가능"", ""수시 저장"", ""스테레오 사운드"", ""자막 옵션"", ""서라운드 사운드"", ""Steam Cloud"", ""Remote Play TV"", ""Remote Play Together"", ""가족 공유""]","{""currency"": ""KRW"", ""discount_percent"": 0, ""final"": 6600000, ""final_formatted"": ""₩ 66,000"", ""initial"": 6600000, ""initial_formatted"": """"}",96.0,False,0.0,"Baldur’s Gate 3 is a story-rich, party-based RPG set in the universe of Dungeons &amp; Dragons, where your choices shape a tale of fellowship and betrayal, survival and sacrifice, and the lure of absolute power.",https://shared.akamai.steamstatic.com/store_item_assets/steam/apps/1086940/48a2fcbda8565bb45025e98fd8ebde8a7203f6a0/header.jpg?t=1777363040,appdetails,2026-06-07T15:36:23+00:00
322330,Don't Starve Together,2016년 4월 21일,"[""Klei Entertainment""]","[""Klei Entertainment""]","[""액션"", ""어드벤처"", ""인디"", ""RPG"", ""시뮬레이션"", ""전략""]","[""싱글 플레이어"", ""멀티플레이어"", ""PvP"", ""온라인 PvP"", ""LAN PvP"", ""협동"", ""온라인 협동"", ""LAN 협동"", ""컨트롤러 완벽 지원"", ""Steam 트레이딩 카드"", ""Steam 창작마당"", ""앱 내 구매"", ""텍스트 크기 조정"", ""카메라 움직임 조정"", ""색상 대체"", ""음량 개별 조절"", ""난이도 조정"", ""키보드 전용 옵션"", ""마우스 전용 옵션"", ""퀵타임 이벤트 없이 플레이 가능"", ""수시 저장"", ""스테레오 사운드"", ""Remote Play 휴대전화"", ""Remote Play 태블릿"", ""Remote Play TV"", ""가족 공유""]","{""currency"": ""KRW"", ""discount_percent"": 0, ""final"": 1550000, ""final_formatted"": ""₩ 15,500"", ""initial"": 1550000, ""initial_formatted"": """"}",83.0,False,0.0,Don't Starve Together는 혹독한 생존 게임인 Don't Starve의 독립형 멀티플레이어 익스팬션입니다.,https://shared.akamai.steamstatic.com/store_item_assets/steam/apps/322330/51e5f44e4e38ce02a985687df4fdc8feb678219b/header.jpg?t=1777913126,appdetails,2026-06-07T15:36:23+00:00
646570,Slay the Spire,2019년 1월 23일,"[""Mega Crit""]","[""Mega Crit""]","[""인디"", ""전략""]","[""싱글 플레이어"", ""Steam 도전 과제"", ""컨트롤러 완벽 지원"", ""Steam 트레이딩 카드"", ""Steam 창작마당"", ""텍스트 크기 조정"", ""음량 개별 조절"", ""마우스 전용 옵션"", ""퀵타임 이벤트 없이 플레이 가능"", ""수시 저장"", ""터치 전용 옵션"", ""Steam Cloud"", ""통계"", ""Steam 순위표"", ""Remote Play 휴대전화"", ""Remote Play 태블릿"", ""Remote Play TV"", ""가족 공유""]","{""currency"": ""KRW"", ""discount_percent"": 0, ""final"": 2700000, ""final_formatted"": ""₩ 27,000"", ""initial"": 2700000, ""initial_formatted"": """"}",89.0,False,0.0,"카드 게임이라는 장르와 로그라이크라는 장르를 합쳐, 저희가 만들 수 있는 최고의 싱글 플레이 덱 빌딩 게임을 만들었습니다. 독창적인 덱을 만들고, 기이한 적들과 조우하며, 엄청난 힘을 가진 유물을 발견하고, 첨탑을 정복해보세요!",https://shared.akamai.steamstatic.com/store_item_assets/steam/apps/646570/header.jpg?t=1774015376,appdetails,2026-06-07T15:36:23+00:00
8930,Sid Meier's Civilization® V,2010년 9월 23일,"[""Firaxis Games"", ""Aspyr (Mac)"", ""Aspyr (Linux)""]","[""2K"", ""Aspyr (Mac)"", ""Aspyr (Linux)""]","[""전략""]","[""싱글 플레이어"", ""멀티플레이어"", ""Steam 도전 과제"", ""Steam 트레이딩 카드"", ""Steam Cloud"", ""Remote Play 태블릿"", ""가족 공유""]","{""currency"": ""KRW"", ""discount_percent"": 0, ""final"": 3200000, ""final_formatted"": ""₩ 32,000"", ""initial"": 3200000, ""initial_formatted"": """"}",90.0,False,0.0,"Create, discover, and download new player-created maps, scenarios, interfaces, and more!",https://shared.akamai.steamstatic.com/store_item_assets/steam/apps/8930/header.jpg?t=1724341158,appdetails,2026-06-07T15:36:23+00:00
294100,RimWorld,2018년 10월 17일,"[""Ludeon Studios""]","[""Ludeon Studios""]","[""인디"", ""시뮬레이션"", ""전략""]","[""싱글 플레이어"", ""Steam 창작마당"", ""텍스트 크기 조정"", ""카메라 움직임 조정"", ""음량 개별 조절"", ""난이도 조정"", ""마우스 전용 옵션"", ""퀵타임 이벤트 없이 플레이 가능"", ""수시 저장"", ""컨트롤러 일부 지원"", ""Steam Cloud"", ""Remote Play 태블릿"", ""가족 공유""]","{""currency"": ""KRW"", ""discount_percent"": 0, ""final"": 3750000, ""final_formatted"": ""₩ 37,500"", ""initial"": 3750000, ""initial_formatted"": """"}",87.0,False,0.0,"지능형 AI 이야기꾼이 주도하는 공상과학 정착지 시뮬레이터입니다. 심리, 생태, 총격전과 근접전, 날씨, 기후, 외교, 사람 사이의 관계, 예술, 의학, 무역, 그 외 많은 것들을 시뮬레이션하여 이야기를 생성합니다.",https://shared.akamai.steamstatic.com/store_item_assets/steam/apps/294100/76e0613b8197327299d5dbabb0a7fd7828a689a2/header.jpg?t=1780420333,appdetails,2026-06-07T15:36:23+00:00
1256670,Library Of Ruina,2021년 8월 10일,"[""ProjectMoon""]","[""ProjectMoon""]","[""인디"", ""RPG"", ""전략""]","[""싱글 플레이어"", ""Steam 도전 과제"", ""Steam 창작마당"", ""컨트롤러 일부 지원"", ""Steam Cloud"", ""Remote Play 태블릿"", ""가족 공유""]","{""currency"": ""KRW"", ""discount_percent"": 0, ""final"": 3100000, ""final_formatted"": ""₩ 31,000"", ""initial"": 3100000, ""initial_formatted"": """"}",,False,18.0,"&quot;부디 당신의 책을 찾으실 수 있기를&quot;손님들과 사서와의 전투가 무대처럼 펼쳐집니다. 패배한 손님은 책이 되고, 도서관은 성장합니다. 책을 얻어가며 도시의 비밀을 파헤쳐가세요. 그리고 손에 넣으세요. 단 하나의 완벽한 책을.",https://shared.akamai.steamstatic.com/store_item_assets/steam/apps/1256670/header.jpg?t=1670980516,appdetails,2026-06-07T15:36:23+00:00
457140,Oxygen Not Included,2019년 7월 30일,"[""Klei Entertainment""]","[""Klei Entertainment""]","[""인디"", ""시뮬레이션""]","[""싱글 플레이어"", ""Steam 트레이딩 카드"", ""가족 공유""]","{""currency"": ""KRW"", ""discount_percent"": 0, ""final"": 2600000, ""final_formatted"": ""₩ 26,000"", ""initial"": 2600000, ""initial_formatted"": """"}",85.0,False,0.0,"Oxygen Not Included는 우주 콜로니 시뮬레이션 게임입니다. 외계의 우주 암석 깊은 곳에서 근면한 일꾼들은 생존하고 나아가 번영하기 위해 과학을 마스터하고, 낯선 새로운 생명체에 맞서며, 경이로운 우주 테크놀로지를 활용해야 합니다.",https://shared.akamai.steamstatic.com/store_item_assets/steam/apps/457140/header.jpg?t=1780610338,appdetails,2026-06-07T15:36:23+00:00
427520,Factorio,2020년 8월 14일,"[""Wube Software LTD.""]","[""Wube Software LTD.""]","[""캐주얼"", ""인디"", ""시뮬레이션"", ""전략""]","[""싱글 플레이어"", ""멀티플레이어"", ""협동"", ""온라인 협동"", ""LAN 협동"", ""크로스 플랫폼 멀티플레이어"", ""Steam 도전 과제"", ""텍스트 크기 조정"", ""카메라 움직임 조정"", ""음량 개별 조절"", ""난이도 조정"", ""퀵타임 이벤트 없이 플레이 가능"", ""수시 저장"", ""자막 옵션"", ""컨트롤러 일부 지원"", ""Steam Cloud"", ""레벨 에디터 포함"", ""Remote Play 태블릿"", ""가족 공유""]","{""currency"": ""KRW"", ""discount_percent"": 0, ""final"": 4000000, ""final_formatted"": ""₩ 40,000"", ""initial"": 4000000, ""initial_formatted"": """"}",90.0,False,0.0,"Factorio는 무한한 2D 세상에서 복잡성이 증가하는 아이템을 생산하기 위해 자동화 공장을 만드는 게임입니다. - 당신의 상상력으로 공장을 설계, 독창적인 방법으로 간단한 요소를 결합하고 마지막엔 당신을 좋아하지 않는 생물들로 부터 공장을 지키세요.",https://shared.akamai.steamstatic.com/store_item_assets/steam/apps/427520/header.jpg?t=1763986204,appdetails,2026-06-07T15:36:23+00:00
435150,Divinity: Original Sin 2 - Definitive Edition,2017년 9월 14일,"[""Larian Studios""]","[""Larian Studios""]","[""어드벤처"", ""RPG"", ""전략""]","[""싱글 플레이어"", ""멀티플레이어"", ""PvP"", ""온라인 PvP"", ""스크린 공유 및 분할 PvP"", ""협동"", ""온라인 협동"", ""스크린 공유 및 분할 협동"", ""공유 및 분할 화면"", ""Steam 도전 과제"", ""컨트롤러 완벽 지원"", ""Steam 트레이딩 카드"", ""캡션 이용 가능"", ""Steam 창작마당"", ""Steam Cloud"", ""레벨 에디터 포함"", ""Remote Play 태블릿"", ""Remote Play TV"", ""Remote Play Together"", ""가족 공유""]","{""currency"": ""KRW"", ""discount_percent"": 0, ""final"": 5400000, ""final_formatted"": ""₩ 54,000"", ""initial"": 5400000, ""initial_formatted"": """"}",93.0,False,0.0,"The critically acclaimed RPG that raised the bar, from the creators of Baldur's Gate 3. Gather your party. Master deep, tactical combat. Venture as a party of up to four - but know that only one of you will have the chance to become a God.",https://shared.akamai.steamstatic.com/store_item_assets/steam/apps/435150/3f6ee788cb01bd65097c52399d536eb424b4876f/header.jpg?t=1765811123,appdetails,2026-06-07T15:36:23+00:00
526870,Satisfactory,2024년 9월 10일,"[""Coffee Stain Studios""]","[""Coffee Stain Publishing""]","[""어드벤처"", ""인디"", ""시뮬레이션"", ""전략""]","[""싱글 플레이어"", ""멀티플레이어"", ""협동"", ""온라인 협동"", ""크로스 플랫폼 멀티플레이어"", ""Steam 도전 과제"", ""텍스트 크기 조정"", ""카메라 움직임 조정"", ""색상 대체"", ""음량 개별 조절"", ""난이도 조정"", ""퀵타임 이벤트 없이 플레이 가능"", ""수시 저장"", ""스테레오 사운드"", ""서라운드 사운드"", ""컨트롤러 일부 지원"", ""Steam Cloud"", ""Remote Play 태블릿"", ""가족 공유""]","{""currency"": ""KRW"", ""discount_percent"": 30, ""final"": 2940000, ""final_formatted"": ""₩ 29,400"", ""initial"": 4200000, ""initial_formatted"": ""₩ 42,000""}",91.0,False,0.0,"Satisfactory is a first-person open-world factory building game with a dash of exploration and combat. Play alone or with friends, explore an alien planet, create multi-story factories, and enter conveyor belt heaven!",https://shared.akamai.steamstatic.com/store_item_assets/steam/apps/526870/header.jpg?t=1780413533,appdetails,2026-06-07T15:36:23+00:00
1092790,Inscryption,2021년 10월 19일,"[""Daniel Mullins Games""]","[""Devolver Digital""]","[""어드벤처"", ""인디"", ""전략""]","[""싱글 플레이어"", ""Steam 도전 과제"", ""Steam 트레이딩 카드"", ""Steam Cloud"", ""가족 공유""]","{""currency"": ""KRW"", ""discount_percent"": 0, ""final"": 2200000, ""final_formatted"": ""₩ 22,000"", ""initial"": 2200000, ""initial_formatted"": """"}",85.0,False,0.0,"Inscryption은 검은 잉크로 그려진 카드를 기반으로 한 덱빌딩 로그라이크, 방탈출 퍼즐, 피가 흐르는 심리적 공포 등의 요소가 섞인 여정을 다룹니다. 카드에는 더 어두운 비밀이 새겨져 있습니다…",https://shared.akamai.steamstatic.com/store_item_assets/steam/apps/1092790/header.jpg?t=1777572925,appdetails,2026-06-07T15:36:23+00:00
508440,Totally Accurate Battle Simulator,2021년 4월 1일,"[""Landfall""]","[""Landfall""]","[""인디"", ""시뮬레이션"", ""전략""]","[""싱글 플레이어"", ""멀티플레이어"", ""PvP"", ""온라인 PvP"", ""Steam 도전 과제"", ""컨트롤러 일부 지원"", ""Remote Play 휴대전화"", ""Remote Play 태블릿"", ""Remote Play Together"", ""가족 공유""]","{""currency"": ""KRW"", ""discount_percent"": 66, ""final"": 731000, ""final_formatted"": ""₩ 7,310"", ""initial"": 2150000, ""initial_formatted"": ""₩ 21,500""}",,False,0.0,"Be the leader of wobblers from ancient lands, spooky places, and fantasy worlds. Watch them fight in simulations made with the wobbliest physics system ever created, make your own wobblers in the unit creator and send your army off to fight your friends in multiplayer.",https://shared.akamai.steamstatic.com/store_item_assets/steam/apps/508440/header.jpg?t=1730715415,appdetails,2026-06-07T15:36:23+00:00
1313140,Cult of the Lamb,2022년 8월 11일,"[""Massive Monster""]","[""Devolver Digital""]","[""액션"", ""어드벤처"", ""인디"", ""전략""]","[""싱글 플레이어"", ""멀티플레이어"", ""협동"", ""스크린 공유 및 분할 협동"", ""공유 및 분할 화면"", ""Steam 도전 과제"", ""컨트롤러 완벽 지원"", ""Steam 트레이딩 카드"", ""텍스트 크기 조정"", ""카메라 움직임 조정"", ""음량 개별 조절"", ""난이도 조정"", ""키보드 전용 옵션"", ""수시 저장"", ""스테레오 사운드"", ""Steam Cloud"", ""Remote Play Together"", ""가족 공유""]","{""currency"": ""KRW"", ""discount_percent"": 0, ""final"": 2500000, ""final_formatted"": ""₩ 25,000"", ""initial"": 2500000, ""initial_formatted"": """"}",82.0,False,0.0,충성스러운 삼림 추종자들의 공동체를 만들고 당신의 말씀을 전파하여 하나의 진정한 종교가 되십시오.,https://shared.akamai.steamstatic.com/store_item_assets/steam/apps/1313140/19f32bb477a6e9d058e05193b4e282149bd70644/header.jpg?t=1769836674,appdetails,2026-06-07T15:36:23+00:00
286160,Tabletop Simulator,2015년 6월 5일,"[""Berserk Games""]","[""Berserk Games""]","[""캐주얼"", ""인디"", ""RPG"", ""시뮬레이션"", ""전략""]","[""싱글 플레이어"", ""멀티플레이어"", ""PvP"", ""온라인 PvP"", ""스크린 공유 및 분할 PvP"", ""협동"", ""온라인 협동"", ""스크린 공유 및 분할 협동"", ""공유 및 분할 화면"", ""크로스 플랫폼 멀티플레이어"", ""Steam 도전 과제"", ""컨트롤러 완벽 지원"", ""추적되는 컨트롤러 지원"", ""VR 지원"", ""Steam 트레이딩 카드"", ""Steam 창작마당"", ""Steam Cloud"", ""레벨 에디터 포함"", ""Remote Play Together"", ""가족 공유""]","{""currency"": ""KRW"", ""discount_percent"": 0, ""final"": 2150000, ""final_formatted"": ""₩ 21,500"", ""initial"": 2150000, ""initial_formatted"": """"}",,False,0.0,"Tabletop Simulator is the only simulator where you can let your aggression out by flipping the table! There are no rules to follow: just you, a physics sandbox, and your friends. Make your own online board games or play the thousands of community created mods. Unlimited gaming possibilities!",https://shared.akamai.steamstatic.com/store_item_assets/steam/apps/286160/header.jpg?t=1772387518,appdetails,2026-06-07T15:36:23+00:00
1113000,페르소나4 더 골든,2020년 6월 13일,"[""ATLUS""]","[""SEGA""]","[""RPG""]","[""싱글 플레이어"", ""Steam 도전 과제"", ""컨트롤러 완벽 지원"", ""Steam 트레이딩 카드"", ""Steam Cloud"", ""가족 공유""]","{""currency"": ""KRW"", ""discount_percent"": 0, ""final"": 1980000, ""final_formatted"": ""₩ 19,800"", ""initial"": 1980000, ""initial_formatted"": """"}",87.0,False,0.0,"주인공과 그의 친구들이 연쇄 살인 사건으로 시작되는 모험을 통해 성장하는 이야기 속에서 관심사가 같은 친구를 만나고, 소속감을 느끼며 내면의 어두운 면과 갈등하는 경험을 즐겨보세요.",https://shared.akamai.steamstatic.com/store_item_assets/steam/apps/1113000/header.jpg?t=1763530422,appdetails,2026-06-07T15:36:23+00:00
48700,Mount & Blade: Warband,2010년 3월 31일,"[""TaleWorlds Entertainment""]","[""TaleWorlds Entertainment""]","[""액션"", ""RPG""]","[""싱글 플레이어"", ""멀티플레이어"", ""Steam 도전 과제"", ""Steam 트레이딩 카드"", ""Steam 창작마당"", ""가족 공유""]","{""currency"": ""KRW"", ""discount_percent"": 0, ""final"": 2400000, ""final_formatted"": ""₩ 24,000"", ""initial"": 2400000, ""initial_formatted"": """"}",78.0,False,0.0,"끝없는 전쟁에 의해 갈라진 땅에서, 강인한 전사들로 구성된 당신의 군대를 이끌고 전쟁에 참여할 때 입니다. 당신의 부대를 이끌어 나가고, 당신의 영토를 늘려가며 최종적으로는 Caldaria의 왕좌를 차지해 보십시오!Mount &amp; Blade: Warband는 말 위에서의 전투, 세부적인 전투 시스템을 통해 중세의 전투를 생생하게 묘사한 Mount &amp; Blade의 스탠드-얼론 확장팩입니다. 그래픽적 발전: 이제 HDR, FSAA, DOF, 소프트 파티클, 톤 매핑 등의 효과를 지원합니다.",https://shared.akamai.steamstatic.com/store_item_assets/steam/apps/48700/header.jpg?t=1750147149,appdetails,2026-06-07T15:36:23+00:00
2379780,Balatro,2024년 2월 20일,"[""LocalThunk""]","[""Playstack""]","[""캐주얼"", ""인디"", ""전략""]","[""싱글 플레이어"", ""Steam 도전 과제"", ""컨트롤러 완벽 지원"", ""Steam 트레이딩 카드"", ""색상 대체"", ""음량 개별 조절"", ""마우스 전용 옵션"", ""퀵타임 이벤트 없이 플레이 가능"", ""터치 전용 옵션"", ""Steam Cloud"", ""가족 공유""]","{""currency"": ""KRW"", ""discount_percent"": 0, ""final"": 1650000, ""final_formatted"": ""₩ 16,500"", ""initial"": 1650000, ""initial_formatted"": """"}",90.0,False,0.0,"포커 로그라이크 게임. Balatro는 불법 포커 패로 게임을 하고, 판을 뒤엎는 조커를 발견하고, 아드레날린이 치솟는 강력한 콤보를 만드는 덱 빌딩 게임입니다.",https://shared.akamai.steamstatic.com/store_item_assets/steam/apps/2379780/7a85430784e4d613cdb0547414d8cf16ffa45747/header.jpg?t=1779304872,appdetails,2026-06-07T15:36:23+00:00
736260,Baba Is You,2019년 3월 13일,"[""Hempuli Oy""]","[""Hempuli Oy""]","[""인디""]","[""싱글 플레이어"", ""Steam 도전 과제"", ""컨트롤러 일부 지원"", ""Steam Cloud"", ""Remote Play 휴대전화"", ""Remote Play 태블릿"", ""Remote Play TV"", ""가족 공유""]","{""currency"": ""KRW"", ""discount_percent"": 0, ""final"": 1550000, ""final_formatted"": ""₩ 15,500"", ""initial"": 1550000, ""initial_formatted"": """"}",87.0,False,0.0,Baba Is You는 상호작용 가능한 블럭의 형태로 제시되는 게임의 규칙을 바꿔가며 풀어 나가는 퍼즐 게임입니다. 규칙을 바꿈으로써 당신은 게임의 작동 방법을 바꾸고 때로는 예상치 못한 신기한 모습으로 변화시킬 수 있습니다!,https://shared.akamai.steamstatic.com/store_item_assets/steam/apps/736260/header.jpg?t=1760102539,appdetails,2026-06-07T15:36:23+00:00
1948280,Stacklands,2022년 4월 8일,"[""Sokpop Collective""]","[""Sokpop Collective""]","[""캐주얼"", ""인디"", ""시뮬레이션""]","[""싱글 플레이어"", ""Steam 도전 과제"", ""Steam 트레이딩 카드"", ""Steam 창작마당"", ""컨트롤러 일부 지원"", ""Steam Cloud"", ""가족 공유""]","{""currency"": ""KRW"", ""discount_percent"": 0, ""final"": 880000, ""final_formatted"": ""₩ 8,800"", ""initial"": 880000, ""initial_formatted"": """"}",,False,0.0,"Stacklands는 카드를 수집해 식량을 확보하고 건물을 건설하며 생명체와 싸우는 마을 건설 게임입니다. 🃏 예를 들어, 딸기나무 카드 위로 주민 카드를 끌어다 놓으면 주민이 생존을 위해 먹을 수 있는 딸기 카드가 생성됩니다! 🃏 카드를 올바르게 사용하여 마을을 확장하세요!",https://shared.akamai.steamstatic.com/store_item_assets/steam/apps/1948280/header.jpg?t=1769357052,appdetails,2026-06-07T15:36:23+00:00
2835570,Buckshot Roulette,2024년 4월 4일,"[""Mike Klubnika""]","[""CRITICAL REFLEX""]","[""액션"", ""인디"", ""시뮬레이션""]","[""싱글 플레이어"", ""멀티플레이어"", ""PvP"", ""온라인 PvP"", ""Steam 도전 과제"", ""Steam 트레이딩 카드"", ""컨트롤러 일부 지원"", ""Steam 순위표"", ""가족 공유""]","{""currency"": ""KRW"", ""discount_percent"": 0, ""final"": 340000, ""final_formatted"": ""₩ 3,400"", ""initial"": 340000, ""initial_formatted"": """"}",,False,0.0,12게이지 액션 12게이지 샷건으로 러시안 룰렛을 플레이하세요. 들어갈 때는 넷이오. 나올 때는 하나입니다. 목숨을 걸고 주사위를 던지세요. 행운을 빕니다!,https://shared.akamai.steamstatic.com/store_item_assets/steam/apps/2835570/header.jpg?t=1779135850,appdetails,2026-06-07T15:36:23+00:00
813780,Age of Empires II: Definitive Edition,2019년 11월 14일,"[""World's Edge"", ""Forgotten Empires"", ""CaptureAge"", ""Tantalus Media"", ""Wicked Witch"", ""Feral Interactive""]","[""Xbox Game Studios""]","[""전략""]","[""싱글 플레이어"", ""멀티플레이어"", ""PvP"", ""온라인 PvP"", ""LAN PvP"", ""협동"", ""온라인 협동"", ""LAN 협동"", ""크로스 플랫폼 멀티플레이어"", ""Steam 도전 과제"", ""Steam 트레이딩 카드"", ""텍스트 크기 조정"", ""색상 대체"", ""음량 개별 조절"", ""난이도 조정"", ""마우스 전용 옵션"", ""게임 메뉴 음성 안내"", ""퀵타임 이벤트 없이 플레이 가능"", ""수시 저장"", ""Steam Cloud"", ""레벨 에디터 포함"", ""가족 공유""]","{""currency"": ""KRW"", ""discount_percent"": 65, ""final"": 1277000, ""final_formatted"": ""₩ 12,770"", ""initial"": 3650000, ""initial_formatted"": ""₩ 36,500""}",84.0,False,0.0,"Age of Empires II: Definitive Edition은 큰 인기를 얻었던 이 전략 게임의 20주년을 기념하여 놀라운 4K Ultra HD 그래픽과 리마스터된 오디오, 3개의 신규 캠페인 및 4개의 신규 문명을 포함하는 Age of Empires II: DE “The Last Khans”를 제공합니다. 잦은 업데이트에는 이벤트, 추가 콘텐츠, 새로운 게임 모드 및 최근 추가된 협동 모드의 강화된 기능도 포함됩니다!",https://shared.akamai.steamstatic.com/store_item_assets/steam/apps/813780/header.jpg?t=1780505425,appdetails,2026-06-07T15:36:23+00:00
2161700,페르소나3 리로드,2024년 2월 1일,"[""ATLUS""]","[""SEGA""]","[""어드벤처"", ""RPG"", ""전략""]","[""싱글 플레이어"", ""Steam 도전 과제"", ""컨트롤러 완벽 지원"", ""Steam 트레이딩 카드"", ""음량 개별 조절"", ""난이도 조정"", ""키보드 전용 옵션"", ""퀵타임 이벤트 없이 플레이 가능"", ""스테레오 사운드"", ""서라운드 사운드"", ""Steam Cloud"", ""가족 공유""]","{""currency"": ""KRW"", ""discount_percent"": 0, ""final"": 6980000, ""final_formatted"": ""₩ 69,800"", ""initial"": 6980000, ""initial_formatted"": """"}",89.0,False,0.0,『페르소나3』가 새롭게 단장하여 현행 최신 하드웨어에서 다시 태어난다!,https://shared.akamai.steamstatic.com/store_item_assets/steam/apps/2161700/header.jpg?t=1764776430,appdetails,2026-06-07T15:36:23+00:00
960090,Bloons TD 6,2018년 12월 17일,"[""Ninja Kiwi""]","[""Ninja Kiwi""]","[""전략""]","[""싱글 플레이어"", ""멀티플레이어"", ""협동"", ""온라인 협동"", ""Steam 도전 과제"", ""앱 내 구매"", ""Remote Play 휴대전화"", ""Remote Play 태블릿"", ""가족 공유""]","{""currency"": ""KRW"", ""discount_percent"": 0, ""final"": 1450000, ""final_formatted"": ""₩ 14,500"", ""initial"": 1450000, ""initial_formatted"": """"}",,False,0.0,공전의 히트를 기록한 타워 디펜스 게임,https://shared.akamai.steamstatic.com/store_item_assets/steam/apps/960090/header.jpg?t=1769161752,appdetails,2026-06-07T15:36:23+00:00
239030,"Papers, Please",2013년 8월 8일,"[""Lucas Pope""]","[""3909""]","[""어드벤처"", ""인디""]","[""싱글 플레이어"", ""Steam 도전 과제"", ""Steam 트레이딩 카드"", ""Steam Cloud"", ""통계"", ""Steam 순위표"", ""Remote Play 휴대전화"", ""Remote Play 태블릿"", ""가족 공유""]","{""currency"": ""KRW"", ""discount_percent"": 0, ""final"": 1100000, ""final_formatted"": ""₩ 11,000"", ""initial"": 1100000, ""initial_formatted"": """"}",85.0,False,0.0,"Congratulations. The October labor lottery is complete. Your name was pulled. For immediate placement, report to the Ministry of Admission at Grestin Border Checkpoint. An apartment will be provided for you and your family in East Grestin. Expect a Class-8 dwelling.",https://shared.akamai.steamstatic.com/store_item_assets/steam/apps/239030/header.jpg?t=1678266428,appdetails,2026-06-07T15:36:23+00:00
240,Counter-Strike: Source,2004년 11월 1일,"[""Valve""]","[""Valve""]","[""액션""]","[""멀티플레이어"", ""크로스 플랫폼 멀티플레이어"", ""Steam 도전 과제"", ""카메라 움직임 조정"", ""색상 대체"", ""음량 개별 조절"", ""스테레오 사운드"", ""자막 옵션"", ""서라운드 사운드"", ""Steam Cloud"", ""Valve Anti-Cheat 사용"", ""통계"", ""Source SDK 포함"", ""가족 공유""]","{""currency"": ""KRW"", ""discount_percent"": 0, ""final"": 1100000, ""final_formatted"": ""₩ 11,000"", ""initial"": 1100000, ""initial_formatted"": """"}",88.0,False,0.0,Counter-Strike: Source blends Counter-Strike's award-winning teamplay action with the advanced technology of Source™ technology.,https://shared.akamai.steamstatic.com/store_item_assets/steam/apps/240/header.jpg?t=1745368575,appdetails,2026-06-07T15:36:23+00:00
212680,FTL: Faster Than Light,2012년 9월 14일,"[""Subset Games""]","[""Subset Games""]","[""인디"", ""시뮬레이션"", ""전략""]","[""싱글 플레이어"", ""Steam 도전 과제"", ""Steam 트레이딩 카드"", ""Remote Play 휴대전화"", ""Remote Play 태블릿"", ""가족 공유""]","{""currency"": ""KRW"", ""discount_percent"": 60, ""final"": 420000, ""final_formatted"": ""₩ 4,200"", ""initial"": 1050000, ""initial_formatted"": ""₩ 10,500""}",84.0,False,0.0,This &quot;spaceship simulation roguelike-like&quot; allows you to take your ship and crew on an adventure through a randomly generated galaxy filled with glory and bitter defeat.,https://shared.akamai.steamstatic.com/store_item_assets/steam/apps/212680/f21426ac9ad51338fa33becce88984758e07c38b/header.jpg?t=1748969356,appdetails,2026-06-07T15:36:23+00:00
1336490,Against the Storm 어게인스트 더 스톰,2023년 12월 8일,"[""Eremite Games""]","[""Hooded Horse""]","[""시뮬레이션"", ""전략""]","[""싱글 플레이어"", ""Steam 도전 과제"", ""Steam 트레이딩 카드"", ""텍스트 크기 조정"", ""카메라 움직임 조정"", ""음량 개별 조절"", ""난이도 조정"", ""수시 저장"", ""스테레오 사운드"", ""서라운드 사운드"", ""Steam Cloud"", ""가족 공유""]","{""currency"": ""KRW"", ""discount_percent"": 70, ""final"": 897000, ""final_formatted"": ""₩ 8,970"", ""initial"": 2990000, ""initial_formatted"": ""₩ 29,900""}",91.0,False,0.0,"세상에 종말을 가져다줄 듯한 비가 내리는 환경에서 문명을 재건해야 하는 다크 판타지의 도시 건설 게임입니다. 여왕의 총독이 되어 인간, 비버, 도마뱀, 여우, 하피를 이끌고 황야를 개척하며 마지막 생존자들의 미래를 지켜내야 합니다.",https://shared.akamai.steamstatic.com/store_item_assets/steam/apps/1336490/header_koreana.jpg?t=1780503573,appdetails,2026-06-07T15:36:23+00:00
346010,Besiege,2020년 2월 18일,"[""Spiderling Studios""]","[""Spiderling Studios""]","[""인디"", ""시뮬레이션""]","[""싱글 플레이어"", ""멀티플레이어"", ""PvP"", ""온라인 PvP"", ""LAN PvP"", ""협동"", ""Steam 도전 과제"", ""Steam 트레이딩 카드"", ""Steam 창작마당"", ""Steam 순위표"", ""레벨 에디터 포함"", ""Remote Play 태블릿"", ""가족 공유""]","{""currency"": ""KRW"", ""discount_percent"": 0, ""final"": 1650000, ""final_formatted"": ""₩ 16,500"", ""initial"": 1650000, ""initial_formatted"": """"}",,False,0.0,Besiege는 전투 기계를 만들어 군대를 섬멸하고 성을 파괴하며 까다로운 장애물을 극복하는 물리적 건설 게임입니다. 캠페인을 정복하거나 멀티플레이어에서 친구들과 싸우세요!,https://shared.akamai.steamstatic.com/store_item_assets/steam/apps/346010/header.jpg?t=1770821407,appdetails,2026-06-07T15:36:23+00:00
2592160,Dispatch,2025년 10월 22일,"[""AdHoc Studio""]","[""AdHoc Studio""]","[""액션"", ""어드벤처"", ""캐주얼"", ""인디"", ""전략""]","[""싱글 플레이어"", ""Steam 도전 과제"", ""컨트롤러 완벽 지원"", ""Steam 트레이딩 카드"", ""텍스트 크기 조정"", ""색상 대체"", ""음량 개별 조절"", ""난이도 조정"", ""마우스 전용 옵션"", ""퀵타임 이벤트 없이 플레이 가능"", ""자막 옵션"", ""Steam Cloud"", ""가족 공유""]","{""currency"": ""KRW"", ""discount_percent"": 20, ""final"": 2560000, ""final_formatted"": ""₩ 25,600"", ""initial"": 3200000, ""initial_formatted"": ""₩ 32,000""}",87.0,False,0.0,"&quot;Dispatch&quot;는 선택이 중요한 슈퍼히어로 직장 코미디입니다. 불완전한 팀의 영웅들을 관리하고, 도시 곳곳에서 발생하는 응급 상황에 누가 출동할지 전략적으로 결정하세요. 동시에 사내 정치, 개인적인 관계, 그리고 자신만의 영웅이 되기 위한 여정을 균형 있게 이끌어 가세요.",https://shared.akamai.steamstatic.com/store_item_assets/steam/apps/2592160/header.jpg?t=1779899220,appdetails,2026-06-07T15:36:23+00:00
220200,Kerbal Space Program,2015년 4월 27일,"[""Squad""]","[""Private Division""]","[""인디"", ""시뮬레이션""]","[""싱글 플레이어"", ""Steam 트레이딩 카드"", ""Steam 창작마당"", ""컨트롤러 일부 지원"", ""Steam Cloud"", ""가족 공유""]","{""currency"": ""KRW"", ""discount_percent"": 0, ""final"": 4950000, ""final_formatted"": ""₩ 49,500"", ""initial"": 4950000, ""initial_formatted"": """"}",88.0,False,0.0,"In Kerbal Space Program, take charge of the space program for the alien race known as the Kerbals. You have access to an array of parts to assemble fully-functional spacecraft that flies (or doesn’t) based on realistic aerodynamic and orbital physics.",https://shared.akamai.steamstatic.com/store_item_assets/steam/apps/220200/header.jpg?t=1738037585,appdetails,2026-06-07T15:36:23+00:00
610370,Desperados III,2020년 6월 16일,"[""Mimimi Games""]","[""THQ Nordic""]","[""전략""]","[""싱글 플레이어"", ""Steam 도전 과제"", ""컨트롤러 완벽 지원"", ""Steam 트레이딩 카드"", ""Steam Cloud"", ""Remote Play TV"", ""가족 공유""]","{""currency"": ""KRW"", ""discount_percent"": 0, ""final"": 4200000, ""final_formatted"": ""₩ 42,000"", ""initial"": 4200000, ""initial_formatted"": """"}",86.0,False,0.0,Desperados III는 스토리 중심의 하드코어 전략 잠입 게임으로 무자비한 서부 시대를 배경으로 펼쳐집니다. 살아남을지 권총에 의해 사라질지 이 두 가지 결론은 어떤 계획을 세웠느냐의 차이니 현명하게 플레이하세요.,https://shared.akamai.steamstatic.com/store_item_assets/steam/apps/610370/header.jpg?t=1725010859,appdetails,2026-06-07T15:36:23+00:00
531510,Just Shapes & Beats,2018년 5월 31일,"[""Berzerk Studio""]","[""Berzerk Studio""]","[""액션"", ""인디""]","[""싱글 플레이어"", ""멀티플레이어"", ""PvP"", ""온라인 PvP"", ""스크린 공유 및 분할 PvP"", ""협동"", ""온라인 협동"", ""스크린 공유 및 분할 협동"", ""공유 및 분할 화면"", ""Steam 도전 과제"", ""컨트롤러 완벽 지원"", ""Steam 트레이딩 카드"", ""Steam Cloud"", ""Remote Play 휴대전화"", ""Remote Play 태블릿"", ""Remote Play TV"", ""Remote Play Together"", ""가족 공유""]","{""currency"": ""KRW"", ""discount_percent"": 40, ""final"": 1290000, ""final_formatted"": ""₩ 12,900"", ""initial"": 2150000, ""initial_formatted"": ""₩ 21,500""}",,False,0.0,"Just Shapes &amp; Beats는 카오스한 협력 음악 게임입니다. 플레이어는 기본적인 세 가지, Shapes를 피하고, 끝내주는 Beats로 돌격하고, 쓰러지는 것을 반복하게 됩니다.",https://shared.akamai.steamstatic.com/store_item_assets/steam/apps/531510/header.jpg?t=1738790023,appdetails,2026-06-07T15:36:23+00:00
3862670,Shelldiver,2025년 11월 16일,"[""Gagonfe""]","[""Gagonfe""]","[""액션"", ""어드벤처""]","[""싱글 플레이어"", ""Steam 도전 과제"", ""컨트롤러 완벽 지원"", ""카메라 움직임 조정"", ""퀵타임 이벤트 없이 플레이 가능"", ""수시 저장"", ""스테레오 사운드"", ""Steam Cloud"", ""가족 공유""]","{""currency"": ""KRW"", ""discount_percent"": 0, ""final"": 350000, ""final_formatted"": ""₩ 3,500"", ""initial"": 350000, ""initial_formatted"": """"}",,False,0.0,"깊게 숨을 들이쉬고 이 아늑한 점진적 게임에 뛰어들어 보세요. 젤리피시를 팔기 위해 사업을 시작하려는 노년의 거북이에 대한 이야기입니다. 장비를 업그레이드하고, 생물군계를 탐험하며, 거북이 마을을 도와주세요!",https://shared.akamai.steamstatic.com/store_item_assets/steam/apps/3862670/e967f8f5201f55f7b098bf3b9a54c8c8f38012b3/header.jpg?t=1780654816,appdetails,2026-06-07T15:36:23+00:00
636480,Ravenfield,2017년 5월 18일,"[""SteelRaven7""]","[""SteelRaven7""]","[""액션"", ""인디"", ""앞서 해보기""]","[""싱글 플레이어"", ""Steam 창작마당"", ""컨트롤러 일부 지원"", ""레벨 에디터 포함"", ""가족 공유""]","{""currency"": ""KRW"", ""discount_percent"": 0, ""final"": 1950000, ""final_formatted"": ""₩ 19,500"", ""initial"": 1950000, ""initial_formatted"": """"}",,False,0.0,"Fight upon the Ravenfield together with your Blue allies! Take down those pesky Reds using helicopters, tanks, guns, and active ragdoll physics!",https://shared.akamai.steamstatic.com/store_item_assets/steam/apps/636480/header.jpg?t=1664197939,appdetails,2026-06-07T15:36:23+00:00
1127500,Mini Motorways,2021년 7월 20일,"[""Dinosaur Polo Club""]","[""Dinosaur Polo Club""]","[""캐주얼"", ""시뮬레이션"", ""전략""]","[""싱글 플레이어"", ""Steam 도전 과제"", ""컨트롤러 완벽 지원"", ""Steam Cloud"", ""Steam 순위표"", ""가족 공유""]","{""currency"": ""KRW"", ""discount_percent"": 30, ""final"": 735000, ""final_formatted"": ""₩ 7,350"", ""initial"": 1050000, ""initial_formatted"": ""₩ 10,500""}",87.0,False,0.0,Mini Motorways는 성장하는 도시의 도로 지도를 설계하는 전략 시뮬레이션 게임입니다. 교통망과 도로를 하나씩 건설하며 부산한 메트로폴리스를 형성하세요. 도로를 다시 설계하고 고속도로를 배치해서 모든 사람이 원하는 곳으로 갈 수 있게 하세요. 도시를 얼마나 오래 운영할 수 있으세요?,https://shared.akamai.steamstatic.com/store_item_assets/steam/apps/1127500/cb2bf5e828d15bf9c2fc46effd248badfccb3df2/header.jpg?t=1779250336,appdetails,2026-06-07T15:36:23+00:00
3590,Plants vs. Zombies GOTY Edition,2009년 5월 5일,"[""PopCap Games, Inc.""]","[""PopCap Games, Inc."", ""Electronic Arts""]","[""전략""]","[""싱글 플레이어"", ""Steam 도전 과제"", ""Remote Play 휴대전화"", ""Remote Play 태블릿"", ""가족 공유""]","{""currency"": ""KRW"", ""discount_percent"": 0, ""final"": 500000, ""final_formatted"": ""₩ 5,000"", ""initial"": 500000, ""initial_formatted"": """"}",87.0,False,0.0,"Bejeweled와 Peggle의 제작사인 PopCap의 신개념 액션-전략 게임! 좀비들이 당신의 집을 침략하려는 마당에, 그에 대한 유일한 방어책은 여러분의 식물 군단입니다! Peashooter와 Cherry Bomb 같은 좀비 패는 식물들로 무장하세요. 재빠르게 판단하고 식물을 심어 몰려오는 좀비를 막아내세요. 오싹한 안개, 지는 태양, 수영장 등의 방해 요소들과 게임에 전념할 수 있게 만드는 5개의 모드가 새로운 도전 요소로 추가됐습니다. 고로 재미는 절대 죽지 않을 것입니다!",https://shared.akamai.steamstatic.com/store_item_assets/steam/apps/3590/header.jpg?t=1777394124,appdetails,2026-06-07T15:36:23+00:00
2666510,Rusty's Retirement,2024년 4월 26일,"[""Mister Morris Games""]","[""Mister Morris Games""]","[""캐주얼"", ""인디"", ""시뮬레이션"", ""전략""]","[""싱글 플레이어"", ""Steam 도전 과제"", ""Steam 트레이딩 카드"", ""텍스트 크기 조정"", ""음량 개별 조절"", ""퀵타임 이벤트 없이 플레이 가능"", ""수시 저장"", ""Steam Cloud"", ""가족 공유""]","{""currency"": ""KRW"", ""discount_percent"": 40, ""final"": 468000, ""final_formatted"": ""₩ 4,680"", ""initial"": 780000, ""initial_formatted"": ""₩ 7,800""}",,False,0.0,다른 일을 하고 있을 동안 화면 하단에서 실행되어 편안하게 즐길 수 있는 방치형 농장 시뮬레이터입니다.,https://shared.akamai.steamstatic.com/store_item_assets/steam/apps/2666510/1b9c3e5c1a8a08354bed63fbeed798fcec74aff9/header.jpg?t=1779166808,appdetails,2026-06-07T15:36:23+00:00
1062090,Timberborn,2026년 3월 12일,"[""Mechanistry""]","[""Mechanistry""]","[""인디"", ""시뮬레이션"", ""전략""]","[""싱글 플레이어"", ""Steam 도전 과제"", ""Steam 창작마당"", ""텍스트 크기 조정"", ""카메라 움직임 조정"", ""음량 개별 조절"", ""난이도 조정"", ""마우스 전용 옵션"", ""퀵타임 이벤트 없이 플레이 가능"", ""수시 저장"", ""스테레오 사운드"", ""Steam Cloud"", ""레벨 에디터 포함"", ""가족 공유""]","{""currency"": ""KRW"", ""discount_percent"": 0, ""final"": 3750000, ""final_formatted"": ""₩ 37,500"", ""initial"": 3750000, ""initial_formatted"": """"}",85.0,False,12.0,"인간은 사라진 지 오래입니다. 가뭄과 유독성 오염수가 닥쳐오는 이 세상에서 목재펑크 비버들은 살아남을 수 있을까요? Timberborn은 지능적인 동물, 수직 건축, 물 물리 효과, 테라포밍이 특징인 샌드박스 도시 건설 게임입니다. 많은 양의 목재가 사용됩니다.",https://shared.akamai.steamstatic.com/store_item_assets/steam/apps/1062090/eeb2babf15cbf4ebc175316a5d3e42a060f3d97c/header.jpg?t=1778852866,appdetails,2026-06-07T15:36:23+00:00
287980,Mini Metro,2015년 11월 6일,"[""Dinosaur Polo Club""]","[""Dinosaur Polo Club""]","[""인디"", ""시뮬레이션"", ""전략""]","[""싱글 플레이어"", ""Steam 도전 과제"", ""Steam 트레이딩 카드"", ""Steam 창작마당"", ""Steam Cloud"", ""Steam 순위표"", ""Remote Play 휴대전화"", ""Remote Play 태블릿"", ""가족 공유""]","{""currency"": ""KRW"", ""discount_percent"": 60, ""final"": 420000, ""final_formatted"": ""₩ 4,200"", ""initial"": 1050000, ""initial_formatted"": ""₩ 10,500""}",77.0,False,0.0,미니 메트로는 성장하는 도시를 위해 지하철 노선을 설계하는 게임입니다. 역과 역 사이에 노선을 그려서 열차 운행을 시작하세요. 새로운 역이 열리면 노선을 수정해서 노선도를 효율적으로 유지하세요. 한정된 자원을 어느 곳에 사용할 것인지 결정하세요. 도시를 얼마나 오래 유지할 수 있을까요?,https://shared.akamai.steamstatic.com/store_item_assets/steam/apps/287980/header_koreana.jpg?t=1724386220,appdetails,2026-06-07T15:36:23+00:00
1012880,60 Seconds! Reatomized,2019년 7월 25일,"[""Robot Gentleman""]","[""Robot Gentleman""]","[""어드벤처"", ""캐주얼"", ""인디"", ""시뮬레이션"", ""전략""]","[""싱글 플레이어"", ""Steam 도전 과제"", ""컨트롤러 완벽 지원"", ""Steam 트레이딩 카드"", ""Steam Cloud"", ""가족 공유""]","{""currency"": ""KRW"", ""discount_percent"": 0, ""final"": 1100000, ""final_formatted"": ""₩ 11,000"", ""initial"": 1100000, ""initial_formatted"": """"}",,False,0.0,"종말 이후 세계를 무대로 한 블랙 코미디가 돌아왔습니다 - 리마스터와 함께 더 많은 방사능에 노출됐죠! 물자를 찾고, 가족을 구해 낙진 방공호 속에서 살아남으세요. 어려운 선택의 기로들을 넘고, 돌연변이 바퀴벌레들을 사냥하다 보면... 살아남을 수 있을지도 모릅니다. 아니면 말고요.",https://shared.akamai.steamstatic.com/store_item_assets/steam/apps/1012880/header.jpg?t=1760090145,appdetails,2026-06-07T15:36:23+00:00
1454400,Cookie Clicker,2021년 9월 1일,"[""Orteil"", ""DashNet""]","[""Playsaurus""]","[""캐주얼"", ""인디"", ""시뮬레이션"", ""전략""]","[""싱글 플레이어"", ""Steam 도전 과제"", ""Steam 창작마당"", ""Steam Cloud"", ""가족 공유""]","{""currency"": ""KRW"", ""discount_percent"": 0, ""final"": 560000, ""final_formatted"": ""₩ 5,600"", ""initial"": 560000, ""initial_formatted"": """"}",,False,0.0,"쿠키를 만드는 게으른 게임! 원래는 2013년 웹에서 출시되었고, 그 이후로 활발하게 개발되고 있습니다. 이것은 스팀을 위한 공식 버전입니다.",https://shared.akamai.steamstatic.com/store_item_assets/steam/apps/1454400/header.jpg?t=1776734110,appdetails,2026-06-07T15:36:23+00:00
602960,Barotrauma,2023년 3월 13일,"[""FakeFish"", ""Undertow Games""]","[""Daedalic Entertainment""]","[""액션"", ""인디"", ""시뮬레이션"", ""전략""]","[""싱글 플레이어"", ""멀티플레이어"", ""PvP"", ""온라인 PvP"", ""협동"", ""온라인 협동"", ""Steam 도전 과제"", ""Steam 트레이딩 카드"", ""Steam 창작마당"", ""Steam Cloud"", ""레벨 에디터 포함"", ""가족 공유"", ""Steam 타임라인""]","{""currency"": ""KRW"", ""discount_percent"": 0, ""final"": 4000000, ""final_formatted"": ""₩ 40,000"", ""initial"": 4000000, ""initial_formatted"": """"}",81.0,False,0.0,"Barotrauma는 우주에서 펼쳐지는 2D 협동 잠수함 서바이벌 호러 RPG 시뮬레이션 게임입니다. 잠수함을 조종하고, 미션을 완료하고, 몬스터와 싸우고, 새는 곳을 막고, 기계를 조작하고, 무기를 운용하고, 아이템을 제작하세요. Barotrauma의 위험은 스스로 미리 경고하지 않으니 경계를 철저히 해야 합니다!",https://shared.akamai.steamstatic.com/store_item_assets/steam/apps/602960/header.jpg?t=1776271911,appdetails,2026-06-07T15:36:23+00:00
10,Counter-Strike,2000년 11월 1일,"[""Valve""]","[""Valve""]","[""액션""]","[""멀티플레이어"", ""PvP"", ""온라인 PvP"", ""스크린 공유 및 분할 PvP"", ""색상 대체"", ""음량 개별 조절"", ""키보드 전용 옵션"", ""스테레오 사운드"", ""Valve Anti-Cheat 사용"", ""가족 공유""]","{""currency"": ""KRW"", ""discount_percent"": 0, ""final"": 1050000, ""final_formatted"": ""₩ 10,500"", ""initial"": 1050000, ""initial_formatted"": """"}",88.0,False,0.0,"세계 최고의 온라인 액션 게임을 즐기세요. 전 세계적으로 유명한 팀 기반의 게임에서 테러리스트가 벌이는 생생한 전투의 현장에 흠뻑 빠지세요. 팀 동료들과 협력하여 전략적인 미션을 완수하고, 적군 기지를 점령하고 인질을 구출해보세요. 여러분의 임무는 아군의 성패를 좌우하고 아군의 성패는 여러분의 임무를 결정합니다.",https://shared.akamai.steamstatic.com/store_item_assets/steam/apps/10/header.jpg?t=1745368572,appdetails,2026-06-07T15:36:23+00:00
1599600,플레이트업!,2022년 8월 4일,"[""It's happening""]","[""Yogscast Games"", ""Gamersky Games""]","[""액션"", ""캐주얼"", ""인디"", ""전략""]","[""싱글 플레이어"", ""멀티플레이어"", ""협동"", ""온라인 협동"", ""스크린 공유 및 분할 협동"", ""공유 및 분할 화면"", ""Steam 도전 과제"", ""컨트롤러 완벽 지원"", ""Steam 창작마당"", ""Steam Cloud"", ""Remote Play TV"", ""Remote Play Together"", ""가족 공유""]","{""currency"": ""KRW"", ""discount_percent"": 0, ""final"": 2150000, ""final_formatted"": ""₩ 21,500"", ""initial"": 2150000, ""initial_formatted"": """"}",,False,0.0,"음식을 조리해서 내놓고, 레스토랑을 디자인하고 장식하며, 이 알고리즘 기반 생성 장소에서 새로운 잠금 해제 아이템, 능력, 요리로 음식 왕국을 넓혀가세요. 영구적인 로그라이트 진행의 클래식 쿠킹 액션. 친구를 고용하거나 모두 직접 하세요!",https://shared.akamai.steamstatic.com/store_item_assets/steam/apps/1599600/header_koreana.jpg?t=1777365800,appdetails,2026-06-07T15:36:23+00:00
3164500,Schedule I,2025년 3월 24일,"[""TVGS""]","[""TVGS""]","[""액션"", ""인디"", ""시뮬레이션"", ""전략"", ""앞서 해보기""]","[""싱글 플레이어"", ""멀티플레이어"", ""협동"", ""온라인 협동"", ""Steam 도전 과제"", ""텍스트 크기 조정"", ""카메라 움직임 조정"", ""음량 개별 조절"", ""퀵타임 이벤트 없이 플레이 가능"", ""수시 저장"", ""스테레오 사운드"", ""Steam Cloud"", ""가족 공유""]","{""currency"": ""KRW"", ""discount_percent"": 0, ""final"": 2150000, ""final_formatted"": ""₩ 21,500"", ""initial"": 2150000, ""initial_formatted"": """"}",,False,0.0,"From small-time dope pusher to kingpin - manufacture and distribute a range of drugs throughout the grungy city of Hyland Point. Expand your empire with properties, businesses, employees and more.",https://shared.akamai.steamstatic.com/store_item_assets/steam/apps/3164500/header.jpg?t=1773974661,appdetails,2026-06-07T15:36:23+00:00
1366540,Dyson Sphere Program,2021년 1월 20일,"[""Youthcat Studio""]","[""Gamirror Games""]","[""인디"", ""시뮬레이션"", ""전략"", ""앞서 해보기""]","[""싱글 플레이어"", ""Steam 도전 과제"", ""가족 공유""]","{""currency"": ""KRW"", ""discount_percent"": 0, ""final"": 2050000, ""final_formatted"": ""₩ 20,500"", ""initial"": 2050000, ""initial_formatted"": """"}",,False,0.0,"Build the most efficient intergalactic factory in space simulation strategy game Dyson Sphere Program! Harness the power of stars, collect resources, plan and design production lines and develop your interstellar factory from a small space workshop to a galaxy-wide industrial empire.",https://shared.akamai.steamstatic.com/store_item_assets/steam/apps/1366540/2521472f3f71b6f179515fdcfa33d27c212ba3ce/header.jpg?t=1776523171,appdetails,2026-06-07T15:36:23+00:00
1062160,Poly Bridge 2,2020년 5월 28일,"[""Dry Cactus""]","[""Dry Cactus""]","[""인디"", ""시뮬레이션""]","[""싱글 플레이어"", ""Steam 도전 과제"", ""Steam Cloud"", ""레벨 에디터 포함"", ""가족 공유""]","{""currency"": ""KRW"", ""discount_percent"": 0, ""final"": 1550000, ""final_formatted"": ""₩ 15,500"", ""initial"": 1550000, ""initial_formatted"": """"}",,False,0.0,호평 일색의 다리 건설 시뮬레이터가 더욱 새롭게 돌아왔습니다! 더 오랫동안 퍼즐을 해결하며 창의력을 발휘해보세요!,https://shared.akamai.steamstatic.com/store_item_assets/steam/apps/1062160/header.jpg?t=1771622245,appdetails,2026-06-07T15:36:23+00:00
2060160,광부는 대체되었다,2025년 10월 10일,"[""Timon Herzog""]","[""Metaroot"", ""Timon Herzog""]","[""캐주얼"", ""인디"", ""시뮬레이션"", ""전략""]","[""싱글 플레이어"", ""Steam 도전 과제"", ""텍스트 크기 조정"", ""카메라 움직임 조정"", ""음량 개별 조절"", ""퀵타임 이벤트 없이 플레이 가능"", ""수시 저장"", ""스테레오 사운드"", ""Steam Cloud"", ""Steam 순위표"", ""가족 공유""]","{""currency"": ""KRW"", ""discount_percent"": 20, ""final"": 880000, ""final_formatted"": ""₩ 8,800"", ""initial"": 1100000, ""initial_formatted"": ""₩ 11,000""}",,False,0.0,드론을 프로그래밍하고 최적화하여 농장을 자동화하고 드론의 작업을 지켜보세요. 자원을 모아 더 나은 기술을 잠금 해제하고 세계에서 가장 효율적인 농부가 되어보세요. 문제 해결 능력과 코딩 기술을 향상시키세요.,https://shared.akamai.steamstatic.com/store_item_assets/steam/apps/2060160/7908933d6e3a165f3d59fd8cffc6bdd2485f144f/header_koreana.jpg?t=1777656847,appdetails,2026-06-07T15:36:23+00:00
2239150,Thronefall,2024년 10월 11일,"[""GrizzlyGames"", ""Mythwright""]","[""Mythwright""]","[""액션"", ""인디"", ""전략""]","[""싱글 플레이어"", ""Steam 도전 과제"", ""컨트롤러 완벽 지원"", ""Steam Cloud"", ""Steam 순위표"", ""가족 공유""]","{""currency"": ""KRW"", ""discount_percent"": 35, ""final"": 942000, ""final_formatted"": ""₩ 9,420"", ""initial"": 1450000, ""initial_formatted"": ""₩ 14,500""}",,False,0.0,작은 왕국을 건설하고 방어하는 미니멀리스트 게임입니다.,https://shared.akamai.steamstatic.com/store_item_assets/steam/apps/2239150/header.jpg?t=1773066590,appdetails,2026-06-07T15:36:23+00:00
341800,Keep Talking and Nobody Explodes,2015년 10월 8일,"[""Steel Crate Games""]","[""Steel Crate Games""]","[""인디""]","[""멀티플레이어"", ""협동"", ""스크린 공유 및 분할 협동"", ""공유 및 분할 화면"", ""Steam 도전 과제"", ""컨트롤러 완벽 지원"", ""추적되는 컨트롤러 지원"", ""VR 지원"", ""VR 지원"", ""Steam 창작마당"", ""통계"", ""Steam 순위표"", ""Remote Play TV"", ""Remote Play Together"", ""가족 공유""]","{""currency"": ""KRW"", ""discount_percent"": 0, ""final"": 1650000, ""final_formatted"": ""₩ 16,500"", ""initial"": 1650000, ""initial_formatted"": """"}",71.0,False,0.0,"당신은 시한폭탄과 함께 혼자 방에 갇혀 있습니다. 당신의 친구들이 폭탄을 해체할 매뉴얼을 가지고 있으나, 그들은 폭탄을 볼 수 없지요. 그러니 여러분은 오직 대화로 이 상황을 풀어 가야 합니다 - 빠르게요! 이 로컬 협동 게임은 최소한 두 명, 또는 그 이상의 플레이어가 있어야 합니다.",https://shared.akamai.steamstatic.com/store_item_assets/steam/apps/341800/header.jpg?t=1699020889,appdetails,2026-06-07T15:36:23+00:00
2185060,투 포인트 뮤지엄,2025년 3월 4일,"[""Two Point Studios""]","[""SEGA""]","[""캐주얼"", ""인디"", ""시뮬레이션"", ""전략""]","[""싱글 플레이어"", ""Steam 도전 과제"", ""컨트롤러 완벽 지원"", ""Steam 트레이딩 카드"", ""Steam 창작마당"", ""텍스트 크기 조정"", ""카메라 움직임 조정"", ""음량 개별 조절"", ""마우스 전용 옵션"", ""퀵타임 이벤트 없이 플레이 가능"", ""수시 저장"", ""스테레오 사운드"", ""서라운드 사운드"", ""Steam Cloud"", ""가족 공유""]","{""currency"": ""KRW"", ""discount_percent"": 0, ""final"": 3800000, ""final_formatted"": ""₩ 38,000"", ""initial"": 3800000, ""initial_formatted"": """"}",84.0,False,0.0,"멋진 박물관을 개장하고 관리해 보세요! 놀라운 유물을 찾아 직접 탐사를 떠나세요. 박물관 인테리어를 직접 설계 및 개선하고, 직원들을 만족시키고, 관람객들을 즐겁게 하고, 풍성한 기부금을 유도하고… 아이들이 전시품을 함부로 만지지 못하게 떼어 놓으시고요.",https://shared.akamai.steamstatic.com/store_item_assets/steam/apps/2185060/f518d1aa2754296e280ba3fe0d2bd4392fa6e3eb/header.jpg?t=1780684021,appdetails,2026-06-07T15:36:23+00:00
1455840,Dorfromantik,2022년 4월 28일,"[""Toukana Interactive""]","[""Toukana Interactive""]","[""캐주얼"", ""인디"", ""시뮬레이션"", ""전략""]","[""싱글 플레이어"", ""Steam 도전 과제"", ""컨트롤러 완벽 지원"", ""Steam 트레이딩 카드"", ""Steam Cloud"", ""Steam 순위표"", ""가족 공유""]","{""currency"": ""KRW"", ""discount_percent"": 40, ""final"": 870000, ""final_formatted"": ""₩ 8,700"", ""initial"": 1450000, ""initial_formatted"": ""₩ 14,500""}",,False,0.0,"Dorfromantik은 타일을 배치하여 아름답고 계속 성장하는 마을 풍경을 만들어 나가는 평화로운 건설 전략 및 퍼즐 게임입니다. 다양하고 다채로운 생물군계들을 탐험하고, 새로운 타일을 발견 및 잠금 해제하고, 퀘스트를 완료하여 여러분의 세계에 생명을 불어넣으세요!",https://shared.akamai.steamstatic.com/store_item_assets/steam/apps/1455840/header.jpg?t=1780575985,appdetails,2026-06-07T15:36:23+00:00
1318690,shapez,2020년 6월 7일,"[""Tobias Springer""]","[""tobspr Games"", ""Doyoyo Games""]","[""캐주얼"", ""인디"", ""시뮬레이션"", ""전략""]","[""싱글 플레이어"", ""Steam 도전 과제"", ""텍스트 크기 조정"", ""카메라 움직임 조정"", ""색상 대체"", ""음량 개별 조절"", ""키보드 전용 옵션"", ""마우스 전용 옵션"", ""퀵타임 이벤트 없이 플레이 가능"", ""수시 저장"", ""자막 옵션"", ""Steam Cloud"", ""가족 공유""]","{""currency"": ""KRW"", ""discount_percent"": 90, ""final"": 110000, ""final_formatted"": ""₩ 1,100"", ""initial"": 1100000, ""initial_formatted"": ""₩ 11,000""}",,False,0.0,"shapez는 도형을 추출하고 만족스러운 생산 라인을 구축하며 도형의 자동화를 다루는 여유롭고 미니멀한 공장 건설 게임입니다. 점점 더 복잡해지는 도형에 적응하고, 무한히 확장되는 맵에 걸쳐 공장을 성장시켜 나가세요. 유일한 한계라고는 여러분의 창의력뿐입니다!",https://shared.akamai.steamstatic.com/store_item_assets/steam/apps/1318690/header.jpg?t=1776950267,appdetails,2026-06-07T15:36:23+00:00
4700,Total War: MEDIEVAL II – Definitive Edition,,,,,,,,,,,,failed,2026-06-07T15:36:23+00:00
246420,Kingdom Rush  - Tower Defense,,,,,,,,,,,,failed,2026-06-07T15:36:23+00:00
1239080,Door Kickers 2: Task Force North,,,,,,,,,,,,failed,2026-06-07T15:36:23+00:00
3265700,Vampire Crawlers: The Turbo Wildcard from Vampire Survivors,,,,,,,,,,,,failed,2026-06-07T15:36:23+00:00
1046030,ISLANDERS,,,,,,,,,,,,failed,2026-06-07T15:36:23+00:00
1102190,Monster Train,,,,,,,,,,,,failed,2026-06-07T15:36:23+00:00
2162800,shapez 2 - Factory,,,,,,,,,,,,failed,2026-06-07T15:36:23+00:00
2795000,The WereCleaner,,,,,,,,,,,,failed,2026-06-07T15:36:23+00:00
3320,Insaniquarium Deluxe,,,,,,,,,,,,failed,2026-06-07T15:36:23+00:00
