appid,game_name,recommendationid,language,review,is_empty_review,voted_up,timestamp_created,timestamp_updated,steam_purchase,received_for_free,written_during_early_access,votes_up,votes_funny,weighted_vote_score,comment_count,author_steamid_hash,author_num_games_owned,author_num_reviews,playtime_forever,playtime_last_two_weeks,playtime_at_review,last_played,crawled_at
413150,Stardew Valley,225002305,koreana,그저 갓겜... 그저 힐링물...... 빨리 업뎃을 더 내놓으시오.,False,True,1778202370,1778202370,False,False,False,0,0,0.5,0,da37dc1db4dc3d0d7926066c5d4746a46da8612be223116491bb0fb0f96a3a11,0,2,15256,71,15185,1778206655,2026-05-08T06:10:10+00:00
413150,Stardew Valley,224973967,koreana,솔직히 이제 슬슬 컨텐츠 부족한거같아요,False,True,1778172689,1778172689,True,False,False,0,0,0.5,0,cf7def40371b1b5e2eee4f64456f2b6e6bbb4349b7eaa23e7610c2ba0acaed69,0,6,90744,0,90744,1776846872,2026-05-08T06:10:10+00:00
413150,Stardew Valley,224969153,koreana,.,False,True,1778168087,1778168087,True,False,False,0,0,0.5,0,6983df94e03cee64be8b20a80485cb2c045db24d9a02caa653e641afb1eeb1ff,0,2,293,0,293,1768577872,2026-05-08T06:10:10+00:00
413150,Stardew Valley,224952850,koreana,uoigbh,False,True,1778150843,1778150843,True,False,False,0,0,0.5,0,9b091f9dfcaecaaecf365d68c5953c18ff5c7fe330fd24f4f3ccc2f06b90d629,0,1,9331,4997,9189,1778220042,2026-05-08T06:10:10+00:00
413150,Stardew Valley,224941922,koreana,남친이랑 상상동거 하는중 재밋습니다  ^_^,False,True,1778132695,1778132695,True,False,False,0,0,0.5,0,7cbc8f14cdf438dc7275c3a7780fa662e0efc9c1c5185e262d3b0d925777490c,0,1,7414,6525,6867,1778167420,2026-05-08T06:10:10+00:00
413150,Stardew Valley,224909576,koreana,"친구가 농사 해줘서 전 물고기만 잡으면 됐어요
돈 많이 벌어와",False,True,1778090430,1778090462,False,False,False,0,0,0.5,0,51b94e40c34787c3a81acad0ffa48706308b3528abe8908ccbb8d482e87c370c,0,4,3208,1389,3208,1777987411,2026-05-08T06:10:10+00:00
413150,Stardew Valley,224901634,koreana,나의 인생,False,True,1778082652,1778082652,False,False,False,0,0,0.5,0,9b31117bae1f5d3300247859032ca817125aebfd8065ba336b6cf9b64c3a795b,2,1,21362,1924,20875,1778215371,2026-05-08T06:10:10+00:00
413150,Stardew Valley,224896374,koreana,pc가 고사양이어야만 즐길 수 있는 것도 아니고 도트게임에 알짜배기가 다 있어서 재밌어요,False,True,1778077518,1778077518,False,False,False,0,0,0.5,0,94216d38e6f67131f8a14c82f9a622e9ad82c8de4d9c157e16d82b6f36b82d0c,24,1,16923,2407,16591,1778153394,2026-05-08T06:10:10+00:00
413150,Stardew Valley,224895735,koreana,"너무 사랑하는 게임입니다. 스팀 탈퇴 후 스듀 하려고 재가입. 모바일용까지 3번 구매했어요
다른 게임 좀 더 하다가 다시 돌아올게요.",False,True,1778076864,1778076864,True,False,False,0,0,0.5,0,4510ecc96a0b12f9ee7ab4623363859efa77876beea06bbc362d2f3a404b0088,0,4,7611,0,7611,1773664396,2026-05-08T06:10:10+00:00
413150,Stardew Valley,224892209,koreana,갓겜~~,False,True,1778073174,1778073174,True,False,False,0,0,0.5,0,dba77c73b086e3575746b303d7786e1045c3bc1a80ef7f4739394b8e8a81ee89,0,1,17164,96,17107,1778076762,2026-05-08T06:10:10+00:00
413150,Stardew Valley,224889081,koreana,일주일 168시간 중 100시간을 했습니다,False,True,1778069136,1778069136,True,False,False,0,0,0.5,0,a72be9b76381298544f63083434c68a035baddeac6ea9c52d65213a97dd9b88e,0,1,13457,0,13457,1768128884,2026-05-08T06:10:10+00:00
413150,Stardew Valley,224877168,koreana,사놓고 몇년동안 방치 했었는데 왜 그랫을까 이 겜 진짜 재밌네요,False,True,1778048863,1778048863,True,False,False,0,0,0.5,0,9a6468d62c9bcdc3354ed3a21ce64b53e44209a71d62c693f1f244e5eae9d3f6,0,8,2186,1952,1881,1778168874,2026-05-08T06:10:10+00:00
413150,Stardew Valley,224873755,koreana,슬슬 재미없음,False,True,1778042566,1778042566,False,False,False,0,0,0.5,0,3627e5af0cb4de2641dae9c069578a714d472bb53dd78311c5475cec76e42817,16,1,21958,446,21840,1778169071,2026-05-08T06:10:10+00:00
413150,Stardew Valley,224866431,koreana,얘드라 자기 침대에서 자면 안돼? 침대는 하나인데 사람이 넷이 넘잖아..,False,True,1778031368,1778031368,True,False,False,0,1,0.5,0,6e24c85bcd8227652f24f7a97af32773ac7af7dd8c3c1a54d412fdf010426859,0,9,12893,0,12893,1768678237,2026-05-08T06:10:10+00:00
413150,Stardew Valley,224829278,koreana,내 인생 망치려고 스타듀밸리,False,True,1777991507,1777991507,False,False,False,0,0,0.5,0,07d346819cce8593085b94d8a038c6db7e11cfef7f30388398e3fc40d2ad3737,0,1,14857,0,14857,1767096564,2026-05-08T06:10:10+00:00
413150,Stardew Valley,224819137,koreana,농촌 생활이 잼있어여,False,True,1777979298,1777979298,True,False,False,0,0,0.5,0,629b1911dc54b4f18230b1946c8adbfae8a069ae31ccd63936b2a74b0da001da,0,1,421,198,222,1778213987,2026-05-08T06:10:10+00:00
413150,Stardew Valley,224815731,koreana,재밌어요,False,True,1777974089,1777974089,True,False,False,0,0,0.5,0,04f5980448236ebafe63208e45c6eb1fad1a0c6adc44019574f2966c68e32dbf,0,1,431,431,308,1777981510,2026-05-08T06:10:10+00:00
413150,Stardew Valley,224812505,koreana,걍 개개개개개개 재밌음 내 영혼은이미 이곳에있음,False,True,1777968930,1777968930,True,False,False,0,0,0.5,0,53d27dc6bbb24cb33e5f54758135d611948bc5a189c35f4ac62c67693fef1295,0,3,6061,0,6061,1772446498,2026-05-08T06:10:10+00:00
413150,Stardew Valley,224806679,koreana, .,False,True,1777958991,1777958991,True,False,False,0,0,0.5,0,91525ba63856e6701ec2d6c9123cbbe1d7ebd4db737ba311669baf38f4cb3c89,0,1,40939,3328,40323,1778163113,2026-05-08T06:10:10+00:00
413150,Stardew Valley,224799922,koreana,gg,False,True,1777948305,1777948305,True,False,False,0,0,0.5,0,4133c3c6e2fdd55adf5f01e6013992414f842289aa43b7bd22eb32c620320d39,0,1,318,5,312,1777948619,2026-05-08T06:10:10+00:00
413150,Stardew Valley,224799224,koreana,힐링 게임이지만 먹고 살려면 조금 바빠요.. 엘리엇 진짜 너무 이쁘구요..  개똥컴터도 돌아갑니다! 솔직히 pc보단 모바일을 더 애용하긴해요ㅎㅎ,False,True,1777947234,1777947234,True,False,False,0,0,0.5,0,5f418776795355402d36e1f6417388a1da3ed681a5e4ed6acb318c38880220a1,0,3,1891,96,1891,1777881670,2026-05-08T06:10:10+00:00
413150,Stardew Valley,224794728,koreana,"이 게임을 정말 좋아해서 스팀, 모바일, 아이패드, 스위치로 구매해서 플레이했는데 아직도 다 했다는 기분이 들지 않는다.. 좀 더 해봐야 알 것 같음",False,True,1777940883,1777940883,True,False,False,0,0,0.5,0,f7330f9950c033ba0c09dfea88b8ec58e98c3042dee342742e43ce1817ac1c0e,0,7,119667,4208,118283,1778170503,2026-05-08T06:10:10+00:00
413150,Stardew Valley,224749553,koreana,"시간 보내면서 힐링하기에 최고인 게임
",False,True,1777893552,1777893552,True,False,False,0,0,0.5,0,d9f7ab667a3e6adbe768958a2f0bda867afd31fe0afcb19bc90fa1747709496c,0,2,2180,158,2021,1777903278,2026-05-08T06:10:10+00:00
413150,Stardew Valley,224732710,koreana,재밌음,False,True,1777866933,1777866933,True,False,False,0,0,0.5,0,d01a79493fc9d5309608cf398279043e103934a82ee109f2c2d4390d9d16c9b9,0,2,2808,1030,2531,1778162515,2026-05-08T06:10:10+00:00
413150,Stardew Valley,224729833,koreana,굿,False,True,1777862909,1777862909,True,False,False,0,0,0.5,0,053ebc4d65c6468f064795d3872f2f79ef1b71feb5eaab5c334e1048438714ed,0,1,9291,7438,8435,1778121426,2026-05-08T06:10:10+00:00
413150,Stardew Valley,224729621,koreana,좋다,False,True,1777862607,1777862607,True,False,False,0,0,0.5,0,acfc9f4924db2a1ef29242467fc3d512ca85291fa718f201a9bcc39bd8e0b1ed,0,11,2503,969,1533,1778167184,2026-05-08T06:10:10+00:00
413150,Stardew Valley,224725698,koreana,힐링하고 싶으신 분들 꼭 해보세요! 강추합니다.,False,True,1777857190,1777857190,True,False,False,0,0,0.5,0,0a0432cb8f784addcbbab1b4ae7d6beef9c74296df4e41582169519c0cadc8c5,0,1,35635,175,35460,1777867763,2026-05-08T06:10:10+00:00
413150,Stardew Valley,224722177,koreana,친구들이랑 다같이 하기좋은 가성비 좋은 갓겜,False,True,1777852679,1777852679,False,False,False,0,0,0.5,0,489ea1969ebf1aba15244e29d460f6a117183ea5cb916d5f68487c984755ee6f,0,5,23717,4477,23012,1778115148,2026-05-08T06:10:10+00:00
413150,Stardew Valley,224699252,koreana,"나 같은 사람은 스타듀밸리 시작하면 1년차만 무한 반복을 함
1년차 겨울 8일쯤에 자러 가야겠다고 생각한 뒤로 그 농장은 영영 잊히고 6개월 뒤에 새로운 농장을 시작함
스듀 엔딩도 끈기있는 사람이 보는 거임 ㄱ-
(암튼 재밌다!!)",False,True,1777831528,1777831528,True,False,False,0,0,0.5,0,e717c44db3898747f4292136ed8c7845f3bb23e1c50f50df03d3f82845119978,0,2,7822,0,7822,1772457450,2026-05-08T06:10:10+00:00
413150,Stardew Valley,224691923,koreana,모바일 200시간 하다가 넘어온 사람 저요,False,True,1777826018,1777826144,True,False,False,0,0,0.5,0,1c620f44094469b7f6bfe6ca831bccb06846dca39be7435899f45ed763293866,2,7,7325,1076,7263,1777907495,2026-05-08T06:10:10+00:00
413150,Stardew Valley,224687806,koreana,매일 매일 힐링이 필요하시다구여?? 여기로 오세요!!!,False,True,1777822946,1777822946,True,False,False,0,0,0.5,0,eb35bac60b499c8f28c3ced2417332320a4903cd8e5ecd8c2f12ca4e345b60e2,72,2,648,27,621,1778150588,2026-05-08T06:10:10+00:00
413150,Stardew Valley,224681166,koreana,"친구가 재미없을 것 같다고 하지말라고 했지만 기어코 한 나는 무척이나 재밌ㄷ다,",False,True,1777817954,1777817954,True,False,False,0,0,0.5,0,6450e45d1285d56ef1fe9b94db99cca2c85cd1a8bc9c61ebf3e7c5b74dd9a6f1,0,1,4383,2256,3657,1778166101,2026-05-08T06:10:10+00:00
413150,Stardew Valley,224671050,koreana,"친구들이랑하기도좋고혼자하기도조음
",False,True,1777808836,1777808836,True,False,False,0,0,0.5,0,4190de1520ece078a7843396e1a7131f82fb5f0cb07512160a1fa8bdcc8575ab,0,5,2501,1213,1968,1778074236,2026-05-08T06:10:10+00:00
413150,Stardew Valley,224664600,koreana,"잼나요... 내 남편,,내 아내,, 여러명,,의 꿈을 여기서 이루다....굿,,,,",False,True,1777802030,1777802030,True,False,False,0,0,0.5,0,7ead89aaf6708d2a018068df20a9ada189f3e8503a5f73c490975856fca2c94f,0,1,13973,891,13694,1777881436,2026-05-08T06:10:10+00:00
413150,Stardew Valley,224654843,koreana,"귀욤
",False,True,1777790419,1777790419,True,False,False,0,0,0.5,0,dab7ccf1d7d0ef811c2da0ab13d17d1fd6d76cc3da8c9abba73fcca3d457dc0f,2,1,895,105,797,1777796330,2026-05-08T06:10:10+00:00
413150,Stardew Valley,224650106,koreana,굿,False,True,1777784168,1777784168,True,False,False,0,0,0.5,0,77bf8ded667f0a1305ace5a9e730ca3db986ecfa0cf7626d5c960e26e08bde17,0,2,263,91,202,1777787775,2026-05-08T06:10:10+00:00
413150,Stardew Valley,224647615,koreana,"내 시간 어디감?
",False,True,1777780907,1777780907,True,False,False,0,0,0.5,0,2e6ae911c1d6bfd9ddb0667ee814fc5d4b03f7e8c13ae1a0c56f758f3412fce9,0,2,2167,2167,1258,1778168892,2026-05-08T06:10:10+00:00
413150,Stardew Valley,224647032,koreana,게임 재밌다,False,True,1777780139,1777780139,False,False,False,0,0,0.5,0,af06aa77678c40e8f7228932ac99372ef5be3ab612ad5c08070318c1f45f4800,0,1,5360,1199,4328,1777975105,2026-05-08T06:10:10+00:00
413150,Stardew Valley,224629379,koreana,ㅈㄴ 재밌음,False,True,1777759348,1777759348,True,False,False,0,0,0.5,0,1bd44230568f465b9a6c3d94387ae6489b7e6e4713ed38a2887789bfbf577c23,0,8,1989,216,1989,1777759338,2026-05-08T06:10:10+00:00
413150,Stardew Valley,224621709,koreana,dd,False,True,1777752409,1777752409,True,False,False,0,0,0.5,0,61d01c2920d5674677854516a5383b4bc012f6c2448cacb70d0401912f3d76eb,0,3,1468,0,1468,1775078924,2026-05-08T06:10:10+00:00
413150,Stardew Valley,224602598,koreana,ㄹㅈㄷ 걍 인생겜,False,True,1777737162,1777737162,True,False,False,0,0,0.5,0,f12ef87348073b8f89c83ccca98dd99b52eab41e3947329e8a7e7a33f51169cd,0,1,1971,951,1019,1778062860,2026-05-08T06:10:10+00:00
413150,Stardew Valley,224596219,koreana,너무너무쟈미있어요.,False,True,1777731994,1777731994,False,False,False,0,0,0.5,0,abfc185966b171f6becb467edb9af6a74de59e10e4bf262729fe8f0011e3c1ef,55,1,17520,559,17378,1777740507,2026-05-08T06:10:10+00:00
413150,Stardew Valley,224592891,koreana,"[h3]인생작이라고 할 수 있을 정도로 재밌고 열심히 한 게임.[/h3]

친구들이랑 멀티 하면서 주니모 카트만 하다가 1.6 나오고 바닐라로 진엔딩까지 봤다.
농사 하면서 경영하는 걸 좋아해서 시작했는데, 다양한 분야의 컨텐츠와 디테일에 오히려 감탄했던 것 같다.

농사: 내 농사 인프라가 발전하는 모습에서 오는 보람이 좋았음. 처음엔 작물 하나하나 물 주고 수확하고 그대로 팔았다가, 자동화가 이루어지게 되고, 타 지역 등이 생기면서 확장되는 농지, 가공 시스템으로 배가 되는 수익, 그에 따라 수직 상승하는 수입을 지켜보는 맛이 있었다. 수확을 한 번 더 하기 위해 아이템을 사용한다던지, 효율적인 농장 배치를 짜는 것도 재미있었다.

전투: 테라리아, 코어키퍼 같이 비교적 전투 지향적으로 디자인 된 게임들과 비교했을 때는 단조로운 시스템이지만, 스듀 만의 매력이 있었다. 전투와 동시에 자연스럽게 이루어지는 채광, 채광에서 농사로 이루어지는 인프라 발전이 인상 깊었다. 새 지역이 열리면서 같이 열리는 특색 있는 다른 광산들까지.

낚시: 호불호가 좀 갈리는 분야인데, 나는 재밌었음. 날씨나 시간대에 따라 달라지는 활동 물고기, 도감 채우기 등 재밌게 즐겼음.

NPC: 이 게임 꽃이라고 생각함. NPC들 하나하나 특색도 있고 대사나 스토리도 재밌고, 그중에 정말 몰입해서 봤던 스토리도 많았음. 다만, 초상화 리텍은 해야 할 듯. 연애나 결혼 시스템도 이 지역의 전통 방식대로 하는 느낌이어서 인상 깊었음.

돈 다 벌고 농장 적당히 꾸미고 엔딩 보니까 지금까지 거쳐왔던 순간들이 생각나면서 막 뭉클해짐.. 이런 게 게임 아닐까 싶다. 재밌게 했습니다
",False,True,1777729123,1777729383,True,False,False,0,0,0.5,0,eb51b1822ddfa1df307768b4ec4e32ac435a314eb86ebac03bd5836a1d68243a,0,3,15165,5317,13584,1777989379,2026-05-08T06:10:10+00:00
413150,Stardew Valley,224587292,koreana,아 노동이 너무 잼있댜,False,True,1777723731,1777723731,True,False,False,0,0,0.5,0,ee1ce87381701ff9734d3f56dd2fa6085ab184c3ca8b4055c3c57d5144633fe1,0,1,30327,2125,29760,1777854520,2026-05-08T06:10:10+00:00
413150,Stardew Valley,224583671,koreana,"커플이 같이 하기 좋아요
",False,True,1777719889,1777719889,True,False,False,0,0,0.5,0,9a105bf5484026ec05c0c5ee68d0b39dd5430b138592b07c19eb91b5aaed7ce7,0,1,592,592,226,1778080746,2026-05-08T06:10:10+00:00
413150,Stardew Valley,224580946,koreana,.,False,True,1777716786,1777716786,True,False,False,0,0,0.5,0,15a0085832b9124f9647b586a177058209c2f5fc9d6fa8d0db827eee020f6848,0,1,781,781,304,1778135556,2026-05-08T06:10:10+00:00
413150,Stardew Valley,224575841,koreana,사셈,False,True,1777710996,1777710996,False,True,False,0,0,0.5,0,4793041e22617f97937c189f6e8f9005ab887d6f6cc9d7eda87080b4b1abf72d,0,7,4492,2651,2869,1777912102,2026-05-08T06:10:10+00:00
413150,Stardew Valley,224573218,koreana,이게임의 장점은 미치도록 중독적이라는 것입니다 단점은 중독적입니담,False,True,1777707713,1777707713,True,False,False,1,0,0.523809552192688,0,81c67dd801fe934a99ff92f929497e0d760e02724379d95c818d8ca439181d63,0,1,2390,2390,1213,1778056746,2026-05-08T06:10:10+00:00
413150,Stardew Valley,224571235,koreana,재밌어요,False,True,1777705145,1777705145,True,False,False,0,0,0.5,0,42ec10dfbb477d0055e56fc7c28b0a9004a2698b037c74cc7a6c410da4eedfed,0,2,1840,1124,1116,1777844242,2026-05-08T06:10:10+00:00
413150,Stardew Valley,224566385,koreana,개꿀잼 리텍필수 하비내남편 에비게일내여자,False,True,1777698690,1777698690,True,False,False,0,0,0.5,0,48b36a7b352a440698d2fd8371564f7a5d1fe3b9dbe4c7aad174ebf664e67889,0,1,7036,657,6660,1778071464,2026-05-08T06:10:10+00:00
413150,Stardew Valley,224566109,koreana,이제 좀 질려요,False,True,1777698345,1777698345,True,False,False,0,1,0.5,0,0ab7d55d451be8cf17d4b565c45776ad580c39cdcc2edd1577fcbce1cbb85538,0,1,84219,651,83569,1777989116,2026-05-08T06:10:10+00:00
413150,Stardew Valley,224523747,koreana,몇년에 걸쳐 엄청 하다가 쉬다가를 반복하고 있는데 가끔 질리긴 해도 아예 끊지는 못하는 것 같아요,False,True,1777655232,1777655232,True,False,False,0,0,0.5,0,79a9284cf8941b74c3e90f9a4fa4a1b3fe9096b36cf09267dadde221765dac00,0,1,36030,2106,34746,1778215242,2026-05-08T06:10:10+00:00
413150,Stardew Valley,224523657,koreana,하렘 가능,False,True,1777655168,1777655168,True,False,False,0,0,0.5,0,3baa41e87861e375001186b3c143ec199aaa84db0b9ef9b13881cb4a316995c6,0,1,8775,3913,6397,1778188303,2026-05-08T06:10:10+00:00
413150,Stardew Valley,224493733,koreana,한국인이라 싫음,False,False,1777627288,1777627288,False,False,False,0,0,0.4545454680919647,0,128772736d387855cd897970ba7c2b391d5e0ecfe2343995fd796cbd6636e63b,46,23,681,155,638,1778079810,2026-05-08T06:10:10+00:00
413150,Stardew Valley,224489290,koreana,계란 축제 이새끼는 왜 끝나자마자 바로 저녁임? 양계장은 왜 3일동안 처 짓는거임? 콩 막대에 왜 히트박스 있음? NPC 왜케 싸가지없음? 돈 왜 이렇게 안 벌림? 왜 이상한 상자에 물건 넣으니까 사라짐? 게 통발에 왜 게 안 잡히고 쓰레기 잡힘? 제때 환불 못 받은 게 한이다,False,False,1777621809,1777621809,True,False,False,0,0,0.4166666567325592,0,eef69eebfa45f7750fdc1b09a6b1132a1e9828809adb095c1b5e5f345296f0f5,34,22,373,0,373,1774109187,2026-05-08T06:10:10+00:00
413150,Stardew Valley,224485164,koreana,하루 날려먹기 좋은 게임,False,True,1777616152,1777616152,True,False,False,0,0,0.5,0,beabd239f05ee8d404c1e936d76f04469f6f5f57f19f468a6930e1c7e6517291,0,1,16390,0,16390,1772099795,2026-05-08T06:10:10+00:00
413150,Stardew Valley,224476912,koreana,근본,False,True,1777604797,1777604797,True,False,False,0,0,0.5,0,af26957253f3ee7dd0bfc0cb7c515b41420afe14c87da6edfdcea06a4f53f710,0,3,1700,1700,1544,1777616231,2026-05-08T06:10:10+00:00
413150,Stardew Valley,224438717,koreana,"높은 확률로 아마존 구글을 모티브로 한 조자라는 다국적 대기업이 주인공 사는 세상의 유통망을 거의 독점하고있다. 조자의 일원이었으나 직원들 일어서고 앉는 시간까지 측정하고 책상마다 감시카메라까지 박아놓는 비인간적 노동환경에 적응하지 못한 주인공은 죽은 조부의 농장으로 돌아가 농사를 짓는다. 웬걸, 여기까지도 조자의 마트가 들어서있고, 동네 촌뜨기들 상권을 위협하고 있다. 

최종 소비자의 경제적 만족만이 기업에 대한 대중 평가로 직결되고 부모가 자식에게 물려줄 것이 지식, 기술이 아닌 소비습관 밖에 없게 되어버린 우리 세대. 온갖 미명으로 치장된 효율과 이윤 추구의 구정물이 사회를 병들게 했다. 우린 게임처럼 땅을 파고 거름을 주고 농산물을 수확할 줄도 모른다. 평생 푼돈 만지고 카드나 긁어대다가 죽는 운명. 사냥에 실패하면 내일 바로 굶어죽을거란 기원전의 공포는 더이상 없지만, 그보다 더한 정신적 집단폐사의 저주애 사로잡혔다. 우린 더이상 창고에서 트럭으로 옮겨주는 재화가 아니면 의식주를 해결할 방법을 모른다. 소비행위가 우리의 명줄을 쥐고있다. 

이 문제에 게임이 제안하는 대안은 아마 자급자족이 가능한 작은 사회공동체의 단결이리라. 얇디얇은 나뭇가지들을 줄로 묶으면 도끼에도 버티듯이 똘똘 뭉친 발버둥의 미학. 

봄이 끝나가니 튤립을 수확해야겠다. 
스토리가 어떻게 끝맺어질지는 모르겠으나 여태껏 본적 없이 매력적인 고찰을 담고 있다는 점만 강조하고 싶다.",False,True,1777566726,1777566726,True,False,False,5,0,0.5833333134651184,0,bb64ef6509262a8923460fd99affac9918c61b598dfbbe760c0569a342c36013,0,3,627,627,383,1777968711,2026-05-08T06:10:10+00:00
413150,Stardew Valley,224430103,koreana,재밌어요! ㅐ'ㅁ'//,False,True,1777559485,1777559485,True,False,False,0,0,0.5,0,20a7df363a1f45a37b4d3141b964482b4df3f417cc292029fc00c1fdff44d05e,0,1,6927,101,6826,1777932914,2026-05-08T06:10:10+00:00
413150,Stardew Valley,224429515,koreana,"sderftgybhnujmik,o.pl;/['",False,True,1777558963,1777558963,True,False,False,0,0,0.5,0,01c413bf3628d2d753106578ea0522a8fd35993a65c4bb7d34861d653131b57a,0,1,13220,11,13209,1777559705,2026-05-08T06:10:10+00:00
413150,Stardew Valley,224426747,koreana,오랜 시간 빠져서 했습니다 힐링 게임 굿,False,True,1777556492,1777556492,True,False,False,0,0,0.5,0,ee8a4565d8160b2e8f178aadf3fe9096320e6f3439c7da35cc3dcc4e42df017a,0,1,30032,5664,27474,1778218835,2026-05-08T06:10:10+00:00
413150,Stardew Valley,224426627,koreana,"시간가는줄 모르고 하는 게임입니다.
릿지사이드모드 깔고하시면 더 많은 npc들을 만날 수 있어요.
",False,True,1777556371,1777556371,True,False,False,0,0,0.5,0,f8d74d1c83ea32164e4cadb4518991ea2e570a612707867499ca1d0b18f32f4c,0,1,7957,3141,6417,1778075166,2026-05-08T06:10:10+00:00
413150,Stardew Valley,224417432,koreana,그냥 존나 재밌음,False,True,1777545316,1777545316,True,False,False,0,0,0.5,0,dac6741ab5fc94834c8e1e42530bba79a0f400fd2aae4c7d91d064e54ce860aa,0,1,4044,955,3628,1777993114,2026-05-08T06:10:10+00:00
413150,Stardew Valley,224406285,koreana,"좋은 힐링게임
",False,True,1777527293,1777527293,True,False,False,0,0,0.5,0,441a194fb7fa0bf347c09ea7840ec3cfb6e8cfb0b107fb20653fe5a593d9c0bb,0,1,11959,163,11796,1778072091,2026-05-08T06:10:10+00:00
413150,Stardew Valley,224405669,koreana,스듀정말재밌어요,False,True,1777526325,1777526325,True,False,False,0,0,0.5,0,1b56d1a437bbfea1769a6bcedd09263758d9deb1b682005123d2e6b3ef58a375,0,1,22113,105,22008,1778129711,2026-05-08T06:10:10+00:00
413150,Stardew Valley,224400235,koreana,시작하자마자 꽃 다 말라죽어서 때려침,False,True,1777518105,1777518105,True,False,False,0,0,0.5,0,896ccf524d81781812ee40886aff908d645dc7037520c4059fa951ab1f72c477,0,8,131,0,131,1774616523,2026-05-08T06:10:10+00:00
413150,Stardew Valley,224400067,koreana,한지는 얼마 안됐는데 친구들이랑 같이하니까 재밌어요,False,True,1777517885,1777517885,True,False,False,0,0,0.5,0,219bf04651750e54df7b15065a86a22ae2ea9b21c1bdec662d6a983482338ede,0,1,3752,170,3582,1777568402,2026-05-08T06:10:10+00:00
413150,Stardew Valley,224395428,koreana,인생,False,True,1777511339,1777511339,True,False,False,0,0,0.5,0,139ea440127775459444d3a893c0bdded1ff9f4a9aa0dc501eaf95fd960d5c3a,0,2,11879,2015,10967,1778219188,2026-05-08T06:10:10+00:00
413150,Stardew Valley,224388068,koreana,"아주 재밌어요!!
진엔딩을 보고 난 뒤로도 계속 해보게 되는 게임이에요
잊을만 하면 새로운 패치를 해주기도 하고요. 그래서 엔딩을 봐도 **끝난** 게임이라는 생각이 들지 않아요
옛날버전에는 가을에서 겨울이 될 때에 잔디가 모두 죽어서 겨울전에 반드시 건초를 충분히 만들어둬야했기에 난이도가 있었는데 이젠 겨울동안 잔디가 죽지 않기때문에 농장 지속 부분에서 더욱 게임이 쉬워졌어요
덕분에 물고기를 잡고 물건을 만들고 채집하고 몬스터를잡고 던전 도는데에 시간을 더 쓸 수 있게 됐어요!
인간 근성의 미가 뭔지 알고싶다면 스타듀밸리를 하는게 좋은 것 같아요
정말 재밌고 힐링 그리고 내면의 성장을 돕습니다",False,True,1777501207,1777501207,True,False,False,0,0,0.5,0,d693be7bd6a2588dd197b710a90fec5e3bf6d3f2439ad5235e4ebc652aaf5dfd,0,2,32611,1110,31655,1778169868,2026-05-08T06:10:10+00:00
413150,Stardew Valley,224372687,koreana,"06시 기상 후 02시 강제 취침까지 씨앗 심거나, 작물 뽑거나 , 곡괭이질만 하는데도 재밌음",False,True,1777485474,1777485474,True,False,False,0,0,0.5,0,4fd847e2c6eea07156421c35c2647216f6a33c2edca6a193ff17b705711be664,25,2,7184,1961,5973,1778142051,2026-05-08T06:10:10+00:00
413150,Stardew Valley,224355581,koreana,조아요,False,True,1777469128,1777469128,True,False,False,0,0,0.5,0,17ea353a5c9fce23788e0b109b690a49b9117b09801d346aeee54f140018039f,0,3,1308,837,582,1777900348,2026-05-08T06:10:10+00:00
413150,Stardew Valley,224355513,koreana,12다리 미연시겜,False,True,1777469051,1777469051,True,False,False,0,0,0.5,0,af255266586d83e3a7ea3262a5d48e956b814e87e2033b0c603f4fb7bc28440f,0,3,27706,1912,27706,1777388207,2026-05-08T06:10:10+00:00
413150,Stardew Valley,224353871,koreana,정신차려보면 해가 뜨고있고 다시 정신 차리면 해가 지고있다....,False,True,1777467277,1777467277,True,False,False,0,0,0.5,0,ee6b02ef786e7e5dc1b4e985b6f393f70bcbbeef1948f596e4d26488bb13f7c1,0,1,9388,629,8760,1777721302,2026-05-08T06:10:10+00:00
413150,Stardew Valley,224351509,koreana,재미있음 다만 힐링겜 같긴한데 친구랑 하니깐 도파민이 있음,False,True,1777464329,1777464329,True,False,False,0,0,0.5,0,1d5c90cd905fee7e4711156afed64756e797f8eb469ed6b685e441a1be4dfd45,10,1,464,434,377,1777469494,2026-05-08T06:10:10+00:00
413150,Stardew Valley,224347556,koreana,"꾸르잼
",False,True,1777458709,1777458709,True,False,False,0,0,0.5,0,f9bf8a53ce655ca6e1bbf0c10cb5336d2715136513f5855aee3f9772aafa89b1,0,13,7922,93,7828,1777475417,2026-05-08T06:10:10+00:00
413150,Stardew Valley,224344511,koreana,내 인생,False,True,1777453976,1777453976,True,False,False,0,0,0.5,0,acd695499210f464d37cd0c02aa15146609e035213460113549dd41849d1fda1,0,1,2846,0,2846,1776169863,2026-05-08T06:10:10+00:00
413150,Stardew Valley,224338040,koreana,힐링,False,True,1777443686,1777443686,True,False,False,0,0,0.5,0,5387447cc48050ddec2d7c5d1752e42fd6f377abcee8a5794e3729b0b26b59d2,0,1,4308,4308,1139,1778218723,2026-05-08T06:10:10+00:00
413150,Stardew Valley,224279709,koreana,세바스찬ㄷ이 너무 잘생겻습니다. 내 남편 근데 ㅠ일을 너ㅏ무 안하고 조금 답ㄷㄷ압한 면이 이쓰니 참고하셍요 차라리 에밀리랑 결혼하는ㄱ ㅔㄷ ㅓ 좋을 것 ㅏ같음.,False,True,1777381381,1777381381,True,False,False,1,0,0.523809552192688,0,61f7eece331bd76cde06da1c151c844a0aaa07c69fd2818232ba54ef93589e0d,0,1,10143,5770,6148,1778177461,2026-05-08T06:10:10+00:00
413150,Stardew Valley,224274958,koreana,이게 진짜 인생...,False,True,1777376510,1777376510,True,False,False,0,0,0.5,0,a0242578e55c44f12bb9e4c3bd428a4fbbb446394c08ccacb61486e4ea02db7d,0,1,6135,1582,5529,1778119957,2026-05-08T06:10:10+00:00
413150,Stardew Valley,224273883,koreana,"컨텐츠도 하다보면 몰입하고 재밌는 힐링겜은 맞는데
전체적인 분위기가 너무 잔잔해서 잠올거 같은 느낌이라 못하겠음
난 그만할란다....",False,True,1777375424,1777375424,True,False,False,0,0,0.5,0,a6a8a9728d8d2f73e2c0fffcba07cf3843655e3129aa8cc7d86f41fbb259849b,0,42,525,244,525,1777295941,2026-05-08T06:10:10+00:00
413150,Stardew Valley,224265854,koreana,봄꽃무도회.. 꼭 그렇게 만들었어야만 속이 후련했 냐!,False,True,1777363764,1777363764,True,False,False,0,0,0.5,0,ff4eb848dc412ebd8798c4dcccff9df0e71240c94943f854a7a0c62e3c705655,0,3,2237,1978,812,1777788487,2026-05-08T06:10:10+00:00
413150,Stardew Valley,224220777,koreana,모바일로 500시간 했다가 PC로 넘어왔는데 PC가 훨씬 재밌어요,False,True,1777303949,1777303949,True,False,False,0,0,0.5,0,1887b768ab429ac180f2390460b33c83a680dd1d70f55c9541d73f0015bfadac,0,1,12107,1854,10766,1778167762,2026-05-08T06:10:10+00:00
413150,Stardew Valley,224213546,koreana,역시..아직 이것만한 농장겜이 없네..,False,True,1777296413,1777296413,True,False,False,1,0,0.523809552192688,0,f2283f75679b6393307d1473ce7ba388f324f79719c560dddf041449f70ab31b,0,14,6140,165,6116,1777300024,2026-05-08T06:10:10+00:00
413150,Stardew Valley,224211023,koreana,먹고 자고 싸는 시간 빼고 이것만 했음,False,True,1777293333,1777293333,True,False,False,0,0,0.5,0,d5775c70f06a8255cc63d73ae5528bba2e0146bbb7e7a14cfe2ce8051c9d45c7,9,2,3588,0,3588,1605842144,2026-05-08T06:10:10+00:00
413150,Stardew Valley,224204450,koreana,겁나재밋어요.,False,True,1777283119,1777283119,False,False,False,0,0,0.5,0,29144bf49bbb9854c84a189ffb0ecba8c12d7e920cb0a01ee6b1880a0f84d4a5,0,2,4704,1872,3039,1777984726,2026-05-08T06:10:10+00:00
413150,Stardew Valley,224180451,koreana,근본겜,False,True,1777244516,1777244516,True,False,False,0,0,0.4761904776096344,0,1018b7f3736a1e9d22b3de562dcb239a8d31f1ffa69c7008532149cb395e04f9,4,2,220,17,203,1777393039,2026-05-08T06:10:10+00:00
413150,Stardew Valley,224151642,koreana,혼자서도 즐길 수 있고 둘이서 하면  재미있고 셋이서 하면 완벽한 팀워크를 맛볼 수 있는 게임입니다. 완전 재미있어요!,False,True,1777218728,1777218728,True,False,False,0,0,0.5,0,175d244545b5e02ac2b219cba630d114dea6dcfbac63f3c017ec0f07d1109033,0,1,4388,2581,2629,1778145620,2026-05-08T06:10:10+00:00
413150,Stardew Valley,224150800,koreana,.,False,True,1777218024,1777218024,True,False,False,0,0,0.5,0,661eec0bbfbf3e6e2c3af1f215050f849c7f7533367727211d2a69b2de114fdf,15,2,11189,2858,8537,1777767774,2026-05-08T06:10:10+00:00
413150,Stardew Valley,224139114,koreana,진엔딩이 너무 감동적. 노가다를 많이 했지만 충분히 그럴 가치가 있다고 생각합니다,False,True,1777208395,1777208395,True,False,False,0,0,0.5,0,4f2afd69371a3e529f0adf28864b2df31d175ebaee63580f2fc330ab5c2555eb,0,1,7234,1129,7234,1777207958,2026-05-08T06:10:10+00:00
413150,Stardew Valley,224135478,koreana,굿,False,True,1777204937,1777204937,True,False,False,0,0,0.5,0,9f3a679ef6f4d946730e37c20b825071ea8dd3d538c5198f91b174f7f06bc16e,0,1,1556,1033,988,1778071909,2026-05-08T06:10:10+00:00
413150,Stardew Valley,224123678,koreana,재미있어요 ㅎ,False,True,1777192195,1777192195,True,False,False,0,0,0.5,0,547e3a35b1851e9cae9060c92371876632277f56d289a4fa430206e6bf905b19,16,1,6189,292,5896,1777210220,2026-05-08T06:10:10+00:00
413150,Stardew Valley,224120672,koreana,시간이 삭제되었어요!,False,True,1777188547,1777188547,True,False,False,0,0,0.5,0,c9b4662d5911d85b50a49f2bc055ca99244fcb888e3d4a41d69ebd2b96b44087,0,5,6763,1042,6659,1777204038,2026-05-08T06:10:10+00:00
413150,Stardew Valley,224120618,koreana,미친 게임,False,True,1777188469,1777188469,True,False,False,0,0,0.5,0,4ca5a10b4d97372907a8659d4f1ae1bf4cb02a7f805e5aecd2f82c8630292a06,0,3,10437,0,10437,1767811947,2026-05-08T06:10:10+00:00
413150,Stardew Valley,224120608,koreana,"진짜 몇 안되는 수작. 일상에 지친 현대인에게 온라인 귀농이라는 도피처를 제공.
처음 시작하시는 분들이라면 펠리컨 마을에 본인이 녹아듬을 느끼셨으면 좋겠어요.
인트로와 간간히 나오는 스토리는 첫회차라면 스킵없이 봐보세요",False,True,1777188456,1777188456,True,False,False,0,0,0.5,0,b154fdc5e9ea6a6183593c05e61c3d323363c3c33c5b84672ed689bf50dd6fdf,31,1,30514,455,30058,1777914894,2026-05-08T06:10:10+00:00
413150,Stardew Valley,224110767,koreana,"홀홀홀 농사경력 5억년 낚시 경력 2억년. 해탈의 경지에 오름. 힐링하려고 하다가 몬스터한테 죽어서 다이아 잃으면 화가남. 낚시 물고기 놓치면 화가남. 쓰레기 5연속 잡으면 화가남... 그래도 계속함. 헤헤 *^^*;;
초반에 몇몇 NPC들이 싸가지가 너무없지만;; 모든것을 갖다바치면 착해지는 물질만능주의적 세계관을 보여줌. 하지만 난 쓰레기통 털고 다니니까 어느정도 이해는 됨",False,True,1777175569,1777175569,True,False,False,0,0,0.5,0,80798314cdcaf7a0a2930fe8ecd7bbaa5ecadb3ce198166e997640ec09ed652e,0,3,566,101,465,1777694723,2026-05-08T06:10:10+00:00
413150,Stardew Valley,224109073,koreana,"학교? 공부? 회사? 무슨 소리야...
작물 재배하고 낚시하고 플러팅하러 가야지",False,True,1777173547,1777173571,True,False,False,0,0,0.5,0,16345b73e8667c5c4b2fab877fad1562e84fc414c6e43357fe1334cac447f0cb,0,6,21615,0,21615,1738044953,2026-05-08T06:10:10+00:00
413150,Stardew Valley,224056780,koreana,아직도 시작 화면에서 볼륨 조절이 안되는 게임이 있다니...,False,False,1777124168,1777124168,True,False,False,0,0,0.4761904776096344,0,52db6239cf91939b26f40e2b55315b0e0f9784bb1d7577a77a2834de7af022c0,0,1,5,5,5,1777035260,2026-05-08T06:10:10+00:00
413150,Stardew Valley,224052091,koreana,ㅇ,False,True,1777119593,1777119593,True,False,False,0,0,0.5,0,374725c216b83e38bd8f5a1e0782c97699cf5d1587bc4a17537abad4ee404f0d,0,1,1014,826,292,1777736613,2026-05-08T06:10:10+00:00
413150,Stardew Valley,224051947,koreana,재밋어요 아직 네시간밖에 안하긴햇지만,False,True,1777119460,1777119460,True,False,False,1,0,0.523809552192688,0,9353d6d299e55230648dc34a2075927e6bfe760d93d8cfd2f2d73e3405085388,0,1,645,544,254,1777740233,2026-05-08T06:10:10+00:00
413150,Stardew Valley,224050013,koreana,재밌어요,False,True,1777117310,1777117310,True,False,False,0,0,0.5,0,d1eda3a80f618a460ec8c786e8ea1827e34dc5ab8d22375222b0d5ba3e360277,0,1,7311,26,7285,1777135616,2026-05-08T06:10:10+00:00
413150,Stardew Valley,224048728,koreana,이상하다 분명 2시간만 했는데..,False,True,1777115941,1777115941,True,False,False,0,0,0.5,0,69f2bb6bc2aa458169de028956a69245307d245601f75df3bc22f0528754be2d,0,1,17866,331,17535,1777970154,2026-05-08T06:10:10+00:00
413150,Stardew Valley,224047023,koreana,개재밌어요 현생은 잊고 농장인생 살고있습니다,False,True,1777113976,1777113976,True,False,False,0,0,0.5,0,d65dc24520343d9b113f1082de9e0b4a94505d9428708008fc7fb14b24716065,0,1,4271,1518,2965,1778161537,2026-05-08T06:10:10+00:00
413150,Stardew Valley,224043045,koreana,뾱뾱,False,True,1777109460,1777109460,False,False,False,0,0,0.5,0,91630e4161788b5b654ed4d9010d75d26b5efe1ce397619bf7dacf42f0b0889a,0,2,5586,155,5431,1777118843,2026-05-08T06:10:10+00:00
413150,Stardew Valley,224033962,koreana,퀘스트가 끊임없이 나와서 오래해도 질리지 않아요!,False,True,1777097532,1777097532,True,False,False,0,0,0.5,0,ab984d4789fcc6063d915fb45fda1371fa3a734151a011b245a4c5fe0098d091,0,1,10293,1316,8976,1777451116,2026-05-08T06:10:10+00:00
413150,Stardew Valley,224011655,koreana,"시공간은 관찰자에 따라 다르게 흐른다는 아인슈타인의 상대성이론을 체감하고 싶으면 해라
잠깐 농사짓고, 광산가서 곡괭이질 하고, 낚시하고 싸돌아 댕기면서 마을 축제 하고..헤일리한테 가서 플러팅이나 하다가결국 결혼에 성공 한것 뿐인데 현실에선 분명 해 쨍쨍한 대낮에 겜 켰더만 오늘은 여기까지만 해야지 하고 껐더니 자정이 다돼갔다",False,True,1777068418,1777068418,True,False,False,2,0,0.523809552192688,0,e20ccaabea918d2edbb91c01003868bdc14d1ce816a9b13226c43f24ecf5e913,16,4,4424,0,4424,1742944819,2026-05-08T06:10:10+00:00
413150,Stardew Valley,223988552,koreana,"인생...
",False,True,1777046507,1777046507,True,False,False,0,0,0.5,0,e9e4bcb4b3af77dde860911c2e23847dbbb68168c69a8d86004ccd901663b70e,0,1,15861,119,15861,1778129781,2026-05-08T06:10:10+00:00
413150,Stardew Valley,223984124,koreana,가끔 지치고 힘들때 찾아오는 오아시스.,False,True,1777042649,1777042649,True,False,False,0,0,0.5,0,fb9224dd7b82d7c6e414cbb67b63ec0c6d762344ea0a63729339f37e1902193a,0,4,16815,0,16815,1776173187,2026-05-08T06:10:10+00:00
413150,Stardew Valley,223974185,koreana,인생을 계속 새로 시작하고 싶은건진 모르겠지만 계속 처음부터 시작해서 엔딩은 못봤지만 그래도 그 분위기 bgm때매 다시 처음으로 돌아가게만듬,False,True,1777033149,1777033149,True,False,False,0,0,0.5,0,fc7783dced81c66ddcf38d344d37258e4b96e4d0e1a6b4c594af89021a1f4746,16,6,5837,0,5837,1770311720,2026-05-08T06:10:10+00:00
413150,Stardew Valley,223969117,koreana,말해뭐해 스타듀밸린데 ㅋ,False,True,1777026798,1777026798,False,False,False,0,0,0.5,0,2a47d734b72c66dbd86d9f18b4ddbbd874c00a248db3ccff6e38c5bc1c39acac,0,1,25449,5,25443,1777027129,2026-05-08T06:10:10+00:00
413150,Stardew Valley,223968363,koreana,"돌고 돌아 스타듀밸리...
부랑자마냥 이 게임 저 게임 다 해봤는데
이만한 힐링게임이 없어요.",False,True,1777025738,1777025738,True,False,False,0,1,0.5,0,dead7175dfc6009b45f2d27a091b1aa186fa68c89e971d2d2dd6713a65fc2543,0,2,79458,0,79458,1750341140,2026-05-08T06:10:10+00:00
413150,Stardew Valley,223949238,koreana,진지하게 힐링게임아님 농사에 낚시에 광질까지 등등 혼자서 다하는데 어떠게 힐링게임인지......,False,True,1776994259,1776994259,True,False,False,4,0,0.5454545617103577,0,10f9efee12f52ef0dc8ec638d847b0f17381d768c558de68101a751ed16e4c78,0,9,9445,67,9372,1778210686,2026-05-08T06:10:10+00:00
413150,Stardew Valley,223944940,koreana,시험기간에 이 게임을 시작해서 벌써 2년차 가을이에요,False,True,1776988056,1776988056,True,False,False,0,0,0.5,0,a6b2472b67edf7f959998ec78f139aae88d3bedebece1f69b00834daabc5ec3c,0,4,5629,1412,4217,1778157754,2026-05-08T06:10:10+00:00
413150,Stardew Valley,223934879,koreana,친구랑 같이하고 싶은데,False,True,1776975667,1776975667,True,False,False,0,0,0.5,0,41cc5a927c6048c198f27d9efb67a8b4d49389311dd239ebb3a6b7122ad7ccde,0,20,3845,0,3845,1706947343,2026-05-08T06:10:10+00:00
413150,Stardew Valley,223916023,koreana,그냥 스듀는 인생겜임,False,True,1776957356,1776957356,True,False,False,0,0,0.5,0,d594ff83dd6815006cdffb4ff0393f9e57596d9d5af09ef2961f1542a8ca6091,0,2,69807,0,69807,1771133194,2026-05-08T06:10:10+00:00
413150,Stardew Valley,223900241,koreana,와 개꿀잼,False,True,1776939425,1776939425,True,False,False,0,0,0.5,0,d16f7e5b203fb1ea0a2afee07660da11ad19fe5f710b8b707f4c9f65d7badb77,0,1,29092,92,28999,1777468961,2026-05-08T06:10:10+00:00
413150,Stardew Valley,223867335,koreana,"혼자하면 1~2년은 거뜬한 게임
같이하면 봄을 못 넘기는 게임",False,True,1776888687,1776888687,True,False,False,0,1,0.5,0,037a777925208110e80278a5fe1c48b4e9498be25c659a2709dd08c770e6e607,0,23,18259,23,18236,1777216507,2026-05-08T06:10:10+00:00
413150,Stardew Valley,223846330,koreana,단순 노가다가 마음을 참 편하게 해줘요,False,True,1776867935,1776867935,False,False,False,0,0,0.5,0,ad2debd94e9ae3e56d460a97e589b28376f9e9e1eaef83c47c681ddf42b58432,0,1,27209,449,26607,1777911599,2026-05-08T06:10:10+00:00
413150,Stardew Valley,223840265,koreana,갓겜,False,True,1776861406,1776861406,True,False,False,0,0,0.5,0,46f4f0fd3ae0e054881d62e8f65aff5278ec137162ccccf8e605a6cf786cce6f,0,1,31903,1127,30456,1777790053,2026-05-08T06:10:10+00:00
413150,Stardew Valley,223829160,koreana,킹갓겜입니다. 기존에 했던 것만으로도 컨텐츠가 좋았는데 업데이트가 끊이질 않음,False,True,1776843976,1776843976,True,False,False,0,0,0.5,0,726aa97bbc98927412aaa53888c57b5b22e8f220303a529fca67222bfd1226d6,0,2,18961,5,18955,1777970532,2026-05-08T06:10:10+00:00
413150,Stardew Valley,223810947,koreana,"다른 농장겜 주민들은 다 착하게만 나오는데
스듀는 캐릭터들이 입체적이라 좋았다
다른 게임 캐릭터들은 기억에 남지도 않는데
스듀는 몆년이 지나도 계속 기억에 남을 거 같다",False,True,1776814903,1776814903,True,False,False,0,0,0.5,0,a8fdedce6cc5c5e3b9a4776f6163579b32bb2753e7cc6bb96c3294585d18f2bf,69,33,9173,0,9173,1775304019,2026-05-08T06:10:10+00:00
413150,Stardew Valley,223786887,koreana,채고애 게임,False,True,1776790387,1776790387,False,False,False,0,0,0.5,0,a2be052ccf383f9c68ac0d2c18bfbac1eb78fa6f2d678637fef358ea4dc95a25,0,1,102206,1694,100032,1778219971,2026-05-08T06:10:10+00:00
413150,Stardew Valley,223779537,koreana,힐링되서좋아요,False,True,1776783899,1776783899,True,False,False,0,0,0.5,0,538ec84263edd3ee7c2b9cc39a5b1da730be90a39657936f4b7a3a7918f44062,0,8,515,0,515,1774947758,2026-05-08T06:10:10+00:00
413150,Stardew Valley,223774055,koreana,the game of god,False,True,1776778851,1776778851,True,False,False,0,0,0.5,0,bc717d35dff12d56d1b0e260cfa08e2d11e1afd0580a526d5a416dd3b5f007e2,0,1,5038,3760,1185,1778171083,2026-05-08T06:10:10+00:00
413150,Stardew Valley,223773762,koreana,최고,False,True,1776778547,1776778547,True,False,False,0,0,0.5,0,ec82a1e148286f6015dc34a1e0a8617867860096721894ae2f5036cfc8d61ee1,0,1,7185,0,7185,1776769777,2026-05-08T06:10:10+00:00
413150,Stardew Valley,223772943,koreana,스듀는 나의 또 다른 세계,False,True,1776777729,1776777729,True,False,False,0,0,0.5,0,8ced002273c02f3c5f826e24ec4f278e4821cb0548927b10fe1bed3976f86a8a,0,1,9089,3736,5115,1778170051,2026-05-08T06:10:10+00:00
413150,Stardew Valley,223771035,koreana,이만한 게임도 없는것 같습니다.,False,True,1776775750,1776775750,True,False,False,0,0,0.5,0,8ff3f59b3407e52438d0e96da8d0815562122f7af12b0bf906345f0277e0f1c4,0,1,15333,777,14525,1777708611,2026-05-08T06:10:10+00:00
413150,Stardew Valley,223768829,koreana,"미친게임, 걍 영원히 자고 일어나고를 반복하며 연속 8시간씩 플레이함",False,True,1776773195,1776773195,True,False,False,0,0,0.5,0,b458fbac943cc43c6faccf3d88744a50dd6c08c7527c43c5a61ec5644acfbb80,3,1,7767,2068,5659,1778163755,2026-05-08T06:10:10+00:00
413150,Stardew Valley,223763549,koreana,힐링된다,False,True,1776766197,1776766197,True,False,False,0,0,0.5,0,552e18ac2f33c2ef8454d7fa7985df4db5070acef253f7c6246623f2f9c79ca1,3,1,87377,480,86756,1778213870,2026-05-08T06:10:10+00:00
413150,Stardew Valley,223761814,koreana,농사. 한다.,False,True,1776763579,1776763579,True,False,False,0,0,0.5,0,48d151d6697bf646b2ff164759cf9e6e62374591aae18779ed8a458e4d9657e0,0,16,5195,0,5195,1776517448,2026-05-08T06:10:10+00:00
413150,Stardew Valley,223753083,koreana,개쩌는 힐링겜 패드로도 함,False,True,1776748037,1776748037,True,False,False,0,0,0.5,0,2860fd8a4743ca67841d06ae303c655c5cc107f2500f973d86ed41a4040c347f,0,2,4473,1735,1332,1778185209,2026-05-08T06:10:10+00:00
413150,Stardew Valley,223694494,koreana,2D로 농사짓다가 친구집 테레비 다 뜯어오고 창문 다 뜯어와서 불법 증축을 하는 게임,False,True,1776682512,1776682512,True,False,False,1,1,0.523809552192688,1,34c6c21b5e07fd3d574530eddeeeda386370035417494aa7385bd873f6f0082d,17,15,1006,0,1006,1776682530,2026-05-08T06:10:10+00:00
413150,Stardew Valley,223693513,koreana,재밌어욥,False,True,1776681067,1776681067,True,False,False,0,0,0.5,0,164170cfe83885249437d7454757a525a270d5dffdb499f5cdac0ebff5371e77,0,2,24981,181,24182,1777213739,2026-05-08T06:10:10+00:00
413150,Stardew Valley,223684651,koreana,흠 그닥 재밌는거 잘 모르겠는데 이제 모드 깔아봐야할듯?,False,True,1776666025,1776666025,True,False,False,0,1,0.4545454680919647,0,d48465adbb2ac9e63aee261701fe80360fe5a1965d9e4f650de5fbfcfe7e4881,0,2,43056,0,43056,1733853006,2026-05-08T06:10:10+00:00
413150,Stardew Valley,223680097,koreana,인생,False,True,1776658560,1776658560,True,False,False,0,0,0.5,0,9cac9802193e56a026d8280bd864cd37f0b737528d85c5f017a24fd483e314e2,0,1,29059,3408,24838,1777980645,2026-05-08T06:10:10+00:00
413150,Stardew Valley,223674908,koreana,"모드없이 1500시간 넘게 한 유저입니다. 
막노동 게임 좋아하시면 이보다 좋은 게임은 없을 것이라 생각하고요 
업뎃도 안 할 것 같이 굴면서 쫌쫌따리 계속 해주는 효자겜이고 
질리면 새계정 파서 첨부터 다시 굴리고 리텍 정도는 좀 바꿔주고 이러면 
저는 진짜 안 질리더라구요 걍 돈 버는데 눈 벌게 져서 하루종일 뺑이 치고있어요

많은 분들이 이미 이 게임을 해보셨고 원래 인기 많은 게임이지만 
혹시 새로 시작하신다면 모드 없이 해보시는 걸 정말정말정말 추천드립니다. 
치트도 비추!!!! 치트나 모드 하다보면 물자에 대한 감각이 초반부터 떨어져서 
더 쉽게 질리실 것 같다는 생각이 듭니다. 

모드로 광산 밀고 모드로 농작물 키우고 이런 것보다 진짜 내 농장 내 농산물
나의 가축들이라는 마음으로 키우다보면 진엔딩 볼때 너무 뿌듯해져요... 
정말 추천드립니다 !!!!!!!!!!!!!!!!!!!!!!!!!!!! 빨리 샌디 클린트랑도 연애하고 싶어요",False,True,1776651280,1776651280,True,False,False,0,0,0.5,0,a4cebf802e37437191eb13d111cd9fe1521b0a013cd3af62c29defc0377e5808,0,2,93771,0,93771,1776640193,2026-05-08T06:10:10+00:00
413150,Stardew Valley,223662243,koreana,"⠄⠄⠄⠄⠄⠄⠄⠄⠄⠄⠄⠄⠄⠄⠄⠄⠄⠄⠄⠄⠄⢀⣀⡀⠄⠄⠄⠄⠄⠄⠄⠄⠄⠄⠄⠄⠄⠄⠄⠄⠄⠄⠄⠄⠄⠄⠄⠄⠄⠄
⠄⠄⠄⠄⠄⠄⠄⠄⠄⠄⠄⠄⠄⠄⠄⠄⠄⠄⣀⣴⣿⠃⠄⠄⠣⠄⠄⠄⠄⠄⠄⢀⡤⠄⠄⠄⠄⠄⠄⠄⠄⠄⠄⠄⠄⠄⠄⠄⠄⠄
⠄⠄⠄⠄⠄⠄⠄⠄⢠⠄⠄⠄⠄⠄⠄⠄⠄⣴⠟⢻⣇⣠⣤⣴⣶⣶⣤⣀⠄⠄⢠⣾⡇⠄⠄⠄⠄⠄⠄⠄⠄⠄⠄⠄⠄⠄⠄⠄⠄⠄
⠄⠄⠄⠄⠄⠄⠄⠄⢸⣧⡀⠄⠄⠄⠄⠄⣸⢏⣄⣈⣭⣿⣿⣿⣿⣿⣿⣿⣆⣀⢸⣿⣇⠄⠄⠈⢳⣦⡀⠄⠄⠄⠄⠄⠄⠄⠄⠄⠄⠄
⠄⠄⠄⠄⠄⠄⠄⠄⠄⢻⣿⣶⣤⣀⣀⣠⣿⣿⣿⣿⣿⣿⣿⣿⣿⣿⣿⣿⣿⣿⣿⣿⣿⣆⡀⠄⠄⣿⣿⡄⠄⠄⠄⠄⠄⠄⠄⠄⠄⠄
⠄⠄⠄⠄⠄⠄⠄⠄⠄⠄⠛⢿⣿⣿⣿⣿⣿⣿⣿⣿⣿⣿⣿⣿⣿⣿⣿⣿⣿⣿⣿⣿⣿⣿⣿⣷⣤⣿⣿⡧⠄⠄⠄⠄⠄⠄⠄⠄⠄⠄
⠄⠄⠄⠄⠘⢷⣶⣶⣤⣤⣶⡖⠉⠁⠹⣿⣿⣿⣿⣿⣿⣿⣿⣿⣿⣿⣿⣿⣿⣿⣿⣿⣿⣿⣿⣿⣿⡿⠟⠋⣹⡿⠛⠛⢢⠄⠄⠄⠄⠄
⠄⠄⠄⠄⠄⠄⠙⠻⠿⣿⣿⣶⣶⣀⣼⣿⣿⣿⣿⣿⣿⣿⣿⣿⣿⣿⣿⣿⣿⣿⣿⣿⣿⣿⣿⣿⡁⠄⢀⣼⡿⠄⠄⠄⠄⡇⠄⠄⠄⠄
⠄⠄⠄⠄⠄⠄⠄⣠⣿⣿⣿⣿⣿⣿⣿⡿⠋⣴⡟⠉⢩⢻⣿⣿⣿⣿⣿⣿⣿⠟⢿⣿⣿⣿⠿⣿⠛⢻⡿⠋⠄⠄⠄⠄⢠⠁⠄⠄⠄⠄
⠄⠄⠄⠄⠄⠄⣸⣿⡿⠏⣽⣿⣿⣿⠏⠄⢸⣿⣷⣾⣿⣿⣿⣿⣿⣿⡿⢹⣿⣄⣸⣿⣿⣿⣀⢸⣏⠄⡜⠄⠄⠄⠄⡰⠁⠄⠄⠄⠄⠄
⠄⠄⠄⠄⠄⠄⣿⡟⠄⢸⣿⣿⣿⠛⠲⣤⣸⣿⣿⣿⣿⣿⣿⣿⣿⡿⠁⢸⣿⣿⣿⣿⣿⣿⣿⣿⣿⣦⡤⠄⢀⠤⠊⠄⠄⠄⠄⠄⠄⠄
⠄⠄⠄⠄⠄⠄⢻⠁⠄⢸⣿⣿⠧⢤⣄⠈⠹⣿⣿⣿⣿⣿⣿⡿⠿⠿⠲⠶⢿⣿⣿⣿⣿⣿⣿⣿⣿⣭⣴⣶⣧⣀⠄⠄⠄⠄⠄⠄⠄⠄
⠄⠄⠄⠄⠄⠄⠄⠄⠄⠈⢿⣟⡀⠄⠄⡛⢦⠈⣿⣿⣿⠿⠋⣀⣀⣀⣀⣀⣘⣿⣿⣿⣿⣿⣿⣿⣿⣿⣿⣿⣿⣿⡿⠿⠁⠄⠄⠄⠄⠄
⠄⠄⠄⠄⠄⠄⠄⠄⠄⢀⣼⣿⡇⠄⠄⠁⠈⢀⡿⠿⣿⡆⠄⠄⠈⠋⠑⠄⠈⠉⢿⣿⣿⣿⢿⣿⣿⣿⡿⢿⣧⠄⠄⠄⠄⠄⠄⠄⠄⠄
⠄⠄⠄⠄⠄⠄⠄⠄⠄⣼⣿⣿⡇⠄⠐⠂⠄⠄⠄⠄⠉⠛⠦⠄⠄⠈⠄⠄⠄⢀⣼⣿⣿⣿⠄⡄⣿⣿⣧⠈⠟⠄⠄⠄⠄⠄⠄⠄⠄⠄
⠄⠄⠄⠄⠄⠄⠄⠄⠄⠹⠸⣿⢀⠄⠄⠄⠄⠄⠄⠄⠄⠄⠄⠄⠄⠄⠄⠄⢤⣿⣿⣿⠟⠄⠄⢠⣿⣿⣿⠷⠂⠄⠄⠄⠄⠄⠄⠄⠄⠄
⠄⠄⠄⠄⠄⠄⠄⠄⠄⠄⠄⠙⠈⢄⠄⠄⠄⠄⠄⠄⠄⠄⠄⠄⠄⠄⠄⠄⢸⢻⣿⣏⣈⣥⡖⠻⣿⣿⣿⣤⡀⠄⠄⠄⠄⠄⠄⠄⠄⠄
⠄⠄⠄⠄⠄⠄⠄⠄⠄⠄⠄⠄⠄⠄⠡⡀⠄⠄⠄⠄⠄⠄⠄⠄⠄⠄⠄⠄⡲⠚⡟⠸⠛⢻⣟⣂⣁⣀⣿⣿⣷⣶⠄⠄⠄⠄⠄⠄⠄⠄
⠄⠄⠄⠄⠄⠄⠄⠄⠄⠄⠄⠄⠄⠄⠄⠈⠢⡀⠄⠄⠄⠄⠄⣀⣠⣄⡶⠭⣔⠒⠟⠉⠉⠁⠄⠄⠄⠉⠉⠙⠛⠛⠿⡆⠄⠄⠄⠄⠄⠄
⠄⠄⠄⠄⠄⠄⠄⠄⠄⠄⠄⠄⠄⠄⠄⠄⠄⠈⢐⣒⠤⠞⠋⠍⠑⣀⡈⠁⠄⠄⠄⠄⠄⠄⠄⠄⠄⠄⠄⠄⠄⠄⠄⠈⠐⢄⡀⠄⠄⠄
⠄⠄⠄⠄⠄⠄⠄⠄⠄⠄⠄⠄⠄⠄⢀⡠⠔⠊⠁⠄⠄⠄⢀⣔⠿⠹⣛⢟⣆⠄⠄⠄⠄⠄⠄⠄⠄⠄⠄⠄⠄⠄⠄⠄⠄⠄⠈⠢⡀⠄
⠄⠄⠄⠄⠄⠄⠄⠄⠄⠄⠄⠄⠄⠐⡁⠄⠄⠄⠄⠄⠄⠄⢸⡎⣬⣦⣼⡇⢉⡆⠄⠄⠄⠄⠄⠄⠄⠄⠄⠄⠄⠄⠄⠄⠄⠄⠄⠄⠈⠢
⠄⠄⠄⠄⠄⠄⠄⠄⠄⠄⠄⠄⠄⠄⣷⡀⠄⠄⠄⠄⠄⠄⠈⢥⡈⠟⣀⣊⠞⠄⠄⠄⠄⠄⣀⣀⡀⠤⠄⠄⡀⠄⠄⠄⠄⠄⠄⠄⠄⢰
⠄⠄⠄⠄⠄⠄⠄⠄⠄⠄⠄⠄⠄⢀⣿⣷⠄⠄⠄⠄⠄⠄⠄⠄⠈⠉⢉⣀⣤⡤⠶⠾⠉⠓⠢⠤⢀⡀⠄⠠⠄⠈⣢⠄⠄⠄⠄⠄⢠⠃


이세계 와이프는 실존한다...!",False,True,1776635472,1776635472,True,False,False,0,0,0.5,0,374a0f2d0c5d62332083706ec8a6a13a37fcb231d251125d9c8343849b28b858,0,1,11132,0,11132,1760797257,2026-05-08T06:10:10+00:00
413150,Stardew Valley,223625716,koreana,분명한시간한거같은데열두시간지나잇어요,False,True,1776607029,1776607029,True,False,False,0,0,0.5,0,1fa7bd1a1d2fde6f5db64f661631e6a8aa24e6902772bb60200ca62cf84b5d2b,0,1,13012,3661,8377,1778218761,2026-05-08T06:10:10+00:00
413150,Stardew Valley,223610144,koreana,농장경영게임 너무 좋아하는데 내 취향의 게임이 있다니 최고다. 인생게임. 제작사가 게임에 대한 애정이 있어서 날잡아 대규모업데이트도 종종 해준다. 모드 깔면 새 게임같은 느낌으로 다시 시작할수 있다.,False,True,1776593463,1776593463,False,False,False,0,0,0.5,0,ecea995f2bc231b77ed680b7d6b834c2569feede5b701144f4150babddb13bfb,0,3,121598,57,121475,1777191651,2026-05-08T06:10:10+00:00
413150,Stardew Valley,223607057,koreana,TASTE GOOD,False,True,1776590369,1776590369,True,False,False,0,0,0.5,0,1ad1586bd4d936f7ac0b1f7d66de6fc844c412c77054997a5083e780a2cbf7e3,0,1,18093,577,17514,1777888239,2026-05-08T06:10:10+00:00
413150,Stardew Valley,223601633,koreana,따흐앙앙ㅇ아ㅏ아아앙,False,True,1776584655,1776584655,True,False,False,0,0,0.5,0,bb00d16038610735b3751852a97914f305847f9c1e25d22dbccd87c2ab9ceb73,0,2,11200,75,11124,1778173151,2026-05-08T06:10:10+00:00
413150,Stardew Valley,223592227,koreana,이번 마을은 꼭 여유롭게 즐기면서 해야지,False,True,1776573232,1776573232,True,False,False,0,0,0.5,0,8875f5907dbd4ddd3cecaa9820928f40215262e6605a187a87acc37a2b89c30f,0,1,27844,2370,24153,1778220065,2026-05-08T06:10:10+00:00
413150,Stardew Valley,223585506,koreana,재밌 시간 가는 줄 모르고 하는 겜,False,True,1776565432,1776565432,True,False,False,0,0,0.5,0,054ea3f0c84a6b14036d9c8ebb17d8988121406643306ee84063caf6416c95bd,0,9,9436,0,9436,1776437888,2026-05-08T06:10:10+00:00
413150,Stardew Valley,223583428,koreana,"폴아웃, 스카이림, 굶지마 , 워프레임 , 디아블로 , v 라이징, 러스트 , 펠월드 , 배틀그라운드, z days , 좀보이드 를 피해 안전한 스타듀벨리로 꺼졌다 brooo",False,True,1776562904,1776562904,True,False,False,0,0,0.5,0,27f1778f0e2de0b0e1866a190c13978efd5104cfe4a110f2a5bc49b9451805ee,0,14,5183,1140,3215,1778037722,2026-05-08T06:10:10+00:00
413150,Stardew Valley,223547179,koreana,"어려분 단체방에 죄송하지만 글 하나만 젇겠습니다.
안녕세바스찬아너를처음본순간부터좋아했어방학전에고백하고싶었는데바보같이그땐용기가없더라지금은이수많은사람들앞에서오로지너만사랑한다고말하고싶어서큰마음먹고용기내어봐매일매일버스에서너볼때마다두근댔고동아리랑과활동에서도너만보이고너생각만나고지난3월부터계속그랬어니가여자친구랑헤어지고니맘이아파울때내마음도너무아팠지만내심좋은맘두있었어이런내맘을어떻게말할지고민하다가정말인생에서제일크게용기내어세상에서제일멋지게많은사람들앞에서너한테고백해주고싶었어사랑하는세바스찬님내남자가되줄래?아니나만의태양이되어줄래?난너의달님이될게내일3시반에너수업마치고학관앞에서기다리고있을게
",False,True,1776529085,1776529085,True,False,False,2,0,0.5454545617103577,0,2f513075ed65f3ea403f87cd0b0c9a532aea888a952d0ed51e60a652d0b8c313,22,6,7842,0,7842,1759050396,2026-05-08T06:10:10+00:00
413150,Stardew Valley,223540721,koreana,인생게임,False,True,1776524664,1776524664,True,False,False,0,0,0.5,0,6fee3cadd833c4a7f78bf08ab15eb96fe0c0b3b499ee65dccdf4102122d50528,0,2,4566,219,3937,1777294749,2026-05-08T06:10:10+00:00
413150,Stardew Valley,223535255,koreana,사이버 농사 하느라 손목 박살,False,True,1776520708,1776520708,True,False,False,0,0,0.5,0,f2bf92af5492bbaa34884c7ca33f4a2d6771b4eeac30f5d3b545a91ea36a9b30,0,27,3186,775,243,1777643472,2026-05-08T06:10:10+00:00
413150,Stardew Valley,223524152,koreana,"스타듀밸리는 인생 게임이 아니에요.
그냥 인생입니다.",False,True,1776511180,1776511180,True,False,False,4,1,0.5833333134651184,0,cd436d5c4ea3aa7209b4fd4f0231744669bbab77e25f0f20ce2c327e6be0acf2,0,1,61644,1059,60006,1777924937,2026-05-08T06:10:10+00:00
413150,Stardew Valley,223511833,koreana,"존잼
",False,True,1776497976,1776497976,True,False,False,0,0,0.5,0,359d5ef505807e1f00946b6c5fb53eec28cdeb336ae5ad11945d43a94bfb1431,0,4,500,0,497,1776498166,2026-05-08T06:10:10+00:00
413150,Stardew Valley,223506935,koreana,재밌음,False,True,1776491841,1776491841,True,False,False,0,0,0.5,0,fd114ab1d66b5fa8e62889fe8aefd50ee9e05a4ab31098fa02e429e0c233f367,0,2,532,72,284,1777707017,2026-05-08T06:10:10+00:00
413150,Stardew Valley,223461022,koreana,인생게임,False,True,1776444572,1776444572,True,False,False,0,0,0.5,0,3351ebcfc09307484e647b0bbb56ef6a64d89a8e8519442ee1ab097d39b7afd9,0,23,17519,0,17519,1774275733,2026-05-08T06:10:10+00:00
413150,Stardew Valley,223450160,koreana,개재밌음,False,True,1776436434,1776436434,True,False,False,0,0,0.5,0,b23e55ff187dd39c7cb5437ba1cf3df56e6165a0f140b8ebf3dcf8f3012a6fc5,0,1,8648,1749,6738,1778219142,2026-05-08T06:10:10+00:00
413150,Stardew Valley,223436514,koreana,tlqkf zz,False,True,1776424057,1776424057,False,False,False,0,0,0.5,0,ea1289951ab9d85466e7d23d6a1f950bfe9de93f5877bd139bb9fce1817ac5c2,0,60,7057,645,6056,1777744737,2026-05-08T06:10:10+00:00
413150,Stardew Valley,223426553,koreana,nice!,False,True,1776411795,1776411795,True,False,False,0,0,0.5,0,72509d7ec15aa4945c3c5cbbce27b18365c216e93b062a409d3a164306248bd0,0,77,1458,0,1430,1776413518,2026-05-08T06:10:10+00:00
413150,Stardew Valley,223412056,koreana,"진저섬 뚫으면 새로 농장파는(?) 병이 있어서 아직도 진엔딩을 못봤지만..진짜 재밌슴니다
할때마다 새롭고 할일이 무지막지하게 많습니다..^^",False,True,1776391331,1776391331,True,False,False,0,0,0.5,0,06010d210e23e3d88c0151958d0d90c147a4bf3b6404f28ca09e74a2efc587b7,0,1,23397,271,23030,1777886974,2026-05-08T06:10:10+00:00
413150,Stardew Valley,223407551,koreana,470시간을 하고 나서야 아 내가 물렸구나 생각했습니다,False,True,1776384605,1776384605,True,False,False,0,0,0.5,0,a7a2fcf1e354ba88771247b3da9b8e38b794182e9715cba7a0c3551126633d84,0,1,28614,0,28614,1742268276,2026-05-08T06:10:10+00:00
413150,Stardew Valley,223395187,koreana,처음 들어갈 때 마우스 클릭음과 그 정겨운 음악. 절대 잊을 수 없다.,False,True,1776369415,1776369415,True,False,False,1,0,0.523809552192688,0,6ccba9fb75f061d03a12ed8507e1a96aa210be856d271084e3bc2bc60ab2c3de,22,14,8823,0,8823,1772459366,2026-05-08T06:10:10+00:00
413150,Stardew Valley,223379709,koreana,700시간쯤 했더니 조금 질려요,False,False,1776354184,1776354184,True,False,False,0,1,0.43478259444236755,0,13eba7a657c245663edc9823a21ef7fe994b06ec5317a13d6b5420e4c68a4f1f,0,2,44704,0,44704,1775833336,2026-05-08T06:10:10+00:00
413150,Stardew Valley,223376756,koreana,스듀가 내 인생이야,False,True,1776351342,1776351342,True,False,False,0,0,0.5,0,6d9c052fbf4d0b1d7ee7247175b17a7edfa9b9e0a81b98985e5c3e92dd102396,0,1,4323,2367,1919,1778174171,2026-05-08T06:10:10+00:00
413150,Stardew Valley,223369619,koreana,"정말 재밌어오
",False,True,1776343869,1776343869,True,False,False,0,0,0.5,0,dcebebc5346a83b13f5a6edfc17168f84da2907056467f2c874746ac66db0cc5,0,2,7719,1955,5336,1778160744,2026-05-08T06:10:10+00:00
413150,Stardew Valley,223364288,koreana,이건 게임이 아니라 인생이네요.,False,True,1776336421,1776944201,True,False,False,0,0,0.5,0,7c8417149d2ebcaf9d871be17f91b3198fcd970b810e768bb7c7f8d8d4526b48,0,31,9922,0,9922,1776801912,2026-05-08T06:10:10+00:00
413150,Stardew Valley,223357789,koreana,아 할거 존나없네,False,True,1776325636,1776325636,True,False,False,0,0,0.5,0,c9227148dacdf1690ccffda463ddc7802ac1933d16e568e2196427bc0b9c4562,0,1,23249,0,23249,1776325566,2026-05-08T06:10:10+00:00
413150,Stardew Valley,223348763,koreana,내 시간 어디로 사라짐???,False,True,1776309561,1776309561,True,False,False,1,0,0.523809552192688,0,bb00519e7fae33af2acabcbff0dae58484a74726fa58b5944bdfee7e8337530b,0,13,2001,0,2001,1776309230,2026-05-08T06:10:10+00:00
413150,Stardew Valley,223347159,koreana,"왜 시골에는 미소녀가 없는데
",False,True,1776307085,1776307085,True,False,False,0,0,0.5,0,cd60ffe0da8d290045820ebecbe545412b4a1b07d8e8982d4befe5db8ca3517c,0,2,387,0,375,1776308274,2026-05-08T06:10:10+00:00
413150,Stardew Valley,223343641,koreana,리텍스처를 사용하면 참한 농촌 청년들과 미연시를 즐길 수 있습니다^^,False,True,1776301945,1776301945,True,False,False,0,0,0.5,0,e4ee8b19554419c613d4c6a3e0c32517d86e9c872007e3b6f32a792d73197ece,0,1,7098,0,6985,1776820828,2026-05-08T06:10:10+00:00
413150,Stardew Valley,223338385,koreana,컨텐츠가 끊이질 않는다. 무한하다. 시간을 무한히 투자할 수 있다.,False,True,1776294003,1776294003,True,False,False,0,0,0.5,0,94f93e47a8449b42cd2ed7486915427ad8b05d10c244cda4db6daf6d1a958b11,0,3,25288,1,25288,1777915130,2026-05-08T06:10:10+00:00
413150,Stardew Valley,223284374,koreana,진짜 최고의 힐링 게임 갓겜 근데 난 일만함,False,True,1776221782,1776221782,True,False,False,0,0,0.5,0,24a1c07bc1dc60f014025cd3894622ff6f44c482fc563172a18a1e9f8a82433c,0,10,6510,0,6499,1776919659,2026-05-08T06:10:10+00:00
413150,Stardew Valley,223279262,koreana,갓겜,False,True,1776214138,1776214138,True,False,False,1,0,0.523809552192688,0,1ec6e3e5ce87227159b4ec303c3adac74377d6f45afdb76f093da581dbda666c,0,1,10177,1713,8464,1778172555,2026-05-08T06:10:10+00:00
413150,Stardew Valley,223276604,koreana,"감히 스팀 최고의 농사 힐링 겜이라고 단언할 수 있다
그래픽이 아기자기해서 힐링감성을 더해준다
수급처보다 소비처가 많아 재료의 소중함을 알게 해주는 밸런싱
때문에 자원을 모아 업글했을떄의 성취감이 최상급
모드 창작마당이 없고 넥서스에서 모드 다운해야 하는 것이 유일한 단점",False,True,1776210339,1776210538,True,False,False,6,0,0.598540186882019,0,afb8882faa049521a8c10d602fb75d712994870f69a226ae97ac3d330551136b,0,7,13786,0,13786,1771668721,2026-05-08T06:10:10+00:00
413150,Stardew Valley,223260112,koreana,Goat,False,True,1776191349,1776191349,True,False,False,0,0,0.5,0,f55c41faff635453ca60d211d29dc5139c020c3a3e2e83ef6838371969dac78b,0,5,11405,0,11405,1766457238,2026-05-08T06:10:10+00:00
413150,Stardew Valley,223248139,koreana,구웃~!,False,True,1776180141,1776180141,True,False,False,0,0,0.5,0,b51475bebde52450cd2da195af1992c004346287463ad6737b7cf3f74e739feb,0,1,3962,1407,1003,1777649717,2026-05-08T06:10:10+00:00
413150,Stardew Valley,223234926,koreana,아직까진 농부가 아니고 나무꾼 느낌이긴 한데 어쨌든 재밌음,False,True,1776164927,1776164927,True,False,False,0,1,0.5,0,ac11e32b55cdd1735578f01c17d17ea151a46a647371915fd865cd6577f9784c,0,11,6416,2809,225,1778069048,2026-05-08T06:10:10+00:00
413150,Stardew Valley,223224274,koreana,"Do you want a peaceful life? Friends? Pretty women - or alcoholic men - yerning for your attention? Stacks of cash? Well you can't have them! But you can simulate it for the low, low price of however much this game costs when you buy it",False,True,1776145776,1776145776,True,False,False,0,0,0.48228347301483154,0,e20f39cd531028bb0e3bc17938cec2fd7040d6e3040ffcedfdab2be025dc8731,0,6,849,0,849,1776058565,2026-05-08T06:10:10+00:00
413150,Stardew Valley,223210808,koreana,위키를 끄면 답답할 순 있어도 재미있어지는 게임,False,True,1776122954,1776122954,True,False,False,0,0,0.5,0,89196e0c77f7fc44f140c322f4dcf2948dd9bfa9f4f397c874fae6719884e6af,106,26,26054,0,26054,1715098349,2026-05-08T06:10:10+00:00
413150,Stardew Valley,223209698,koreana,재미있어요!,False,True,1776121298,1776121298,True,False,False,0,0,0.5,0,1eacaad7fbaf798e3b101e4e3acb71e5666378e0fbff71df4fdc574f614ecbcc,0,2,5048,1667,594,1778217893,2026-05-08T06:10:10+00:00
413150,Stardew Valley,223194878,koreana,재밌습니다,False,True,1776104456,1776104456,True,False,False,0,0,0.5,0,3008706a2ddfcbbf27de5055abeb5a55ec5ab0d8f59ae9b634da81af735caff3,0,9,920,0,916,1776104680,2026-05-08T06:10:10+00:00
413150,Stardew Valley,223182556,koreana,알렉스 복근이 세상을 구한다,False,True,1776091984,1776091984,True,False,False,0,0,0.5,0,85cabacefd3b32b1a69bb9846ef44da00f412b5e3f672cc0d4721bbab058d5fe,0,1,18096,161,16635,1777564697,2026-05-08T06:10:10+00:00
413150,Stardew Valley,223176487,koreana,진저섬부터 시작인듯한 게임,False,True,1776085496,1776611466,True,False,False,0,0,0.5,0,2769a08138cc9de6c0e8b877730bea5a337e471b2e9ceca2ba7bf82f4cabbb74,79,27,13911,4648,8076,1778204259,2026-05-08T06:10:10+00:00
413150,Stardew Valley,223173881,koreana,조금 해봤는데 재밌어요,False,True,1776082254,1776082254,True,False,False,1,0,0.523809552192688,0,e7cbb9d174d7e8dc27ef932a8fc4ddeb745d102caa4ec12cea71709802827f1d,0,1,61023,113,60617,1777470742,2026-05-08T06:10:10+00:00
413150,Stardew Valley,223173424,koreana,내 현실은 여기다,False,True,1776081623,1776081623,True,False,False,0,0,0.5,0,6873c38c2ee14eb2ab5a5d3794518ec1c09a6050a2375651fed7f241c72dbf1e,0,2,4610,368,3330,1777378573,2026-05-08T06:10:10+00:00
413150,Stardew Valley,223155209,koreana,참 잘생겼네요.,False,True,1776048526,1776048526,True,False,False,0,0,0.5,0,9168a7a04ae4a50119f0213d1c23788fda4327e9cb198a9b23854651f3d17ab0,0,11,2859,27,2831,1777431249,2026-05-08T06:10:10+00:00
413150,Stardew Valley,223114762,koreana,최고의 힐링게임,False,True,1776007592,1776007592,True,False,False,0,0,0.5,0,3da54bcbae53e53cfd62f2697b1f19b31a8d708efac0d11c31954ce92ce5b06f,0,1,36378,198,33808,1777532108,2026-05-08T06:10:10+00:00
413150,Stardew Valley,223111848,koreana,시골 마을 비리를 파헤쳐 시장 팬티 50장 훔치는 게임,False,True,1776005359,1776005359,True,False,False,0,0,0.5,0,a344b6c51eb26fd683f9f070ce4ef56d2bf13ac41059d3f1774458248efcc4ac,57,7,13487,0,13487,1774070025,2026-05-08T06:10:10+00:00
413150,Stardew Valley,223109308,koreana,개재밌다싹다그냥내침실로.,False,True,1776003365,1776003365,True,False,False,0,0,0.5,0,ed2d7d1429db58fc279ec3ab02063801bd8b5b27cfd1cf898d4c4efb7ceb5672,0,1,22712,363,21336,1778161479,2026-05-08T06:10:10+00:00
413150,Stardew Valley,223108858,koreana,나를 망친 주범.,False,True,1776003004,1776003004,True,False,False,1,0,0.523809552192688,0,17582c027a8acdef8740b5c702f8e973b9ce3b90e8cb7f89f38663615f81a439,0,2,42133,0,42133,1747747213,2026-05-08T06:10:10+00:00
413150,Stardew Valley,223100969,koreana,"Sam, you’re mine",False,True,1775995826,1775995826,True,False,False,0,0,0.5,0,3074b6d0b4a9a78cf844d3032111f487330aaceaa4d6a5bfa0b9bf5ef43b3517,26,2,22566,0,22566,1770819295,2026-05-08T06:10:10+00:00
413150,Stardew Valley,223100550,koreana,언제나 재밌습니다. 요즘 다른 계정으로 해서 시간이 적지만 한 달 쯤 했습니다,False,True,1775995411,1775995411,True,False,False,0,0,0.5,0,f5a6caee3d8e1873e55c9ac91d0585d397438d321c19e31c775ffdd155b22ec0,0,10,1976,0,1869,1776001839,2026-05-08T06:10:10+00:00
413150,Stardew Valley,223095311,koreana,i cant find the game like stardewvalley this is wonderful game,False,True,1775989807,1775989807,False,False,False,0,0,0.5,0,6a34883c6a32264c8a871aae06cf8a088cc8a319ff726f69d434c481323b1511,0,1,675,0,662,1775995949,2026-05-08T06:10:10+00:00
413150,Stardew Valley,223084878,koreana,최고,False,True,1775977494,1775977494,True,False,False,0,0,0.5,0,4c44c72034b298bc2c9a7388399ebbe6e9ab215e7f85587ba16656582b7a4add,0,2,21541,0,21541,1775977405,2026-05-08T06:10:10+00:00
413150,Stardew Valley,223084524,koreana,"농사 하는 게임에 볼게 뭐가 있다고 [spoiler] 쨍그랑!!!!!!! [/spoiler]
",False,True,1775977016,1775977016,True,False,False,0,0,0.5,0,2a736a80feedab4b8b5c85dce3bd08a8e6667175fcff2c43d8049a5875985cfa,0,5,10759,0,10759,1761302517,2026-05-08T06:10:10+00:00
413150,Stardew Valley,223081891,koreana,재밌음,False,True,1775973572,1775973668,True,False,False,0,0,0.5,0,12d41f8d1cdb630f6e29156f8df19f5be5d7f3e7479cc3fdbb84c19cec096749,0,1,5723,1091,4338,1777970933,2026-05-08T06:10:10+00:00
413150,Stardew Valley,223079073,koreana,WOAtma,False,True,1775969974,1775969974,True,False,False,0,0,0.5,0,9aaa7231cbcad2aed46ae37252fef63b01d6487b219ea3f3ef929ae159f9234b,5,1,5756,189,4094,1777642151,2026-05-08T06:10:10+00:00
413150,Stardew Valley,223064168,koreana,노가다,False,True,1775952029,1775952029,True,False,False,0,0,0.5,0,a5c9fef4dcc88eca6a2b54f0da392fb376fa5a8639bc44e1152c916ef3103a24,0,6,15851,591,13666,1777189471,2026-05-08T06:10:10+00:00
413150,Stardew Valley,223034597,koreana,진짜 넘 재밌어요..ㅠㅠ 한 번 하면 시간 가는 줄 모르고 계속 하게 되는 게임임..,False,True,1775925060,1775925060,True,False,False,1,0,0.5,0,0e1dcda4633ddcae021cb5671202cf9a02ed97ac272077fb181e183be6efba50,0,1,10725,0,10678,1775928636,2026-05-08T06:10:10+00:00
413150,Stardew Valley,223026723,koreana,good,False,True,1775918898,1775918898,True,False,False,0,0,0.5,0,ec3bdf20d4382b5deb7c86d92dbb119dd2e2b3f46cd7a2a6de481ad65a0b7c0b,0,2,3480,2471,191,1778218240,2026-05-08T06:10:10+00:00
413150,Stardew Valley,223021223,koreana,"120시간해도 초보인 이 게임 너무 너무 재미있고 시간 순삭됩니다;;
그동안 구매한 겜 중에 후회1도 안 나는 겜이 이게 처음;;
만약 힐링 좋아하신데 rpg까지 좋아하신다? 전혀 후회 안 해요!!",False,True,1775914392,1775914392,True,False,False,0,0,0.5,0,203adb05504d5ab7fe4d2017d8450fc9512a1244df91662b390314ea4cd8bb8c,0,1,7989,0,7233,1776587971,2026-05-08T06:10:10+00:00
413150,Stardew Valley,223013218,koreana,:D,False,True,1775906598,1775906598,True,False,False,0,0,0.5,0,8b170e0b39771a05ea4fb463aa5ce94163ee119e629ce2dde111a9048de56686,0,2,3951,0,3936,1775907468,2026-05-08T06:10:10+00:00
413150,Stardew Valley,223008522,koreana,마음이 힐링되고 편안해지는 웰메이드 게임.,False,True,1775901139,1775901139,True,False,False,0,0,0.5,0,6faeba46c7ba0f6494075deb91b7672e477435f6e2a718ecc05a283402a0f56b,0,1,2548,0,1795,1776686858,2026-05-08T06:10:10+00:00
413150,Stardew Valley,222999129,koreana,여기가 내 인생이노라,False,True,1775889104,1775889104,False,False,False,0,0,0.5,0,4c881327bc2fb8067a83bfaaec258194e55fd7a8c179ba73a70eb4babb99e8a0,0,1,102603,1931,96882,1777960155,2026-05-08T06:10:10+00:00
413150,Stardew Valley,222989194,koreana,나는 그냥 이 게임이 좋다.,False,True,1775876132,1775876132,False,False,False,0,0,0.5,0,57c622c600dbe297dce4dd90aa21ec662042a0d937c39e5f810c17b9657cb42f,0,4,17023,1189,15314,1778042604,2026-05-08T06:10:10+00:00
413150,Stardew Valley,222936464,koreana,잼써요,False,True,1775820002,1775820002,True,False,False,0,0,0.5,0,6428bbf51d5392c4a7a54d823d86e959718184e263f5a8edd2f15696c8901950,0,2,5990,781,3381,1777997296,2026-05-08T06:10:10+00:00
1245620,ELDEN RING,225013068,koreana,림그레이브부터 아즈라까지 모든 지역의 풍경과 오브젝트 하나하나가 신비롭다 명작,False,True,1778218254,1778218369,True,False,False,0,0,0.5,0,bc1c407ff103b036deb573a94fcd6fa1d22456d1721b2e291d622d10aaec5f49,13,2,4804,3979,4804,1778167936,2026-05-08T06:10:12+00:00
1245620,ELDEN RING,224977656,koreana,나도 때리자!!,False,True,1778176003,1778176003,True,False,False,0,0,0.5,0,dd702b4a5d253356bad3307b5e276e921b56b46ecb6d2326a539edf98130202d,0,48,7763,6395,7763,1778171506,2026-05-08T06:10:12+00:00
1245620,ELDEN RING,224949550,koreana,그 뭐냐 날 죽이지 못하는 고통은 날 더 강하게 만든다가 ㄹㅇ 맞말임,False,True,1778145874,1778145874,True,False,False,1,0,0.523809552192688,0,e2e9c3cf4b1b1c1f6a12f400f6568006bb55d6f3b6a4e6f3744dd1d16240c7d0,0,1,353,353,353,1778145845,2026-05-08T06:10:12+00:00
1245620,ELDEN RING,224912326,koreana,GOAT,False,True,1778093162,1778093162,True,False,False,0,0,0.5,0,cbd605a8132c24fe2250266576f75cb64dafcbef58f142e14031ca0f57d77ebb,0,5,11415,5686,10985,1778178616,2026-05-08T06:10:12+00:00
1245620,ELDEN RING,224896505,koreana,꿀잼 스토리 굿,False,True,1778077653,1778077653,True,False,False,0,0,0.5,0,ffc95479c207b23ca5172e5b7602a8311c3584cc1b6d65105232a760958fc5fb,0,1,5323,457,4945,1778165347,2026-05-08T06:10:12+00:00
1245620,ELDEN RING,224894966,koreana,쉽고 재밌어요,False,True,1778076099,1778076099,True,False,False,0,0,0.5,0,30dcfff58587fe7fedaf453b4491029ae24b4f4c8af15455d5a8f2e06d8ea35b,0,1,6526,2129,6339,1778169530,2026-05-08T06:10:12+00:00
1245620,ELDEN RING,224888974,koreana,흠.....ㅈ같은데..... 분명이 ㅈ같은데......,False,True,1778068998,1778068998,True,False,False,0,0,0.5,0,fd39538f1d6dc834e85e762e1c95a06202a90a1e4f6257075d2689a1ccdcc640,239,56,4505,3737,4221,1778195347,2026-05-08T06:10:12+00:00
1245620,ELDEN RING,224865224,koreana,10시간정도했고 아직도 림그레이브에서 놀고있는데 이런게임 첨해봐서 난이도 많이 높아서 힘들긴한데 못끄겠다 이름값하네 개추,False,True,1778029659,1778029659,True,False,False,1,0,0.523809552192688,0,04e8d47a70cde8c50795f988158e2031fc14ae80017745f4a0db03f5c94e6ac3,0,2,1040,1040,564,1778136851,2026-05-08T06:10:12+00:00
1245620,ELDEN RING,224864625,koreana,굳드,False,True,1778028769,1778028769,True,False,False,0,0,0.5,0,4680dc5748ecec58689ca5f0433290a776fa5afa2ae856958270cd2ca8715676,0,3,7257,82,7254,1778031291,2026-05-08T06:10:12+00:00
1245620,ELDEN RING,224861356,koreana,lowkey fun,False,True,1778024059,1778024059,True,False,False,0,0,0.5,0,12e53800fe8d0049ac0eca034ebde80479194c63f6e279588386a3c62158c6d8,20,1,2213,2213,1254,1778192881,2026-05-08T06:10:12+00:00
1245620,ELDEN RING,224808678,koreana,일단 해봐,False,True,1777962387,1777962387,True,False,False,0,0,0.5,0,9504b8704979af25dd537fb29dd5eaa2c52e3c68c76fceea0a6085f1d5e5fff7,106,14,11097,0,11097,1687540363,2026-05-08T06:10:12+00:00
1245620,ELDEN RING,224805780,koreana,"다크소울4.  세계관은다르지만 같은 마법 같은 무기 같은 모션 같은 몬스터들..  한층 진화한 디자인과 그래픽 그리고 같이 올라간 컴퓨터 사양.  이전작들에 비해 다양해진 보스들과 한층 업그레이드된 편의성. 그러나 현대인에겐 터무니없이 부족한 쓰잘데기없는 오픈월드.  달리느라 시간소비,  길가와 숲속에 쓸데없이 배치된 잡몹들. 무시하고 지나치는게 일상인 지역. 구석까지 뒤지다보면 꽤 괜찮은아이템이나오거나 쓰잘데기없는 아이템이 나오거나.  난 오픈월드의 이동시간을 굉장히 싫어한다.  숏컷도 억지로 끼워넣은느낌. 오픈월드 던전에 숏컷이 필요한가? 이렇게나 광활한 맵과  말의 이단점프까지 있는마당에?  거기다가 초반보스들은 나중에 그냥 길거리 명예몬스터로 주구장창나옴...  여기저기 쓰잘데기없는 템이라도 줍고자 탐험하는걸 즐긴다면 강추. 그러나 바쁜 현대인에게 오픈월드는 제발좀 그만나왔으면 한다 .  또한 프롬은 몇년이 지나야만 울트라와이드와 60프레임제한을 모드없이 쓸수있게 할까? 궁금하다",False,False,1777957324,1777957324,False,False,False,0,1,0.5,0,9ee61c1b2c9d80f065d1c9985512d8534b1b1bfa4c4ec065f6a35e14734dee76,0,47,2351,2322,1546,1778191938,2026-05-08T06:10:12+00:00
1245620,ELDEN RING,224803630,koreana,뭔가 할뗴는 재미가 없는데 딴겜을 하면 하고싶어서 미침,False,True,1777953760,1777953760,True,False,False,0,0,0.5,0,926c9b345da58bad319c1751b1432d47f8a9192150d18b13e7e8c3b73d95ff37,0,2,5791,2675,5389,1778073822,2026-05-08T06:10:12+00:00
1245620,ELDEN RING,224773844,koreana,"세키로랑은 다른 맛으로 쉬운 소울게임
빌드가 갖춰지기 시작하면 시원시원하게 꺨 수 있음 (소울 게임 해본 사람 기준) 다크소울3랑은 난이도를 비교할 수 없을 정도로 쉽고 표지에 속아서 어렵다고 느낄 수 있긴하지만 소울 입문으로 제일 좋은 소울류게임인듯 근데 길 찾는건 진짜 소울류 특징인진 모르겠으나  @ㅐ미가 없음",False,True,1777917335,1777917335,True,False,False,0,0,0.5,0,5b237e896d8f2c21049ae9188d838c915326568bf76fa36c77c803a8fe8acf36,63,26,3915,2404,3915,1777916040,2026-05-08T06:10:12+00:00
1245620,ELDEN RING,224765522,koreana,포기 안 하고 끈기만 있으면 절대 후회하지 않을 게임,False,True,1777909681,1777909681,True,False,False,0,0,0.5,0,a69db19ec46e06839fd8900713992439d1dd8d51f38f4b4fb48558658021c685,0,2,8147,1516,8039,1777916385,2026-05-08T06:10:12+00:00
1245620,ELDEN RING,224740107,koreana,와,False,True,1777879228,1777879228,True,False,False,0,0,0.5,0,bcaa29f0130dfba11c95954e3d104934bb56da5a0ba04da09027a9c0776087da,0,1,2014,1127,1726,1778055668,2026-05-08T06:10:12+00:00
1245620,ELDEN RING,224654705,koreana,"아...이 너머 점프 유효하다.
그럴자격없다...
",False,True,1777790228,1777790228,True,False,False,0,0,0.5,0,afa99b45d736f8be998338c5a857a2b35b2a748ff575cfeb7756f3f159b07953,0,4,14616,3125,14281,1777960668,2026-05-08T06:10:12+00:00
1245620,ELDEN RING,224654097,koreana,재밌음,False,True,1777789440,1777789440,True,False,False,0,0,0.5,0,5312167a858760c2cd891c5350959fccc578698cc460f8d5d2b82ce74697fd4d,0,3,5650,1313,5402,1778059113,2026-05-08T06:10:12+00:00
1245620,ELDEN RING,224597041,koreana,1회차 싹싹긁어먹으니 108시간 미친게임,False,True,1777732684,1777732684,True,False,False,0,0,0.5,0,20e8116dcd3ec45f6ad8ff60cd20a3a8ad458ae54279c1fc082a48896cdb319c,0,15,6522,1,6522,1777391883,2026-05-08T06:10:12+00:00
1245620,ELDEN RING,224594557,koreana,"최고의 소울류 게임 명작.  많은 공략 정보와 꼼수, 영체 플레이 좋은 무기 좋은 전회 등 얼마든지 쉽게 또는 어렵게 적당한 자유도",False,True,1777730592,1777730592,True,False,False,0,0,0.5,0,60b2985402a0d7ad957c115ee55a9ffe63f93bce7e38a10219c2da6d31f6cbed,0,1,5203,222,5183,1777806165,2026-05-08T06:10:12+00:00
1245620,ELDEN RING,224594152,koreana,"초빈에만 어렵고 나중가면 재미있음
",False,True,1777730242,1777730242,True,False,False,0,0,0.5,0,b9a901bf3a45a2a92335bacb2c916264baa1a14b3aae2156e0c91eea10144dd2,0,1,183,1,183,1777097604,2026-05-08T06:10:12+00:00
1245620,ELDEN RING,224578416,koreana,재밌음,False,True,1777713900,1777713900,True,False,False,0,0,0.5,0,8fb61bd884bed872bbf1597542e3d795a9d7690b494ed43c2b754202344a4f80,0,6,2350,2351,768,1778204733,2026-05-08T06:10:12+00:00
1245620,ELDEN RING,224573701,koreana,야르,False,True,1777708306,1777708306,False,False,False,0,0,0.5,0,562e024ebf5e92fff9c9914f451e0c548d2aa42ebfa194a3c9beff0211be513e,0,1,6210,984,5681,1778167253,2026-05-08T06:10:12+00:00
1245620,ELDEN RING,224566296,koreana,"fromsoftware? keep going ma'am
you're best",False,True,1777698587,1777698587,True,False,False,0,0,0.5,0,43694c0a303b89ae61355670a6142d61ace5210b0050677088dc85d14fa1eaea,0,1,6628,26,6602,1777701727,2026-05-08T06:10:12+00:00
1245620,ELDEN RING,224559034,koreana,천천히 플레이해도 가치 있는 게임이다.,False,True,1777689470,1777689470,False,False,False,0,0,0.5,0,9700baf9c0098c9cbeb7325b9391992a87ffe2bc3a05fc3bb924901cc1d34275,88,5,16174,227,16079,1778165068,2026-05-08T06:10:12+00:00
1245620,ELDEN RING,224517978,koreana,지림,False,True,1777650508,1777650508,False,False,False,0,0,0.5,0,81a09b6158ea70c795cf1cafb3cfd08b779601279aa6a613fbf5d98e3e66c999,0,2,8869,74,8811,1777819026,2026-05-08T06:10:12+00:00
1245620,ELDEN RING,224514388,koreana,4년 만에 다시 도전해서 깼는데 이걸 4년 동안 하지 않았던 것이 후회될 정도로 재미있었다.,False,True,1777647573,1777647573,True,False,False,0,0,0.5,0,14e4699ec05031037faf97f57a8a5a1d0cbeccfebf0f50729f9b4390e07f3929,0,4,6929,2042,6875,1777653921,2026-05-08T06:10:12+00:00
1245620,ELDEN RING,224512780,koreana,죽기 전 무조건 해봐야 하는 명작.,False,True,1777646186,1777646186,True,False,False,0,0,0.5,0,f9629990fdf9ce862376d589ec4ac0067bc9e0591b015f35b1498bd88cf514ca,0,1,4800,828,4380,1777899143,2026-05-08T06:10:12+00:00
1245620,ELDEN RING,224510545,koreana,good,False,True,1777644342,1777644342,True,False,False,0,0,0.5,0,25881db3d92904fd4083747b83e95a99e3b5544347110a5978f9cdd8a158d89c,0,1,9565,677,8887,1777987323,2026-05-08T06:10:12+00:00
1245620,ELDEN RING,224487194,koreana,그냥 사라. 죽을 각오로 트리가드 깨라. 그럼 그 다음부턴 존나 재밌음,False,True,1777618930,1777618930,True,False,False,0,0,0.5,0,5101738b0e7e6991ed12da89249b28a9f67ad61720b04bef6351a40ce1cf3d00,0,4,1391,1022,709,1777826762,2026-05-08T06:10:12+00:00
1245620,ELDEN RING,224485800,koreana,너무 재밌어요,False,True,1777617057,1777617057,True,False,False,0,0,0.5,0,fcb45e7ee2a37bfd5964215c0408c0847dc4215dc42a219a0bb007738490d70f,0,9,1013,1013,490,1778067845,2026-05-08T06:10:12+00:00
1245620,ELDEN RING,224430193,koreana,컨트롤 안좋으신 분들은 하지 마세요 어렵습니다.,False,True,1777559573,1777559573,True,False,False,0,0,0.5,0,9933db8b60de397a3065cd8da5ea3c59b4fdf4cee2fb0b5851cb1f480dd4fbc0,0,1,2155,2155,469,1778164843,2026-05-08T06:10:12+00:00
1245620,ELDEN RING,224420357,koreana,소울류의 정점.,False,True,1777549237,1777549237,True,False,False,0,0,0.5,0,314e4bc820dd38dbce8155f1019f328090a9239a3dde01063fa0655c1cac01b9,0,4,2836,2749,1442,1778076981,2026-05-08T06:10:12+00:00
1245620,ELDEN RING,224418568,koreana,"인생게임 top10 에 들어가는 게임.
플스판으로 깨고 스팀판으로 또 깨고",False,True,1777546882,1777546882,True,False,False,1,0,0.523809552192688,0,06a68465d8a00bd91f6309d967dfc24305fd16eb71e799201df551f4a7c08e74,0,7,4338,103,4234,1777606434,2026-05-08T06:10:12+00:00
1245620,ELDEN RING,224415158,koreana,이것은 태양이 높게 평가,False,True,1777541970,1777541970,True,False,False,1,0,0.523809552192688,0,bca5a665ca3c0e04292fd5c8a879122ee48bb7882edf2900b1ec63bd26ca8ab0,0,1,65328,3221,63386,1778160825,2026-05-08T06:10:12+00:00
1245620,ELDEN RING,224362036,koreana,진짜 다른 것보다 스토리를 어느정도 이해 한 후 게임을 진행하니 더더욱이 재미가 돋보이는 것 같습니다. 소울류 특유의 보스 잡는 쾌감같은것도 잘 챙겨줬는데 자유성까지...돈이 전혀 아깝지가 않네요. 어느정도 취향차이는 있겠지만 게임성을 두고 뭐라 할 여지는 없는 것 같습니다!! G.O.A.T,False,True,1777475393,1777475393,True,False,False,0,0,0.5,0,747dfe36282373e9dba70066a679a2f9afce0967e8f0cf75d2aa50ba33276adb,0,3,4172,4172,1925,1777809791,2026-05-08T06:10:12+00:00
1245620,ELDEN RING,224353839,koreana,"goat
",False,True,1777467245,1777467245,True,False,False,0,0,0.5,0,04e2586b19c98a666e7d9ae6f91efc302758f93aa5a49e9dd514fd0e6a080779,0,1,4599,2498,2101,1778172217,2026-05-08T06:10:12+00:00
1245620,ELDEN RING,224347536,koreana,sas,False,True,1777458680,1777458680,True,False,False,0,0,0.5,0,211d52269fa6de5e02a5fec02eb76b5ebee31eebb50a9a7520d527ffe89ee8e8,0,1,17717,549,17168,1778063682,2026-05-08T06:10:12+00:00
1245620,ELDEN RING,224340117,koreana,"오오, 이 앞 갓겜 있으라아아",False,True,1777446960,1777446960,True,False,False,0,0,0.5,0,116db978e66ccc46839c1b2bd54d00ef93ad3f1320b5aa6ad23d1150c8c42f8e,0,1,4378,737,3906,1778066855,2026-05-08T06:10:12+00:00
1245620,ELDEN RING,224335652,koreana,rnt,False,True,1777439774,1777439774,True,False,False,0,0,0.5,0,0af183043786b32c0fa8616b5d64063dc2fc2080d17f0b29d26ecec72ef2e056,0,4,3534,726,2808,1777979945,2026-05-08T06:10:12+00:00
1245620,ELDEN RING,224334089,koreana,말이 필요합니다!,False,True,1777437275,1777437275,True,False,False,0,0,0.5,0,35d29737e4d6792f4db4dad2eefaa02b53de88f46884d86b104ee39a86666e6e,0,24,8868,0,8868,1753628906,2026-05-08T06:10:12+00:00
1245620,ELDEN RING,224332512,koreana,"도전과제 100프로 달성한 유일한 게임.
대부분의 시간을 레벨 노가다로 보냈지만 
초회차 던전탐험할때 너무 즐거웠습니다.
다만 dlc는 9회차때 시작해서 너무 괴로웠어요..",False,True,1777434786,1777434786,True,False,False,0,0,0.5,0,312bb48d5be0374326daf6ab7b5124f0a279927b386a02df368d6b5a0f38fab0,0,1,33932,0,33932,1776033648,2026-05-08T06:10:12+00:00
1245620,ELDEN RING,224275681,koreana,하..........,False,False,1777377254,1777377254,True,False,False,0,0,0.5,0,a5b703d97537123f7613cd1d34871b09a52dc1f89683d9c77fae3f0c83533b2d,0,4,111,111,111,1777376962,2026-05-08T06:10:12+00:00
1245620,ELDEN RING,224271899,koreana,어렵고 불친절하지만 재밌어요,False,True,1777373820,1777373820,True,False,False,0,0,0.5,0,b5011978dc4a730a99bba3462739dca3c7774701ee3cd7e61a54c71f394aa282,0,5,2880,2196,979,1778162674,2026-05-08T06:10:12+00:00
1245620,ELDEN RING,224262461,koreana,고트,False,True,1777357413,1777357413,True,False,False,0,0,0.5,0,d93c576df3d8bed398359b9700a3d8e6c2ab723091a07fc9fd451cb77925fa4e,0,1,8437,1,8437,1777110688,2026-05-08T06:10:12+00:00
1245620,ELDEN RING,224258106,koreana,레나 사랑해요 레나 사랑해요 레나 사랑해요 레나 사랑해요 레나 사랑해요 레나 사랑해요 레나 사랑해요 레나 사랑해요 레나 사랑해요 레나 사랑해요 레나 사랑해요 레나 사랑해요 레나 사랑해요 레나 사랑해요 레나 사랑해요 레나 사랑해요 레나 사랑해요 레나 사랑해요 레나 사랑해요 레나 사랑해요 레나 사랑해요 레나 사랑해요 레나 사랑해요 레나 사랑해요 레나 사랑해요 레나 사랑해요 레나 사랑해요 레나 사랑해요 레나 사랑해요 레나 사랑해요,False,True,1777349099,1777349099,True,False,False,0,0,0.5,0,5837cfa0434e6d3a035caa502feafcf769f2b19696af63388f951517eb6cfe31,0,1,2080,1244,836,1778075621,2026-05-08T06:10:12+00:00
1245620,ELDEN RING,224238562,koreana,"다크소울 삼부작과 블러드 본은 제 인생 게임이었으나,
엘든링은 제 인생 게임은 못 됩니다.
[h3]그러나 고향이긴 합니다.[/h3]
[h3]'그' 맛이고, '그' 터고, '그' 하늘입니다.[/h3]
[h3]다만, 재개발 되고 철도가 깔리고 휴게소가 들어선 느낌입니다.[/h3]",False,True,1777321715,1777742647,True,False,False,0,0,0.5,0,bb35681068e01ea8d51e1ab452730d97a9ed474f17052aaa5d7fa756a13a5a2e,192,25,29417,1582,28782,1778213075,2026-05-08T06:10:12+00:00
1245620,ELDEN RING,224214396,koreana,아주 멋진게임!,False,True,1777297382,1777297382,True,False,False,0,0,0.5,0,1d8d236c5442a60b9d121a8e7dc7a331c34bcb9d7fae17b374ccb43eb18ed7b1,0,1,2373,842,1531,1778158007,2026-05-08T06:10:12+00:00
1245620,ELDEN RING,224213362,koreana,"재밌긴 겁나 재밌다
근데 한번 막히면 오래 걸려서 짜증 나지만 그래도
재밌었다.
아 최종 보스 다시 트라이 하러간다 ㅠ",False,True,1777296218,1777296218,False,False,False,0,0,0.5,0,9c2e361e9e2bc1c7b6b2e9dd52ced8deae7a4e340725c183ef9df97384e912aa,0,1,4115,0,4115,1775370795,2026-05-08T06:10:12+00:00
1245620,ELDEN RING,224210594,koreana,PC로 할 때만 그런가요? 플스로 재밌게 했어서 PC판도 구매해서 150시간 가량 열심히 했습니다. 평소처럼 게임을 하고 있었는데 갑자기 미친불 엔딩 컷신이 나오더니 강제종료가 되었어요. 그 뒤로 게임이 로드되지 않아 여러모로 해결책을 찾아서 시도해봤는데 소용이 없었습니다. 어쩔 수 없이 데이터 삭제 후 처음부터 다시 키우는 도중 같은 오류가 또 생기더라고요? 혹시 문제 생길까 싶어 뉴게임 시작 전 게임을 삭제 후 재설치 까지 했는데도...DLC까지 하고싶었는데 더는 의욕이 안나서 접습니다.,False,False,1777292781,1777292781,False,False,False,1,0,0.523809552192688,0,9229101cd98b46b35fd43a69c8c6978f003c3b0513efc07b9bba1f7b44fdf534,0,4,9631,2018,8895,1777985164,2026-05-08T06:10:12+00:00
1245620,ELDEN RING,224178676,koreana,"ㅈㄴ 딱딱한 코코넛 같은 게임이다. 
껍질만 잘 까면 정말 달콤한 게임 
",False,True,1777242442,1777242442,True,False,False,0,0,0.5,0,78ea8b9f664e661a98a73e2d563b46e5c74384a61ab54caf76ee37671c8ece49,0,2,6965,2060,5949,1778159274,2026-05-08T06:10:12+00:00
1245620,ELDEN RING,224128357,koreana,상당히재밌음,False,True,1777197550,1777197550,True,False,False,0,1,0.5,0,ff805a8ce41974958fdf5b42e939e76cace36c047b85d2236cf5e3f3be9730c6,0,2,3968,1705,2553,1778206061,2026-05-08T06:10:12+00:00
1245620,ELDEN RING,224127445,koreana,"욕하면서 하는 게임입니다. 내가 보스 깨려면 평타로 50대는 때려야 하는데 난 1방 아니면 2방 맞으면 죽습니다. 불합리의 극치죠. 크리티컬 들어가도 10번 정도 때려야 깰수 있슴. 근데 이게 몇십번 시도하고 깨면 그 성취감이 좋습니다. 그래서 이렇게 인기가 많은 듯 합니다. 하면서 느낀점은 근거리는 난이도가 극악이고, 마법 같은 원거리로 공략하면 쉬워집니다. 근거리가 재밌긴 한데 마법은 안쓰더라도 활 같은 원거리 무기는 있어야 게임이 편합니다. 그리고 다굴 당할거 같으면 물러나서 원거리 무기로 하나씩 유인해서 처리하는걸 추천합니다. 아, 가장 중요한거 빼먹었네요. 
 처음부터 지역별 공략, 무기, 방어구 추천 밎 획득방법  꼭 보고 하세요. 3시간 헤메도 지역 보스 20퍼도 못만납니다. 공략 없으면 시간 낭비 어마어마합니다.
추신: 저는 그냥 포기했습니다. 시간이 어마어마하게 소요되더군요. 취향 맞으면 문명 이상이에요. 그리고 손이 빠르질 못해서 구르기를 잘해야하는 게임인데 이게 안되서. 보스 하나마다 수십번씩 도전해서 깨다보니 피로감이 상당합니다. 필드 잡몹도 필살기 하나씩은 가지고 다수로 덤비니 이것도 스트레스고요. 현생에 많은 지장이 와서 접습니다. 게임 자체는 goat 받을만해요. 근데 뭐 게임만 하고 살수는 없으니 ...",False,True,1777196563,1777223083,True,False,False,0,0,0.5,0,00cd706e4a5634a41889b23ad9da6c425b4fd9dbc2573f8c5863c8934d1beef2,0,4,10361,4456,7398,1778206869,2026-05-08T06:10:12+00:00
1245620,ELDEN RING,224124628,koreana,"너무 재밌음
",False,True,1777193292,1777193292,True,False,False,0,0,0.5,0,3d60571dd0923f4f1785a28a76d68aaefe146f67bc404173878bb5a6345ee0f9,0,4,2862,2390,1020,1778076546,2026-05-08T06:10:12+00:00
1245620,ELDEN RING,224104874,koreana,다들 재밌다고 하는데 난 잘 모르겠음,False,True,1777168386,1777168386,True,False,False,0,0,0.5,0,70a883a59a36ac9620f769c2502588dd703f21a2bba5fa6d62d340d3a9bae822,0,1,550,363,187,1777385991,2026-05-08T06:10:12+00:00
1245620,ELDEN RING,224103606,koreana,형준이가 같이 안해서 너무 슬펐어요ㅠㅠ,False,True,1777166751,1777166751,False,False,False,0,0,0.5,1,f79c4b3b58091b0ad912269eb1128769914a39f74d7ccce35ad626f8d60e5cc9,0,1,1299,139,1160,1777720558,2026-05-08T06:10:12+00:00
1245620,ELDEN RING,224076726,koreana,재밌음,False,True,1777140363,1777140363,False,False,False,0,0,0.5,0,0d45c58331649491241572dae076fabd44e91f9926caf95e81c304a8970ca10d,0,3,4209,2017,2612,1777954692,2026-05-08T06:10:12+00:00
1245620,ELDEN RING,224046219,koreana,"전반적으로 재밌지만, 아이러니하게도 최종 보스가 게임의 가장 큰 오점",False,True,1777113037,1777113037,True,False,False,0,0,0.5,0,3fc8b15bcc27dbb239d1fe24c68157c01f053d432f6d245de0adccfae85aab3b,47,2,5148,27,5148,1777106281,2026-05-08T06:10:12+00:00
1245620,ELDEN RING,224037109,koreana,"1회차 막본 뉴비인데, 솔직히 엘든링 갓겜 인정임. 처음엔 진짜 완전 오픈월드여서 닼소3 하고난 이후라 그런지 이게 왜 갓겜..?이런 느낌이었는데 오픈월드 진행하면서 오픈월드 느낌 알게되고 은근 소소한 이벤트 같은거 찾다보니 엔딩보고있더라 처음엔 진입하기 힘들었는데 파다보면 진짜 재미있는 게임인듯",False,True,1777101887,1777101887,True,False,False,0,0,0.5,0,bc6dc5c3f3ab487b07324ceb17958279a5ab88a29abb9058634df7d515467061,0,12,4444,336,4257,1778113792,2026-05-08T06:10:12+00:00
1245620,ELDEN RING,224036662,koreana,"[이 너머, 대단한 무언가있다]
[열심히 해라 오오 열심히 해라]",False,True,1777101264,1777101264,True,False,False,0,0,0.5,0,844e9bd3f129cca5f90d33e46285307488de6058d61a02b4f3b78b1db0e07c67,0,4,9172,146,9026,1777983970,2026-05-08T06:10:12+00:00
1245620,ELDEN RING,223990666,koreana,"진짜 인생 소울겜입니다. 
스토리 설명이 불친절해서 오히려 더더욱 대충안넘기고 말한마디한마디 들으며 몰입하게됩니다.
난이도도 자기맘대로 어려우면 더 파밍해서 오면되고 쉬운편같네요 
맵디자인이 기가막힙니다. 보스를잡고 나와서 절경이라던지 대작답네요",False,True,1777048373,1777048373,True,False,False,0,0,0.5,0,e37e54cdcf5f01ac2e666926cf5f9548745a496879eff33f1fcdd9d02e173735,0,12,4426,1262,3388,1778170454,2026-05-08T06:10:12+00:00
1245620,ELDEN RING,223973865,koreana,안하면 인생 손해,False,True,1777032799,1777032799,True,False,False,0,0,0.5,0,54be46d37174f3513cb0fd0436eb16417541ee0445d34a176af354abb97fb203,0,2,1402,0,1402,1776948222,2026-05-08T06:10:12+00:00
1245620,ELDEN RING,223969773,koreana,아 진짜 명작입니다..친구들이랑 플레이 했는데요...드릭이형 처음에 너무 무서웠는데 이제는 보면 반가워서 같이 피방 가구요... 케일리드 까마귀 너무 무서웠는데 지금도 무서워요... 케일리드 신수탑에서 3시간동안 길찾았었어요 정말 끔찎하더라구요 다같이 레아 루카리아 들어갔는데 장모님이 버그 걸리셔서 겨우 잡았어요 불의 거인도 2시간 잡은 거 같아요..계속 아이수케키!!! 날리는게 ㅈㄴ 아파서 ㅈㄴ 화나더라고요 ㄹㅇ 그거떔에 14번 죽음 ㅇㅇㅇㅇ 말리케스는 멋있어서 흑검 훔쳐왔는데 전회 시전시간이 너무 길어서 살짝 애매한 거 같애요... 엘데의 짐승은............................ dlc에서는 렐라나 멋있었구요...  메스메르 이새끼가  좆같더라고요 그냥 재주도 돌하르방마냥 슈슉슉시발슈슉슉슉시발럼아슈슉슉슉슉시발 하는게 너무 아파서 2일동안 했어요... 그리고 게이근친라단은......  아 쉽지 않습니다....존나 쎄요  진짜로 그냥 들어오자마자 소용돌이슈슈슈슈ㅠ귯슈ㅠㅅㄱ귯귝 하면서 오는데 방패를 들어도 아파요  근데 우리 안스바흐씨는 어그로를 ㅈㄴ 못끌어요 연세가 있으셔서 그런가 나중엔 구경을 처 하시더라고요 이럴 줄 알았으면 도서관에서 레다랑 같이 담궜을텐데... 그래도 3일 내내 치열한 결투를 벌인 결과 잡았읍니다 얼마나 감격이던지....  미켈라 기도는 성능이 좆구리더라고요 친구들과의 dlc까지의 여정을 끝내니 시원섭섭했어요 추천합니다 친구들이랑 같이 하면 진자 재밌어요!,False,True,1777027737,1777027737,False,False,False,6,2,0.6153846383094788,0,bbc61dae0a994c6d8db57dfe7b8ae41b49865216636cb7e757697ee4e1f04e5a,0,2,3200,0,3200,1766324451,2026-05-08T06:10:12+00:00
1245620,ELDEN RING,223961812,koreana,"소울류의 악명을 넘어서 파밍하는 재미, 탐험하는 즐거움을 느끼게 해 준 게임입니다.
보스가 어려우면 다른곳에서 파밍해서 강해진채로 잡을 수 있고, 파밍하지 않고도 손만 좋으면 보스를 클리어 할 수 있는 완벽에 가까운 밸런스 입니다.
소울류 입문으로 즐기기 정말 좋은 것 같습니다.",False,True,1777015084,1777015084,True,False,False,0,0,0.5,0,bd350c8a5d18f276af6089e30ee8beba74b4826437d7df618399c69ad86d650e,85,17,6011,371,5639,1777736237,2026-05-08T06:10:12+00:00
1245620,ELDEN RING,223945632,koreana,GOAT,False,True,1776989056,1776989056,False,False,False,1,0,0.523809552192688,0,57a428fd576d6cb053672f505c04899dbfce38afec0d6c2c214756eaf82c4ff5,46,4,6429,0,6429,1759246526,2026-05-08T06:10:12+00:00
1245620,ELDEN RING,223929872,koreana,닥소랑 다른맛 낫벳,False,True,1776970583,1776970583,True,False,False,0,0,0.5,0,182ed3914a8cca0312a842341d2e79502d6cebba25ffd6f492b6a02eb64e5434,0,34,1009,397,612,1777391201,2026-05-08T06:10:12+00:00
1245620,ELDEN RING,223918774,koreana,이거 하기 전에 다크소울 3 하고 오면 좋아오.,False,True,1776959892,1776959892,True,False,False,0,0,0.5,0,2e1f06e5d6b2659dd88b6b0f95e2d1ae4257dd3b9cf485eef9472c91cd4f355e,0,8,64012,463,63512,1777386705,2026-05-08T06:10:12+00:00
1245620,ELDEN RING,223898870,koreana,ㅈㄴ재밌음,False,True,1776937241,1776937241,True,False,False,0,0,0.5,0,9eec74fb31e52c5eb9167818d6433b53a4d339fedd9bdb1fd9382fc00ee1b38f,0,4,12129,0,12129,1765966367,2026-05-08T06:10:12+00:00
1245620,ELDEN RING,223896826,koreana,그냥 하세요. 두번 하세요. 평생 하세요.,False,True,1776933668,1776933668,True,False,False,0,0,0.5,0,a872221307e9114432e3c1f3e73742ded332623a22518a5c1b3f98b936f07e8b,47,9,13671,0,13671,1763796890,2026-05-08T06:10:12+00:00
1245620,ELDEN RING,223857979,koreana,소울류를 처음으로 접한 게임. 악랄한 소울류에 대한 내 편견을 깨준 게임. 프롬소프트웨어를 욕 하다가 다시 접속해서 5회차 까지 한 게임. 인생 게임 중에 하나라고 할 수 있다. 프롬소프트웨어 개갞끼..,False,True,1776879231,1776879231,True,False,False,0,0,0.5,0,8704413b1595dc43a26683bd2e1680198eac29eab3fc2d136a2787d57b4169da,20,3,36300,0,36300,1774692818,2026-05-08T06:10:12+00:00
1245620,ELDEN RING,223850581,koreana,환불 유요하다.,False,True,1776872075,1776878285,True,False,False,0,0,0.5,0,3dbbd35bbd461a2ddf4e680cf075e07c221c72f4a1bc5581dd59c70faad1db4f,0,4,2708,164,2330,1777219224,2026-05-08T06:10:12+00:00
1245620,ELDEN RING,223823037,koreana,좆망겜,False,True,1776832678,1776832678,False,False,False,0,0,0.5,0,57dec94bafedc49fcf9e955c679bbe6d688c10a089447de100b7e493d45be1d6,75,1,4322,9,4289,1777461350,2026-05-08T06:10:12+00:00
1245620,ELDEN RING,223822116,koreana,솔직히 이가격이면 공짜임,False,True,1776831101,1776831101,True,False,False,0,0,0.48543688654899597,0,bf49bf06402ba489017dad7999c9bca78d6daa31ba3c8388e1318f425e86253a,0,4,35948,0,35948,1765582420,2026-05-08T06:10:12+00:00
1245620,ELDEN RING,223815245,koreana,이미 플스4로 렉 걸려가며 다 깼지만 또 구매했다. 나중에 쿨타임 돌면 높은 프레임으로 다시 즐기기 위해. 갓겜.,False,True,1776820883,1776820883,True,False,False,0,0,0.5,0,48d8057d4da7d73db2f0bbcf80a33983c1df166b6510c0789b316f6ea9290460,0,11,1280,0,1278,1776921916,2026-05-08T06:10:12+00:00
1245620,ELDEN RING,223815184,koreana,자유도 높은 오픈월드도 좋지만 그것을 재밌게 즐길 수 있는 다양한 무기와 빌드가 가능한 것이 참 맛있다ㅎㅎ,False,True,1776820803,1776820803,False,False,False,0,0,0.5,0,5053fc229eb2ddb113e386f7bfda181df1fef6da86950d231dc0e3317f54d570,0,5,16661,2994,12999,1778218832,2026-05-08T06:10:12+00:00
1245620,ELDEN RING,223794968,koreana,"내 스팀 게임플레이 시간 압도적인 1등 그만큼 많이 해서 이제는 하고 싶은 마음은 없음
하얗게 불태웠다",False,True,1776797702,1776797702,True,False,False,0,0,0.5,0,6552779ce5692982af2ca74302e23e9a7bd020c21e83425dfac400b4443d38fd,0,17,52165,0,52165,1771222431,2026-05-08T06:10:12+00:00
1245620,ELDEN RING,223791764,koreana,"다크소울과 세키로보다는 확실히 재밌고 할만합니다. 그냥 이 게임으로 소울류 입문해도 괜찮을거 같습니다. 사실 그냥 개레전드 명작
",False,True,1776794850,1776794850,True,False,False,0,0,0.5,0,1413822f273ba26280894bf10d8713fc301c9fca0b6f967737a86f5f6b7221f8,0,4,2227,0,2227,1776625901,2026-05-08T06:10:12+00:00
1245620,ELDEN RING,223771737,koreana,/,False,True,1776776489,1776776489,True,False,False,0,0,0.5,0,ab139783883d20b0d55d625dfda3c69041e848829d61e889b76051be8ed71f96,10,2,5609,1760,3055,1777965036,2026-05-08T06:10:12+00:00
1245620,ELDEN RING,223764903,koreana,"""이 앞 거짓말쟁이 있다.""",False,True,1776768139,1776768139,True,False,False,0,0,0.5,0,79630bbc426f77ee550ab604c4baea69bfce407929c7bc728fb14374a2477a6f,0,4,4866,624,4025,1777700579,2026-05-08T06:10:12+00:00
1245620,ELDEN RING,223758344,koreana,그냥 돌아다니기만해도 즐겁습니다.,False,True,1776757551,1776757551,True,False,False,0,0,0.5,0,cd2bd917a222a75978347bc3d9bb9d85ffbec393df197802ee1aa0539bdc47c2,0,2,10483,4113,5169,1777856816,2026-05-08T06:10:12+00:00
1245620,ELDEN RING,223699635,koreana,"소울류 보기 재미없어서 안하려고 했는데, 해보니까 취향을 뛰어넘어 몰입하게 만드는 재미가 있다.",False,True,1776688925,1776688925,True,False,False,0,0,0.5,0,b58360f93eee6cbbf9a72b209b2d7619ad0d07873b2d58c906994862bbda7243,0,8,9247,4557,4307,1777985169,2026-05-08T06:10:12+00:00
1245620,ELDEN RING,223696127,koreana,90,False,True,1776684776,1776684776,True,False,False,0,0,0.5,0,f3f47aa6cfd4dac3feb41211f55c7420ca3dc1add95527eb74661fcf34a64dd1,0,10,8135,0,8135,1718940772,2026-05-08T06:10:12+00:00
1245620,ELDEN RING,223695070,koreana,적응중입니다.,False,True,1776683321,1776683321,True,False,False,0,0,0.5,0,c65ce1810ee1a7b0776a233a3efaa749dd9e12d667284cfb12033553fc58b5c2,70,6,4015,3191,346,1778214984,2026-05-08T06:10:12+00:00
1245620,ELDEN RING,223692230,koreana,"혼자 하는 거 싫어하시면 코옵모드 깔아서 하세요.
그럼 재미가 배로 늘어납니다. ㅋㅋㅋ",False,True,1776679078,1776679078,True,False,False,0,0,0.5,0,23ab96382db5693e56082a0896ef1d6674a16901261e91d9952f568bcc6da645,80,4,6188,50,5971,1777133774,2026-05-08T06:10:12+00:00
1245620,ELDEN RING,223688826,koreana,"예구는 아니었지만 첫 출시날에 구매해놓고 2년만에 처음 플레이하고 꽤 괜찮아서
찔끔찔끔 하다가 설원지역까지 간다음 일에 지쳐 몇년 못했는데...
모든 스토리랑 게임방법 그리고 어디서부터 시작해야할지 다 까먹음.. 새로 시작해야하나 ㅠㅠ  레벨 190인데",False,True,1776673547,1776673547,True,False,False,0,0,0.5,0,9b4115d74f0493de5cded9fec5a750e45ccec51ba6122281da010faec2ec21bd,0,4,7375,0,7375,1776566048,2026-05-08T06:10:12+00:00
1245620,ELDEN RING,223676421,koreana,peak,False,True,1776653385,1776653385,True,False,False,0,0,0.5,0,f828c2879e72bbd4defd063a1491fec6e3dc02637cb9b3e5aedd452feb980896,30,9,15607,2030,13421,1778210614,2026-05-08T06:10:12+00:00
1245620,ELDEN RING,223631851,koreana,그냥 갓겜임 공략 좀 찾아보고 지도 좀 찾아봐야되는거 빼면 갓겜임,False,True,1776611459,1776611459,True,False,False,0,0,0.5,0,6eb0b7e2bbd9e16306ef5a3539a6572efd6bd7e93698f7b4d1c684f2f74f8720,0,12,11721,615,8323,1778220257,2026-05-08T06:10:12+00:00
1245620,ELDEN RING,223613495,koreana,문든링,False,True,1776596676,1776596676,True,False,False,0,0,0.5,0,eb2df89f81e2c8363ee99aa7c8a82437eb946f88dd1552e78f5cd25fdeac742f,22,1,10910,387,10438,1777983286,2026-05-08T06:10:12+00:00
1245620,ELDEN RING,223607472,koreana,존나비쌈,False,False,1776590807,1776590807,True,False,False,0,0,0.4304635524749756,0,deb8498d14363ea5df131bea23559ff4be09880227bfe6b8e07e00ca030e6e4e,0,7,145,0,145,1771767973,2026-05-08T06:10:12+00:00
1245620,ELDEN RING,223594022,koreana,67,False,True,1776575442,1776575442,True,False,False,0,0,0.5,0,84c3eeaf2f7a95a1a1433f1f2197175d676c867bc4b5ab6c6dfdb9456acb0c9d,10,1,9978,152,9638,1777816094,2026-05-08T06:10:12+00:00
1245620,ELDEN RING,223590185,koreana,"정말 재미있는.
pvp는 언밸런스",False,True,1776570966,1776570966,True,False,False,0,0,0.5,0,9d2e0b46881bf30f5177b229a28d0f788d7ab5bf0476a16941e71aefc332e36a,0,11,10705,0,10705,1775829808,2026-05-08T06:10:12+00:00
1245620,ELDEN RING,223588450,koreana,크아아아아악 미켈라이라이단단,False,True,1776568892,1776568892,True,False,False,0,0,0.5,0,420d0b2eb5084d07492d331c28dbaaf182a2e10fe6e9fec605013f5b976c643b,0,4,12939,382,12470,1777985481,2026-05-08T06:10:12+00:00
1245620,ELDEN RING,223586962,koreana,굿,False,True,1776567105,1776567105,False,False,False,0,0,0.5,0,189caab70519446432faad1f6f023c4c02fb5b4a0df78805a335dfe5c8d384bd,0,1,4672,370,4137,1777113893,2026-05-08T06:10:12+00:00
1245620,ELDEN RING,223560920,koreana,SS,False,False,1776539889,1776539889,True,False,False,0,0,0.5,0,249690280055eebcc58394f916ec91a7a41dede1250b43e3e78daff666aaf10b,0,1,62362,3880,57047,1777658285,2026-05-08T06:10:12+00:00
1245620,ELDEN RING,223545751,koreana,dd,False,True,1776528091,1776528091,False,False,False,0,0,0.5,0,35d190eb4e35465dd2744e5387a3e0bf8ce82059bfdb9fcb4ad79af5bd6f6bb0,0,2,18386,572,17813,1777880657,2026-05-08T06:10:12+00:00
1245620,ELDEN RING,223534313,koreana,따봉추,False,True,1776520023,1776520023,False,False,False,0,0,0.5,0,e16b9aa143d81ea64f5899278c08e534ec43366b662e70ef73aa3bf057ff46ea,0,6,1942,123,1280,1777738435,2026-05-08T06:10:12+00:00
1245620,ELDEN RING,223513408,koreana,엇박이 힘들긴한디 재밌음,False,True,1776499870,1776499870,True,False,False,0,0,0.5,0,5f6b823437620bd3a953beb7d7d9665ea51f4c347552f0fdf148abe9b1dd8d07,0,1,7723,3045,3774,1777950755,2026-05-08T06:10:12+00:00
1245620,ELDEN RING,223498252,koreana,최근에 시작해서 얼마 안했지만 진짜 재밌다.. 제발 엘든링 더 내줘   번복해줘 프롬,False,True,1776482004,1776482004,False,False,False,0,0,0.5,0,38ff354ae796ea75113868a142e3ee774ebf07653eac73a90855796e83ca3619,0,1,22395,119,22270,1777527377,2026-05-08T06:10:12+00:00
1245620,ELDEN RING,223464406,koreana,ㅗ,False,True,1776447262,1776447262,True,False,False,0,0,0.5,0,82bc29aed7ccba6c76345d4c54f6a5b789b3933a24868298d031f628c041667f,0,7,7141,9,7030,1777025751,2026-05-08T06:10:12+00:00
1245620,ELDEN RING,223461314,koreana,라니 내 아내임,False,True,1776444800,1776444800,True,False,False,0,0,0.5,0,1a3b4bd58c76ec2ab23f682a3ed7dca714ab23e54736775d9ab0cf6178d5632a,0,6,8339,33,8201,1777124363,2026-05-08T06:10:12+00:00
1245620,ELDEN RING,223448815,koreana,진짜 닼3은 해도해도 안질리고 계속 새 캐릭터 만들어서 회차플 더 하고 싶게 만들고 이번 회차는 무슨 컨셉으로 플레이해볼까? 하는 마음이 계속 들게 만드는 겜이었는데 엘든링 얘는 왜 그런 생각이 전혀 안 드냐....엘든링 처음 나올때만 해도 몇백시간 박으면서 고인물 되고 pvp도 엄청 해볼 생각에 개설렜는데 현실은 1회차 노잼인거 겨우 깨고 회차플은 해보고 싶은 욕구도 전혀 안들고 pvp도 대충 깔짝깔짝 해봤는데 침입은 매번 허허벌판에서 허탕치다 돌아오고 투기장도 맛 없길래 재미없어서 3년 넘게 엘든링 쌩유기중....진짜 내가 프롬의 20년대 작품을 3년 넘게 DLC도 구매 안하고 유기 할 줄은 꿈에도 몰랐다.,False,False,1776435364,1776435364,True,False,False,0,0,0.5,0,9841ba4b0bd558a2b8eaaae7b8fcc9118fcadf6bbb4412888381d6ef4316d71a,31,3,6953,0,6953,1680503848,2026-05-08T06:10:12+00:00
1245620,ELDEN RING,223447340,koreana,좋네요,False,True,1776434201,1776434490,True,False,False,0,0,0.5,0,b6ed6e0418f93b3cd58db09933151cb7fb68886b210d1f224888260d5437a012,86,2,182,0,176,1776434993,2026-05-08T06:10:12+00:00
1245620,ELDEN RING,223440083,koreana,나에겐 이 게임의 분위기가 뭔가 좀 무스워.. 보스를 클리어 했을때 쾌감은 top1!,False,True,1776427719,1776427719,True,False,False,0,0,0.5,0,a9efdc57ba8af99273fcc760de321e38ff71d5508ea17734361bf5340c5d6b80,0,6,1620,9,1599,1777645382,2026-05-08T06:10:12+00:00
1245620,ELDEN RING,223433776,koreana,라단,False,True,1776420990,1776420990,True,False,False,0,0,0.5,0,bedab20cb372b571f4f2358fb58fbe1aec5db1928ced50aa86f004153b518d84,0,8,12986,24,12726,1777863291,2026-05-08T06:10:12+00:00
1245620,ELDEN RING,223345891,koreana,"3시간하고 1년 넘게 유기하다가. 맨땅 헤딩 중인인데 뭐가 뭔지 아직도 모르겠다 ㅋㅋ
도적 단검들고 시작해서 더 힘든가?ㅋㅋ
너무 불친절 하고 게임이 오픈월드라 어디로 가야할지를 모르겠다. 
그리고 진짜 개허접 아이템으로 잡보스들 죽였는데 뭔 아이템인지도 모르겠거나 뭐 안줌(필드 쎈놈들 아님) 
세키로등 다른것들은 마스터 했는데 이건 엄청 헤메이네.. 우앙",False,True,1776305381,1776345745,True,False,False,0,0,0.5,0,76c1140ff0d82d723b72a6a5614b87800a5a19a3ba5b65d980bcf270a647dbbb,0,38,2830,1602,558,1777879937,2026-05-08T06:10:12+00:00
1245620,ELDEN RING,223340215,koreana,진짜 다양한 무기로 싸우는 재미와 보스를 깼을때 희열감은 정말 말로 표현할 수 없는 기쁨입니다. 소울류 게임을 좋아한다면 무조건 해봐야하는 갓겜일것 같습니다.,False,True,1776296717,1776296717,True,False,False,0,0,0.5,0,cbf263b00c8c8a8037264cf94a3e3efc8096024a4b9edcd17019aa403c315ef4,13,3,2734,0,2734,1776258548,2026-05-08T06:10:12+00:00
1245620,ELDEN RING,223316203,koreana,내 인생 최고의 게임이다,False,True,1776269454,1776269454,True,False,False,0,0,0.5,0,604d7c8179aff21fc12a92315317fb33cc0c1b17c6e846ada4f52912e3814be4,9,1,99971,4345,91767,1777667525,2026-05-08T06:10:12+00:00
1245620,ELDEN RING,223305497,koreana,제발 2편 내주세요 제가 이렇게 빕니다,False,True,1776258470,1776258470,True,False,False,0,0,0.5,0,c9994b5e9596fa450c5e8597e024917f764d51afe182855b63f6d64a42aa7056,0,12,12903,0,12903,1773496995,2026-05-08T06:10:12+00:00
1245620,ELDEN RING,223286696,koreana,보스러쉬 정식으로 지원점,False,True,1776225672,1776225672,True,False,False,1,0,0.5,0,80f9fd9d487387f6b3cae06904ab8e7489f0b02b08579a46a5929e4b6531871c,0,18,14295,37,14246,1777566269,2026-05-08T06:10:12+00:00
1245620,ELDEN RING,223267041,koreana,이제 절반 정도 한 것 같은데 ㅈㄴ 재밌다.,False,True,1776198421,1776198421,True,False,False,0,0,0.5,0,d21418dfdae3c0642821a9fc654978e1505640d16747bab309dab720c0f4ce35,343,245,5677,381,2058,1777058327,2026-05-08T06:10:12+00:00
1245620,ELDEN RING,223260263,koreana,Goat,False,True,1776191489,1776191489,True,False,False,0,0,0.5,0,f55c41faff635453ca60d211d29dc5139c020c3a3e2e83ef6838371969dac78b,0,5,2601,0,2601,1756498610,2026-05-08T06:10:12+00:00
1245620,ELDEN RING,223252374,koreana,asdf,False,True,1776184090,1776184090,False,False,False,0,0,0.5,0,899b525a794b60db2b56c0d7d1975b6e163619033f552dbf190e7835c9222898,0,1,2457,0,2457,1711136999,2026-05-08T06:10:12+00:00
1245620,ELDEN RING,223252331,koreana,드디어 멀기트 잡았다 다들 할수있어 힘내자,False,True,1776184054,1776184054,True,False,False,0,0,0.5,0,a4319d077e51fcb9f5c2584117f1d4cadbe2540d5be947bef6f32c8b7e298aa3,0,3,7060,190,5910,1777629860,2026-05-08T06:10:12+00:00
1245620,ELDEN RING,223244339,koreana,"플스판이 있지만 모드때문에 PC로 넘어왔다

하지만 게임 베이스가 병신이라 모드가 아까울정도다

이 산업폐기물의 존재이유는 수많은 창작자의 활동의 장이 되는것 그이상 그 이하도 아니다",False,False,1776176247,1776176247,False,True,False,0,0,0.43478259444236755,0,493a7c1ab295c6762dfa4beeb69b69f8e63399ef7447834679d5fc71dcd6cb5e,373,43,4411,920,3155,1777987815,2026-05-08T06:10:12+00:00
1245620,ELDEN RING,223244110,koreana,"전 이 게임에서 예수가 되어 모두를 인도했습니다.
DLC에서도 모두를 인도 할 것 입니다.",False,True,1776176007,1776176007,True,False,False,0,0,0.5,0,53243dd6c393ecdda848a1346f8080aee5e57e47169739542578f804ee98a9d2,0,15,4860,0,4858,1776177070,2026-05-08T06:10:12+00:00
1245620,ELDEN RING,223235702,koreana,꼭 소울류 게임 입문을 이걸로 하길 바랍니다 정말 재밌어요,False,True,1776166138,1776166138,True,False,False,0,0,0.5,0,c64f3844f178c2bca3f297df17f67a62692fcc0591785a01dfe03268441d3c92,3,1,7076,200,6183,1777706360,2026-05-08T06:10:12+00:00
1245620,ELDEN RING,223230666,koreana,말이 필요없다. 갓겜.,False,True,1776157922,1776157922,True,False,False,0,0,0.5,0,c6fd6b70746ce03340dcaebad9d90e3270a50d39ec9606bf69ba0ec30fa476fe,0,6,8448,443,6569,1777139775,2026-05-08T06:10:12+00:00
1245620,ELDEN RING,223191591,koreana,"난이도 : ⭐⭐⭐⭐☆
다크소울 3를 입문해서 그런지 막 어렵다 생각 하지는 못함
그러나 소울라이크 게임은 소울라이크 게임이다 몇몇 벽좀 느껴지는 보스가 존재함
그래픽 : ⭐⭐⭐☆
다크소울 3에서 발전한게 있기는 하나 막 좋다고 생각하지는 못함
솔직히 닼3의 차가운 골짜기 이루실 처음 마주한 그 절벽이 개지렸지 
사운드 & BGM : ⭐⭐⭐⭐⭐
개쩌는 오케스트라 < 그냥 돈을 얼마나 부었는지 감도 안옴
스토리 : ⭐⭐☆ or ⭐⭐⭐⭐⭐
세키로 게임이 특이하게 스토리가 이해되는 컷신이라던가 서사가 확확 와닿는데
다크소울이라던가 엘들링은 유튜브에 누군가가 정리해준거 보는거 아닌 이상 게임에서 바로 이해하기가 굉장히 힘든듯
게임성(재미) : ⭐⭐⭐⭐⭐
프롬 빠돌이라 그런지 재미는 GOAT
조작감 / 편의성(UI) : ⭐⭐⭐⭐⭐
-점프- GOAT
최적화(프레임, 버그) : ⭐⭐⭐⭐
프롬게임에서 버그는 간간히 있었지만 프레임 저하는 있어본적이 없음
가격 대비 만족도 : ⭐⭐⭐☆ OR ⭐⭐⭐⭐
솔직히 64,800원 값을 하는가 생각을 곰곰히 해보니까 NO
왜 그런가 생각해보니 스토리에서 점수가 많이 까이는듯
누군가 집필해놓은 거를 보지 않는 이상 게임을 가볍게 즐기는 사람이 이해하는건 제 생각에는 불가능 한듯",False,True,1776101057,1776101057,True,False,False,1,0,0.47826087474823,0,7422e80da3fa367ea288df4ecd57d6fcfe8da896c18d8c2dd9223d8999db1d40,0,29,10351,0,10351,1719117256,2026-05-08T06:10:12+00:00
1245620,ELDEN RING,223186950,koreana,말탄새끼 딱 대 ㅋㅋ,False,True,1776096297,1776096297,True,False,False,0,0,0.5,0,ee6ee796317d107580cc21f16480b2829a8984a1ebac50c35b97967ea8a9398f,0,11,3066,896,473,1777825502,2026-05-08T06:10:12+00:00
1245620,ELDEN RING,223176824,koreana,.,False,True,1776085911,1776085911,True,False,False,0,0,0.5,0,0adb999bf9616b83062e03ada15cb57a02d1f8be8606e8ed579e5fa3a7123667,0,7,38798,0,38798,1771932519,2026-05-08T06:10:12+00:00
1245620,ELDEN RING,223172468,koreana,GOAT,False,True,1776080324,1776080324,True,False,False,0,0,0.5,0,c3bee2cc1f8bc0090af7e1f042e81d883ec52c46e982254e4d90b0dde4f26a54,0,6,31170,367,30214,1777308011,2026-05-08T06:10:12+00:00
1245620,ELDEN RING,223172172,koreana,소울라이크 게임임을 고려할 때 전투 스타일의 자유도가 굉징하다.,False,True,1776079904,1776079904,True,False,False,2,0,0.5454545617103577,0,55dc9989af1dbcf9fcde32eef28e2e90174ad1ecadb6d11e0303c7da71d205b3,0,27,70516,0,70516,1775819588,2026-05-08T06:10:12+00:00
1245620,ELDEN RING,223171979,koreana,재밌음 근데 어디로 가야할지 모르겠음,False,True,1776079645,1776079645,True,False,False,0,0,0.5,0,73048b997800540678ebeb591688e62b340cd428086cf9075f4f6285dbde102e,106,101,1114,0,1114,1767103727,2026-05-08T06:10:12+00:00
1245620,ELDEN RING,223168482,koreana,너무 재미있어요 인생게임이 되어버렸어요 감사합니다,False,True,1776073643,1776073643,True,False,False,0,0,0.5,0,13f2157559dd2238af839f3f6b96a6ca1949e31f000e666743246fe194c6f5fd,84,11,9186,401,6453,1778215066,2026-05-08T06:10:12+00:00
1245620,ELDEN RING,223166407,koreana,좀 씨@@@@빨 마이 뭇다이가 좀 죽어줘라,False,True,1776069740,1776069740,True,False,False,0,0,0.5,0,d4620e69d302bbd8584f45a0d3402cbaf8d3042eb8afae455c0ee440af020a20,130,16,11252,21,11231,1777913101,2026-05-08T06:10:12+00:00
1245620,ELDEN RING,223164643,koreana,첫 쏘울류 게임으로 접하게 됐는데 방대하고 다양한 콘텐츠 요소로 죽으면 화 내면서도 하나하나 뭐가 나올까... 완성도에 감탄하면서 게임했네요,False,True,1776066338,1776066338,True,False,False,0,0,0.5,0,1e986fe583f82947c6d9b3c350f84291db806068b0b74ca44a3bbfe3c53a01bf,0,18,9294,0,9294,1648758165,2026-05-08T06:10:12+00:00
1245620,ELDEN RING,223106874,koreana,소울류의 완성작,False,True,1776001352,1776001352,True,False,False,0,0,0.5,0,8d625ea29e741b362fc951d3e601d17ec379dfa062814d7f0a4b2e33efbe1486,0,1,18626,15,18113,1777124262,2026-05-08T06:10:12+00:00
1245620,ELDEN RING,223106867,koreana,"개갓겜
",False,True,1776001344,1776001344,True,False,False,0,0,0.5,0,90f9fc92fd6d6a078965662818bbc4085b69d624d913ffe6a8fcbc6c12fadfb0,0,1,10180,0,8398,1776838960,2026-05-08T06:10:12+00:00
1245620,ELDEN RING,223106027,koreana,게임한지 4시간째인데 진행도0% 실화야?,False,False,1776000594,1776000594,True,False,False,0,0,0.4761904776096344,0,746bf80dcd147bbefd247801ebaf6bf8dd645c93733870004b0af7a1940d1a22,5,1,452,0,288,1776056685,2026-05-08T06:10:12+00:00
1245620,ELDEN RING,223088159,koreana,갓겜임그냥,False,True,1775981690,1775981690,True,False,False,0,0,0.5,0,35a0b0b232eeaab07c598754930a1bbe254b72e08899956e04c9fac458364bdb,0,12,31303,0,31137,1776410862,2026-05-08T06:10:12+00:00
1245620,ELDEN RING,223067276,koreana,21세기 최고의 게임,False,True,1775955863,1775955863,True,False,False,0,0,0.5,0,0c98e017e8ada2c7a244ff80aab9afb0b1f65c385f42ab0d54a71aa57da16976,0,2,26420,1,25519,1778129731,2026-05-08T06:10:12+00:00
1245620,ELDEN RING,223039802,koreana,ㅇㅇ,False,True,1775929248,1775929248,True,False,False,0,0,0.5,0,60a48b7c86241c01d60d68df4f102d1540f0e6423840037d8b5e0f2712ec11ba,0,2,23813,0,23813,1769429062,2026-05-08T06:10:12+00:00
1245620,ELDEN RING,223037536,koreana,알겠는가? 모르겠는가? 알겠는가? 모르겠는가? 알겠는가? 모르겠는가? 알겠는가? 모르겠는가? 알겠는가? 모르겠는가? 알겠는가? 모르겠는가? 알겠는가? 모르겠는가? 알겠는가? 모르겠는가? 알겠는가? 모르겠는가? 알겠는가? 모르겠는가? 알겠는가? 모르겠는가? 알겠는가? 모르겠는가? 알겠는가? 모르겠는가? 알겠는가? 모르겠는가? 알겠는가? 모르겠는가? 알겠는가? 모르겠는가? 알겠는가? 모르겠는가? 알겠는가? 모르겠는가? 알겠는가? 모르겠는가? 알겠는가? 모르겠는가? 알겠는가? 모르겠는가? 알겠는가? 모르겠는가? 알겠는가? 모르겠는가? 알겠는가? 모르겠는가? 알겠는가? 모르겠는가?,False,True,1775927390,1775927390,True,False,False,0,0,0.5,0,f802830e1e5028a3e72df20537054746252957cb55177a06338a4fd4ad689f1b,0,3,5525,0,5525,1738335132,2026-05-08T06:10:12+00:00
1245620,ELDEN RING,223031939,koreana,악마의 게임,False,True,1775922923,1775922923,False,False,False,0,0,0.5,0,e057ae4847ac90363e351e87862e8b5e9a02228d955714b5472e5f72ba532c7d,126,35,4371,264,3682,1777974260,2026-05-08T06:10:12+00:00
1245620,ELDEN RING,223023543,koreana,트리가드한테 접힘,False,False,1775916322,1775916322,True,False,False,0,0,0.4545454680919647,0,7da80ca0a3268fc942aa23b2140ba76057c5923ab35d47a77357a7337c3ef043,43,9,6032,0,6026,1775997953,2026-05-08T06:10:12+00:00
1245620,ELDEN RING,223022199,koreana,보스가 ㅈ같지만 재밌어요 오픈월드라 맵 돌아다니며 모험하는게 진짜 좋아요,False,True,1775915223,1775915223,True,False,False,0,0,0.5,0,49814f8a152b06488c75b51c451370724789f848b319da94a9188f939b6ed4a1,0,1,5609,742,1817,1778118815,2026-05-08T06:10:12+00:00
1245620,ELDEN RING,223019397,koreana,인생게임,False,True,1775912701,1775912701,True,False,False,0,0,0.5,0,7b69ea304d915ad2f577356a918e6f1b9c2e1253e6912031e5e8b22c5b26b884,20,5,10593,65,10319,1777217647,2026-05-08T06:10:12+00:00
1245620,ELDEN RING,223005243,koreana,대갓겜,False,True,1775897254,1775897254,True,False,False,0,0,0.5,0,3e6b13997e375b18b7f99e12f38858bab465e58f44c1170f863ec29f68f17759,0,36,13994,0,13994,1732107161,2026-05-08T06:10:12+00:00
1245620,ELDEN RING,222995653,koreana,마누라니 흐헤헿 라니 넌 내꺼여!!!!!!,False,True,1775884316,1775884316,True,False,False,0,0,0.5,0,3d66a2894291f3bfc3725d476341b3acd6d5d8d43ceff55c198ca4a2a33244ee,0,2,10776,2886,4376,1777961455,2026-05-08T06:10:12+00:00
1245620,ELDEN RING,222957629,koreana,ㅈ같지만 재밌는 게임,False,True,1775841231,1775841231,True,False,False,0,0,0.5,0,6f19abfb04900ace0ef82c7be7baf0f2d220599187a0663a5084c3626b11c082,0,1,11394,0,11394,1775667047,2026-05-08T06:10:12+00:00
1245620,ELDEN RING,222946212,koreana,너무 어려운데 그래픽도 좋고 그래서 할맛 납니다,False,True,1775830833,1775830833,True,False,False,0,0,0.5,0,415db5bc07d8d3c3c00719467a1767e1fdff259f47f3aab4f55e9699c61e5a01,0,3,658,0,494,1775995700,2026-05-08T06:10:12+00:00
1245620,ELDEN RING,222936735,koreana,국밥게임,False,True,1775820366,1775820366,False,False,False,0,0,0.5,0,1bd0f798f3e6cfb15e5a64d7fc09ba45e7b306ee742ddf492dcbaaf5846adbe5,0,12,3915,40,770,1777884500,2026-05-08T06:10:12+00:00
1245620,ELDEN RING,222931346,koreana,우리 장군님 게이 아니다,False,True,1775812136,1775812136,False,False,False,0,0,0.5,0,2b217d3f085cd2d1b6d238d84169d44903cd46b51a4cd09ea6a612b41bfc8b38,0,2,11945,0,11945,1775556147,2026-05-08T06:10:12+00:00
1245620,ELDEN RING,222885150,koreana,출혈덱은 신이야!,False,True,1775751060,1775751060,True,False,False,1,0,0.523809552192688,0,249c564bcd88dc3fe3ccea67dcfaa86fab3cf08f467238627a73648d70437208,0,8,4754,0,4754,1766657215,2026-05-08T06:10:12+00:00
1245620,ELDEN RING,222868658,koreana,다음 작품 나올 때까지 나는 이 게임을 버릴 수가 없다,False,True,1775733389,1775733389,True,False,False,0,0,0.5,0,9acc2278d3b974a70c6a318ec8e7c6b94c0d37183a9ba89a5c6823fa6947a7df,0,5,27029,202,26181,1777933217,2026-05-08T06:10:12+00:00
1245620,ELDEN RING,222868619,koreana,좋아용,False,True,1775733351,1775733351,True,False,False,0,0,0.4761904776096344,0,8882038cc0b716afc35a0a0a24ec0aaf4ffe52204dbee9e401b7396f2f6e99de,52,2,13260,0,13260,1775231371,2026-05-08T06:10:12+00:00
1245620,ELDEN RING,222860955,koreana,"한 단어로 충분한 게임 ""마스터피스""",False,True,1775720880,1775720880,True,False,False,0,0,0.5,0,b3c3034771dca2af7facbca657aa2c2345ccb132a8aec20e5662f5103ccdf7da,0,9,1581,0,1581,1719155996,2026-05-08T06:10:12+00:00
1245620,ELDEN RING,222828517,koreana,인생게임,False,True,1775675285,1775675285,True,False,False,0,0,0.5,0,2f363627ce5b316359e2d210ee81aff0028233350209b512db6cfe4c2cc0c113,0,1,17156,0,16548,1776334099,2026-05-08T06:10:12+00:00
1245620,ELDEN RING,222818306,koreana,재밌어요,False,True,1775665434,1775665434,True,False,False,1,0,0.50359708070755,0,d494ebe5bfbff08341d224d414dc63d165d62c2536ceda92a0e5c0118fb4ced5,306,8,5248,0,5248,1761690079,2026-05-08T06:10:12+00:00
1245620,ELDEN RING,222797333,koreana,다크소울류 처음 해봤는데 진짜 너무 재밌게 했습니다 멀기트 깰때 살짝 고비를 느끼긴 했지만 멀기트를 꺴을때 벅참으로 3회차 엔딩 까지 클리어  할 수 있었습니다 완전 강추,False,True,1775641809,1775641809,True,False,False,0,0,0.5,0,1baa2b50d90bfc6cbe737e0abaa0369a14c918f1688e9695e2dadde603350bc7,30,4,8113,0,8113,1775574150,2026-05-08T06:10:12+00:00
1245620,ELDEN RING,222746860,koreana,고트,False,True,1775576009,1775576009,True,False,False,0,0,0.5,0,1820b5cb60b4b080b49f6c4b74031d97047ae808d6c2aefb613d8339be9e5f09,0,3,12180,380,8773,1778083038,2026-05-08T06:10:12+00:00
1245620,ELDEN RING,222743034,koreana,매우 화가 나지만 이건 제 실력이 부족한 탓입니다. 엘든링은 다른 소울류에 비해 훨씬 입문 친화적이라고 느꼈습니다. 그렇다고 난이도가 쉬운 건 아니지만 초보~고인물까지 플레이 방법에 따라서 자체적으로 난이도를 조정하기가 매우 편리하다고 느꼈습니다. 특히 영체라는 시스템은 호불호는 있겠지만 저에겐 친구와 함께 플레이하는 느낌이 들어서 난이도를 낮춰주는 도구도 맞지만 그것만으로 설명할 수 없는 충족감이 느껴졌습니다.,False,True,1775572516,1775572516,True,False,False,0,0,0.5,0,f412cb157153cf4288a615b8732360380e97e747da6fa031fa3fd26bca726e39,115,10,5068,0,5014,1776830006,2026-05-08T06:10:12+00:00
1245620,ELDEN RING,222710478,koreana,그레이트 소드 아아 이 앞에 천국 있다.,False,True,1775526090,1775526090,True,False,False,0,0,0.5,0,821231e8cf38e06b1f07b4035513bacce999c6b0d8947d172e940c048b6224a2,17,3,6990,0,6835,1776922548,2026-05-08T06:10:12+00:00
1245620,ELDEN RING,222705277,koreana,조오오온나 재밌다 조오오오오나 재밌다,False,True,1775519102,1775519102,True,False,False,0,0,0.5,0,3a22b92901d078593e8f8556ae4c0acf8152cc919eb491d6a5e49f4a3858aaf7,0,9,6206,893,1290,1778154750,2026-05-08T06:10:12+00:00
1245620,ELDEN RING,222681097,koreana,아주 재밌음,False,True,1775494811,1775494811,True,False,False,0,0,0.5,0,ab7dbdee514d45edb36540c8fa103f87755ca29791b7d73118e8befd9f7b4ddd,0,1,4336,0,4336,1775493916,2026-05-08T06:10:12+00:00
1245620,ELDEN RING,222666937,koreana,데굴데굴구르다디짐,False,True,1775482677,1775482677,True,False,False,0,1,0.5,0,49ca6a9d8c5580c309bb7e90df00821300e953f7ae58c62d64514bf41fd07938,0,28,72,0,72,1690037589,2026-05-08T06:10:12+00:00
1245620,ELDEN RING,222638066,koreana,갓겜,False,True,1775446887,1775446887,True,False,False,0,0,0.5,0,bcbd981a5254b266f91c1495580709afd6ef5ae9d6d622719bb39511918c7876,24,1,4550,0,4550,1718987272,2026-05-08T06:10:12+00:00
1245620,ELDEN RING,222594215,koreana,"이거 친구들이랑 하는데. 씨바
 친구들이 나 버리거 각자 하고 싶은ㄴ거 하러 가서 ㄴ나ㅓ는 시 ㄹ할것도 없ㅁ는데
 각자 원하는 무기 찾으러 가게다고 나 버리고ㅓ 싸비 나는 보스 잡을 떼민 같이 ㅐㄱ가고 . 혼자 하는게 재일 재미 있있어요, 친구들이랑 같이 하지 마세여/.",False,True,1775405601,1775405601,False,False,False,2,0,0.49869224429130554,0,bd4ba43531755b609e1a2de04c273c75d212d0ff560fbe6f53eaac6a7ecb58cf,0,3,5392,0,5392,1770915319,2026-05-08T06:10:12+00:00
1245620,ELDEN RING,222581031,koreana,"Now, we can devour the gods, together...",False,True,1775395388,1775395388,True,False,False,0,0,0.5,0,577c6ec926eca8169613cfdf69072c5bdc818ac92ff532ef212a20a80feb0b2b,0,1,21703,0,21701,1776734818,2026-05-08T06:10:12+00:00
1245620,ELDEN RING,222574865,koreana,이 비싼 원가 주고 사도 전혀 안 아깝고 하자마자 인생겜반열 들어간 갓게임 본인이 소울라이크에 관심이 있지만 어려워보이고 뭐부터 해야할지 모르겠다 싶으면 당장시작하세여 근데 이거하면 눈높아져서 닼소3같은거 못할수도,False,True,1775389852,1775389852,True,False,False,0,0,0.5,0,1430faaa4d03de1457729f30addd07cc42c57ab88e0902e314c0010e11071e23,0,2,5697,0,5688,1776438513,2026-05-08T06:10:12+00:00
1245620,ELDEN RING,222573675,koreana,"흐아 본편 다했습니다 dlc는 차마 할 엄두가 안남,,, 그래도 내가 살면서한 소울겜 중에서는 제일 재밌는듯 뉴비분들은 그레이트소드와 사자베기로 우리의 인권을 꼭 지킵시다",False,True,1775388689,1775388689,True,False,False,0,0,0.5,0,cd782f5be9323cf95bd2ecf67cac788f2d4fa3b116fc6c45d4e3a9ae37cc9502,0,3,5686,0,5686,1775387715,2026-05-08T06:10:12+00:00
1245620,ELDEN RING,222565447,koreana,갓겜,False,True,1775380188,1775380188,True,False,False,0,0,0.5,0,d4a4000db238ab7f271db2073debf278fb07a7c176e077906b01f94fa555061a,0,1,16902,0,16788,1775981561,2026-05-08T06:10:12+00:00
1245620,ELDEN RING,222564034,koreana,"내가 이겼다 트리가드 이자식아
이게 인간의 끈기다",False,True,1775378600,1775378641,True,False,False,2,0,0.5454545617103577,1,c2ea48726d52e048c34e3aef75d33c68955341c4237585907678ffe3c43fac7d,0,2,1463,22,1223,1777090850,2026-05-08T06:10:12+00:00
1245620,ELDEN RING,222558300,koreana,"프롬겜 다움.

정말 좆같은데, 1시간 좆같아도 30분만에 깨고 나면 1시간 좆같았던건 잊을 만큼 짜릿함을 선사함.

이겨냈다는 성취감, 이 다음 지역에 대한 호기심과 적당한 긴장감, 성창하고 있다는 걸 느끼는 쾌감.

접었다가도 유튜브 알고리즘에 뜨면 다시 또 깔아보게 만드는 매력이 있음.
접기 전에 포기했던 몇몇 미필수 보스나 필드 보스 도전했다가 이겨내는 재미도 있고.",False,True,1775371436,1775371479,True,False,False,0,0,0.5,0,27a14c43cda74c4d2bfaa2f34d28b385bc44ce22c6383e448d66abe60566f436,0,6,9470,0,9452,1775389012,2026-05-08T06:10:12+00:00
1245620,ELDEN RING,222547262,koreana,"'성장한 플레이어에 대한 난이도를 어떻게 올릴 것인가'를 보게할 때 추천할만한 게임입니다.
그래도 DLC 마지막 보스 첫주차는 너무하긴 했어.",False,True,1775357449,1775357449,True,False,False,0,0,0.5,0,65f8ad6892bfdc59da4f1836495b61c3832489285e110c7e0b4be612d195a4b8,0,33,20496,0,20496,1768922170,2026-05-08T06:10:12+00:00
1245620,ELDEN RING,222500284,koreana,잘 만든 겜이고 재밌는 겜인 것도 맞는데 필드가 됬든 보스가 됬든 뇌절이 너무 심해진 게임.,False,True,1775314863,1775314863,True,False,False,0,0,0.5,0,e0df911abcdd6a1f06c44e8e1ed2954d2616c45ffb52c269ad7bafcbcfb87d3b,0,5,19795,2114,9316,1778040435,2026-05-08T06:10:12+00:00
1245620,ELDEN RING,222498356,koreana,rsdafasfd,False,True,1775313420,1775313420,True,False,False,0,0,0.5,0,657042b4c0f1d3769a32006bdd75c713b5ceee30d08acd62dd27804ddb0a2223,0,3,10576,0,6661,1776588969,2026-05-08T06:10:12+00:00
1245620,ELDEN RING,222493614,koreana,말레니아ㅏㅏㅏㅏㅏㅏㅏㅏㅏㅏㅏㅏㅏㅏㅏㅏㅏㅏㅏㅏㅏㅏㅏㅏㅏ,False,True,1775309607,1776498948,True,False,False,0,0,0.5,0,8d60d2630ca6f936f95b820c06adb658d7ce0d9cb56625fc7871a67849ba1429,0,2,11360,3008,8085,1778073522,2026-05-08T06:10:12+00:00
1245620,ELDEN RING,222491887,koreana,초갓겜,False,True,1775308107,1775308107,True,False,False,0,0,0.5,0,86391b17df2fb8b5eb3f7b95bdfd14a477b7be7b1c5efaec0dfd62a23e446399,0,4,7660,0,4782,1776794957,2026-05-08T06:10:12+00:00
1245620,ELDEN RING,222487482,koreana,GOAT,False,True,1775304154,1775304154,True,False,False,0,0,0.5,0,a55fdc6f6e4b273572e9b06a7034ad805dec420d7e4f0ac01ecd3c5f9ec7d3ed,13,1,10011,73,9938,1777125824,2026-05-08T06:10:12+00:00
1245620,ELDEN RING,222472669,koreana,아 게임이 할게없네 컨텐츠가 모자라네,False,True,1775287954,1775287954,True,False,False,0,0,0.5,0,da90647f28446593a05d628e0a4fbb5dcd0d08663287004a7617d2aecb7fc076,0,1,21365,857,17908,1777498494,2026-05-08T06:10:12+00:00
1245620,ELDEN RING,222470226,koreana,GOAT,False,True,1775284953,1775284953,True,False,False,0,0,0.5,0,ccd83727da14900825355c1412d4dfc8e4513f923facb958633ad94ed933722c,22,1,3313,0,3117,1775379270,2026-05-08T06:10:12+00:00
1245620,ELDEN RING,222452091,koreana,재밌음,False,True,1775263626,1775263626,True,False,False,0,0,0.5,0,b232e5ff5cee02eac21a17dad86c1ddebe81ac5fb17ad273ecb7bc958282821d,96,20,31213,0,31213,1769781529,2026-05-08T06:10:12+00:00
1245620,ELDEN RING,222436776,koreana,근든링,False,True,1775247978,1775247978,True,False,False,0,0,0.5,0,cc5d53b7a31d5cc6d05dd45920b0b5e5c5b11721f86c4c185d33c503d712075d,17,3,10221,1870,4864,1778177680,2026-05-08T06:10:12+00:00
1245620,ELDEN RING,222411504,koreana,"★★★★★

소울류 게임의 명작중의 명작 
장점은 생략하겠음
단점 당신이 만약 소울류 입문을 이 게임으로 시작한다면 다른 소울류 게임의 만족하지 못 할것이라 예상함 
        입문은 다른게임으로 했으면 바람",False,True,1775227881,1775227881,True,False,False,0,0,0.5,0,9a150b5afdb63e7d564f0c4dda029a154ee769c52eb5b3eed19d301284c118bc,105,18,9406,0,9406,1769162170,2026-05-08T06:10:12+00:00
1245620,ELDEN RING,222407449,koreana,"스토리가 파편화 되어있고 방향성을 알기 어렵습니다, 좋은 스토리를 만들어놓고 유저가 알아서 찾아내서 파편들을 퍼즐처럼 맞춰야하기에 사실 90% 이상 유저는 추가 검색 없이는 무슨 스토리인지도 모르고 엔딩봅니다. 

제 경우엔 검색과 공략없이 진행하고싶어서 마음대로 진행 하다가 막혀서 결국 검색을 하게 되고 검색을 하다보면 이미 중요한 퀘스트라인을 놓쳤거나 입수 가능 시기를 놓친 아이템들이 있어서 게임 이외의 요소에서 스트레스를 많이 받았네요.  적어도 게임 플탐중 3분의 1은 검색하고 시스템에 적응하며 썼음.
엔딩 3회차에 돌입해서도 듀얼모니터로 사제 지도 켜놓고 게임함. 숨겨진 요소들이 너무 많아서  

게임은 재밌는데 매우매우 불편한 부분이 많음. 게임 난이도와 별개로 
맵 탐방하다가 낙사 등 쓸데없이 죽는 경우가 너무 많고 그럴때 왔던길 그대로 돌아가서 룬 주워야함. 개짜증 

스킬/ 스탯도 그냥 힘,민첩,행운, HP,MP, 무기 스킬, 무기 속성부여 이런 통용되는 단어 안쓰고 
전회, 기량, 변질, 화염, 화염술, 예리, 중후. 빛바랜자의 문드러진 손가락 이딴 생전 처음 들어본 단어 씀. 
지 고집대로해서 성공한 게임이니까 뭐라 말 못하겠지만 게임하면서 공부해야함. 
적절한 능지와 검색력 피지컬 그리고 제일 중요한 ""오기""가 골고루 필요한 게임",False,True,1775224677,1775224677,True,False,False,0,0,0.5,0,72ee5b5ebedbb72413780e729978806313b1c10e959ebfede382e6b46cad9b3a,0,3,17809,0,17238,1775397445,2026-05-08T06:10:12+00:00
1245620,ELDEN RING,222406520,koreana,"이 너머, 점프 유효하다",False,True,1775223954,1775223954,True,False,False,0,0,0.5,0,7cdca24a06e2ed6d1ef71f2f20f03cf1c84bf344e89d21f7b8e9555796fb6969,122,42,11175,0,11153,1775225317,2026-05-08T06:10:12+00:00
1245620,ELDEN RING,222402156,koreana,멀티모드 공식좀,False,True,1775219822,1775219822,True,False,False,0,0,0.5,0,e5ad9c219e4239a23a3a6f0113e8358b48a4e1e1ef8ae90e17412c08664f89c4,27,31,359,0,321,1775901094,2026-05-08T06:10:12+00:00
1245620,ELDEN RING,222402042,koreana,dd,False,True,1775219706,1775219706,False,False,False,0,0,0.5,0,a0be47b94d2d75667533521b6b96898e56e6505b819f4b96d288532119d4ab70,0,6,4557,35,4522,1777608544,2026-05-08T06:10:12+00:00
1245620,ELDEN RING,222390597,koreana,망겜,False,False,1775206701,1775206701,True,False,False,0,0,0.4672897160053253,0,cb560c96f7e25e9db36f1d38c83507ef43f9a325b0c60e9fbcf8e3931aaefcab,0,1,27492,12,27359,1777661315,2026-05-08T06:10:12+00:00
1245620,ELDEN RING,222381446,koreana,"소울류 게임을 이걸로 입문했는데 처음엔 정말 불합리하고 레벨 디자인도 엉망이라는 생각이 들었으나,
돌아다닐수록, 뜯어볼수록 치밀한 설계에 놀라고 그 불합리함을 어떻게 극복하느냐가
또 굉장한 재미 포인트라는 생각이 드네요. 아직 무기군 하나도 정복 못 했다는 사실이
이 게임이 가지고 있는 잠재력을 시사하는 것 같고 설렙니다.",False,True,1775193848,1775193848,True,False,False,0,0,0.5,0,31a99e83a98c14a1ca0b627e25ad377ad20df81bb60f2f8578cc6c13aff666d2,99,8,13109,1491,9608,1778214644,2026-05-08T06:10:12+00:00
1245620,ELDEN RING,222377146,koreana,바이블,False,True,1775187927,1775187927,True,False,False,0,0,0.5,0,0bf07d7432c7dcec9d70d4b1376e6885d9995245d247882d86a445bd46dff465,0,4,10095,0,10095,1775111454,2026-05-08T06:10:12+00:00
1245620,ELDEN RING,222367512,koreana,"이 앞, 갓겜 있다",False,True,1775175429,1775175429,True,False,False,0,1,0.5,0,d05f2b63b8a9fc597185c4921d778819dfc6f5356bb3b6299476273fee489423,869,57,16959,290,15805,1777062739,2026-05-08T06:10:12+00:00
1245620,ELDEN RING,222337991,koreana,"점스스케어 내성이 0이라서 맵 돌아다니는게 너무 무서웠고 이거때매 몇번이나 겜끄고 런칠까 고민을 했었음
근데 그래도 보스들은 간이 딱 맞았어서 어찌저찌 하다보니 100시간 넘어갔네여",False,True,1775146996,1775147185,True,False,False,0,0,0.5,0,b376b6072794d9f103c051b630c0fe94c270ad9233594d23cfd66ed4b0a32a79,19,9,8022,0,8022,1774511671,2026-05-08T06:10:12+00:00
1245620,ELDEN RING,222333821,koreana,길이 너무 어려운거 빼고는 굉장히 재밌습니다 기존 소울라이크 장르에 탐험의 재미까지 강추,False,True,1775143366,1775143366,True,False,False,0,0,0.5,0,3cad1dfb6e9268a310c2d99db277848b430e1f59c21bee7693952e0f90c0e9aa,0,7,6400,1289,2386,1777966444,2026-05-08T06:10:12+00:00
1245620,ELDEN RING,222332380,koreana,"피했잖아 피했잖아 피했잖아 피했잖아 피했잖아 피했잖아 피했잖아 피했잖아 피했잖아 피했잖아 피했잖아 피했잖아 

피했잖아 피했잖아 피했잖아 피했잖아 피했잖아 피했잖아 피했잖아 피했잖아 피했잖아 피했잖아 피했잖아 피했잖아

피했잖아 피했잖아 피했잖아 피했잖아 피했잖아 피했잖아 피했잖아 피했잖아 피했잖아 피했잖아 피했잖아 피했잖아

피했잖아 피했잖아 피했잖아 피했잖아 피했잖아 피했잖아 피했잖아 피했잖아 피했잖아 피했잖아 피했잖아 피했잖아

피했잖아 피했잖아 피했잖아 피했잖아 피했잖아 피했잖아 피했잖아 피했잖아 피했잖아 피했잖아 피했잖아 피했잖아

피했잖아 피했잖아 피했잖아 피했잖아 피했잖아 피했잖아 피했잖아 피했잖아 피했잖아 피했잖아 피했잖아 피했잖아

피했잖아 피했잖아 피했잖아 피했잖아 피했잖아 피했잖아 피했잖아 피했잖아 피했잖아 피했잖아 피했잖아 피했잖아",False,True,1775142152,1775142479,True,False,False,0,0,0.5,0,2c5a8922c1a1593fdd362717c990856215a3632f300f18f0613883e3d61333b4,0,1,22912,208,21098,1777545153,2026-05-08T06:10:12+00:00
1245620,ELDEN RING,222327955,koreana,"게임 자체는 재밌었음.
정말 내가 멸망해가는 세계 속에서 홀로 거대한 힘에 대항한다는 그런 압도감이 느껴지는 배경을 포함해서
다양한 보스 패턴들, 배경과 상황에 걸맞는 보스 디자인.

단점으로는 그저 맵이 너무 넓다는 것.
누구는 어려운 보스를 맞닥드렸을 때 우회할 수 있는 곳이 많고, 스스로 강해질 수 있는 방법이 많다는 점에서 고평가를 했을지 모르나,
소울류를 즐겨하는 유저입장에서 맵이 넓다는 것은 그닥 장점은 아니었음.

새로운 지역에 처음 당도했을 때, 이 지역을 탐험하는 재미가 분명 있음. 일로가면 뭐가 나올까? 일로가면 멋있는 보스가 있을까?
하지만 맵이 너무 넓고, 지도를 보고 내가 가고 싶다고 다 갈 수 있는 곳이 아니었음.
어떤 지역이 너무 가고 싶어서 맵을 뒤지고 이런저런 우회도 해봤으나 도저히 갈 수 있는 방법을 못찾아 공략을 보면
지금 진행도로 오는 곳이 아니라거나, 아예 다른 데로 가서 어떤 열쇠를 먹고 와야된다거나 하는 등
탐험의 재미를 떨어뜨리는 그런 요소들이 너무 많음.

그러나 공략을 보고 맵을 찾아 그 맵의 보스를 도전하게 된다면 정말 소울류 유저로서 너무나 재미있는 보스경험을 할 수 있게 됨.
보스의 패턴은 엇박과 정박이 적절히 섞여있으며, 보스의 후딜이 짧을지언정 정확한 타이밍에 후딜을 지켜줬음
그 지역의 보스를 상대한다면 너무나 재밌어서 다음 지역의 보스를 찾으러 가게 되는 동기가 되지만
쓸데없이 넓은 맵은 보스를 찾으러 가는 동기를 꺾어버림.

이 넓은 맵을 돌아다니며 찾은 것이 고작 전회or영체라면 노영체 근딜 솔플 유저 입장에서는 그닥 달갑지 않았음.
애초에 근딜 유저로서 지신신이나 정신력 레벨을 낮게 유지하기 때문에 전회도 그닥 효용성을 느끼지 못하기 때문.

그런 점을 제외하면 너무나 재미있는 게임이자, 정말 다크판타지 세계 속으로 들어온 것 같은 압도감을 선사해줌",False,True,1775138127,1775138127,True,False,False,0,0,0.5,0,423be71b195cf5ae1ff3138a4a3dfdee192e7839625bd2a38cb8d453e490154d,353,19,3218,0,3211,1776960441,2026-05-08T06:10:12+00:00
1245620,ELDEN RING,222326862,koreana,GOTY,False,True,1775137026,1775137026,True,False,False,0,0,0.5,0,8d78e329d1e0c53e73d187687d2c14b62bd6b446ae39a96670bc8de4b0410ccb,0,1,8238,0,8238,1775136988,2026-05-08T06:10:12+00:00
1245620,ELDEN RING,222322436,koreana,갓겜,False,True,1775132560,1775132560,False,False,False,0,0,0.5,0,c11b8b4985302fbe802afbd1c1c47cf1fc0c0c2f4bf54b0762b9a73fed50e2b3,0,21,10715,0,10715,1767418404,2026-05-08T06:10:12+00:00
1245620,ELDEN RING,222321973,koreana,닼소3으로 입문하고 엘든링으로 프롬에 빠져버렸습니다 말레니아 ^발놈,False,True,1775132093,1775132093,True,False,False,0,0,0.5,0,2770916d8dc1453ded24f16cd7d005f889e4c5be88464ef33e73cca21c051efe,44,5,5227,0,5227,1774954456,2026-05-08T06:10:12+00:00
1245620,ELDEN RING,222269497,koreana,"스토리 라인을 좀 따라갈 수있게 퀘스트를 확실히 해주면 좋겠어요.
오픈 월드라 자유도가 높은 건 알겠는데 그런 부분이 째끔 아쉽습니다..
난이도 쉬발발...넥서스 모드 써서 줄여 했는데 그제서야 재밌어졌습니다
난 응애야.",False,False,1775067121,1775067121,True,False,False,0,0,0.42569658160209656,0,37ba8e4670dbf515118dc568c5d7fca6aa3be0ef4c1d06cced6ff20759a592f9,0,42,2454,0,2454,1774531209,2026-05-08T06:10:12+00:00
1245620,ELDEN RING,222249527,koreana,맛잇게 맵다.,False,True,1775048657,1775048657,False,False,False,0,0,0.5,0,2f188509ec5a751d1b242858be22732d8dd8777b3c2d80991a52eb855fe6f91f,0,7,4166,0,4166,1755554243,2026-05-08T06:10:12+00:00
1245620,ELDEN RING,222243006,koreana,갓겜,False,True,1775040852,1775040852,True,False,False,0,0,0.5,0,bddb9f4f171e334ff197ddf00313453c0466071ba0b29056bf3d519c7d75ca54,208,18,23032,0,23032,1773407108,2026-05-08T06:10:12+00:00
1245620,ELDEN RING,222189163,koreana,"그냥 사세요
어차피 살려고 여기까지 온거잖아",False,True,1774975100,1774975100,True,False,False,0,0,0.5,0,1800c93753ae007ce1ae05324b1031a317d24c2ceaa2014e2020beb77fd78af0,47,3,19504,630,18873,1778001708,2026-05-08T06:10:12+00:00
1245620,ELDEN RING,222183604,koreana,아직 까지는 공략 보고 해서 괜찮은데 ... 스트레스 안받기를 잘 적응하기를 기도합니다 ..,False,True,1774970317,1774970317,True,False,False,0,0,0.5,0,31cf73aaa8ae1b4f7a75061f6a895a6fee3f5627043507da13dc9d7aee153f57,0,4,7709,3115,311,1778166549,2026-05-08T06:10:12+00:00
1245620,ELDEN RING,222173415,koreana,일단 개재밌음,False,True,1774961237,1774961237,True,False,False,0,0,0.5,0,91820aebb9dbe79fd779e3b5e5cd24030c4b12dd91f9b24634015655cf230631,0,3,2903,0,2853,1775377915,2026-05-08T06:10:12+00:00
1245620,ELDEN RING,222165063,koreana,잘 봐도 못 피함,False,True,1774951128,1774951128,False,False,False,0,0,0.5,0,3f651f42dfc545ab7a465034ef07086a4f39d7078f3815c55c819e560eac6053,0,7,11287,0,7525,1775921039,2026-05-08T06:10:12+00:00
1245620,ELDEN RING,222157730,koreana,해도해도 질리질 않는다 갓겜,False,True,1774939854,1774939854,True,False,False,0,0,0.5,0,a36f1aac11ec9f851a78dd49d0fae6f0e01ace9c1783e893e93c9318de35268a,0,12,12234,0,12167,1775803909,2026-05-08T06:10:12+00:00
1245620,ELDEN RING,222150681,koreana,재밌음,False,True,1774928909,1774928909,True,False,False,0,0,0.5,0,5751d3b5f953ea2b6c9b6ef90c22ab1fae2ed0707329313adfa2163949b7dfcc,30,4,10933,0,10933,1771048889,2026-05-08T06:10:12+00:00
1245620,ELDEN RING,222104205,koreana,"나에게 소울이 뭔지 알려주고, 소울의 세계에 입문하는 문을 열어준 게임
플탐 300시간 이상 했다? 무조건 재밌는 게임이지~",False,True,1774880452,1774880617,True,False,False,0,0,0.5,0,c5136eaa1d05e825b1a2422510a38adebca67cccda8f59d0b9b8f088edefc362,0,4,22027,0,22027,1768133961,2026-05-08T06:10:12+00:00
367520,Hollow Knight,224963626,koreana,"8000원의 행복
",False,True,1778163250,1778163250,True,False,False,0,0,0.5,0,b2fc5ed859da1e65e1efd3123e40448827286619cee224b069e4046dd8662916,0,4,3231,641,3203,1778164103,2026-05-08T06:10:14+00:00
367520,Hollow Knight,224938631,koreana,여기가 어디예요,False,True,1778126991,1778127016,True,False,False,0,0,0.5,0,0f60af368b5b0e58af7296ff62f1a99ea7ca5b9054afda1cb9d08e18f0c662cb,0,15,322,0,322,1771412949,2026-05-08T06:10:14+00:00
367520,Hollow Knight,224936766,koreana,예의를 지켜야 하는 게임,False,True,1778124026,1778124026,True,False,False,0,0,0.5,0,125440ccd702dde8dc850763a8cd589cc1709b7dc8658689e0a90f38c393b51d,89,1,6893,1219,6810,1778213767,2026-05-08T06:10:14+00:00
367520,Hollow Knight,224917396,koreana,메트로배니아의 정점.,False,True,1778098252,1778098252,True,False,False,0,0,0.5,0,aeade99f2249b0e38fac5b29409ba0164e490bd55df6a06cdd9d02987e350c90,110,3,9164,3526,9116,1778137651,2026-05-08T06:10:14+00:00
367520,Hollow Knight,224896855,koreana,가라마!,False,True,1778078028,1778078028,True,False,False,0,0,0.5,0,15d65ee64f756a5f7288a4abeb4979514fa625d177922bbd72413d08f2a982b5,64,1,2740,41,2699,1778096675,2026-05-08T06:10:14+00:00
367520,Hollow Knight,224884248,koreana,실크송 할까?말까?할까?말까?,False,True,1778061697,1778061697,True,False,False,0,0,0.5,0,fec54edbf80753fb323bce8fce7b3d3cf3079741b34475ec835293a9293af179,0,7,3013,90,3013,1777951582,2026-05-08T06:10:14+00:00
367520,Hollow Knight,224878221,koreana,로그라이크 1황,False,True,1778050967,1778050967,True,False,False,0,0,0.5,0,a5fd8bc75392c10ffa0b086777c911c019b2f8839c1a6cc9d0f5b3513739421a,0,8,3911,0,3911,1742892593,2026-05-08T06:10:14+00:00
367520,Hollow Knight,224856197,koreana,"꼭 사야하는 게임 모두가 한번씩 해봤으면 하는 게임
몇 년을 고대한만큼 정말 재밌게 즐겼음
피지컬이 지나치게 요구된다는건 과장된 말임
이것저것 싸워보고 좀 돌아다니다보면 자연히 실력이 늘어있음
오히려 적절한 난이도 조절로 승부욕을 자극해서 더 하고싶게 됨
도전과 성취를 반복하면서 큰 만족감을 얻을 수 있음
광활하고 잘 짜여진 맵을 탐험하면서 수집도 하고 보스도 싸우고
하고싶은대로 내맘대로 진행할 수 있음
한번 사서 재미 붙이면 50시간은 거뜬히 함
오랜만에 처음부터 다시 쭉 플레이해보려고 하는중
다들 할나 사고 광명찾길 바람",False,True,1778017598,1778017682,True,False,False,0,0,0.5,0,1116831f74d14053b39edeb7a33382367e1ae05093eb03bef8380f6c08bd34d9,0,2,3729,82,3647,1778022713,2026-05-08T06:10:14+00:00
367520,Hollow Knight,224808474,koreana,asddad,False,True,1777962045,1777962045,True,False,False,0,0,0.5,0,f3d427b3bb90c9681574f818669c0f9f85c7b84afe14d06c6df605afdc3d581f,5,1,2381,2024,2372,1777962538,2026-05-08T06:10:14+00:00
367520,Hollow Knight,224800927,koreana,굿,False,True,1777949743,1777949743,True,False,False,0,0,0.5,0,21fd9678dad9c71a0cf5252170f318dedcd43a2123e0da44c97d9612e4c51264,58,6,5482,0,5482,1627385230,2026-05-08T06:10:14+00:00
367520,Hollow Knight,224761711,koreana,인생게임 근데 빡침,False,True,1777906244,1777906244,True,False,False,0,0,0.5,0,ffb9214689ec970553c5588611f8f0f3e9b208451de13f25a3a8057f1fbf142c,0,2,4521,4,4517,1777906550,2026-05-08T06:10:14+00:00
367520,Hollow Knight,224749171,koreana,이겜 컨텐츠가 부족함,False,True,1777893084,1777893084,True,False,False,0,0,0.5,0,92cbef25979c90bd6dedbaaa67aaeebcfb161247a31e538054b2d2b9920bfa6a,0,10,12147,0,12147,1770541031,2026-05-08T06:10:14+00:00
367520,Hollow Knight,224669801,koreana,재미있습니다.,False,True,1777807616,1777807616,True,False,False,0,0,0.5,0,790da06bbeae2195b1f3814544c1645cf3a42e301ae72fde92b7ec4fe825e8c3,0,2,4006,4006,2279,1778200503,2026-05-08T06:10:14+00:00
367520,Hollow Knight,224659013,koreana,나는 몰랐다 조트를 살리지 말아야 했던걸...,False,True,1777795515,1777795515,True,False,False,0,0,0.5,0,6e20a9c19b8ba20ff4adac1b1b6b1ba4b9a1255796ee351995bcb27e5a8a4612,0,1,4840,100,4784,1777888812,2026-05-08T06:10:14+00:00
367520,Hollow Knight,224647389,koreana,디자인이 좋습니다 저는 피지컬 뇌지컬이 좀 되서 게임 잘 깨는데 잘 못하시는 분들은 어러울 수도 잇을것같아요 그럼 수고,False,True,1777780597,1777780597,True,False,False,0,0,0.5,0,4e8d0dced887a9d2f7d928914b8b7398ced87b30736fa91bf1c3ec77d069d07e,0,1,3551,193,3360,1777792050,2026-05-08T06:10:14+00:00
367520,Hollow Knight,224604063,koreana,",",False,True,1777738293,1777738293,True,False,False,0,0,0.5,0,e49fb2222bbfe6df130b55657881e61cb76e0949a8d45819ecc07160d3533093,42,25,1351,0,1351,1759309465,2026-05-08T06:10:14+00:00
367520,Hollow Knight,224587108,koreana,재밋어요,False,True,1777723517,1777723517,True,False,False,0,0,0.5,0,1e091b943eca95d328cceed8f20d2b2782d5f3735c2be4677ec85825e8f1e3f2,51,2,7104,30,7104,1777721880,2026-05-08T06:10:14+00:00
367520,Hollow Knight,224488358,koreana,gg,False,True,1777620524,1777620524,True,False,False,0,0,0.5,0,c2021670e57aa2b4861bb722ed522ab9e2403bf3fa03682470a27c25ed301aed,0,3,6414,941,6329,1777774361,2026-05-08T06:10:14+00:00
367520,Hollow Knight,224464612,koreana,,True,True,1777589784,1777589784,True,False,False,0,0,0.5,0,9d901ad5af058c10165143385653a94d105e56008cf0065bfc76d10bc29ebf86,0,1,6534,512,6396,1777683836,2026-05-08T06:10:14+00:00
367520,Hollow Knight,224419546,koreana,"메트로배니아 장르 좋아하고 컨트롤에 나름 자신이 있다면 무조건 만족할 수 있는 게임이다.

맵 탐험하는 재미가 정말 잘 살아 있고, 길 찾고 새로운 지역 열어가는 과정 자체가 계속 플레이를 붙잡는다. 
전투도 단순하지 않고 패턴 익히면서 점점 익숙해지는 과정이 자연스럽게 이어져서 손맛도 좋은 편이다.

보스전도 인상적인 게 많고, 하나하나 공략해 나가는 재미가 있다. 
거기에 OST랑 분위기가 워낙 좋아서 게임 전체 몰입감이 굉장히 높은 편이다.

분량도 꽤 있어서 엔딩까지 가는 과정도 충분히 즐길 수 있고, 파고들 요소도 많아서 오래 잡고 하기 좋은 게임이다.

추가 무료 DLC들도 완전 재밌고 개인적으론 너무 좋았다. 

이 장르에서 왜 자주 언급되는지 직접 해보면 바로 납득되는 게임이다.",False,True,1777548182,1777548182,False,False,False,0,0,0.5,0,d4438e8ee11c7786ef46f0d87c03082f7f9f15d31362946dba011d45ac1575ec,0,40,4511,0,4511,1756904196,2026-05-08T06:10:14+00:00
367520,Hollow Knight,224352746,koreana,ㅇ,False,True,1777465911,1777465911,True,False,False,0,0,0.5,0,75411f91615a28474fcf6ad6e594d6d84dae91a8ec92e2106e4c313e73cff747,104,59,711,607,543,1778214203,2026-05-08T06:10:14+00:00
367520,Hollow Knight,224336707,koreana,좋아요,False,True,1777441501,1777441501,False,False,False,0,0,0.5,0,35aa85cd883d8dabcf62b37aa374251ef98abad0585c7b13123f7715600d18e0,54,2,4289,10,4279,1777554069,2026-05-08T06:10:14+00:00
367520,Hollow Knight,224303215,koreana,좋은 벌레,False,True,1777401046,1777401046,True,False,False,0,0,0.5,0,81202e1dfdacbf16779533ce2abd00d7645f2af7a2ab05fe9d249275ec407653,0,17,3429,18,3411,1777402182,2026-05-08T06:10:14+00:00
367520,Hollow Knight,224296693,koreana,갓겜,False,True,1777395422,1777395422,True,False,False,0,0,0.5,0,c3e898b60280a18b8b98487c888753ca74cbdc0536d4e33a580874bc1aa6cdd7,59,27,5176,0,5176,1761056502,2026-05-08T06:10:14+00:00
367520,Hollow Knight,224277987,koreana,인생겜,False,True,1777379643,1777379643,True,False,False,0,0,0.5,0,6ec950d7fca715061d62d256b1aebdfcae9c3fe02542ecf0d37762f33d2e857d,0,2,4530,180,4382,1777699408,2026-05-08T06:10:14+00:00
367520,Hollow Knight,224264319,koreana,진짜 재밌어요~,False,True,1777360965,1777360965,True,False,False,0,0,0.5,0,c032e1e153c7d8ecf05c918543fbb059b596b8eb4f9b6cead72e5be48ae704e6,0,1,3434,5,3429,1777361318,2026-05-08T06:10:14+00:00
367520,Hollow Knight,224229583,koreana,죽을께오..,False,True,1777312667,1777312667,False,False,False,0,0,0.5,0,7c0a472a16478705464b060c2a4a75afcd06890857ec9271a39a4b8b4cb78c2d,383,58,1652,511,1362,1778178135,2026-05-08T06:10:14+00:00
367520,Hollow Knight,224209011,koreana,"내가 기억하는 한 메트로배니아 장르은 처음이지만 그럭저럭 재미있게 플레이를 했다.

평가하고 싶어도 같은 장르의 게임을 해본 적이 없어 비교 대상이 없으니 뭐라 상세히 평가하기는 곤란하다.

다만, 주관적으로 느끼기에 움직임이 부드럽고 잘 만들었다는 인상을 받았으며 보스를 도전하는 맛이 있었다.

3회차까지 플레이했지만 역시 개인적으로 다회차는 불호다. 이 정도면 충분히 잘 만든 게임인 것 같다.",False,True,1777290497,1777290497,True,False,False,0,0,0.5,0,0145bdbb49eb7890d48c14425fb5c0507879346ff1404e6bdb1a11a03a0c2da8,96,24,3677,680,3677,1777290090,2026-05-08T06:10:14+00:00
367520,Hollow Knight,224135696,koreana,"스위치로 3문까지 깼는데 4문부터는 도저히 못하겠어서 손도 못 대고 있지만? 그럼에도 할나를 즐기고 싶어서 스팀도 사서 스토리 새로 플레이 중입니다..

ㅈ같은 필드몹들 생각하면 짜게 식다가도 또 하다보면 재밌어서 할나 못 끊는 중입니다... 다들 할나 하세요 앙냥냥",False,True,1777205141,1777205141,True,False,False,0,0,0.5,0,eb05dcd2cb1957236dcfeed2737ed9ccc97ab10ed18a2f7d360eb3d907badbdf,0,6,349,175,280,1778157778,2026-05-08T06:10:14+00:00
367520,Hollow Knight,224127867,koreana,갓겜,False,True,1777197020,1777197020,True,False,False,0,0,0.5,0,0158da61b9d40a9aefd65949274bee01784817342896962827af19ed456d8a88,0,3,2789,226,2789,1777196720,2026-05-08T06:10:14+00:00
367520,Hollow Knight,224116506,koreana,갓겜,False,True,1777183010,1777183010,True,False,False,0,0,0.5,0,778c8ac05ae7a47019954be6c9e0de44a25e22709ae8981a8a0db68746aae299,30,5,2963,129,2834,1777213513,2026-05-08T06:10:14+00:00
367520,Hollow Knight,224074061,koreana,말이 필요없는 갓겜,False,True,1777138184,1777138184,False,False,False,0,0,0.5,0,7f0247c28fb82fae6836827e02b9f527e9591fa9e720bc7755ae42cf7358f5b4,34,1,3564,0,3564,1776886641,2026-05-08T06:10:14+00:00
367520,Hollow Knight,224043271,koreana,갓겜,False,True,1777109737,1777109737,True,False,False,0,0,0.5,0,30df1bd871bb89c95fc5b670241c5f583260a52423075d8af341554cb270dec3,0,1,8338,544,8267,1777118608,2026-05-08T06:10:14+00:00
367520,Hollow Knight,224035067,koreana,Radiance and the Wyrm... this game's story and the art is very beautiful,False,True,1777099016,1777099016,True,False,False,1,0,0.5,0,2cb68f86bf818edf01d053f1e125e0c6556dc7aef340d067fb95d11ba21ff584,0,1,25420,4411,22441,1777909594,2026-05-08T06:10:14+00:00
367520,Hollow Knight,224023886,koreana,"Hollow knight is a niche game. I loved it, I've only done the first playthrough, but there is lot of value to it considering the game is made by an indie developer. I would recommend trying it out, there is a set story, however the exploration in this game is phenomenal. You can find various locations and easter eggs, very interesting stuff. I recommend people who like platformer and soulslike.",False,True,1777083912,1777083912,True,False,False,0,0,0.5,0,1c858484221b85d20af5e7fcb9a37601e405af17a38c07e6aef07fb6739a8fbb,0,4,3326,0,3326,1731073468,2026-05-08T06:10:14+00:00
367520,Hollow Knight,223998201,koreana,The best game of my life,False,True,1777055227,1777055227,True,False,False,0,0,0.5,0,7427387b031d23418a710b81b46b00d1308ee7bbb0cbb05d370858da54c05d54,0,2,3618,0,3618,1770786652,2026-05-08T06:10:14+00:00
367520,Hollow Knight,223992612,koreana,길이 좆되게 어렵지만 재밌음,False,True,1777050255,1777050255,True,False,False,0,0,0.5,0,cbadb093955b36539457213c6bf956698a3bfb43be0b49a26a1289ab92569ea7,64,15,115,103,115,1777050154,2026-05-08T06:10:14+00:00
367520,Hollow Knight,223974460,koreana,"귀여운 곤충들이 나와서 귀여움 하지만 백색 궁전,신들의 고향 하나도 안 귀여움 최악임 최악 최악 최악 최악 최악 이 게임 실행할때마다 손가락 없애고 싶음",False,True,1777033472,1777033472,True,False,False,0,0,0.5,0,fc7783dced81c66ddcf38d344d37258e4b96e4d0e1a6b4c594af89021a1f4746,16,6,3665,36,3629,1777043775,2026-05-08T06:10:14+00:00
367520,Hollow Knight,223972618,koreana,.,False,True,1777031345,1777031345,True,False,False,0,0,0.5,0,4793a18811a8e3df19f0a191323c529a3937bec08d65dabcc634fb73e7fc2df8,0,1,3507,1966,1599,1777872755,2026-05-08T06:10:14+00:00
367520,Hollow Knight,223963057,koreana,너무 어려움,False,False,1777017263,1777017263,True,False,False,0,1,0.5,0,4a48bc6d6971ffeed6057d8416d39e204549d47b9090d5cb15019d3bfb76e8c8,0,2,1692,3,1692,1777017242,2026-05-08T06:10:14+00:00
367520,Hollow Knight,223902716,koreana,"재밌다. 심오한 세계 디자인과 간단하면서도 깊이있는 컨트롤, 다양한 형태의 보스들까지.",False,True,1776942855,1776942855,True,False,False,0,0,0.5,0,f288f711424e4d2360be341e7eadf7ec9dbca71b6817b082c8a2c3456b70cc14,0,3,1075,0,1075,1776484885,2026-05-08T06:10:14+00:00
367520,Hollow Knight,223837929,koreana,보스/중간보스 ㅆㅂ넘아 게임을 드럽게 어렵게 만들어놨네,False,False,1776858450,1776858450,True,False,False,0,0,0.5,0,52da0b48a67bbf101070ce06ebc1f6413efec50db55571618aafed87feac04e7,0,47,3014,452,2281,1777771050,2026-05-08T06:10:14+00:00
367520,Hollow Knight,223817902,koreana,"역대 최고의 인디게임
",False,True,1776824534,1776824534,True,False,False,0,0,0.5,0,11baf0f161ec90f9988c36584bd7b2ba0a411205796e87745d0edb56509939fd,0,34,3142,0,3142,1776824271,2026-05-08T06:10:14+00:00
367520,Hollow Knight,223772203,koreana,메트로베니아 + 소울 좋아하면 원츄,False,True,1776776986,1776776986,True,False,False,0,0,0.5,0,46b118b1bb29f618a9aa2fdf658dd0fae96c51e2cdab2373e0983b9ef228598d,0,1,32277,515,31718,1777812414,2026-05-08T06:10:14+00:00
367520,Hollow Knight,223771118,koreana,"이 게임의 교훈:
얼마나 오래 걸릴지는 상관없음 
#너는반드시내가죽인다
",False,True,1776775835,1776775835,True,False,False,0,0,0.5,0,dc30978f7bee76ab36b865f1085b9fbb3f2932cc8fcd958dc312c30173cb0c6b,0,12,2991,0,2991,1770342302,2026-05-08T06:10:14+00:00
367520,Hollow Knight,223760895,koreana,재밌어요,False,True,1776762015,1776762015,True,False,False,0,0,0.5,0,8878a9553b018764f60d026e8501a4457aec8a419fe645ab2ee434e54b302d9b,0,10,4037,18,3897,1777381531,2026-05-08T06:10:14+00:00
367520,Hollow Knight,223625282,koreana,메트로바니아 좋아하면 하세요,False,True,1776606718,1776866843,True,False,False,0,0,0.5,0,a663d50eef628d3eed51fa5442b1d0eac2e27ba9e8d661d15892744a54d2124c,130,2,13008,0,13008,1766661637,2026-05-08T06:10:14+00:00
367520,Hollow Knight,223609074,koreana,아 벌래새끼존나싫어개새끼야,False,True,1776592412,1776592412,True,False,False,0,0,0.5,0,e5ad9c219e4239a23a3a6f0113e8358b48a4e1e1ef8ae90e17412c08664f89c4,27,31,410,38,273,1777951326,2026-05-08T06:10:14+00:00
367520,Hollow Knight,223561718,koreana,스토리 좋고 난이도 적응할만하고 사실상 실크송 튜토리얼인 게임 그리고 주인공 귀엽다(중요),False,True,1776540541,1776540541,True,False,False,0,0,0.5,0,766f4fa4aa28881bb26fa8fdf6d128d9bb75e4d43b1a80ba90f807ed11bd17da,0,1,4890,0,4890,1776520693,2026-05-08T06:10:14+00:00
367520,Hollow Knight,223542299,koreana,이걸왜안하지,False,True,1776525730,1776525730,True,False,False,0,0,0.5,0,754a2ffd5113a6ae92bc28e782677c7c59b4c6d6bed28b0601b5ba2cf250cf83,0,9,6964,124,6839,1777983386,2026-05-08T06:10:14+00:00
367520,Hollow Knight,223523495,koreana,극강의 재미! 이 게임을 하고 개발자를 꿈꾸었습니다.,False,True,1776510537,1776510537,True,False,False,0,0,0.5,0,648b0d247785fdaf03868b54c824f2a16859f902e2e0d8a76dd12880375d1795,0,1,4000,124,3831,1777961615,2026-05-08T06:10:14+00:00
367520,Hollow Knight,223500402,koreana,ㅅ1발련,False,True,1776484492,1776484492,True,False,False,0,0,0.5,0,7b48911411bd487e7e6ea32d0997a355c3365cb9c15f753d3104e08170dbfd88,0,11,649,0,320,1776916092,2026-05-08T06:10:14+00:00
367520,Hollow Knight,223424157,koreana,재밌어 어려워 짜증나 재밌어,False,True,1776408440,1776408440,True,False,False,0,0,0.5,0,ba89f1f697fe30275cec8c6a696b9608b7e76b305ff1406e707ba28421c89655,0,36,214,0,214,1773835902,2026-05-08T06:10:14+00:00
367520,Hollow Knight,223371908,koreana,"실크송 먼저 접하고 해서 그런지

실크송 순한맛 재미",False,True,1776346416,1776346416,True,False,False,0,0,0.5,0,ef79d339ca1e253b473579c50e991e34231a747f530669356b07a915cdf00623,0,15,2130,0,2130,1762422754,2026-05-08T06:10:14+00:00
367520,Hollow Knight,223344127,koreana,걍 하셈,False,True,1776302683,1776302683,True,False,False,0,0,0.5,0,b3aa35adc972572c8394c987add4b03010dc112cbec2579f115e0e831d81dbcc,0,1,2982,0,2744,1776931487,2026-05-08T06:10:14+00:00
367520,Hollow Knight,223293661,koreana,무려 무적인데 두려움도 모르고 관능적이고 신비롭고 고혹적이고 활력 넘치고 성실하고 압도적이고 멋지고 열정적이고 공포스럽고 아름답고 강력한 회색 왕자 조트,False,True,1776239323,1776239323,True,False,False,0,0,0.5,0,dad0e6bb581da7604a744f4a2ba3fb5b8ab0d47e5e7884059d2165d7be171249,59,3,6385,696,4172,1778219942,2026-05-08T06:10:14+00:00
367520,Hollow Knight,223236965,koreana,이게임은 사람들이 어렵다고는 하는데 막 엄청 어렵진 않고 재밌음 무조건 강추 저는 저사양 컴인데도 엄청잘돌아감 16500원이라는 착한 가격이니 사는걸 추천드림,False,True,1776167841,1776167841,True,False,False,0,0,0.5,0,d9c85323ec14c674818d9f486bebeb8ade58d2b472ddc55c0a065a6a5564aac0,0,6,757,0,615,1776565618,2026-05-08T06:10:14+00:00
367520,Hollow Knight,223188181,koreana,갓겜,False,True,1776097534,1776097534,True,False,False,0,0,0.5,0,c20d1714cadbc049c94f777bcb5e3cd0f919163baf190f63eedfa3972de9f2f9,107,28,4359,464,3329,1777300117,2026-05-08T06:10:14+00:00
367520,Hollow Knight,223176710,koreana,.,False,True,1776085775,1776085775,True,False,False,0,0,0.5,0,0adb999bf9616b83062e03ada15cb57a02d1f8be8606e8ed579e5fa3a7123667,0,7,3781,3,3761,1778163451,2026-05-08T06:10:14+00:00
367520,Hollow Knight,223170729,koreana,"실크송도 명작이지만, 누가 뭐래도 나에게 단 하나의 게임만 할 수 있다면 역시 할나다... 
처음에 아무것도 모르고 헤매느라 시간을 많이 버리기도 했지만, 그만큼 공략도 찾아보고 여러 번 다시 해도 이만한 게임이 없다..!! 
매트로베니아라는 장르에 눈을 뜨게 해준 최고의 스팀게임 애정한다 진짜
내 친구들이 모두 이 게임을 해봤으면 좋겠지만, 고통받는 과정을 싫어하는 사람도 있으니까 아쉬울 따름... 쩝",False,True,1776077733,1776077733,True,False,False,0,0,0.5,0,9f5f33243323c01b1eea517d91c88d31a1c797842c0272e80da7a477f464cc94,0,14,4014,0,3774,1776436578,2026-05-08T06:10:14+00:00
367520,Hollow Knight,223113073,koreana,"우주갓겜 
혼자 길잃고 돌아다니다가 만나는 벌레들이 너무 소중함
벌레가 너무 잘생겼어요
처음에 진짜 막막했는데 하다보니 길도 외워짐",False,True,1776006271,1776006271,True,False,False,1,1,0.5199999809265137,0,a344b6c51eb26fd683f9f070ce4ef56d2bf13ac41059d3f1774458248efcc4ac,57,7,2464,0,2464,1760082683,2026-05-08T06:10:14+00:00
367520,Hollow Knight,223103964,koreana,"1줄요약:대부분의 유저들이 좋게 평가한 게임이지만 개인적으로는 지루했었고 취향에 안 맞음

□다른 평가를 읽고 이 게임에 기대했었던 것들:
절묘한 전투,성취감을 느끼게 하는 보스전,진행할 때마다 새로운 플레이 경험,
흥미로운 탐험 요소

□6시간 동안 실제 경험:
전투는 생각보다 너무 밋밋하고 
후반 보스까지 안 가서 그렇겠지만 보스전 또한 재미를 느끼지 못했음
모험도 그다지 흥미를 못 느꼈음
지금 갈 수 있는 곳은 모두 밝혀둔 상태인데 (이 앞을 진행하기 위해 필요한 아이템을 구매하기 위한 재화 모으기가 너무 귀찮고 지루하게 느껴져서 안 하고 있음)
아트 스타일이 내 취향이 아니라서 더 지루하게 느껴진 걸 수도 있겠음

□재미가 없다고 생각했던 이유:
초반부터 도파민이 터지는 게임이 아니고 재미를 찾을 때까지 빌드업이 상당히 긴 게임임
다들 호평인 걸로 보아 아마도 후반에 가면 재미있어 질 수도 있겠지만 거기까지 가는 동안 
재미가 없는 걸 꾹 참고 해보고 싶지는 않았음
특히나 재화를 모으기 위해 잡몹들을 학살하며 맵을 무의미하게 돌아다니고 왔다갔다하는 건 초딩때 잠깐 했었던 메이플 스토리를 떠올리게 했음",False,False,1775998774,1775999782,False,False,False,0,0,0.5,0,e7029ac435cfff80634c778a06ef83ea3451c728a4943ca35d3821b0670d82bc,667,208,394,0,394,1775998358,2026-05-08T06:10:14+00:00
367520,Hollow Knight,223002378,koreana,재미있음,False,True,1775893453,1775893453,True,False,False,0,0,0.5,0,58b522231af92720e156c97a6e3ca25c9a5b6dcd70fddf5dbddc96a6b0e7adeb,3,2,388,0,231,1775907698,2026-05-08T06:10:14+00:00
367520,Hollow Knight,222995490,koreana,26년도에 하기엔 좀 오래된 느낌이 있음. 조작감이 살짝 병맛임. 스킬 획득이 너무 느리게 되서 플레이 쾌적함이 부족함. 잘만든 게임 같아 보이면서도 어딘가 모르게 엉성함이 묻어있음. 확실한건 요즘 게임이랑 차이가 있음.,False,False,1775884115,1775884115,True,False,False,0,0,0.43478259444236755,0,544e6296ed750b56e59bf505e802759daffac7d5cb6785575c3edd0605390db7,0,6,2989,0,2989,1775385374,2026-05-08T06:10:14+00:00
367520,Hollow Knight,222955999,koreana,아 만신전 언제 깨지,False,True,1775839721,1775839721,True,False,False,0,0,0.5,0,aec79411686125dbba37b1f6aa5ca0a235e55a33d9b045165d2ea70ecd47b863,52,5,7603,0,7603,1774697727,2026-05-08T06:10:14+00:00
367520,Hollow Knight,222952903,koreana,너 무 재 밌 어,False,True,1775836944,1775836944,False,False,False,0,0,0.5,0,3e17f75e55f22a46622dab90a5fe78c5fd9975591fd9a5924dc281ed46dc4004,0,1,9620,0,8660,1776399673,2026-05-08T06:10:14+00:00
367520,Hollow Knight,222943686,koreana,좋음.,False,True,1775828357,1775828357,True,False,False,0,0,0.5,0,4945133d0c0f88b2ad083c6a64e84ed6e04a2d7a88c093be79fca18019763b80,209,95,1858,0,1858,1775828251,2026-05-08T06:10:14+00:00
367520,Hollow Knight,222925539,koreana,명작입니다 꼭 해보시길 그리고 뒤에 무기 강화하면 별로 어렵지도 않음 오히려 너무 쉬움 정말 훌륭한 게임이니 꼭 구매해서 해보시길 추천드립니다.,False,True,1775801815,1775801815,True,False,False,0,0,0.5,0,9ab78cec3b5c3cbcce5ef2aba810719faa86fa0764d17d3ac3c2ede25b22752f,0,2,8117,0,8048,1776061185,2026-05-08T06:10:14+00:00
367520,Hollow Knight,222865555,koreana,그냥 사세요,False,True,1775728769,1775728769,True,False,False,0,0,0.5,0,a2d75e45e47720413b83f515025cc27314757918a7997ec55b158c616df7b1dc,0,2,3166,1217,193,1777463484,2026-05-08T06:10:14+00:00
367520,Hollow Knight,222850848,koreana,"처음 접해보는 메트로배니아 플랫포머 장르
정말 재밌게 즐겼고 게임이 참 깔끔한 것 같다 이제야 평가를 남긴다...",False,True,1775703272,1775703272,True,False,False,0,0,0.5,0,d549a9a9548f0c93453473ab879d6be152bae69789cc4f79e9b3461c7d93adf8,0,2,12314,0,12314,1774974690,2026-05-08T06:10:14+00:00
367520,Hollow Knight,222845286,koreana,"아.. 나 이런 게임 별로 안 좋아하는데.. 아.. 아 내가 이 게임을 정말 안 좋아하는지 첫 보스만 깨봐야지.... 할만하네? 그래도 잘 모르겠어 두 번째 보스까지만... 세 번째.. 네 번째....
내가 진짜 이런 게임을 안 좋아하는지 만신전을 해보고 확인해봐야지...",False,True,1775695263,1775695263,False,False,False,0,0,0.5,0,195f9d67ba59ac1b19729548d8298cf3508648b3aed1e1afa51539c9a0545acf,95,15,3496,0,3496,1768707723,2026-05-08T06:10:14+00:00
367520,Hollow Knight,222736266,koreana,갓겜인데 5문이 너무 피곤함,False,True,1775565604,1775565604,True,False,False,0,0,0.5,0,b9ab3d4c38adac4e8bb5f4ca771c35789c4433704049241a28320064d38c2b8c,0,8,4596,18,4307,1777120423,2026-05-08T06:10:14+00:00
367520,Hollow Knight,222730875,koreana,"명작이네요.
플레이 하면서 이걸 깨라고 만든거냐며 쌍욕을 엄청했지만 그걸 극복했을 때 쾌감이 그 스트레스를 다 해소시킵니다.
 할 땐 몰랐지만 끝나고 스토리 영상 다시 찾아보면 상당히 디테일한 부분이있고, 스토리 맵디자인이 유기적으로 연결돼 있었네요. 
 길찾기와 맵밝히기는 상당히 고역이므로 위키 같은 데서 맵을 적당히 보고 하시길 추천합니다. 맵 구석구석 여기 이런게 있었어? 하는 순간들이 재밌긴 하니 너무 다 찾아보진 마시길.
메트로베니아, 소울류 한번도 안해봤지만 반복트라이하면 결국은 깹니다.
관심 있으면 플레이 추천입니다
",False,True,1775558867,1775558867,True,False,False,0,0,0.5,0,e5bc7a34d03fb910134a4c57b5859539f4762fb65befea64f8de26651ab9b2d0,0,5,3155,0,3155,1775368530,2026-05-08T06:10:14+00:00
367520,Hollow Knight,222666272,koreana,설명이 필요없는 갓겜.,False,True,1775482063,1775482063,True,False,False,0,0,0.5,0,49ca6a9d8c5580c309bb7e90df00821300e953f7ae58c62d64514bf41fd07938,0,28,6976,0,6923,1776975395,2026-05-08T06:10:14+00:00
367520,Hollow Knight,222652132,koreana,"시발로ㅓㅁ
",False,True,1775466389,1775466389,True,False,False,0,0,0.5,0,3be414b923df4620e9de4860aaa797bb8e25145c22f0d356d7e47b3bf23b1ef4,28,9,3366,20,3038,1778163072,2026-05-08T06:10:14+00:00
367520,Hollow Knight,222631820,koreana,"게임은 재밌음 근데 재화 700개 모아서 싱글벙글 하던거 죽으니까 다 사라지는거 보고 의욕이 싹 사라짐
아니 걍 해금하고 즐기면 되지 해금할 재화 조금 모일때마다 죽어서 잃어버릴까봐 위에가서 다 쓰고 와야하고
또 밑으로 가서 맵 탐험하려고 처음부터 갔던 길 따라가야 하고 스트레스가 많은 게임임",False,True,1775439285,1775439285,True,False,False,1,0,0.49848026037216187,0,6d14e1a7b30afc55bb7f2c06133c421501ca75057e12d3b55a66eab1df19e1a3,62,49,73,0,73,1766725872,2026-05-08T06:10:14+00:00
367520,Hollow Knight,222572654,koreana,맛있게 매움,False,True,1775387676,1775387676,True,False,False,0,0,0.5,0,34bd8de18ca3c9b279c0902ae5fe68102a05d255236e6000c471d96605f79b97,0,11,2223,39,2023,1777640305,2026-05-08T06:10:14+00:00
367520,Hollow Knight,222570703,koreana,재밌음,False,True,1775385722,1775385722,True,False,False,0,0,0.5,0,0ffba1f28086c749c6054a1b844d8b1275532a1f684999de8ea8fdc469de3a99,0,4,12371,0,12235,1775414215,2026-05-08T06:10:14+00:00
367520,Hollow Knight,222564449,koreana,재밌어여,False,True,1775379071,1775379071,True,False,False,0,0,0.5,0,f34654ade8090382770bb9637afccde668c1c07314d33374bf8a7768467ed8de,0,1,2723,0,2146,1776421034,2026-05-08T06:10:14+00:00
367520,Hollow Knight,222462961,koreana,하세요,False,True,1775276000,1775276000,True,False,False,0,0,0.5,0,8bff13d95fe012007cd3faa40a1e7bef5aeb645332e0da48e2ac42cd74fdfef3,0,8,5287,0,4915,1775369762,2026-05-08T06:10:14+00:00
367520,Hollow Knight,222402218,koreana,고통의길 만든새끼 나와라 ㅈ;ㅣㄴ짜 ㅆ ㅣㅣㅣ발련아,False,True,1775219887,1775219913,True,False,False,0,0,0.5,0,a1d20ef06a09b360f8c175f946ac95fb2800d8b1b59c429a2ad2f9b676c0ec57,0,11,3093,75,1200,1778064428,2026-05-08T06:10:14+00:00
367520,Hollow Knight,222398286,koreana,굿,False,True,1775215885,1775215885,True,False,False,0,0,0.5,0,6ebea308d08bfc464842ebb14a16e25b1b5618df41426c4de656cfafae314e30,103,4,2832,0,1971,1775873242,2026-05-08T06:10:14+00:00
367520,Hollow Knight,222392512,koreana,너무재밋어요,False,True,1775209149,1775209149,True,False,False,0,0,0.5,0,07a56c62d3b924006db64d0c63539322960aff509f853974069a4f0be74c4c12,0,1,5987,0,5746,1775654887,2026-05-08T06:10:14+00:00
367520,Hollow Knight,222383468,koreana,"Hollow Knight

플랫폼 메트로배니아

도전과제 100%로 찍고 난 후기.
메트로배니아 장르중 어려운 게임으로 손에꼽는다 해서 잔뜩 쫄아서 플레이 함. 
솔직히 일반 스토리모드(진엔딩)로만 보면 생각보다 쉬운 느낌.

하지만 사람들이 어렵다고 하는건 스토리 엔딩 이후에
지금까지 나왔던 보스들을 연속적으로 만나는 만신전이라는 최종컨텐츠가 있는데 그게 정말 어려웠다.
그것도 한번만 깨면 되는게 아닌 난이도가 계속해서 올라감.

단점이라고 굳이 따지면 맵 전체에 뭐가 많아서 계속 돌아다녀야 하는데
숨겨진 길이 워낙 많아 찾는게 불편함.
이동수단이 불친절하다? 는 할로우나이트만의 스타일뤼시한 무빙으로
시간이 조금 더 걸린다 정도임.

혼자 여기저기 다니는 것도 즐겁고, 생각보다 다양한, 능력을 주거나 능력을 변형시키는 부적들이 있어서
나만의 빌드를 만들어가는 재미가 있음.
3가지 스킬도 각자 쓰임이 달라 보스나 상황에 맞춰 다른 스킬을 쓰는 재미도 있었음.

전투나 무빙도 워낙 화려하고 보스패턴 피하랴 한대씩 치랴 정신없는
보스도 있지만 소울라이크 특징인 죽으면서 배우면 언젠가는
무자비한 보스 언젠가는 클리어 할 수 있게 된다.

지금까지 해본 게임들중 어떠한 게임보다도 손맛 하나는 최고인 게임.
강추",False,True,1775196676,1775196676,True,False,False,10,0,0.5391222834587097,0,ee70ae5964ac73b5149a04b7bc492d239198ceb9434463a8f1378e0b1de2c1a5,236,311,7110,882,6228,1777991547,2026-05-08T06:10:14+00:00
367520,Hollow Knight,222349944,koreana,재밋다,False,True,1775157292,1775157292,True,False,False,0,0,0.5,0,fbbe56c4cae4f987f0e735cdc4e06ba1ef1fa0560150e9f7f16f197eb34b5249,0,3,1016,0,978,1775484263,2026-05-08T06:10:14+00:00
367520,Hollow Knight,222333539,koreana,컨텐츠가 그냥 끊임없이 나옴(내가 못해서 할 컨텐츠가 많음),False,True,1775143125,1775143125,True,False,False,0,0,0.5,0,a8af973d53f694af1681f56360b7630e38035b2d9960c416aaa898e64e0c8eda,0,2,9549,1656,4394,1778214543,2026-05-08T06:10:14+00:00
367520,Hollow Knight,222329753,koreana,"진짜개재밌다.
엔딩을 봤는데 보낼 수가 없다...
가지마..... 내 인생게임..................ㅜㅜ",False,True,1775139800,1775917932,True,False,False,0,0,0.5,0,73837ef6ab2974eb7da7024de54b083fa9612fa370630f71cd8f2a45908a7fdf,0,10,6038,1060,4737,1777452547,2026-05-08T06:10:14+00:00
367520,Hollow Knight,222327505,koreana,"정말 재밌었고, 탐험의 재미를 처음으로 느껴봤던 게임.
혼자 여기저기 다니는 것도 즐겁고, 생각보다 다양한, 능력을 주거나 능력을 변형시키는 부적들이 있어서
공략을 보지 않아도 혼자 나만의 빌드를 만들어가는 재미가 있음.
3가지 스킬도 각자 쓰임이 달라 보스나 상황에 맞춰 다른 스킬을 쓰는 재미도 있었음.

심지어 유저들이 익숙해지고 난 후 백색궁전도 추가되며 한계를 시험해볼 수 있는 곳이었음",False,True,1775137702,1775137702,True,False,False,1,0,0.5,0,423be71b195cf5ae1ff3138a4a3dfdee192e7839625bd2a38cb8d453e490154d,353,19,6514,0,6514,1762625259,2026-05-08T06:10:14+00:00
367520,Hollow Knight,222325312,koreana,조금씩만 할랬더니 중독성 장난아님 진엔딩까지 다깨버렸다 실크송도 할인하면 사야지,False,True,1775135561,1775135561,True,False,False,0,0,0.5,0,ff1996e174c9254429b2df9969b488bb8940827baa998e36b06aa5c5e9a59fa8,0,1,5047,0,5036,1775216894,2026-05-08T06:10:14+00:00
367520,Hollow Knight,222321923,koreana,나중에 할인 할 때 살게요,False,True,1775132034,1775132034,False,False,False,0,0,0.5,0,2770916d8dc1453ded24f16cd7d005f889e4c5be88464ef33e73cca21c051efe,44,5,6,0,6,1671954864,2026-05-08T06:10:14+00:00
367520,Hollow Knight,222296236,koreana,4.5/5,False,True,1775094499,1775094499,True,False,False,0,0,0.5,0,76a4d55961a8d7eec7bbc87d0f2796e9a15739cef1896d9fc761e4519f810c07,0,3,2620,0,2620,1736238156,2026-05-08T06:10:14+00:00
367520,Hollow Knight,222243025,koreana,실크송도 해야지,False,True,1775040874,1775040874,True,False,False,0,0,0.5,0,bddb9f4f171e334ff197ddf00313453c0466071ba0b29056bf3d519c7d75ca54,208,18,1632,0,1632,1757929967,2026-05-08T06:10:14+00:00
367520,Hollow Knight,222242900,koreana,갓겜,False,True,1775040718,1775040718,True,False,False,0,0,0.5,0,e24c1035039e6aab38b95ef04bd813afcc2204a42066a27d9131cb9676173803,0,4,7917,0,7869,1775142233,2026-05-08T06:10:14+00:00
367520,Hollow Knight,222236057,koreana,불친절한것과 어려운것은 다른 개념이다.,False,False,1775030306,1775030306,True,False,False,0,0,0.49504947662353516,0,126b18f1c364d2a3c7a1857ce19b27f029cf1d141744f39252961459868a185a,0,53,746,0,746,1761742027,2026-05-08T06:10:14+00:00
367520,Hollow Knight,222192409,koreana,버그 좆망 월클인척하는 병신게임,False,False,1774977905,1774977905,True,False,False,0,0,0.42143765091896057,0,5f13d2b8a68d40f995c4d719179dd17b7166ac65ff1c9b870febd36d67277fd3,0,5,2602,0,743,1775675101,2026-05-08T06:10:14+00:00
367520,Hollow Knight,222109125,koreana,좆망겜,False,True,1774884696,1774884696,False,False,False,0,0,0.46450483798980713,0,24c2cbc3dec0db9d35c03e295c1217bd0fa81054d84673960fad1e80a09c2659,55,13,35,0,35,1757256687,2026-05-08T06:10:14+00:00
367520,Hollow Knight,222098366,koreana,갓겜,False,True,1774874953,1774874953,True,False,False,0,0,0.5,0,ed71a59c5e3f7f569bf519444e3f611479b7bc36e66c433e623921d41de30f57,0,3,1946,0,1789,1775332314,2026-05-08T06:10:14+00:00
367520,Hollow Knight,222076334,koreana,꺙 갓겜 그냥 감수하고 사셈ㅇㅇ,False,True,1774843539,1774843539,True,False,False,0,0,0.5,0,1c68274f7b45de8824baac23268ed96d60dcc964597d574ba0556920ce305878,0,1,194,0,191,1774845324,2026-05-08T06:10:14+00:00
367520,Hollow Knight,221985709,koreana,나만 하단공격 몰라서 버섯에서 3시간 헤맨건 아니겠지,False,True,1774761701,1774761701,True,False,False,0,0,0.5,0,a7417e9f8a77b1db775ab8d15f6acef671bd39d189cbdf71c18aad0c351ffa36,0,11,3432,0,3432,1766477127,2026-05-08T06:10:14+00:00
367520,Hollow Knight,221930402,koreana,고진감래,False,True,1774713251,1774713251,True,False,False,0,0,0.5,0,adb8ae0538993a6299df59bad88a68c4c7da41ce96390fd67697398251f54c2e,131,3,2415,0,364,1776351637,2026-05-08T06:10:14+00:00
367520,Hollow Knight,221844396,koreana,갓겜,False,True,1774632027,1774632027,True,False,False,0,0,0.5,0,4f9e0639b3b5fce58e93545973c89ea153c826ecbaac002f37e7564ff90e2d54,0,1,7271,424,4240,1778075167,2026-05-08T06:10:14+00:00
367520,Hollow Knight,221829099,koreana,GOAT,False,True,1774620201,1774620201,False,False,False,0,0,0.5,0,5ff929a565cde1ea765c495642d6802ef129b5bb270dc1c1cd5ee97c5b35c643,0,2,2041,0,2016,1775462039,2026-05-08T06:10:14+00:00
367520,Hollow Knight,221820268,koreana,"명실상부 최고의 갓겜! 할로우나이트를 플레이 해보세요!
",False,True,1774612337,1774612337,True,False,False,0,0,0.5,0,e4e6ff6b843a5c7cfbaa77f808f990e6b5e2311381b4fd4306a9bddcf495649b,0,4,8714,234,8346,1777738139,2026-05-08T06:10:14+00:00
367520,Hollow Knight,221802803,koreana,너무 재밌음 개 쩜,False,True,1774588797,1774588797,True,False,False,0,0,0.5,0,1e852a38a1c1475dff2bd818898b84322508eb16eeefc697878930b48e0f31e7,0,1,5310,0,1043,1776255271,2026-05-08T06:10:14+00:00
367520,Hollow Knight,221757431,koreana,온전한 완성,False,True,1774543156,1774543156,True,False,False,0,0,0.5,0,8cddd06b0bc32a722c843138566180635ee4c1c2143be6d9c5e77df8d0c61af8,0,5,3563,0,3407,1775899667,2026-05-08T06:10:14+00:00
367520,Hollow Knight,221756586,koreana,명작이래서 샀는데 너무 못해서 슬퍼요,False,True,1774542480,1774542480,False,False,False,0,0,0.5,0,1d9a9c505cefa4f4c7d03c989c53785af67cac47589ef792078f455505a4d14d,0,2,135,0,135,1773239277,2026-05-08T06:10:14+00:00
367520,Hollow Knight,221734308,koreana,good,False,True,1774522735,1774522735,True,False,False,0,0,0.5,0,7a9a077ccfd62dc18c6f86885b8e1fdfd5e02231aef294056769aa97b83ec53f,0,4,5558,0,3629,1775825855,2026-05-08T06:10:14+00:00
367520,Hollow Knight,221715643,koreana,재밌다,False,True,1774495890,1774495890,True,False,False,0,0,0.5,0,b0282e9a938da3ec32b61ac769d94cd7b4f09f7daac41946bb726085a497d6a2,0,3,3853,0,3788,1775526878,2026-05-08T06:10:14+00:00
367520,Hollow Knight,221678733,koreana,난 도전과제 다 깰 자신이 없다,False,True,1774459330,1774459330,True,False,False,0,0,0.5,0,e57a79b29e9cbea2ec84807d721fbb0efd65bc74334ca5196ded78bc8bca954c,0,12,2745,0,2745,1756832598,2026-05-08T06:10:14+00:00
367520,Hollow Knight,221669433,koreana,부족함 없는 갓겜,False,True,1774451911,1774452091,True,False,False,0,0,0.5,0,0d92313627dd361f235683933c0bf5e0414b1edb63063c966c1f2d50551806d6,0,11,5149,0,5133,1775744557,2026-05-08T06:10:14+00:00
367520,Hollow Knight,221664708,koreana,정말 재밌어요 꼭 해보시길 최고의 게임,False,True,1774448218,1774448218,True,False,False,0,0,0.5,0,5e37b51e3227ab65c0da174dba35d69eec065852d91e9752cd08eea6ff286d2b,0,6,4478,0,4478,1770462062,2026-05-08T06:10:14+00:00
367520,Hollow Knight,221645915,koreana,매트로베니아와 소울의 절묘한 만남인것같음. 탐험의 재미와 소울식 전투의 재미가 공존하는 굉장히 재밌는 게임이라고 생각함.,False,True,1774428442,1774428442,True,False,False,0,0,0.48713237047195435,0,0a354eacc41ae07547c3c30cb01ca0828ffc8ae116aa94473dcbc7ddd3aaeea5,0,16,1241,0,1126,1774607684,2026-05-08T06:10:14+00:00
367520,Hollow Knight,221595267,koreana,"(재미는 그럭저럭인데 길찾기 개병신이라 걍 하기가싫음<<초반평가화가잔뜩났음;;)

그후에 릴렉스하고 한 3시간하고 길찾는데 재미붙이니까 성장하는맛도 있고 짱재밌음!",False,True,1774373974,1774489087,True,False,False,0,1,0.523809552192688,0,c3d2fc850c839c0570813d873dbd9151647607f58686bbdaaef035db0183784d,28,10,2287,0,1023,1774650833,2026-05-08T06:10:14+00:00
367520,Hollow Knight,221569881,koreana,사마귀 마을이 개같음,False,False,1774354034,1774354034,True,False,False,0,0,0.49504947662353516,0,dd7187146436f7e64e46a590be54bb31601f3533b11a93c97c7ddd9a0d568100,0,1,898,121,568,1777464881,2026-05-08T06:10:14+00:00
367520,Hollow Knight,221550143,koreana,데드셀에서 나오는 무기가 얘 무기구나,False,True,1774328565,1774328565,True,False,False,0,0,0.5,0,e6d06fa157d4eb2cdc811043da033fcde57a41babd324717590c32ba76b16013,0,9,133,0,129,1774687910,2026-05-08T06:10:14+00:00
367520,Hollow Knight,221547014,koreana,"dd
",False,True,1774324513,1774324513,True,False,False,0,0,0.5,0,e42d96ba93694ee245ce105bdd3e6138bd0e13c4d1399afa10ea04548ba4d4a1,0,3,1188,0,230,1776441403,2026-05-08T06:10:14+00:00
367520,Hollow Knight,221510872,koreana,"처음하면 길에 본인 위치 표시하는 뱃지 꼭 끼고 해야함.
한 칸 애낀다고 7시간 내내 진도 10퍼도 안나감. 그럼에도 손맛때메 포기를 못함.
스토리 자체는 말 자체가 고대어 느낌이라서 이해하기 힘들었지만 하다보면 적당히 알게됨.
나중에 후속작도 할듯. 연달아 하기에는 피곤함.",False,True,1774290312,1774290312,False,False,False,0,0,0.5,0,737115a68e15f20a49479d010cd2a0a2a5ade1eedd640cd8e500d1aac67022b7,0,14,3967,0,3967,1772446454,2026-05-08T06:10:14+00:00
367520,Hollow Knight,221489640,koreana,왜아직안삼?,False,True,1774274937,1774274937,True,False,False,0,0,0.5,0,df472c1ab467870f0db78c378b324166b53b95ffeb1a97dafa2d9174d996609f,0,8,10894,0,10894,1770556653,2026-05-08T06:10:14+00:00
367520,Hollow Knight,221477139,koreana,정말 재미있긴했다 하지만 ㄱ빡치는 구간들이 너무나도 많아서 화가나긴한다 님들도 이겜해보라 ㄱ빡치긴하지만 화많이 내는친구한테 해보라고 추천을 한다 감사하다,False,True,1774263404,1774263404,True,False,False,0,0,0.5,0,510686e8f780e468fe48319bb8426059b28445a83ef08fbebf5bf41ce9adf5b8,0,1,1036,0,883,1774601530,2026-05-08T06:10:14+00:00
367520,Hollow Knight,221461102,koreana,메트로베니아GOATㅋㅋ,False,True,1774243069,1774243069,True,False,False,0,0,0.5,0,f6a22e95ac487bcfc25232192e8d45d530ecc80c827a3fc6b87cca226da71137,52,4,3463,20,3443,1777616156,2026-05-08T06:10:14+00:00
367520,Hollow Knight,221378851,koreana,메트로배니아 장르의 명작이자 수작,False,True,1774181227,1774181227,True,False,False,0,0,0.5,0,8d337b328449e04d30c9269d85afca18fc29bfd556229b2901008ffa20c43db0,51,1,5330,49,5056,1777647470,2026-05-08T06:10:14+00:00
367520,Hollow Knight,221372589,koreana,"어렵다는건 익히 들어 알았지만
엘든링으로 소울라이크 입문할 때보다
더 답이 안 보이는 게임은 처음이네
이거 엔딩 볼때쯤이면 
스팀머신2랑 스팀덱2 나왔을듯
그래도 압긍의 힘을 믿고 들이박아본다",False,True,1774176453,1774176453,True,False,False,0,0,0.46979865431785583,0,19317a3d033b39a1fb6bf8bf0b3a783d566ded65d6a32fed233a4ed9d46cfccb,17,9,114,0,42,1774672958,2026-05-08T06:10:14+00:00
367520,Hollow Knight,221360692,koreana,goat,False,True,1774166601,1774166601,True,False,False,0,0,0.5,0,9684f17827e5aed5ad8225097b91a1deb6dc0ed7e09a13d69559a40de91964a5,0,2,3620,0,3620,1737977696,2026-05-08T06:10:14+00:00
367520,Hollow Knight,221357472,koreana,따봉,False,True,1774163631,1774163631,True,False,False,1,0,0.523809552192688,0,0ed6dd9839b234c509ed8d74b41b2f83135dd269d517773053063d70232fe876,0,19,1794,0,1794,1757137638,2026-05-08T06:10:14+00:00
367520,Hollow Knight,221296096,koreana,"2D 다크소울이라는 말이 있던데 어려운 난이도, 망해가는 세상 탐험이란 점에서 확실히 느낌이 비슷한 것 같기도 하네요
정말 재밌습니다 기본 스토리라인에 더해 파고들기 요소까지 강해서 끝도 없이 할 수 있는 게임",False,True,1774114730,1774114730,True,False,False,0,1,0.5,0,9f4c48001c5b3be815a0209da2f17f3b005e96e4d416a837e7ebeb96f5c39094,145,21,4774,0,4774,1759010412,2026-05-08T06:10:14+00:00
367520,Hollow Knight,221259067,koreana,게임 실력 안돼면 하지마세요 잘하면 엄청 재밌음!!,False,True,1774091488,1774091488,True,False,False,0,0,0.5,0,8f61b0dbea1259315c44502d17836ec138af25644b0cb27f91084a43870f4f54,0,2,2721,0,2721,1759837114,2026-05-08T06:10:14+00:00
367520,Hollow Knight,221220806,koreana,길찾기가 매우 빡셈 그외엔 고트,False,True,1774058160,1774058160,True,False,False,0,0,0.5,0,5f17c75e0bb9a539245a4145458d93940b3a4ad08d4152145efad44a893e97a4,13,5,45,0,45,1757341820,2026-05-08T06:10:14+00:00
367520,Hollow Knight,221141666,koreana,"No cost too great.
No mind to think.
No will to break.
No voice to cry suffering.
Born of God and Void.
You shall seal the blinding light that plagues their dreams.
You are the Vessel.
You are the Hollow Knight.",False,True,1774004747,1774004747,False,False,False,1,0,0.523809552192688,0,13486afd2725ccf7da54f56ed0ded3377b56697df0419998b4203c45b4469df6,186,11,7108,218,6564,1778211074,2026-05-08T06:10:14+00:00
367520,Hollow Knight,221038450,koreana,"음악과 스토리, 비주얼은 훌륭하나...게임이 불친절하고 난이도 악명 높다...82%에서 포기함 ㅋㅋㅋㅋ 유튜브의 힘으로 이해 완료. 덕분에 매트로배니아 장르는 내 취향이 아닌 것임을 알게 되다.",False,False,1773913778,1773913778,False,False,False,0,0,0.49504947662353516,0,9f66c6bff1cb5dddcfca877c683f9af2fd8d4837c7b670648a4bf4a2146353cb,0,9,2021,0,2021,1773912755,2026-05-08T06:10:14+00:00
367520,Hollow Knight,220983450,koreana,악몽 왕 그림만 3번 잡았습니다. 감사합니다.,False,False,1773846043,1774378312,True,False,False,1,0,0.40622738003730774,0,6d164297e0d8f7f6f4468ada44e8296a4f67ec621d046a0c5722d335c699f40c,0,2,9801,1,8265,1777147949,2026-05-08T06:10:14+00:00
367520,Hollow Knight,220882139,koreana,"잘 만든 게임. 게임에 희노애락이 있다. 세심한 일러스트와 디테일 있는 요소들.
개인적으로는 이펙트가 좀 강한 느낌.",False,True,1773736878,1774618714,True,False,False,0,0,0.5,0,39c8ba644ad94c98c1322cbf46f3f29835b4c63781ac614a762730fd21573755,0,1,1293,0,1275,1774620062,2026-05-08T06:10:14+00:00
367520,Hollow Knight,220825155,koreana,너무 재미따,False,True,1773672422,1773672422,True,False,False,0,0,0.5,0,bc2f38bc550576111d28d11c48370088cf0e9b893cc89022cb04b1f983846205,264,2,3488,0,3055,1774545443,2026-05-08T06:10:14+00:00
367520,Hollow Knight,220807274,koreana,"그냥 고트
",False,True,1773648502,1773648502,True,False,False,1,0,0.5,0,3abcdebe5343d35e7ea2d17c08d90e155ad6a11f26cd0a5b7bd6a9c669653b96,0,3,3239,8,3218,1778134638,2026-05-08T06:10:14+00:00
367520,Hollow Knight,220756376,koreana,"갓겜
",False,True,1773592789,1773592789,True,False,False,0,0,0.5,0,496bcaca65d5b21ca6c18fe04cd0b5e8baa40a2d6e299fc79da3aaed017390b5,90,4,7606,0,6803,1774044853,2026-05-08T06:10:14+00:00
367520,Hollow Knight,220718506,koreana,맛있게 맵다.,False,True,1773557491,1773557491,True,False,False,0,0,0.5,0,6453c051a30430f773dc20f3e9a1c91deb9d077150979fbd8e0d0e8a622f893b,0,1,3685,40,2033,1777193355,2026-05-08T06:10:14+00:00
367520,Hollow Knight,220707260,koreana,지도 없는게 개빡침 진짜 근데 그걸 감안하고도 충분한 명작,False,True,1773544020,1773544020,True,False,False,0,0,0.5,0,3be9f596a136bb50a5974d3c66b416c08a51c8cbc88faa3d2401dd7a608b194c,0,25,1179,0,1179,1685871019,2026-05-08T06:10:14+00:00
367520,Hollow Knight,220651794,koreana,쉽노,False,True,1773495581,1775404621,True,False,False,3,0,0.54356849193573,0,79947a33b259fc496ef5f6ac69afa2958159eb20c7097ac6245e65132b15bf66,0,9,8948,183,7453,1778064677,2026-05-08T06:10:14+00:00
367520,Hollow Knight,220632250,koreana,"다들 되게 어려운 게임이라고 하길래 진짜 얼마나 악마 같으면 싶어서 일상힐링 게임만 하다가 처음으로 이런 전투형 게임을 해봤어요...와 근데 진짜 말도 안되게 재미있고 npc들도 아기자기한게 너무 귀여운거에요 ㅠㅠ 생각보다?다들 어렵다고 하는 거에 비해 그정도로 악마같진 않은 것 같습니다
물론 이런 것도 다 사바사긴 한데 일단 제 입장에서는 할만했어요
완전 고수가 아니라도 진엔딩 까지 가는데 무리는 없을 정도? (왜냐면 게임 잘 하는 법을 거기까지 가면서 뚜까맞고 배움)
단점도 좀 생각해 보자면 맵 전체에 뭐가 많아서 계속 돌아다녀야 하는데 이동수단이 불친절하다? 길 찾는게 좀 여렵다? 정도... 너무 재밌어서 이제 만신전 갑니다",False,True,1773475651,1773475651,True,False,False,4,0,0.586776852607727,0,44103ce3d6606a6eb41b1ce12dd2bc4220f50b7916a9f116067c785adbad1aa8,0,1,4008,0,3818,1776586002,2026-05-08T06:10:14+00:00
367520,Hollow Knight,220611293,koreana,:),False,True,1773450019,1773450019,True,False,False,0,0,0.5,0,c0bf5755d07f5aa2145659c77704a234439c6cea02ccfffbb92b91a32b6a2816,0,2,4321,0,3838,1773827194,2026-05-08T06:10:14+00:00
367520,Hollow Knight,220547527,koreana,재밌다,False,True,1773385782,1773385782,True,False,False,0,0,0.5,0,d39cf8eb9053653264e2e862947dbf7e2deea7da0c59ea0f7b1a81c7fbc994db,0,1,2397,946,699,1778176229,2026-05-08T06:10:14+00:00
367520,Hollow Knight,220547187,koreana,"잘 맞는 사람들은 괜찮을 만한 게임.
어렵고 쉽고 난이도를 떠나서 본인한테는 게임 구조가 스트레스를 받게 하기 때문에 잘 안 맞는다",False,False,1773385215,1773385215,True,False,False,1,0,0.5188679099082947,0,fcdb824649ebdfa75bac0a1570a74b12a9c335c3336ad58f8d10e5f74efaca09,0,64,794,0,794,1773383759,2026-05-08T06:10:14+00:00
367520,Hollow Knight,220497378,koreana,갓겜,False,True,1773328250,1773328250,True,False,False,0,0,0.5,0,c7fd9323bd45efbf648d95728a6239f2d66c3478bd773e6be0898338cd28e774,0,1,3161,16,270,1777890240,2026-05-08T06:10:14+00:00
367520,Hollow Knight,220473215,koreana,사람들이 띵작이라고 부르는데에는 이유가 있다. 해보면 암,False,True,1773294136,1773294136,True,False,False,0,0,0.5,0,fb3fa418cbdc519d428ac97741f5c80985970fe19f2a685f44b7687b45008771,0,26,7042,0,7042,1773244134,2026-05-08T06:10:14+00:00
367520,Hollow Knight,220458526,koreana,시간이 사라지는 게임,False,True,1773273088,1773273088,True,False,False,0,0,0.5,0,de3e7881cd9721388710e082aac24cc585d98bbd0b95a5cf1e53e15a7985847e,0,1,7196,0,7022,1774415810,2026-05-08T06:10:14+00:00
367520,Hollow Knight,220390042,koreana,"진짜 벌레가 뭐가귀엽다고... 귀엽다고... 귀엽다... 보스패턴들도 다 재밌고, 스토리며 인물이며 뭐하나 빠지지 않는 게임이었습니다. 왜 할나할나하는지 깨달았음. 게임을 종종 하던사람이라면 문제없겠지만 처음이거나, 아예 오래쉬던 사람이면 진짜 고통스러운 게임입니다. 그래서 좋음 ^_^",False,True,1773190354,1773190354,True,False,False,0,0,0.5,0,efe1c575ce5e526b6fa7226201429be810134079cc5704d921a5b1ed480fa47d,59,1,5579,0,5579,1768663954,2026-05-08T06:10:14+00:00
367520,Hollow Knight,220357950,koreana,수 만 번의 죽음 동시에 즐거움,False,True,1773158579,1773158579,True,False,False,0,0,0.5,0,7405820ba145eb83bacfca1e6daf430aca239dbee58a5fdb956217ab5f40942e,0,1,6368,0,6366,1773732567,2026-05-08T06:10:14+00:00
367520,Hollow Knight,220346095,koreana,"아직 엔딩을 보지 않았지만 추천드립니다
길 찾는게 빡세서 왠만하면 유튜브 공략보고 하시는게 좋습니다
매트로배니아 장르 중에서도 최고로 불릴만하네요:)",False,True,1773147117,1773147117,True,False,False,0,0,0.5,0,38e21b8d4e9810114daa2a5484d6bab69f6ee0a6ed78efc5f9dfa05c4a3b8fbb,32,51,315,0,258,1774869437,2026-05-08T06:10:14+00:00
367520,Hollow Knight,220333961,koreana,"만신전 ㅈㄴ 어렵네 특히 오블로블 찬란
",False,True,1773130400,1775393103,True,True,False,0,0,0.5,0,5dd52171eac6b12a53961964a230589eb84a6ff6db31712ddd62d7ceb79d8de1,0,3,5609,72,4822,1777975127,2026-05-08T06:10:14+00:00
367520,Hollow Knight,220271917,koreana,갓겜 ㅇㅈ합니다,False,True,1773062457,1773062457,True,False,False,0,0,0.5,0,ffef10bafd8707e6ede74f85cd0adeefd1a08e98cc145b63a9a4c6bc6276fd52,0,11,2718,0,2330,1774523579,2026-05-08T06:10:14+00:00
367520,Hollow Knight,220254684,koreana,"똑같이 게임을 만드는 사람의 입장에서 플레이했을 때, 엄청난 퀄리티와 병적인 디테일들에 감탄 밖에 안나옴. 음향, 이펙트, 게임 구성까지... 진짜 존경스럽다... 근데 왜 90분 밖에 안했냐고? 솔직히 플랫포머는 내 취향이 아니라서...ㅋㅋㅋ 유명한 게임은 해보긴 해야지",False,True,1773040547,1773040547,True,False,False,7,0,0.5594262480735779,0,4d34c904d4916ceda90422d3ce2d41e6beda2bb2258004eb4f5938e01a04b558,16,3,90,0,90,1762366992,2026-05-08T06:10:14+00:00
367520,Hollow Knight,220248565,koreana,"실송 깨고 오니까 상대적으로 할나가 살짝 쉽게 느껴짐
조금 과장해서 비유하자면 실송에서는 모든 잡몹이 악왕 정도의 패턴을 가지고 있음
특히 사냥꾼의 행진로
거기는 걍 걸어다니는 악왕, 부메랑 던지는 악왕, 패링하는 악왕, 날아다니는 악왕 이런 느낌",False,True,1773031519,1773031519,True,False,False,0,0,0.5,0,a3511f4936256f0b06f55debda37ec6e07eef5777a885e57f61c609a72cc6774,60,9,6927,0,6927,1770377404,2026-05-08T06:10:14+00:00
367520,Hollow Knight,220238201,koreana,만신전 5문 깨고 느낌점: 공허,False,True,1773019234,1773019234,True,False,False,0,0,0.5,0,efb46f3e17dc5338ae3f7282860277aed6d76fd691694b100e8c73ef6cf9c3de,162,3,1991,0,1974,1773020975,2026-05-08T06:10:14+00:00
367520,Hollow Knight,220189589,koreana,"무려 무적인데 
두려움도 모르고 
관능적이고 
신비롭고 
고혹적이고 
활력 넘치고 
성실하고 
압도적이고 
멋지고 
열정적이고 
공포스럽고 
아릅답고 
강력한
우리의 ""조트""",False,True,1772981229,1773564978,True,False,False,0,0,0.5,0,5b8dbd0f3d30b1a30c5ffda97839a99c900d57ecdf7c3938acca4771ddca0d89,0,20,2770,0,2770,1706181661,2026-05-08T06:10:14+00:00
367520,Hollow Knight,220188071,koreana,굳 다같이 고통받자,False,True,1772980145,1772980145,True,False,False,0,0,0.5,0,017e259b607d3ffc3f7fd8e26d23c4628e063423970d2a5eb77bce6fb569c168,0,2,2610,0,770,1773588306,2026-05-08T06:10:14+00:00
367520,Hollow Knight,220180734,koreana,goat,False,True,1772974553,1772974553,True,False,False,0,0,0.5,0,e76120541bd4b3733113dffe6060a4eb19805553925513e9b7ed4242d98f0847,0,1,2821,0,2653,1773405864,2026-05-08T06:10:14+00:00
367520,Hollow Knight,220149149,koreana,메트로배니아는 별로 선호하는 장르가 아니지만 이게임은 정말 몰입하면서 즐길수있었습니다.,False,True,1772943599,1772943599,True,False,False,0,0,0.5,0,4a3fc241e809b804928f3f9870cd6ec42e3f55cc3b479ae8001068f23e30e737,46,34,5265,0,1305,1773890020,2026-05-08T06:10:14+00:00
367520,Hollow Knight,220147375,koreana,어려운대 검나 제미있음,False,True,1772941855,1772941855,True,False,False,0,0,0.5,0,b0cb2fd31b8105c21366042c7e9dcee019113922ed8e99c1839a59b90e9c626c,0,1,3142,1017,189,1778136011,2026-05-08T06:10:14+00:00
367520,Hollow Knight,220142895,koreana,"메트로베니아 게임 중 최고봉
최음에 많이 헤메이다 익숙해 지니 한결 이동하기 쉬워지네요
다양한 요소들이 지루할 틈을 주지 않네요
재미 있고 몇번 계속 할 거서 같네요
",False,True,1772937298,1772937298,True,False,False,0,0,0.5,0,474f3d3880032b04ceaf50ca37969fb604d533c439a3ea52ccf2e00a7f363ef0,0,3,2110,0,1097,1775559310,2026-05-08T06:10:14+00:00
367520,Hollow Knight,220105311,koreana,.,False,True,1772906837,1772906837,True,False,False,0,0,0.5,0,fad68f1072844ba336cbc49204587c1163cd02c776dc50fb067845a0caa9405b,0,4,2954,0,2954,1761300057,2026-05-08T06:10:14+00:00
367520,Hollow Knight,220098032,koreana,좆같이 어려워서 안함,False,True,1772901797,1773485188,True,False,False,0,0,0.5,0,732addccc0e4e9775f8f763fa9e788d1540d34c36b2973a2060960b0f873058a,16,3,1332,0,1332,1773480236,2026-05-08T06:10:14+00:00
367520,Hollow Knight,220057822,koreana,너가 바로 기사다,False,True,1772869317,1772869317,True,False,False,0,0,0.5,0,1021f9d233522daaccf098cb7a52bf6633c5e7293030d0680a3ce81df43950b4,0,5,2289,0,2289,1759610707,2026-05-08T06:10:14+00:00
367520,Hollow Knight,220005663,koreana,"발로란트 죽으면 알트탭 할로우나이트
롤 죽으면 알트탭 할로우나이트
",False,True,1772822318,1772822318,True,False,False,0,1,0.5,0,037a777925208110e80278a5fe1c48b4e9498be25c659a2709dd08c770e6e607,0,23,4086,9,3968,1778089206,2026-05-08T06:10:14+00:00
367520,Hollow Knight,219868760,koreana,5문 진짜 어케 깨나요,False,True,1772703221,1772703221,True,False,False,0,0,0.5,0,9a6468d62c9bcdc3354ed3a21ce64b53e44209a71d62c693f1f244e5eae9d3f6,0,8,18956,57,18899,1777552171,2026-05-08T06:10:14+00:00
367520,Hollow Knight,219817552,koreana,"재밌게 하다가 컴퓨터를 포맷할 일이 생겼었는데 포맷한 뒤에 저장한게 날라가서..
슬퍼하면서 다시 하게 되었습니다.",False,True,1772647674,1772647674,True,False,False,0,0,0.5,0,0295f21eafb9803fc1c96746f170b8652b8ebb41f400efcf6a5da6c2899d3ea7,0,25,1913,0,1913,1772874660,2026-05-08T06:10:14+00:00
367520,Hollow Knight,219791777,koreana,.,False,True,1772628288,1772628288,True,False,False,0,0,0.5,0,14242c2c241f64748455f1d781ee976c5974b5b5c88525b53c005d95d3ec5187,80,19,1866,0,1866,1725806470,2026-05-08T06:10:14+00:00
367520,Hollow Knight,219721702,koreana,"메트로베니아계에서 정점에 서있는 작품 나역시 무척 재밌게 했다

실크송은 엑박겜패로 해서 평을 못써서 여기서 쓰자면 둘다 최고수준의 사운드, 애니메이션, 타격감 등 장인정신이 돋보이는 게임

너무 억까가 심하다고는 하던데 그마저도 나같은 소울변태에겐 극복하는 쾌감이 있었다

할로우나이트 9.5/10
실크송 10/10",False,True,1772557709,1772558356,True,False,False,0,0,0.5,0,094011d7a2ed7abda9ad898b11faec0cdc97a4a49e0d71da4604d62e8e7140b2,0,34,2979,0,2979,1756798835,2026-05-08T06:10:14+00:00
367520,Hollow Knight,219718720,koreana,"모든 점에서 황홀할 정도로 완벽함
벌레에 감동이 있고 벌레에 삶이 있다",False,True,1772555016,1772555147,True,False,False,1,0,0.53125,0,1e675c12adadcb54105bb95afd40a140f735d56635f1658977a7410eebf5fa90,201,113,4475,80,4394,1778139966,2026-05-08T06:10:14+00:00
367520,Hollow Knight,219697937,koreana,"메트로배니아의 교과서가 된 할로우나이트 입니다.
게임 자체의 완성도가 굉장히 높고 분량도 많은데 기본 가격이 말도 안되는 갓겜
메트로배니아에 관심이 가거나 좋아한다면 무조건 해야하는 게임",False,True,1772531421,1772531443,True,False,False,0,0,0.5,0,9bd6677e1428200d430730857019deda49467575113f6914308fb89120ce3e6e,0,109,3483,0,3483,1756896576,2026-05-08T06:10:14+00:00
367520,Hollow Knight,219696468,koreana,재밌다. 갓겜이다. 근데 지쳐서 실크송은 못하겠다...,False,True,1772529057,1772529057,False,False,False,0,0,0.5,0,b5fa785f9691766690038e4d5a94d841d2e4167b980498254367335d01040538,61,13,3361,0,2365,1774534775,2026-05-08T06:10:14+00:00
367520,Hollow Knight,219539915,koreana,난이도가 더럽게 쓸때 없이 어렵지만 재밌고 기쁠 때가 많음 물론 존나 어려움,False,True,1772369154,1772369154,True,True,False,1,0,0.5,0,a302506ae622459d198330fe2a3ff96a28f1a92c9f2bdd9ee15a0221814a7363,0,1,5476,708,1810,1778068708,2026-05-08T06:10:14+00:00
367520,Hollow Knight,219534101,koreana,꿀잼,False,True,1772364231,1772364231,True,False,False,0,0,0.5,0,52d48c5cfceefc75b252f34f0b462a18d1be954580cd7e92a2a1fc6b9cb402d4,113,7,1549,0,1460,1772910672,2026-05-08T06:10:14+00:00
367520,Hollow Knight,219509851,koreana,한국인입니다 진짜 재밌습니다 2년전에 좀 하다가 이번에 꺠보려고 합니다 격투장까지 가봤는데 처음부터 다시 새로 꺠볼려고 합니다 !!,False,True,1772340348,1772340348,True,False,False,0,0,0.5,0,1ce5198552430aeb519351295411fabdca33790d19fecd7796bbc2a660150b38,14,1,3865,0,2583,1774118421,2026-05-08T06:10:14+00:00
367520,Hollow Knight,219399470,koreana,아오 쇼발 길이 어디야 아 싀발 보스만났네 아;;;,False,True,1772244337,1772244337,True,False,False,0,0,0.5,0,bd1e2690055210e9deb9311f6ff2bd1d00e73ef48e7095f48aa5fbc77da61bf1,0,37,891,0,891,1678801966,2026-05-08T06:10:14+00:00
367520,Hollow Knight,219349115,koreana,"딱히 흠잡을 곳 없는 웰메이드 메트로배니아입니다.
특히 조작감과 난이도 조절이 대단히 훌륭한 편입니다.
굳이 말하자면 이미 탐험을 마친 곳에 대해서는 조금 더 간편하게 이동할 수 있게 해줬으면 조금 더 최근의 추세를 잘 반영하지 않았을까 싶은데... 이런 부분이 가장 다크소울1이 강하게 떠오르는 부분이네요.
스토리가 흐릿하고 간접적이라고 하지만, 소울류 유경험자라면 꽤 직설적으로 느껴질 수도 있습니다.",False,True,1772202142,1772203746,True,False,False,0,0,0.5,0,59bad2fd7bd26cf98864a16ccb689c4a7bbe0822b910ecde532ff232825a9e6a,0,24,3022,0,3022,1772201546,2026-05-08T06:10:14+00:00
367520,Hollow Knight,219335874,koreana,;;;;;,False,True,1772189179,1772189179,True,False,False,0,0,0.5,0,e794fabd97f56789a5ed9f8aa3e24782d56ef5cca50aec70346a807ea8e35b12,0,13,2645,0,2537,1774623782,2026-05-08T06:10:14+00:00
367520,Hollow Knight,219331508,koreana,사슴벌레 게임,False,True,1772184182,1772184182,True,False,False,0,0,0.5,0,0f590859f07f5c21c59b59dde1997f64bfd8d320e4cd2adbfaf576adcaf38083,0,3,62,0,62,1765457309,2026-05-08T06:10:14+00:00
367520,Hollow Knight,219260617,koreana,"다크한 판타지와 아기자기한 캐릭터들의 매력 
길찾기는...",False,True,1772104314,1772810196,True,False,False,1,0,0.5199999809265137,0,8f627ed37fd129f4e72763b284e0fb3708aed9e04819d5d35cef9d955fb947a0,0,41,1528,0,1528,1758868202,2026-05-08T06:10:14+00:00
367520,Hollow Knight,219256606,koreana,"똥손이라 마지막 컨텐츠 못한거빼고는 재밌게함

길찾는거 개빡시는데 커버될정도였음",False,True,1772098552,1772098588,True,False,False,0,0,0.5,0,ef24eaed592bcb34068f5b77e9d565642d67d6ec0399a3b311564fc46bb0a180,111,9,1580,0,1580,1772097175,2026-05-08T06:10:14+00:00
367520,Hollow Knight,219254810,koreana,goat,False,True,1772095631,1772095631,True,False,False,0,0,0.5,0,621484c92545f45acf5c1e495067c82888842ca2055e40885434814f7a4f6c45,0,1,6722,10,5489,1777647675,2026-05-08T06:10:14+00:00
367520,Hollow Knight,219249123,koreana,"간단하게 플레이하기 좋습니다
보스전은 그닥 어렵지는 않지만 보스에게 재도전하러 가는길은 조금 어렵네요",False,True,1772086210,1772086210,True,False,False,0,0,0.5,0,c802bd905aa6873fa5ca5c0e0e2cacf8d40b87c3189566af30fffba970e8ce72,0,1,1741,0,1417,1772261760,2026-05-08T06:10:14+00:00
367520,Hollow Knight,219184060,koreana,댕꿀잼,False,True,1772012487,1772012487,True,False,False,0,0,0.5,0,65384b2c591aab6d84ba3fdd6e305868d6ed9b94a16c5f6bcc1d20d6867ebd4b,0,1,11947,1868,7319,1777979415,2026-05-08T06:10:14+00:00
367520,Hollow Knight,219183269,koreana,안하면 진~~~~~~~~~~~~~~~~~~~~~~~~~~~~~~~~~~~~~~~~~~~~~~~~~짜 손해,False,True,1772011341,1772011341,True,False,False,0,0,0.5,0,e47538fd51f057aab9ea65aa6cd21816cb35ceeaedc6372d01037d3d19cb665b,0,4,4409,74,4172,1777803723,2026-05-08T06:10:14+00:00
367520,Hollow Knight,219095821,koreana,길 찾는 게 어려웠던 것 말고는 재밌게 했습니다.,False,True,1771910184,1771910184,True,False,False,0,0,0.5,0,a5905eb308f9528f69c32b12aa865fddff76df2599287575c281edf2f5848922,0,2,1960,0,1828,1775386466,2026-05-08T06:10:14+00:00
367520,Hollow Knight,219049638,koreana,실크송 보스전에서 딸딸이 치면서 했는데요 진짜 실크송 존나 꼴려서 근데 피 조금 남기고 사정하느라 한번 죽었습니다. 좆같네요. 비추합니다,False,False,1771861712,1771861712,True,False,False,1,0,0.369445264339447,0,bfb4bf3c6918579efdc83fdbf0bc775da1b5e80777e50f2c7ec3031193a8ff56,0,28,80,0,80,1751887682,2026-05-08T06:10:14+00:00
367520,Hollow Knight,219047113,koreana,절광 미친놈,False,True,1771859482,1771859482,True,False,False,0,0,0.5,0,70ee05c497bb15f6947d5c5b8f937c386c92a86eedae6c0e2b96c3151a236e45,0,1,7157,40,6686,1777383050,2026-05-08T06:10:14+00:00
367520,Hollow Knight,219044665,koreana,인디게임에 대표적인 모범사례 게임성 그래픽 사운드 모든게 완벽한 박자를 이루었음 자연스럽게 게임에 빠져들고 세계관에 빠져들게 하는 매력을 가지고 있음,False,True,1771857127,1771857127,True,False,False,0,0,0.5,0,4d709ad26f863a86232a6f6138ef38fb8b80470d09c0c6e2466bf814665a1e3d,0,21,2178,0,2178,1558855255,2026-05-08T06:10:14+00:00
367520,Hollow Knight,219037951,koreana,5문 애미련,False,True,1771850450,1771850450,True,False,False,0,0,0.4761904776096344,0,aa28984e40330095562a7c89a221f724031cb2aca18ef1805aa1a316539dfcd0,0,4,1004,0,1004,1769860362,2026-05-08T06:10:14+00:00
367520,Hollow Knight,219031791,koreana,GOAT,False,True,1771843229,1771843229,True,False,False,0,0,0.5,0,691af484fc9aa0e3559a6341e21659828a9ba47721a81fe623e3836f72446b5c,97,3,4664,0,4664,1646130111,2026-05-08T06:10:14+00:00
367520,Hollow Knight,219024513,koreana,지오 깔랄라,False,True,1771833474,1771833474,True,False,False,0,0,0.5,0,e513d3b2b15b4b6cb4bf026db609a1c1ab98fe8c539dd0ca17a8ad49319f5f0c,0,4,2438,0,1543,1776756080,2026-05-08T06:10:14+00:00
367520,Hollow Knight,218970625,koreana,Yeah. Good Game.,False,True,1771779365,1771779365,True,False,False,0,0,0.5,0,7507d8e5b6199c1795d535101ab810444df1dfb9bac6ef749450bd23afbb5327,311,21,2202,220,434,1777652263,2026-05-08T06:10:14+00:00
367520,Hollow Knight,218960033,koreana,"길찾기 및 숨겨진 요소 탐색을 좋아한다, 어렵지만 도전하다 보면 깰 수 있는 난이도의 보스가 좋다면 추천합니다. 웬만한 사람들에겐 잘 맞을거예요. 전 정말 재밌었어요,",False,True,1771771567,1771771567,True,False,False,0,0,0.5,0,767007b349008e9ee6ed3c2144b7126609df6530a19e0c796814300cf642bd9e,0,17,2288,0,2257,1771921735,2026-05-08T06:10:14+00:00
367520,Hollow Knight,218954910,koreana,난이도 있고 재밌음,False,True,1771767611,1771767611,True,False,False,0,0,0.5,0,e15e4a624ec51e6a14ce4ee5ed05eb9c0e55f14760c89bbe126637566d86e343,0,1,2292,42,1775,1777606110,2026-05-08T06:10:14+00:00
367520,Hollow Knight,218952156,koreana,"너무 쉬움 ㅋ
",False,True,1771765329,1771765329,True,False,False,0,0,0.5,0,209f0d702c351a8f68c14a20e970941e27fa6541176d6eb03fac65b4af09afae,0,4,1186,0,1177,1773286318,2026-05-08T06:10:14+00:00
367520,Hollow Knight,218941670,koreana,"너무재밌어요
",False,True,1771755387,1771755387,True,False,False,0,0,0.5,0,8d625d30fea1e957a40a481228a015d5f635ae45c9039f20aba099c1cca9f457,0,2,5068,0,5068,1771463853,2026-05-08T06:10:14+00:00
367520,Hollow Knight,218927627,koreana,"야무짐
",False,True,1771738977,1771738977,True,False,False,0,0,0.5,0,9f000efa95d351bfe2a306bee43e5664a69b9ec333d130a65b01d1cf6bd1ef74,0,3,675,0,673,1771739333,2026-05-08T06:10:14+00:00
367520,Hollow Knight,218863717,koreana,"너무 잘만든, 재밌는..",False,True,1771681455,1771681455,True,False,False,0,0,0.5,0,e2eaa75fb246aea931f9fa93e53d6cb41e206b37c6d5415c4c21ab5ac8039bfd,47,17,3686,0,3517,1771736548,2026-05-08T06:10:14+00:00
367520,Hollow Knight,218855502,koreana,못 갔던 곳 가게 되는 순간 도파민 ㅈ 됨,False,True,1771673859,1771673859,True,False,False,1,0,0.523809552192688,0,b473e7489a0b56fce88f393d1439f02bfef9a2e782af1bee952256bdbedc47f4,0,107,1149,0,1149,1758037273,2026-05-08T06:10:14+00:00
367520,Hollow Knight,218841182,koreana,내가 감히 평가할 수 있는 작품이 아니다.,False,True,1771657151,1771657151,True,False,False,1,0,0.523809552192688,0,60b2428fb9e958d4c8eec0dabcf03f08daa6b0eaf5615e2e4cf898d1e7c4fe43,0,16,3569,0,3569,1768554888,2026-05-08T06:10:14+00:00
367520,Hollow Knight,218833355,koreana,어렵지만 재밌느게임,False,True,1771647411,1771647411,True,False,False,0,0,0.5,0,85d34d86da45e8fa4ebd3b8454980cb0db4ed8f6fef8a3bfb328d2ba61d271e6,0,4,2695,0,2477,1771825331,2026-05-08T06:10:14+00:00
367520,Hollow Knight,218832332,koreana,끝나지 않음,False,True,1771646183,1771646183,True,False,False,0,0,0.5,0,a48c6b125ba3398c82f352eacb02148caf25c881059ee01d82be8b4b3c6b8b71,0,1,7884,0,5331,1774176428,2026-05-08T06:10:14+00:00
578080,PUBG: BATTLEGROUNDS,225011740,koreana,게임이 레전드로 억까가 심해요,False,False,1778216036,1778216036,True,False,False,0,0,0.5,0,711119f8a915065b3efb078393300835a443cc5591ff571faa8dbb2d96f7de0a,0,3,22879,349,22847,1778217970,2026-05-08T06:10:16+00:00
578080,PUBG: BATTLEGROUNDS,225010670,koreana,oo,False,True,1778214234,1778214234,True,False,False,0,0,0.5,0,d8dfef9e525e8669d6c6eae3e04bac1d0e1f2e1a0a4d1c0264f3ea669ccc6f5a,0,1,61312,3094,61289,1778215569,2026-05-08T06:10:16+00:00
578080,PUBG: BATTLEGROUNDS,225009664,koreana,DDDDDDF,False,True,1778212571,1778212571,True,False,False,0,0,0.5,0,8023ce64f8dc6b6c33a98d7e2dfcd1f3e216b3179e9aa5f3ad2d6b0e42f13cf7,0,1,508,270,508,1778212557,2026-05-08T06:10:16+00:00
578080,PUBG: BATTLEGROUNDS,224997136,koreana,굳,False,True,1778195733,1778195733,True,False,False,0,0,0.5,0,5d3500ccb0d7940b638276530dddb2812dcc0ad8192db7190857d4a33065598c,0,1,7297,573,7158,1778203961,2026-05-08T06:10:16+00:00
578080,PUBG: BATTLEGROUNDS,224972070,koreana,GOOD,False,True,1778170859,1778170859,True,False,False,0,0,0.5,0,03bbe3b86cd98d4117ef7ca8a96169cba5a7a3f1e6255b2684a279e78995b810,0,2,263442,2677,262760,1778220075,2026-05-08T06:10:16+00:00
578080,PUBG: BATTLEGROUNDS,224966598,koreana,내 에스턴마틴...내 에스턴마틴...내 에스턴마틴...내 에스턴마틴...내 에스턴마틴...내 에스턴마틴...내 에스턴마틴...내 에스턴마틴...내 에스턴마틴...내 에스턴마틴...내 에스턴마틴...내 에스턴마틴...내 에스턴마틴...내 에스턴마틴...내 에스턴마틴...내 에스턴마틴...내 에스턴마틴...내 에스턴마틴...내 에스턴마틴...내 에스턴마틴...내 에스턴마틴...내 에스턴마틴...내 에스턴마틴...내 에스턴마틴...내 에스턴마틴...내 에스턴마틴...,False,True,1778165878,1778165878,True,False,False,0,0,0.5,0,a0b47901cc7ed6134d20d84ec6ee4306882d4721da0c9081d84e23d248786fc4,8,2,4008,1099,4008,1778066211,2026-05-08T06:10:16+00:00
578080,PUBG: BATTLEGROUNDS,224964431,koreana,꾸미는데 돈을 들이지 않는다면 무료로 재미있게 할 수 있는 게임입니다.,False,True,1778163952,1778163952,True,False,False,0,0,0.5,0,9b002164cfb21a5c21059f23d8fa1b6f84253e85833c0159f1b9fc045b868eea,0,1,60707,4975,60484,1778219954,2026-05-08T06:10:16+00:00
578080,PUBG: BATTLEGROUNDS,224961665,koreana,개.꿀.잼,False,True,1778161369,1778161369,True,False,False,0,0,0.5,0,ad625b263115ae6aaa8af2c967a5d49fb9db9712d2fc26e4eac6e37869b18b49,0,2,695,668,695,1778160774,2026-05-08T06:10:16+00:00
578080,PUBG: BATTLEGROUNDS,224959831,koreana,수십만원짜리 아이템을 지 멋대로 바꾸면서 단 1의 보상도 없이 ㅎㅎ 죄송 하고 넘어가는 병신 게임,False,False,1778159527,1778159527,True,False,False,0,0,0.5,0,c31c6543701cb0341b3ecd99780f17b45d46bd437683e9ff316adb2de21d91e5,0,5,91551,431,91486,1778162318,2026-05-08T06:10:16+00:00
578080,PUBG: BATTLEGROUNDS,224959057,koreana,"매력적이고 잘 만든 게임은 맞지만 운영을 진짜 못한다
출시된 지 9년이나 됐는데 아직까지도 상자를 한 번에 까는 기능도 없고 10개,5개,1개씩 개미 좆만큼 까야하며 쉰내나는 개버러지 옷만 나오는, 심지어 열쇠로 쳐 까야하는 옷상자들을 어떻게 치우지도 못하고 가지고 있어야한다

그리고 배틀로얄 게임에 페이 투 윈을 접목시키고 싶은 건지 차량 스킨마다 피격 판정을 다르게 만들지를 않나 대체 어떤 이유로 총끼리 러브샷이 안 되도록 만든 건지도 이해가 안 된다

인게임 부착물 툴팁에 되도 않는 드립 적으며 실실 쪼갤 시간에 니들이 그렇게 좋아하는 뉴비 친화적 패치답게 저지력이나 어떠한 기타 효과가 있는지라도 적어놔라 사이가에 소음기나 보정기를 달면 집탄율 올라가는 것도 뉴비들은 전혀 모를 거다 무슨 짱깨새끼 들이 반동이나 부착물 데이터를 훔쳐 간다고 협박하더냐?

그리고 가능하면 총소리 조절 옵션이라도 만들어라 뉴비들 총소리 때문에 젊은 나이에 중이염걸리고 난청 생기겠다 그렇다고 너네가 현실 고증 타령하기엔  러브샷도 막아두고 70만 원이나 내면서 롤처럼 남한테 자랑도 못 하고 자기만 좋은 성장형 스킨들을 계속 내놓는데 총소리 조절 옵션 하나가 그렇게 게임성을 해치는 설정이냐?

그리고 처음 시작하는 뉴비나 이퀄 세팅 다 한 고인물이나 공평할 수 있게 해줘라 누구는 외부 설정 가져와서 총소리는 ㅈ만하게 발소리는 존나 크게 듣고 있는데 뉴비는 소리도 못듣고 어벙하게 다니다가 관자놀이에 빵꾸 난 채로 고인물들한테 구멍 대주며 딜량이나 올려주고 아쉽다며 다음판 돌리는데  펍지 너네가 생각하기에 이게 이상적인 게임이라고 생각하냐?",False,True,1778158689,1778158951,True,False,False,0,0,0.5,0,cedbba0e0248b639b4bffb9e5b467da688e58387f7e0b176f76f93a9ad66c0af,0,2,59661,301,59661,1777112084,2026-05-08T06:10:16+00:00
578080,PUBG: BATTLEGROUNDS,224957824,koreana,"r굳
",False,True,1778157258,1778157258,True,False,False,0,0,0.5,0,c482150c6ed383532dee568b45993fae80408a73c399a0c5e04e3894b43a3559,0,1,10590,310,10516,1778161677,2026-05-08T06:10:16+00:00
578080,PUBG: BATTLEGROUNDS,224953325,koreana,해라,False,True,1778151504,1778151504,True,False,False,0,0,0.5,0,5900bf2f5c356dcefc5c51cad3ecc2622e68c1c998c01372da68c5b50ec36789,0,1,2661,1099,2569,1778174795,2026-05-08T06:10:16+00:00
578080,PUBG: BATTLEGROUNDS,224953308,koreana,재밋어연,False,True,1778151480,1778151480,True,False,False,0,0,0.5,0,d47dd6973661a7ca0688567b31cc22d99ab256fd88dfa903c6b6404dc61a9897,0,1,61564,1594,61190,1778173952,2026-05-08T06:10:16+00:00
578080,PUBG: BATTLEGROUNDS,224953149,koreana,너무제밌슴,False,True,1778151273,1778151273,True,False,False,0,0,0.5,0,f1fceb202c7d1fb822da19b78377e97e426a410945e6fb7d7deff671af50fdd9,0,1,504,322,458,1778154283,2026-05-08T06:10:16+00:00
578080,PUBG: BATTLEGROUNDS,224949573,koreana,핵만 좀 잡아라,False,True,1778145904,1778145904,True,False,False,0,0,0.5,0,4398f24313b761becbfa3d673a3016ea3205b8550e3ccaf5b49da949a520bf8c,0,1,9681,895,9481,1778165145,2026-05-08T06:10:16+00:00
578080,PUBG: BATTLEGROUNDS,224944843,koreana, XD,False,True,1778137846,1778137846,True,False,False,0,0,0.5,0,f6a61088281e11370ef2aa44c71dc7419dafdb5ef871a737bb49e6dbe0be9e1a,0,2,1212,556,933,1778158403,2026-05-08T06:10:16+00:00
578080,PUBG: BATTLEGROUNDS,224909503,koreana,"제가 카배 스배 다 해서 2000시간은 넘게 했는데요
핵도 못 잡고 랜스 돌리면 여혐하는 남자들밖에 없어서 하기 싫어졌어요
친구 없으면 죽어야지",False,True,1778090356,1778090356,True,False,False,0,0,0.5,0,51b94e40c34787c3a81acad0ffa48706308b3528abe8908ccbb8d482e87c370c,0,4,71239,2,71239,1777538079,2026-05-08T06:10:16+00:00
578080,PUBG: BATTLEGROUNDS,224897464,koreana,굿,False,True,1778078613,1778078613,True,False,False,0,0,0.5,0,dfe73c21e8e45dda871a1b0c3394a20417cd56f5ffe189e039b9583f70d51c80,0,1,11668,499,11376,1778096170,2026-05-08T06:10:16+00:00
578080,PUBG: BATTLEGROUNDS,224893360,koreana,초5가 해도 될 정도로 쉬워요 :),False,True,1778074420,1778074420,True,False,False,0,0,0.5,0,6f3771d0d996613b1ce4acd8468afb4f5e16e67833fc1c3000a18faaf6f144d4,0,1,58331,2696,58270,1778159662,2026-05-08T06:10:16+00:00
578080,PUBG: BATTLEGROUNDS,224893189,koreana,핷ㅂ,False,False,1778074215,1778074215,True,False,False,0,0,0.5,0,95715f0a163808135f84b9244b8f74984ff964f70b96045affca147d97c804b0,0,8,18283,3047,18116,1778162814,2026-05-08T06:10:16+00:00
578080,PUBG: BATTLEGROUNDS,224891333,koreana,not bad,False,True,1778072184,1778072184,True,False,False,0,0,0.5,0,ea919339b52e907721fcc5f8c0bc9af0f6b6c1ed272b936871c3e3813a8ae520,0,4,2495,1775,2288,1778184923,2026-05-08T06:10:16+00:00
578080,PUBG: BATTLEGROUNDS,224887577,koreana,핵을 못잡아요. 로검사에서 핵아닌데 핵의심당해서 판결이 펍지에서 나야대는 거 아닙니까?,False,False,1778066996,1778066996,True,False,False,0,0,0.5,0,3958b9c72b0f703a9eac6082dd0633fc8d270907f7c3304d162483925cbec7b8,0,1,75155,1768,74996,1778076269,2026-05-08T06:10:16+00:00
578080,PUBG: BATTLEGROUNDS,224886390,koreana,중국인한테 해킹당했는데 영정.. 계정은 되찾았다만 뭐어쩌라는건지 지원쪽 문의하려해도 닫혀있고,False,False,1778065175,1778065175,True,False,False,0,0,0.5,0,4271b242dfb0be18c74386a76e727052a8a393a3498838826c2900439ce9f063,12,3,24877,0,24877,1771690055,2026-05-08T06:10:16+00:00
578080,PUBG: BATTLEGROUNDS,224886305,koreana,남자친구가 너무 많이해요,False,False,1778065068,1778065068,True,False,False,0,0,0.5,0,6f4a8ea15073f60ce566ddae162f2d72a22ba3b4add2090e6865c48fd9575c61,0,1,60498,2702,60361,1778073716,2026-05-08T06:10:16+00:00
578080,PUBG: BATTLEGROUNDS,224881196,koreana,너무 어려워.,False,False,1778056317,1778056317,True,False,False,0,0,0.5,0,6a06f534f3768f7e65c8a6f8d2e4427f594829cf90983caabeb6a235f7c59447,0,2,159881,1734,159559,1778156299,2026-05-08T06:10:16+00:00
578080,PUBG: BATTLEGROUNDS,224880756,koreana,l,False,True,1778055659,1778055659,True,False,False,0,0,0.5,0,36f1920b98c8cc98ba0d61f1491367ae76201dd0a37ccc765d399a887e9230f6,0,1,4118,269,4049,1778063294,2026-05-08T06:10:16+00:00
578080,PUBG: BATTLEGROUNDS,224880180,koreana,但是Draven🎅有問題 在這種情況下真的Yeah Tower🏦裏面還是Jackkey Love🎅有問題嗎？Kennen🌩不在的時候這邊也是⏩⏩不是也要衝上去嗎？Jackkey Love🎅Yeah Turn🎅啊啊😱😱Jackkey Love🎅🎅有問題嗎？💵💵💵💵Jackkey Love 어떡錢也掉了很多💵💵💵💵Jackkey Love怎麼辦？😱😱😱😱 我沒有Jackie Love Double Kill Kennen🌩🙅🙅 Jackie Love沒有啪啪🤜🤜 Kennen🌩🌩 等一下吧 但是贏了 不要再殺我了 殺了我吧😈😈 THE SHI正在到來 Triple Kill之後推就可以了嗎？爲什麼這麼快就結束了啊？❓❓😰😰😰😢😢😢這個是16分16分之前 這個是史無前例的 哇 不對 是不到16分 哇 15分50秒 哎呀 快點結束吧 哪怕是破紀錄🌟🌟也結束了 15分55秒56秒 老鼠🔥🔥,False,False,1778054743,1778054743,True,False,False,0,1,0.5,0,5a2f264dc912ca690c0cb837f30da3a25290fc607d8469839bd9546f4b9a2e78,0,4,85163,1118,85151,1778055261,2026-05-08T06:10:16+00:00
578080,PUBG: BATTLEGROUNDS,224879899,koreana,아직 어렵긴 한데 재미있어서 계속하게 되는 게임,False,True,1778054195,1778054195,True,False,False,0,0,0.5,0,043774c2147c132e9af2f9fe12d193e6a2a9f535baf07437000c9ba61cd5fbcf,0,3,9958,2031,9868,1778158946,2026-05-08T06:10:16+00:00
578080,PUBG: BATTLEGROUNDS,224878625,koreana,이 게임은 질병입니다.,False,True,1778051709,1778051709,True,False,False,0,0,0.5,0,63c74b0a82d68751199016dbc11f6acb29c278545614d869ce3bcd14e00b133c,0,23,6970,64,6970,1777990054,2026-05-08T06:10:16+00:00
578080,PUBG: BATTLEGROUNDS,224878564,koreana,개존재ㅁ,False,True,1778051602,1778051602,True,False,False,0,0,0.5,0,b663e7047f803b7f2711a31375eb9c8aa90eacf160f632ddfee22acc67f44580,3,1,10217,18,10199,1778052610,2026-05-08T06:10:16+00:00
578080,PUBG: BATTLEGROUNDS,224877630,koreana,good,False,True,1778049757,1778049757,True,False,False,0,0,0.5,0,bd256b3ef6d1fbe085d53173757893792d525cb8ce066fbcc9333e6f819c6f6b,0,1,581,458,445,1778160489,2026-05-08T06:10:16+00:00
578080,PUBG: BATTLEGROUNDS,224877401,koreana,"nice
",False,True,1778049335,1778049335,True,False,False,0,0,0.5,0,8004dd584b91a92a445ccf7bb7adf2cb8d56d7636c7a71bb7c48eb2271c75b04,0,2,1387,461,1350,1778051530,2026-05-08T06:10:16+00:00
578080,PUBG: BATTLEGROUNDS,224877230,koreana,jy76t67tgf7u,False,True,1778048994,1778048994,True,False,False,0,0,0.5,0,55495eaf6e2dfc8e57581a79a9c2b7b1c9a60ba1dfc58e57efae395e6cc84f0b,0,1,2848,709,2682,1778145145,2026-05-08T06:10:16+00:00
578080,PUBG: BATTLEGROUNDS,224875072,koreana,LEGION LOCK CHINALEGION LOCK CHINALEGION LOCK CHINALEGION LOCK CHINALEGION LOCK CHINALEGION LOCK CHINALEGION LOCK CHINALEGION LOCK CHINALEGION LOCK CHINALEGION LOCK CHINALEGION LOCK CHINALEGION LOCK CHINALEGION LOCK CHINALEGION LOCK CHINALEGION LOCK CHINALEGION LOCK CHINALEGION LOCK CHINALEGION LOCK CHINALEGION LOCK CHINALEGION LOCK CHINALEGION LOCK CHINALEGION LOCK CHINALEGION LOCK CHINALEGION LOCK CHINALEGION LOCK CHINALEGION LOCK CHINALEGION LOCK CHINALEGION LOCK CHINALEGION LOCK CHINALEGION LOCK CHINALEGION LOCK CHINALEGION LOCK CHINALEGION LOCK CHINALEGION LOCK CHINALEGION LOCK CHINALEGION LOCK CHINALEGION LOCK CHINALEGION LOCK CHINALEGION LOCK CHINALEGION LOCK CHINALEGION LOCK CHINALEGION LOCK CHINALEGION LOCK CHINALEGION LOCK CHINALEGION LOCK CHINALEGION LOCK CHINALEGION LOCK CHINALEGION LOCK CHINALEGION LOCK CHINALEGION LOCK CHINALEGION LOCK CHINALEGION LOCK CHINALEGION LOCK CHINALEGION LOCK CHINALEGION LOCK CHINALEGION LOCK CHINALEGION LOCK CHINALEGION LOCK CHINALEGION LOCK CHINALEGION LOCK CHINALEGION LOCK CHINALEGION LOCK CHINALEGION LOCK CHINALEGION LOCK CHINALEGION LOCK CHINALEGION LOCK CHINALEGION LOCK CHINALEGION LOCK CHINALEGION LOCK CHINALEGION LOCK CHINALEGION LOCK CHINALEGION LOCK CHINALEGION LOCK CHINALEGION LOCK CHINALEGION LOCK CHINALEGION LOCK CHINALEGION LOCK CHINALEGION LOCK CHINALEGION LOCK CHINALEGION LOCK CHINALEGION LOCK CHINALEGION LOCK CHINALEGION LOCK CHINALEGION LOCK CHINALEGION LOCK CHINALEGION LOCK CHINALEGION LOCK CHINALEGION LOCK CHINALEGION LOCK CHINALEGION LOCK CHINALEGION LOCK CHINALEGION LOCK CHINALEGION LOCK CHINALEGION LOCK CHINALEGION LOCK CHINALEGION LOCK CHINALEGION LOCK CHINALEGION LOCK CHINALEGION LOCK CHINALEGION LOCK CHINALEGION LOCK CHINALEGION LOCK CHINALEGION LOCK CHINALEGION LOCK CHINALEGION LOCK CHINA,False,False,1778044954,1778044954,True,False,False,0,2,0.5,0,a4df6cfe8ffcccd009a746cf0fc1a4921ae6b430969e81afe7dbcf2f9159fb89,105,4,9476,1427,9173,1778130510,2026-05-08T06:10:16+00:00
578080,PUBG: BATTLEGROUNDS,224860605,koreana,중국인민공화국 배그,False,True,1778023038,1778023038,True,False,False,1,0,0.523809552192688,0,b43dc3b9121114b99e670b2149b31b8fb0d09bcd7940ee08d633eb5db5af2959,0,2,62889,1784,62575,1778074029,2026-05-08T06:10:16+00:00
578080,PUBG: BATTLEGROUNDS,224831673,koreana,good,False,True,1777993824,1777993824,True,False,False,0,0,0.5,0,f7e07dff6758d78d185fef025c89abdf4b0fe8e87f73bf462d1c94e8d8f05c47,15,1,633681,2686,633158,1778173711,2026-05-08T06:10:16+00:00
578080,PUBG: BATTLEGROUNDS,224830974,koreana,겜 사고 8년 만에 치킨 뜯어서 추천했읍니다,False,True,1777993180,1777993180,True,False,False,0,0,0.5,0,fc7436b14ae8dda8882e899e26ea9da8cd17e1858ada5e9e507fbe6f313906fe,0,2,1408,265,1214,1778162329,2026-05-08T06:10:16+00:00
578080,PUBG: BATTLEGROUNDS,224830211,koreana,차량 조작감 gta보다 구리게 만드는 것도 능력입니다. 운영은 개떡같이 하시고 친구들이랑 하는 게임이라 그냥 하는데 저 혼자 하는 게임이고 요지경인 게임 운영 보고 있으면 제 돈 주고 사면서까지 안 했을 겁니다. 실제로 안 했구요 게임 좋은 모습 못 살리는 거 보면 참 안타깝습니다.,False,False,1777992435,1777992435,True,False,False,0,2,0.5,0,063921d6e9fb281809f4d2d99c9b549cece54466c55c5c640d08741d42ea50c5,153,1,5151,1619,5116,1778215677,2026-05-08T06:10:16+00:00
578080,PUBG: BATTLEGROUNDS,224829410,koreana,"배그 내 라이브러리에서 영구삭제함

스팀가드, 이메일 2차보안 다 끼워놨는데 무슨 360일 전에 게임차단 당함.
최근 몇 년 중 오랜만에 친구랑 게임한게 하루임.
근데 무슨  vac 차단인지 게임차단인지 뭔지 게임차단? 게임을 안했는데?
해명 뭐 그딴거 이 게임 안할건데 왜 함? 그냥 영구삭제하고 광명찾는다.
스트레스 겁나 받네",False,False,1777991638,1777991638,True,False,False,0,0,0.5,0,edd988d0d6ee75ecd6e3fbff19bd8eefba65a395c2c6f97c1c3397d706d2d256,25,2,8726,0,8726,1746812146,2026-05-08T06:10:16+00:00
578080,PUBG: BATTLEGROUNDS,224828324,koreana,재밌고 처음시작했는데 발로란트랑은 또 다른 매력이 있어서 좋았어요!,False,True,1777990508,1777990508,True,False,False,0,0,0.5,0,57315ed27006928d52d93eea46deffd021fe6c2d348effc3b80826d8cde7a1a4,0,1,1518,1488,1016,1778174276,2026-05-08T06:10:16+00:00
578080,PUBG: BATTLEGROUNDS,224827543,koreana,.,False,True,1777989687,1777989687,True,False,False,0,0,0.5,0,40440d43c9afada102b8edfbb148fbcda09076d743f9dd30fb48ee91e0b33308,0,1,7761,1181,7678,1777994635,2026-05-08T06:10:16+00:00
578080,PUBG: BATTLEGROUNDS,224827065,koreana,재밌네요,False,True,1777989164,1777989164,True,False,False,0,0,0.5,0,eb3847bf1b3fad03e3705b139ba446b5ce3c834471f13990059a34d6ef6f17dd,0,1,14381,1417,14266,1778079380,2026-05-08T06:10:16+00:00
578080,PUBG: BATTLEGROUNDS,224826272,koreana,뒤에가면 개나소다 다 보급총 쳐들고 다니면 게임을 하라는거야 말라는거야,False,False,1777988258,1777988258,True,False,False,0,0,0.5,0,f7bb9e6d360d54381ca36d2b29862fe9c0573db403bc472a6537b733de06dcb2,27,1,60610,1935,60204,1778168500,2026-05-08T06:10:16+00:00
578080,PUBG: BATTLEGROUNDS,224825352,koreana,공포겜임,False,True,1777987232,1777987232,True,False,False,0,0,0.5,0,70a5a9cf57a603539537d3817366ef6db36468452b7e0d74b99764d4b8b9c0e9,0,1,28279,2302,27958,1778037650,2026-05-08T06:10:16+00:00
578080,PUBG: BATTLEGROUNDS,224825314,koreana,고트,False,True,1777987193,1777987193,True,False,False,0,0,0.5,0,48f53d761a31310b93ae2a9f9fff55a96d7c36cd4291b765af1e4e3c6721e972,0,5,117417,1197,117291,1777994713,2026-05-08T06:10:16+00:00
578080,PUBG: BATTLEGROUNDS,224824083,koreana,한번빠지면 못나와요,False,True,1777985802,1777985802,True,False,False,0,0,0.5,0,67102ca6285c9825857e364d2b1dc5a448981bcb071bee05084150fe0b75fd51,0,1,43673,574,43478,1778075667,2026-05-08T06:10:16+00:00
578080,PUBG: BATTLEGROUNDS,224823579,koreana,재밌음,False,True,1777985204,1777985204,True,False,False,0,0,0.5,0,1d3e143ea03a787ac07360a9f131d44912cf4cd1e8f3b8e409f5d7ebac976795,0,1,5986,2733,5793,1778211705,2026-05-08T06:10:16+00:00
578080,PUBG: BATTLEGROUNDS,224821061,koreana,이 게임 1000시간은 해야 뉴비때는 벗을듯,False,True,1777981994,1777981994,True,False,False,0,0,0.5,0,cc027f804289cf6d4b5cbae09539728d64066432120d697b19a8c49503d0a3ed,0,5,8128,825,7921,1778163331,2026-05-08T06:10:16+00:00
578080,PUBG: BATTLEGROUNDS,224820316,koreana,asd,False,True,1777980941,1777980941,True,False,False,0,0,0.5,0,bc238dd886a2cf8a7142dd138845a84d1ddd0d77c2f6e8b509264417bf57e08c,0,1,68634,1520,68230,1778005219,2026-05-08T06:10:16+00:00
578080,PUBG: BATTLEGROUNDS,224819748,koreana,gdf,False,True,1777980140,1777980140,True,False,False,0,0,0.5,0,e5e11b01f3dec67cbde074e6821f1512719e272bc3fa61711d0b1ff41b5177a2,0,1,12577,1426,12197,1778147689,2026-05-08T06:10:16+00:00
578080,PUBG: BATTLEGROUNDS,224815692,koreana,개재밌어요 인생겜,False,True,1777974044,1777974044,True,False,False,0,0,0.5,0,8c32b104eb0d9cae0bc073c4f1e9cb49af4188589558dae04b18b3b2dfe71010,0,2,723,723,668,1778154324,2026-05-08T06:10:16+00:00
578080,PUBG: BATTLEGROUNDS,224815359,koreana,제 친구 진호가 이 게임을 좋아해요,False,True,1777973515,1777973515,True,False,False,0,0,0.5,0,c41da89304839632671ed15d4b1ca589abbfa7da2a04780063b04399ceb3b61c,0,14,5774,278,5495,1778166810,2026-05-08T06:10:16+00:00
578080,PUBG: BATTLEGROUNDS,224815352,koreana,점점 콜옵화되가는 거랑 이중가차시스템 빼고는 너무 좋음,False,True,1777973502,1777973502,True,False,False,0,0,0.5,0,22054bb41c7eebf8f01c94352c56f5de60704db3b772f8f0eff08acf3d57735b,0,1,9126,1181,8976,1777984614,2026-05-08T06:10:16+00:00
578080,PUBG: BATTLEGROUNDS,224815177,koreana,"진짜 초보자는 못하겠어요
",False,True,1777973231,1777973231,True,False,False,0,0,0.5,0,5a06abb69410cd2424d54545e6aac74fd0dbb80af8aa39bb541dfaad29ed5789,0,1,1585,88,1496,1777978482,2026-05-08T06:10:16+00:00
578080,PUBG: BATTLEGROUNDS,224813717,koreana,진짜 겁나게 추천합니다,False,True,1777970928,1777970928,True,False,False,0,0,0.5,0,86bff9a01c147266a551bff2a5674e24de6743add118597baea6bb77809077eb,10,5,9144,1576,8982,1778163062,2026-05-08T06:10:16+00:00
578080,PUBG: BATTLEGROUNDS,224812949,koreana,rrt,False,True,1777969664,1777969664,True,False,False,0,0,0.5,0,6931b7a4e72f41b17a8cf56cae31f595b3e5f0b1b18607b346f7fd705eb2ef56,0,1,1005,185,953,1777972807,2026-05-08T06:10:16+00:00
578080,PUBG: BATTLEGROUNDS,224812335,koreana,랙이 넘 만히 걸라고 게임 자체가 구려용,False,False,1777968655,1777968655,True,False,False,0,0,0.5,0,abd9908ff2803020606d0bc8a388649f5686b456aacaa349dde3880196530769,0,1,3206,196,3188,1777969701,2026-05-08T06:10:16+00:00
578080,PUBG: BATTLEGROUNDS,224812088,koreana,"너무 재미있다
",False,True,1777968236,1777968236,True,False,False,0,0,0.5,0,e3268a3bc2c0268ddae7a347f5679a2cfeb901dcaf96e13ab98691295a63634c,0,1,3526,1289,3439,1777973441,2026-05-08T06:10:16+00:00
578080,PUBG: BATTLEGROUNDS,224811784,koreana,굿,False,True,1777967722,1777967722,True,False,False,0,0,0.5,0,93257aebb8dd1b223f8f8bf20f8b86949fab0b7db989f40017a23b5fb0a3d1c0,0,1,5321,3356,5175,1778141150,2026-05-08T06:10:16+00:00
578080,PUBG: BATTLEGROUNDS,224810296,koreana,왜 하지,False,False,1777965231,1777965231,True,False,False,0,0,0.5,0,ddbd902e49e014eb29ecb05daa0639180206fdee4279162ba768e2535e7a798d,0,1,25527,1022,25291,1777994063,2026-05-08T06:10:16+00:00
578080,PUBG: BATTLEGROUNDS,224809827,koreana,할만한거 없으면 추천,False,True,1777964444,1777964444,True,False,False,0,0,0.5,0,dc54b36cef7a1d75b66513a7ecb13e21ab16b84baa900b2b046699a6ef3b31b8,0,1,9356,62,9294,1777972540,2026-05-08T06:10:16+00:00
578080,PUBG: BATTLEGROUNDS,224807164,koreana,feewrf,False,True,1777959792,1777959792,True,False,False,0,0,0.5,0,080f0747696c8ba2f63a4af4aa32c00b0dde3cdf1b302e1fc3c319c5d028448b,5,2,86992,935,86756,1777973873,2026-05-08T06:10:16+00:00
578080,PUBG: BATTLEGROUNDS,224807106,koreana,재미있는데 아직도 뉴비에용,False,True,1777959688,1777959688,True,False,False,0,1,0.5,0,f39d7bab025d031b1f97a8773cc9b385c4c93e82585e06d037c5b65d3c4a11c3,0,1,23068,55,23013,1777962933,2026-05-08T06:10:16+00:00
578080,PUBG: BATTLEGROUNDS,224805111,koreana,sdasd,False,True,1777956200,1777956200,True,False,False,0,0,0.5,0,b4c647234f8c48737572e5aa15978bac655ae3ab95bf9f0b1ec54b9ade7aadfb,1,1,44845,3498,43679,1778186693,2026-05-08T06:10:16+00:00
578080,PUBG: BATTLEGROUNDS,224804787,koreana,존나 재밌음,False,True,1777955643,1777955643,True,False,False,0,0,0.5,0,24c669825d90e5264c28837a7065390196fe979de3dfd6e4b6b29d1d0133e0e6,0,2,24101,343,23996,1777961826,2026-05-08T06:10:16+00:00
578080,PUBG: BATTLEGROUNDS,224804062,koreana,돈을 ㅈㄴ 많이 쳐먹긴해도 재밋습니다.,False,True,1777954455,1777954455,True,False,False,0,0,0.5,0,342c4cf1fcda09c954601f3df613119c2d127750df615a5e815d3c01b154e389,0,1,2060,665,1983,1777959018,2026-05-08T06:10:16+00:00
578080,PUBG: BATTLEGROUNDS,224802144,koreana,"그냥 재밌음
",False,True,1777951532,1777951532,True,False,False,0,0,0.5,0,da9ca12fc4180f58ebd1e9d0328f47ec98f575cc7d105cd48472b4978c5e9893,0,4,6518,89,6518,1777612008,2026-05-08T06:10:16+00:00
578080,PUBG: BATTLEGROUNDS,224802059,koreana,가성비로도 돌아가는 게임,False,True,1777951397,1777951397,True,False,False,0,0,0.5,0,452294ce6ec1b1029832d028961ae4e3cb96bfdff2fd773bc9cf5db4483dfc34,0,1,27376,4204,26241,1778168227,2026-05-08T06:10:16+00:00
578080,PUBG: BATTLEGROUNDS,224800431,koreana,갓,False,True,1777949071,1777949071,True,False,False,0,0,0.5,0,13c15d139632055c734f639d3be50ff1ff49b27e16cf5a6fac6c7372430f18e3,0,1,1763,1643,1290,1778161617,2026-05-08T06:10:16+00:00
578080,PUBG: BATTLEGROUNDS,224798807,koreana,좋다,False,True,1777946688,1777946688,True,False,False,0,0,0.5,0,9d08811b1c67f69e987051471cc74825632ef94985d41a7aa14c88a4075d886f,0,1,554,146,408,1778069585,2026-05-08T06:10:16+00:00
578080,PUBG: BATTLEGROUNDS,224798266,koreana,재밋음,False,True,1777945979,1777946020,True,False,False,0,0,0.5,0,de0ade306bcf7da46733ec55ce54b07d5d10db851e6766f46f6b815c573496f3,0,1,10287,683,10279,1777946222,2026-05-08T06:10:16+00:00
578080,PUBG: BATTLEGROUNDS,224797233,koreana,재밌누,False,True,1777944427,1777944427,True,False,False,0,0,0.5,0,508c101345d2f9a830194ce8d8fe604f0cd0050ae167d8a1af2e46c6c0c153fa,0,1,9501,288,9403,1778158893,2026-05-08T06:10:16+00:00
578080,PUBG: BATTLEGROUNDS,224795192,koreana,재밌음 뉴비여도 재밌는것 같음,False,True,1777941525,1777941525,True,False,False,0,0,0.5,0,49bb96cbce2b7b280820d902b115b1d0669ea5e5eb82074417b0cf30dcc76202,0,1,1172,102,1069,1777951119,2026-05-08T06:10:16+00:00
578080,PUBG: BATTLEGROUNDS,224794662,koreana,아니 이거 그냥 반동만 딸깍해서 잡으면 쉬운데,False,True,1777940795,1777940795,True,False,False,0,0,0.5,0,cfb3b870da4f1662fa490ad4d68fdf1c14d41ced83bc270d6c46bbba25c740a7,0,2,2720,949,2439,1778144418,2026-05-08T06:10:16+00:00
578080,PUBG: BATTLEGROUNDS,224780062,koreana,"씨ㅣㅣㅣ발 짱깨년들 ㅈ같음 해킹당하고 내 스킨류 전부 갈아놓은거 복구해달라니까 
재화 만들어오면 해준다 이지랄 병ㅇㅇ신겜",False,False,1777923242,1777923242,True,False,False,0,0,0.5,0,6d0b0a19294718128984ecc7430f253decea618f4d229a1b287d7d5397c62259,0,2,26053,3279,25306,1778174613,2026-05-08T06:10:16+00:00
578080,PUBG: BATTLEGROUNDS,224770507,koreana,이거 할 바엔 옵치하자 최적화도 엉망이네,False,False,1777914221,1777914221,True,False,False,0,0,0.5,0,16060fa387ca9ce0bef27f336512e76cad789f6fcd0903ebd2dcb054db11004f,0,3,59,0,59,1771831086,2026-05-08T06:10:16+00:00
578080,PUBG: BATTLEGROUNDS,224768789,koreana,ㄴㄴㄴ,False,True,1777912591,1777912591,True,False,False,0,0,0.5,0,b44d570efb1dc0fb9a49c88843f4fae84c373eb97cfdde5d5e02d1f0f9cfd509,0,1,62102,7,62095,1777913042,2026-05-08T06:10:16+00:00
578080,PUBG: BATTLEGROUNDS,224768654,koreana,h,False,False,1777912454,1777912454,True,False,False,0,0,0.5,0,1efcc2676a45f343031c689bb43d7f188e2afbb8e8bb837a886c71d81796aa32,9,1,3232,1858,2547,1778173588,2026-05-08T06:10:16+00:00
578080,PUBG: BATTLEGROUNDS,224768130,koreana,솔로 공겜,False,True,1777911989,1777911989,True,False,False,0,0,0.5,0,08a3809e316e7f3ca4a55b5b71bedecaef24665c8bf2d355e4afba6ebd201136,0,4,125886,810,125705,1778008880,2026-05-08T06:10:16+00:00
578080,PUBG: BATTLEGROUNDS,224764113,koreana,총기합법화 국민청원 양심있음 찬성해 그에 맞게 이재명,False,True,1777908442,1777908442,True,False,False,0,0,0.5,0,ac71fab8979cd33bd42e9803ab527a2d8e2afcb463ed9008a2b2976afcc5a214,0,1,14615,3203,14242,1778087895,2026-05-08T06:10:16+00:00
578080,PUBG: BATTLEGROUNDS,224762445,koreana,개 돈아깝다 사자마자 카카오 풀렷다,False,False,1777906900,1777906900,True,False,False,0,0,0.5,0,5231ed9008c78007bf88aaa80ac235b6a824d2bd5e22ad8a39dd522a16c10fe3,0,1,1149,141,1008,1777915775,2026-05-08T06:10:16+00:00
578080,PUBG: BATTLEGROUNDS,224762014,koreana,근본,False,True,1777906506,1777906506,True,False,False,0,0,0.5,0,16f5e3b7c9dad7f096c5d14185ead0c3b4aa8eec3ad49c695fd8aadec2238b38,0,3,5320,0,5320,1774422096,2026-05-08T06:10:16+00:00
578080,PUBG: BATTLEGROUNDS,224758772,koreana,good,False,True,1777903565,1777903565,True,False,False,0,0,0.5,0,9ebf174c5027959c7aa1b37ef2124aa65effdbdf0dc81b44d0658643a5ac448e,3,1,6484,1802,6069,1778071561,2026-05-08T06:10:16+00:00
578080,PUBG: BATTLEGROUNDS,224758676,koreana,재밋어요,False,True,1777903479,1777903479,True,False,False,0,0,0.5,0,35e90e496189f5028dce92ec8b06b7f32ce89e634c337a2153d35a60762e7a2f,0,1,16092,121,15970,1777916168,2026-05-08T06:10:16+00:00
578080,PUBG: BATTLEGROUNDS,224758335,koreana,.,False,False,1777903156,1778172978,True,False,False,0,0,0.5,0,d55782b7997f17d545b8f232ab93f5dedc3e6b4de00ebd0c8b73a9d0c8132e67,0,41,31626,3008,31626,1778172760,2026-05-08T06:10:16+00:00
578080,PUBG: BATTLEGROUNDS,224757759,koreana,재밌음,False,True,1777902592,1777902592,True,False,False,0,0,0.5,0,1f5ac130a8a1bb0657a86ccb5e77f69e3488437a24ad7205058ecefc6bbe1e12,10,1,10400,496,10127,1778005859,2026-05-08T06:10:16+00:00
578080,PUBG: BATTLEGROUNDS,224754884,koreana,다운로드 개느림,False,False,1777899762,1777899762,True,False,False,0,0,0.5,0,db7e2f9c5b5e4060f55291b2cd4a2822c3dfb1f3d35ea642856d6aae880c9dc9,0,1,5102,63,5102,1777879817,2026-05-08T06:10:16+00:00
578080,PUBG: BATTLEGROUNDS,224754598,koreana,"pve가 나왔다고 해서 플레이해봤는데, 너무 단조로워서 실망했습니다...
쉬운단계랑 어려운단계 밸런스조절에 실패한느낌?
친구들이랑 같이 하면 웬만한 게임 다 재밌게 느껴지는데, 딱 한번 해볼만 함",False,False,1777899442,1777899442,True,False,False,0,0,0.5,0,71dcb001641cd1d69c33cf623e4d946e7cb7babc4ab2a3a6d9875d9679a6c1e0,0,2,239,0,239,1776602345,2026-05-08T06:10:16+00:00
578080,PUBG: BATTLEGROUNDS,224751699,koreana,핵있는거 뺴곤 다좋음,False,True,1777896221,1777896221,True,False,False,0,0,0.5,0,efbf910537cbd2503a55c66e79706557d7c9992bc09dc96928f7981224b79e95,0,1,26307,2493,25252,1778090417,2026-05-08T06:10:16+00:00
578080,PUBG: BATTLEGROUNDS,224746376,koreana,"재밌어요
",False,True,1777889167,1777889167,True,False,False,0,0,0.5,0,4b1735600c6e39d6b27dfb248962eb693e5339f25a591342c8e594a414db33e1,0,1,1038,557,939,1778066845,2026-05-08T06:10:16+00:00
578080,PUBG: BATTLEGROUNDS,224746243,koreana,ㅈㄴ 어려운데 뽕맛지림,False,True,1777888958,1777901344,True,False,False,0,0,0.5,0,b65af46041a48df47e26c006fd6576ccde406cf6e53f8f2c76da9643b0798d90,0,2,6988,2008,6803,1778064667,2026-05-08T06:10:16+00:00
578080,PUBG: BATTLEGROUNDS,224745859,koreana,"질리지 않는 게임이라서 좋음
",False,True,1777888399,1777888399,True,False,False,0,0,0.5,0,73f1c2b0e0154c5a710beb8e1e8126b99d37b348a120bab403a9725522677273,0,1,3019,169,2982,1778066622,2026-05-08T06:10:16+00:00
578080,PUBG: BATTLEGROUNDS,224743649,koreana,같이하면 재밌지만 혼자는 절대 안할게임 그리고 이중가챠떄문에 날린 돈이 너무 큼 기본 캐릭 못생겼음,False,True,1777885034,1777885034,True,False,False,0,1,0.5,0,fd2f531b2f58184716d49d469fc26104bd345764be8c34a199b697f6981fd20f,47,5,54816,963,54816,1777652284,2026-05-08T06:10:16+00:00
578080,PUBG: BATTLEGROUNDS,224742288,koreana,"일단 제가 잘생겻는데 캐릭터는 못생겻습니다. 마음에 정말 들지 않습니다. 저 처럼 많은 남성 분들이 공감하실 겁니다. 캐릭터를 자신의 얼굴을 따서 만들면 정말 좋을텐데 그런 기능이 없어, 아쉽습니다.",False,False,1777882883,1777882883,True,False,False,1,1,0.47826087474823,0,dad1ec582072701919ffb1abc8a399305b4b6cf33a41850dffcfadc99e942be4,0,1,347,68,282,1777886824,2026-05-08T06:10:16+00:00
578080,PUBG: BATTLEGROUNDS,224742054,koreana,내 돈 내놔,False,False,1777882473,1777882473,True,False,False,0,0,0.5,0,dbaf5a0deb187faf7c093393be5d86cd6959c92185059e2b48a89c7f729377c1,0,2,9857,1,9857,1777882137,2026-05-08T06:10:16+00:00
578080,PUBG: BATTLEGROUNDS,224740562,koreana,공포게임,False,True,1777879983,1777879983,True,False,False,0,0,0.5,0,4398662b10a8d1dcb68458028c43e7ca48373f5f416df45d1280d14c2bfa7157,0,1,9947,1154,9646,1778071601,2026-05-08T06:10:16+00:00
578080,PUBG: BATTLEGROUNDS,224739753,koreana,ㄹㅇ공포겜,False,True,1777878650,1777878650,True,False,False,0,0,0.5,0,762598e231d378684ca67294ac7923624a0fa6955bc25560b0ba8b81f43df573,0,1,13980,5671,12554,1778151092,2026-05-08T06:10:16+00:00
578080,PUBG: BATTLEGROUNDS,224739104,koreana,.,False,True,1777877603,1777877603,True,False,False,0,0,0.5,0,b7e09c6a650b26de5be1587b324ef527e24c061ddf9b7dcb243a0ec66c174c00,0,1,2890,614,2737,1778192130,2026-05-08T06:10:16+00:00
578080,PUBG: BATTLEGROUNDS,224738290,koreana,굿,False,True,1777876182,1777876182,True,False,False,0,0,0.5,0,8f9cd5e3f82e29a4727edd71ce594c4b5de8e5689a0a2fe13a63fb71e4cd59a6,14,5,827,785,816,1777876637,2026-05-08T06:10:16+00:00
578080,PUBG: BATTLEGROUNDS,224738088,koreana,레전드게임!,False,True,1777875870,1777875870,True,False,False,0,0,0.5,0,bdf48c1dad7c0c68972f60bbf03b78cf04b534061a1e39079facc4d95f2657bd,0,1,937,636,301,1777979776,2026-05-08T06:10:16+00:00
578080,PUBG: BATTLEGROUNDS,224737335,koreana,재미없어요 근데 그냥햇어요 야르,False,True,1777874606,1777874606,True,False,False,0,0,0.5,0,81e66927e1bd08e09ec6fa7598bf94fcfbfa9210e2bac1fa3f4fa087b8948906,0,1,1065,46,1042,1777875426,2026-05-08T06:10:16+00:00
578080,PUBG: BATTLEGROUNDS,224735143,koreana,sss,False,True,1777870851,1777870851,True,False,False,0,0,0.5,0,81f6d756c2a2984c755c36f742b4f5754928f51f9b1383c89370d9f64d43b2a2,6,2,3595,156,3482,1777877725,2026-05-08T06:10:16+00:00
578080,PUBG: BATTLEGROUNDS,224734138,koreana,"이겜 재밌어요
",False,True,1777869127,1777869127,True,False,False,0,0,0.5,0,a79e4dd9e75e14c98507535f86fce07d8e61007ff85258721ed5fa2c8d4db2c9,0,1,67,67,67,1777506975,2026-05-08T06:10:16+00:00
578080,PUBG: BATTLEGROUNDS,224733658,koreana,"ㅗㅗ
",False,True,1777868403,1777868403,True,False,False,0,0,0.5,0,068990726880a4e503f9ce639ba8089c7335a8bb26f9586e6a83adfa7a45344f,0,1,1988,144,1851,1777978230,2026-05-08T06:10:16+00:00
578080,PUBG: BATTLEGROUNDS,224732871,koreana,"굳
",False,True,1777867154,1777867154,True,False,False,0,0,0.5,0,a8561ee8a13538cdcb0d63386f049a8d8d0402a5f09fb97cd6bb96af8f2b38a7,0,12,8021,1404,7452,1778145891,2026-05-08T06:10:16+00:00
578080,PUBG: BATTLEGROUNDS,224732005,koreana,:),False,True,1777865931,1777865931,True,False,False,0,0,0.5,0,73a74a9f5340558020a08e9d758683bb49fbc38bb2abb9dbef84997e127eb017,0,1,3426,2170,2603,1778152005,2026-05-08T06:10:16+00:00
578080,PUBG: BATTLEGROUNDS,224729733,koreana,NICE,False,True,1777862780,1777862780,True,False,False,0,0,0.5,0,831b85316b73d0265bd03e71c43e9a38e1f6cc1f7bd473730c7d8c7ab3e5f0c4,4,2,22660,1065,22457,1777895377,2026-05-08T06:10:16+00:00
578080,PUBG: BATTLEGROUNDS,224728813,koreana,good,False,True,1777861441,1777861441,True,False,False,0,0,0.5,0,a0ad58fc0f4809f6e9b596217689294c5046d19df592901c3befb75368d17119,0,2,2800,1225,2452,1778055883,2026-05-08T06:10:16+00:00
578080,PUBG: BATTLEGROUNDS,224727389,koreana,喜欢 就是经常误封我24,False,True,1777859503,1777859503,True,False,False,0,0,0.5,0,1191cfa8b879e823fca310ce7594716c770b9dfd08328fb092f9bc4c9a51843d,0,1,78244,3884,76807,1778219723,2026-05-08T06:10:16+00:00
578080,PUBG: BATTLEGROUNDS,224725502,koreana,매우 좋은 게임,False,True,1777856951,1777856951,True,False,False,0,0,0.5,0,914c5c4acfacd6eba1e0e8d5cb08dad9c42a040274c25c8a00ae4d57aba53be8,0,1,12363,969,12041,1778055288,2026-05-08T06:10:16+00:00
578080,PUBG: BATTLEGROUNDS,224724926,koreana,rne,False,True,1777856220,1777856220,True,False,False,0,0,0.5,0,33037de7a8b86e828d882460474db642991d22cb9ee33a6b7bc4e3a23a6aa7d8,0,1,1277,742,796,1777915171,2026-05-08T06:10:16+00:00
578080,PUBG: BATTLEGROUNDS,224724837,koreana,굿,False,True,1777856120,1777856120,True,False,False,0,0,0.5,0,74051e4c3807e90658bdfaf13daf735053f720c91cf8817764d5e5adb1fb4a5f,0,1,3380,1140,2978,1778162153,2026-05-08T06:10:16+00:00
578080,PUBG: BATTLEGROUNDS,224704688,koreana,솔직히 공포 태그가 있어야 한다고 생각함,False,True,1777835527,1777835527,True,False,False,0,0,0.5,0,c0a7bbb54dc20ea1815d13106c99aeed9b3a0ac821fe2a95e6999ec60e7eb3e0,0,14,27442,116,27442,1777648703,2026-05-08T06:10:16+00:00
578080,PUBG: BATTLEGROUNDS,224701838,koreana,"1트 코스믹 칼리버 쌀먹 야르
",False,True,1777833427,1777833427,True,False,False,0,0,0.5,0,fa29235a291f48cbe307d8909ac717c61ebcee6907e782a114d21a922ee44f66,0,1,13417,2754,12597,1778165859,2026-05-08T06:10:16+00:00
578080,PUBG: BATTLEGROUNDS,224695196,koreana,"재미있어요 초보가 하기에는 어렵긴 한데 재밌음 
이런류 게임 자체를 처음 해봐서 애임도 안 좋고 반응 속도도 느리지만 친구들이랑 하면 재밌어요 ㅎㅎ",False,True,1777828356,1777828356,True,False,False,0,0,0.5,0,26bddfce11e9cc32c4cef7b328f09746076c199947a999e26172d24114db3941,0,4,7195,744,7125,1778176753,2026-05-08T06:10:16+00:00
578080,PUBG: BATTLEGROUNDS,224690899,koreana,일반 핵 많노 로공마,False,True,1777825282,1777825282,True,False,False,0,0,0.5,0,ea2175a274121620b0c22ea4665973d7874bd589e23ec514c2c4bf2ff74c2de0,0,1,2775,860,2567,1777909014,2026-05-08T06:10:16+00:00
578080,PUBG: BATTLEGROUNDS,224690750,koreana,좋은 게임 ^ㅗ^,False,True,1777825174,1777898655,True,False,False,0,0,0.5,0,d85ffbe7529bbbb52ff9c181bee8f720c0d9c52c07fca9fa5d70f276f7256bf8,0,3,77313,1293,77087,1778162843,2026-05-08T06:10:16+00:00
578080,PUBG: BATTLEGROUNDS,224688999,koreana,게임이 쉽고 재밌어요~,False,True,1777823873,1777823873,True,False,False,0,0,0.5,0,599c0cfad9c3708d736f6309da82aad9fa92ed72cd49515ba828bb8f5c41d3fb,0,2,85284,695,84606,1778157429,2026-05-08T06:10:16+00:00
578080,PUBG: BATTLEGROUNDS,224685910,koreana,"매칭 시스템이 이해가 안감
지들이 ai랑 봇 뉴비들 매칭시켜줘서 2연승 하면 갑자기 육각형 금장 500렙 쳐붙여서 양학당하고 mmr을 안낮춰줌 그러면서 개양학 당하고 킬뎃 씹창나서 0.5 78 이지랄 나서야 갑자기 또 mmr 떨어져서 봇 쳐붙임 ㅅ발 그냥 나랑 비슷한 동그라미들 300~400렙들 붙여주면 되는거 그렇게는 끝까지 안하고 은장 금장 쳐붙이다가 양학당하고 기분 ㅈ같이 잡쳐서 ㅆ발거 그냥 롤이나 하고 말지",False,False,1777821537,1777821537,True,False,False,0,0,0.5,0,864a2ce3f054691383b190d2a87626299ceb9b72db728b678981f019642f19d6,0,6,21913,1592,21597,1778162416,2026-05-08T06:10:16+00:00
578080,PUBG: BATTLEGROUNDS,224681958,koreana,"게임이 재미있으며 스트레스 해소에 아주 좋은 게임이라고 생각합니다 적극 추천 ~
",False,True,1777818588,1777818588,True,False,False,0,0,0.5,0,2096e01f7662624feb27b0bf5750ab97dcf2a112ddac6232ff75c5c233f31aff,0,1,6761,1570,6309,1778073163,2026-05-08T06:10:16+00:00
578080,PUBG: BATTLEGROUNDS,224678781,koreana,돌고돌아 할게 이거뿐이다,False,True,1777815948,1777815948,True,False,False,0,0,0.5,0,244d0e9565fee7f2fe31a0fd8721f1bd16faa97e31befd81951461e426abc4f4,0,1,183443,2070,183161,1777994787,2026-05-08T06:10:16+00:00
578080,PUBG: BATTLEGROUNDS,224676503,koreana,"노맘노맘노맘노맘노맘노맘노맘노맘노맘노맘노맘노맘노맘노맘노맘노맘노맘노맘노맘노맘노맘노맘노맘노맘노맘노맘노맘노맘노맘노맘노맘노맘노맘노맘노맘노맘노맘노맘노맘노맘노맘노맘노맘노맘노맘노맘노맘노맘노맘노맘노맘노맘노맘노맘노맘노맘노맘노맘노맘노맘노맘노맘노맘노맘노맘노맘노맘노맘노맘노맘노맘노맘노맘노맘노맘노맘노맘노맘노맘노맘노맘노맘노맘노맘노맘노맘노맘노맘노맘노맘노맘노맘노맘노맘노맘노맘노맘노맘노맘노맘노맘노맘노맘노맘노맘노맘노맘노맘노맘노맘노맘노맘노맘노맘노맘노맘노맘노맘노맘노맘노맘노맘노맘노맘노맘노맘노맘노맘노맘노맘노맘노맘노맘노맘노맘노맘노맘노맘노맘노맘노맘노맘노맘노맘노맘노맘노맘노맘노맘노맘노맘노맘노맘노맘노맘노맘노맘노맘노맘노맘노맘노맘노맘노맘노맘노맘노맘노맘노맘노맘노맘노맘노맘노맘노맘노맘노맘노맘노맘노맘노맘노맘노맘노맘노맘노맘노맘노맘노맘노맘노맘노맘노맘노맘노맘노맘노맘노맘노맘노맘노맘노맘노맘노맘노맘노맘노맘노맘노맘노맘노맘노맘노맘노맘노맘노맘노맘노맘노맘노맘노맘노맘노맘노맘노맘노맘노맘노맘노맘노맘노맘노맘노맘노맘노맘노맘노맘노맘노맘노맘노맘노맘노맘노맘노맘노맘노맘노맘노맘노맘노맘노맘노맘노맘노맘노맘노맘노맘노맘노맘노맘노맘노맘노맘노맘노맘노맘노맘노맘노맘노맘노맘노맘노맘노맘노맘노맘노맘노맘노맘노맘노맘노맘노맘노맘노맘노맘노맘노맘노맘노맘노맘노맘노맘노맘노맘노맘노맘노맘노맘노맘노맘노맘노맘노맘노맘노맘노맘노맘노맘노맘노맘노맘노맘노맘노맘노맘노맘노맘노맘노맘노맘노맘노맘노맘노맘노맘노맘노맘노맘노맘노맘노맘노맘노맘노맘노맘노맘노맘노맘노맘노맘노맘노맘노맘노맘노맘노맘노맘노맘노맘노맘노맘노맘노맘노맘노맘노맘노맘노맘노맘노맘노맘노맘노맘노맘노맘노맘노맘노맘노맘노맘노맘노맘노맘노맘노맘노맘노맘노맘노맘노맘노맘노맘노맘노맘노맘노맘노맘노맘노맘노맘노맘노맘노맘노맘노맘노맘노맘노맘노맘노맘노맘노맘노맘노맘노맘노맘노맘노맘노맘노맘노맘노맘노맘노맘노맘노맘노맘노맘노맘노맘노맘노맘노맘노맘노맘노맘노맘노맘노맘노맘노맘노맘노맘노맘노맘노맘노맘노맘노맘노맘노맘노맘노맘노맘노맘노맘노맘노맘노맘노맘노맘노맘노맘노맘노맘노맘노맘노맘노맘노맘노맘노맘노맘노맘노맘노맘노맘노맘노맘노맘노맘노맘노맘노맘노맘노맘노맘노맘노맘노맘노맘노맘노맘노맘노맘노맘노맘노맘노맘노맘노맘노맘노맘노맘노맘노맘노맘노맘노맘노맘노맘노맘노맘노맘노맘노맘노맘노맘노맘노맘노맘노맘노맘노맘노맘노맘노맘노맘노맘노맘노맘노맘노맘노맘노맘노맘노맘노맘노맘노맘노맘노맘노맘노맘노맘노맘노맘노맘노맘노맘노맘노맘노맘노맘노맘노맘노맘노맘노맘노맘노맘노맘노맘노맘노맘노맘노맘노맘노맘노맘노맘노맘노맘노맘노맘노맘노맘노맘노맘노맘노맘노맘노맘노맘노맘노맘노맘노맘노맘노맘노맘노맘노맘노맘노맘노맘노맘노맘노맘노맘노맘노맘노맘노맘노맘노맘노맘노맘노맘노맘노맘노맘노맘노맘노맘노맘노맘노맘노맘노맘노맘노맘노맘노맘노맘노맘노맘노맘노맘노맘노맘노맘노맘노맘노맘노맘노맘노맘노맘노맘노맘노맘노맘노맘노맘노맘노맘노맘노맘노맘노맘노맘노맘노맘노맘노맘노맘노맘노맘노맘노맘노맘노맘노맘노맘노맘노맘노맘노맘노맘노맘노맘노맘노맘노맘노맘노맘노맘노맘노맘노맘노맘노맘노맘노맘노맘노맘노맘노맘노맘노맘노맘노맘노맘노맘노맘노맘노맘노맘노맘노맘노맘노맘노맘노맘노맘노맘노맘노맘노맘노맘노맘노맘노맘노맘노맘노맘노맘노맘노맘노맘노맘노맘노맘노맘노맘노맘노맘노맘노맘노맘노맘노맘노맘노맘노맘노맘노맘노맘노맘노맘노맘노맘노맘노맘노맘노맘노맘노맘노맘노맘노맘노맘노맘노맘노맘노맘노맘노맘노맘노맘노맘노맘노맘노맘노맘노맘노맘노맘노맘노맘노맘노맘노맘노맘노맘노맘노맘노맘노맘노맘노맘노맘노맘노맘노맘노맘노맘노맘노맘노맘노맘노맘노맘노맘노맘노맘노맘노맘노맘노맘노맘노맘노맘노맘노맘노맘노맘노맘노맘노맘노맘노맘노맘노맘노맘노맘노맘노맘노맘노맘노맘노맘노맘노맘노맘노맘노맘노맘노맘노맘노맘노맘노맘노맘노맘노맘노맘노맘노맘노맘노맘노맘노맘노맘노맘노맘노맘노맘노맘노맘노맘노맘노맘노맘노맘노맘노맘노맘노맘노맘노맘노맘노맘노맘노맘노맘노맘노맘노맘노맘노맘노맘노맘노맘노맘노맘노맘노맘노맘노맘노맘노맘노맘노맘노맘노맘노맘노맘노맘노맘노맘노맘노맘노맘노맘노맘노맘노맘노맘노맘노맘노맘노맘노맘노맘노맘노맘노맘노맘노맘노맘노맘노맘노맘노맘노맘노맘노맘노맘노맘노맘노맘노맘노맘노맘노맘노맘노맘노맘노맘노맘노맘노맘노맘노맘노맘노맘노맘노맘노맘노맘노맘노맘노맘노맘노맘노맘노맘노맘노맘노맘노맘노맘노맘노맘노맘노맘노맘노맘노맘노맘노맘노맘노맘노맘노맘노맘노맘노맘노맘노맘노맘노맘노맘노맘노맘노맘노맘노맘노맘노맘노맘노맘노맘노맘노맘노맘노맘노맘노맘노맘노맘노맘노맘노맘노맘노맘노맘노맘노맘노맘노맘노맘노맘노맘노맘노맘노맘노맘노맘노맘노맘노맘노맘노맘노맘노맘노맘노맘노맘노맘노맘노맘노맘노맘노맘노맘노맘노맘노맘노맘노맘노맘노맘노맘노맘노맘노맘노맘노맘노맘노맘노맘노맘노맘노맘노맘노맘노맘노맘노맘노맘노맘노맘노맘노맘노맘노맘노맘노맘노맘노맘노맘노맘노맘노맘노맘노맘노맘노맘노맘노맘노맘노맘노맘노맘노맘노맘노맘노맘노맘노맘노맘노맘노맘노맘노맘노맘노맘노맘노맘노맘노맘노맘노맘노맘노맘노맘노맘노맘노맘노맘노맘노맘노맘노맘노맘노맘노맘노맘노맘노맘노맘노맘노맘노맘노맘노맘노맘노맘노맘노맘노맘노맘노맘노맘노맘노맘노맘노맘노맘노맘노맘노맘노맘노맘노맘노맘노맘노맘노맘노맘노맘노맘노맘노맘노맘노맘노맘노맘노맘노맘노맘노맘노맘노맘노맘노맘노맘노맘노맘노맘노맘노맘노맘노맘노맘노맘노맘노맘노맘노맘노맘노맘노맘노맘노맘노맘노맘노맘노맘노맘노맘노맘노맘노맘노맘노맘노맘노맘노맘노맘노맘노맘노맘노맘노맘노맘노맘노맘노맘노맘노맘노맘노맘노맘노맘노맘노맘노맘노맘노맘노맘노맘노맘노맘노맘노맘노맘노맘노맘노맘노맘노맘노맘노맘노맘노맘노맘노맘노맘노맘노맘노맘노맘노맘노맘노맘노맘노맘노맘노맘노맘노맘노맘노맘노맘노맘노맘노맘노맘노맘노맘노맘노맘노맘노맘노맘노맘노맘노맘노맘노맘노맘노맘노맘노맘노맘노맘노맘노맘노맘노맘노맘노맘노맘노맘노맘노맘노맘노맘노맘노맘노맘노맘노맘노맘노맘노맘노맘노맘노맘노맘노맘노맘노맘노맘노맘노맘노맘노맘노맘노맘노맘노맘노맘노맘노맘노맘노맘노맘노맘노맘노맘노맘노맘노맘노맘노맘노맘노맘노맘노맘노맘노맘노맘노맘노맘노맘노맘노맘노맘노맘노맘노맘노맘노맘노맘노맘노맘노맘노맘노맘노맘노맘노맘노맘노맘노맘노맘노맘노맘노맘노맘노맘노맘노맘
",False,False,1777814028,1777814028,True,False,False,0,0,0.5,0,c353f0907bcf753cb6cba2d4792bbf72f70ce6ce191becda96366756b97a88c9,0,1,16979,1597,16566,1778161656,2026-05-08T06:10:16+00:00
578080,PUBG: BATTLEGROUNDS,224676287,koreana,재밌어요,False,True,1777813821,1777813821,True,False,False,0,0,0.5,0,9f59bb83e5d90f8870a86d67cc9a4fe914f5574401fc811f94c4ea4b15674cbd,0,1,1578,193,1480,1777820212,2026-05-08T06:10:16+00:00
578080,PUBG: BATTLEGROUNDS,224675152,koreana,화가남,False,True,1777812784,1777812784,True,False,False,0,0,0.5,0,38a66e6ef9519eb9cf84c3d3d34dae15cad285d20c25dea60156b6d98c94492a,0,3,875,360,854,1777814053,2026-05-08T06:10:16+00:00
578080,PUBG: BATTLEGROUNDS,224674520,koreana,이 개씨발새끼들은 2중가차 확률 다시 확인해라,False,False,1777812181,1777812181,True,False,False,0,0,0.5,0,d88988a454727d4838f5eaa7444cc684b84938e4719545245cd0276a6460aab7,81,1,84330,470,84307,1777812958,2026-05-08T06:10:16+00:00
578080,PUBG: BATTLEGROUNDS,224671655,koreana,1W1W1E12,False,True,1777809457,1777809457,True,False,False,0,0,0.5,0,c47adab6cdb2a7e36ce39af731c95402f454f3bbb7eb9e829ba6e30b79497b3b,0,1,1370,1226,658,1778155129,2026-05-08T06:10:16+00:00
578080,PUBG: BATTLEGROUNDS,224671311,koreana,진짜 개xtMFPRL겜,False,False,1777809102,1777809102,True,False,False,0,0,0.5,0,351644c613243986f7c647ac9ca48e97999db2f025e00dd355634810ecb258bf,46,3,19801,197,19794,1777879412,2026-05-08T06:10:16+00:00
578080,PUBG: BATTLEGROUNDS,224669671,koreana,ㅅㅅ,False,True,1777807477,1777807477,True,False,False,0,0,0.5,0,a7ab96da1c14f8d0bd3642cbf2f02605380b3c12179ab8a1037805cd10d763b4,0,2,14376,2565,13956,1778072439,2026-05-08T06:10:16+00:00
578080,PUBG: BATTLEGROUNDS,224668328,koreana,굿굿,False,True,1777806049,1777806049,True,False,False,0,0,0.5,0,504a3469bcb3d4f95033ec98388ab9b748480f9a40cc01941f56db1d31bd7734,0,1,171,160,11,1777978872,2026-05-08T06:10:16+00:00
578080,PUBG: BATTLEGROUNDS,224667750,koreana,어렵지만 재맜어요 처음이라서 연습이 필요할 것 같지만요..! 하다보면 잘 하게 되겠죠!!!!!,False,True,1777805445,1777805445,True,False,False,0,0,0.5,0,9884fe09a8118d65718287d4aa9b297a656cfd99421eca4e49751a8722794c84,0,5,269,269,204,1777809771,2026-05-08T06:10:16+00:00
578080,PUBG: BATTLEGROUNDS,224664439,koreana,꿀잼,False,True,1777801855,1777801855,True,False,False,0,0,0.5,0,2b6c0d51a389d083a25916b64dffe9b2296cf0abf7d9e4bedf06ba59a2a11b20,0,1,3949,108,3843,1778067168,2026-05-08T06:10:16+00:00
578080,PUBG: BATTLEGROUNDS,224661850,koreana,재밌음,False,True,1777798775,1777798775,True,False,False,0,0,0.5,0,74ac8fd4e1df8677f558ab0097b22210d969923ac4f40a6df9fce62cc955c785,62,18,502,151,474,1778219802,2026-05-08T06:10:16+00:00
578080,PUBG: BATTLEGROUNDS,224660871,koreana,존잼,False,True,1777797715,1777797715,True,False,False,0,0,0.5,0,561476441486d8c3f2e452e4bd538af48eaf37112f42adf0345189751713f7c4,0,2,47403,959,46765,1777997152,2026-05-08T06:10:16+00:00
578080,PUBG: BATTLEGROUNDS,224660694,koreana,재밋다,False,True,1777797482,1777797482,True,False,False,0,0,0.5,0,c2611f8715b81f86575e1b1547d70f4f2c5560f7c78655c97b46f5cdd6f8dd82,0,1,3813,682,3607,1778110146,2026-05-08T06:10:16+00:00
578080,PUBG: BATTLEGROUNDS,224659640,koreana,너무 재밌고 친구들이랑 하기 좋은 게임 하하하ㅏㅏ하핳,False,True,1777796228,1777796228,True,False,False,0,0,0.5,0,0afa601bfd17979385d914d79f1e81adba222d192d086c80444da4d089eac81e,0,2,22981,636,22570,1778187050,2026-05-08T06:10:16+00:00
578080,PUBG: BATTLEGROUNDS,224658261,koreana,하지마,False,False,1777794610,1777794610,True,False,False,0,0,0.5,0,6826194b1cc43a6d7288e89e17b8f6a514a646aea887d3f85fb194cae62830aa,0,1,441,441,235,1777969469,2026-05-08T06:10:16+00:00
578080,PUBG: BATTLEGROUNDS,224657520,koreana,nc,False,True,1777793709,1777793709,True,False,False,0,0,0.5,0,e01e92ddac55e1b8f2f8f200fd350e6b65a1f011a3acd7e481c44e2ee89a89f5,0,1,901,148,788,1777810419,2026-05-08T06:10:16+00:00
578080,PUBG: BATTLEGROUNDS,224656749,koreana,똥겜의 정석입니다,False,True,1777792741,1777792741,True,False,False,0,0,0.5,0,5a64897719fe7576fb99576485c59d2e5f6b8427c36d82c5f2fbd55e87dfe10a,0,2,6325,1131,5987,1778068849,2026-05-08T06:10:16+00:00
578080,PUBG: BATTLEGROUNDS,224656188,koreana,장점만 신명나게 많아요,False,True,1777792075,1777792075,True,False,False,0,0,0.5,0,6d9ed2f082367200cbfb71aab25594d3424e10049afdc1faf89b3f1a0dc724d9,0,1,29484,1989,28832,1778151684,2026-05-08T06:10:16+00:00
578080,PUBG: BATTLEGROUNDS,224655268,koreana,.,False,True,1777790932,1777790932,True,False,False,0,0,0.5,0,213e97966a7e5e6b3a28ff61dd21d78c55ebc67e98b01daf42f0ffb5ddf92efe,0,3,9943,549,9526,1777816207,2026-05-08T06:10:16+00:00
578080,PUBG: BATTLEGROUNDS,224654690,koreana,bmnbbkj,False,True,1777790211,1777790211,True,False,False,0,0,0.5,0,012dbefdde836a61c211b941c2656a2eb86d5b8f3a25a816dc17ead79ffbcede,0,1,2068,199,1870,1777984925,2026-05-08T06:10:16+00:00
578080,PUBG: BATTLEGROUNDS,224652937,koreana,재밌음,False,True,1777787936,1777787936,True,False,False,0,0,0.5,0,1357886a3462e48610dd4695145b923a709c6ea6ed2d00b5c12b26d5f4fe7ea2,0,2,1618,497,1368,1778157813,2026-05-08T06:10:16+00:00
578080,PUBG: BATTLEGROUNDS,224650961,koreana,정신이상한사람 안만나면 재밌어용,False,True,1777785323,1777785323,True,False,False,0,0,0.5,0,5f392a0c53492e82ef74a4c7f98f45641cf96b03964801352f38de93ab4c5604,0,1,12720,4328,11136,1778150253,2026-05-08T06:10:16+00:00
578080,PUBG: BATTLEGROUNDS,224650751,koreana,핵만 없다면 최고의 게임!,False,True,1777785032,1777785032,True,False,False,0,0,0.5,0,d79f199c8bfdf9930f9182faca77efd55ff08fca5ea13a8342d1e4655ab506c2,0,1,182690,1141,182685,1777786039,2026-05-08T06:10:16+00:00
578080,PUBG: BATTLEGROUNDS,224650408,koreana,좋어ㅏ요,False,True,1777784558,1777784558,True,False,False,0,0,0.5,0,4a2dccf79096933b08108e2d342a688fc5c39870d38c4d3d4c9ad229db8ab7e4,0,1,14184,629,13987,1777796142,2026-05-08T06:10:16+00:00
578080,PUBG: BATTLEGROUNDS,224650157,koreana,재밌노,False,True,1777784229,1777784229,True,False,False,0,0,0.5,0,dc8f55e3cf06f9bb431b6046a0c0ba4ec683bbb713e1c3111f70de839e7187b3,0,1,411,24,386,1777785623,2026-05-08T06:10:16+00:00
578080,PUBG: BATTLEGROUNDS,224647735,koreana,인기가 많은데에는 이유가있다,False,True,1777781062,1777781062,True,False,False,0,0,0.5,0,125e29e686b055f90a4a87c2050059465471ea416cae6541fb5b6b137ac61968,0,3,416,63,366,1777784047,2026-05-08T06:10:16+00:00
578080,PUBG: BATTLEGROUNDS,224647344,koreana,ttttttttttttttttttttttttttttttttttt,False,True,1777780551,1777780551,True,False,False,0,0,0.5,0,7a3d5fb58dcefa1922afc928326406f98a34d93907714523b9c7f727687c9676,0,1,9299,112,9246,1777969889,2026-05-08T06:10:16+00:00
578080,PUBG: BATTLEGROUNDS,224645665,koreana,"fgdfgdgdfgdfr
",False,True,1777778393,1777778393,True,False,False,0,0,0.5,0,146821cf253c59e6fc38fca3563642461965935d4648f4ea314b2ff0553a89b4,0,1,1969,31,1937,1777780135,2026-05-08T06:10:16+00:00
578080,PUBG: BATTLEGROUNDS,224642606,koreana,재밌다. 근데 경쟁 유료는 아쉽 난 삼,False,True,1777774712,1777774712,True,False,False,0,0,0.5,0,86bf38ca888aa5392a5b4745fd9119b078d0ea79ad79f0b2de8843a40a181049,0,1,705,642,621,1777987161,2026-05-08T06:10:16+00:00
578080,PUBG: BATTLEGROUNDS,224611332,koreana,걍개재밋음 에스파 기간 좀 늘려줏요,False,True,1777744104,1777744104,True,False,False,0,0,0.5,0,f3c31acab1d822372e09135480beaa2bb6c1c51f57c3b072515f274a2d65e2c2,0,1,2230,875,2101,1777824686,2026-05-08T06:10:16+00:00
578080,PUBG: BATTLEGROUNDS,224607054,koreana,4시간 했는데 재밌는거같아요,False,True,1777740696,1777740696,True,False,False,0,0,0.5,0,f08f6c70971140223cc9a61a6964d79f09bc9ff49950e4c0711ae9d2abc3b1ce,0,1,266,3,262,1777741003,2026-05-08T06:10:16+00:00
578080,PUBG: BATTLEGROUNDS,224603586,koreana,"개추
",False,True,1777737928,1777737928,True,False,False,0,0,0.5,0,e793e025387f84c45ba6e99f1cbaf4f0b3bd29e67a39d924c8e92a1e6f7c01a7,0,2,8693,3003,8283,1777970301,2026-05-08T06:10:16+00:00
578080,PUBG: BATTLEGROUNDS,224601358,koreana,굿,False,True,1777736165,1777736165,True,False,False,0,0,0.5,0,3bb5de16b5ee85aa36ba5ab3873bf5ffbbe4bcac861a3526f8b408237740bb33,1,2,278,69,278,1777120411,2026-05-08T06:10:16+00:00
578080,PUBG: BATTLEGROUNDS,224599316,koreana,DDDDD,False,True,1777734520,1777734520,True,False,False,0,0,0.5,0,fb780f6f1115bb7a5bb20bf315c73ca170c27d7a86b3791ca0c1c44c5bea845a,0,1,4293,395,4139,1777977241,2026-05-08T06:10:16+00:00
578080,PUBG: BATTLEGROUNDS,224598773,koreana,좆지랄 하지마셈 병신같은 새끼들아 뭔 개같은짓을 하는거지;;; 좆까 니네 말로 ♥♥♥♥ you,False,True,1777734073,1777734073,True,False,False,0,0,0.5,0,0e84c4e64fddba7b6b8761640236f0963d3fb1050fa828dd2c3a877356b45124,1,1,6811,13,6806,1777958182,2026-05-08T06:10:16+00:00
578080,PUBG: BATTLEGROUNDS,224597770,koreana,굿,False,True,1777733281,1777733281,True,False,False,0,0,0.5,0,ea9a3b5711b0a13321ba9c2972b28cfeaf3902896d73506f0086e0ce9220240f,27,1,23696,2400,22605,1777891796,2026-05-08T06:10:16+00:00
578080,PUBG: BATTLEGROUNDS,224597712,koreana,조오오오오오오오오오오오오오오오오오온나 개애애애애애애애애애애 빡통겜이긴함,False,True,1777733231,1777733231,True,False,False,0,0,0.5,0,20084352e0c22ae9052789950666cd8196e9a7199cb6ec2794752746bc6fe984,4,2,1634,1416,714,1778161992,2026-05-08T06:10:16+00:00
578080,PUBG: BATTLEGROUNDS,224596384,koreana,;,False,True,1777732147,1777732147,True,False,False,0,0,0.5,0,a1e25dec535e4f3fc7fd6c7f7308206210616b9e5e10c7f2ab803d8fefe8d421,0,1,18049,1232,17360,1778167358,2026-05-08T06:10:16+00:00
578080,PUBG: BATTLEGROUNDS,224593714,koreana,"내가 진짜 본계정도 해킹당해서 정지당하고 ,,,,,, 복구도 불가해서 다신 안하리라 했는데
돌고돌아 배그인생 다시시작이네 ...........
배그만한 게임이 없어 정말 진짜 핵도많고 비매도많지만 할대마다 만족한다이",False,True,1777729863,1777729863,True,False,False,0,0,0.4761904776096344,0,df1a7e4554b709a3a34037b7b18219390673874389edbc08d6106c8e9c80bb7e,6,1,65914,1839,64963,1778142445,2026-05-08T06:10:16+00:00
578080,PUBG: BATTLEGROUNDS,224592568,koreana,맛있어요,False,True,1777728798,1777728798,True,False,False,0,0,0.5,0,b00a3b5f01f507a39e848e0bcc7ce07d299e79d9350ae127baff17a75aa2de48,0,1,6004,2788,5774,1778198720,2026-05-08T06:10:16+00:00
578080,PUBG: BATTLEGROUNDS,224591554,koreana,돈은 차량 스킨에만 쓰세요 성장형은 밀수품 쿠폰으로,False,True,1777727845,1777727845,True,False,False,0,0,0.5,0,3b50061c01175c2ffbb3aa9e32799fd182dc89e440895f3c6454efca56b2a4dc,0,1,63896,3021,63253,1777988671,2026-05-08T06:10:16+00:00
578080,PUBG: BATTLEGROUNDS,224591330,koreana,whggk tlqkfdk,False,True,1777727654,1777727654,True,False,False,0,0,0.5,0,f70124bcf4d98e0c0b1877b20a6da56dec976d0c601138833efad3e39c908895,0,1,66520,1858,65803,1778166061,2026-05-08T06:10:16+00:00
578080,PUBG: BATTLEGROUNDS,224589008,koreana,좋습니다,False,True,1777725398,1777725398,True,False,False,0,0,0.5,0,c73feecd6eab4f33df45ada786a5a434b14487a5c02a997c1f7c26afb7255203,0,1,556,208,347,1777737879,2026-05-08T06:10:16+00:00
578080,PUBG: BATTLEGROUNDS,224588796,koreana,W,False,False,1777725191,1777725191,True,False,False,0,0,0.5,0,7170a6d872dfd1a1cfe4229e39afa7410c19cd3d1e8bd4c26a9643dff071a9b0,0,2,178596,1061,177930,1777912367,2026-05-08T06:10:16+00:00
578080,PUBG: BATTLEGROUNDS,224586687,koreana,사녹 그만 막아라,False,False,1777723101,1777723101,True,False,False,0,0,0.5,0,1ca00c03c155e88f099eeda465f0dee030bc29e8b2434151a921fb0f0d06be66,0,3,7480,2643,6384,1778075677,2026-05-08T06:10:16+00:00
578080,PUBG: BATTLEGROUNDS,224583848,koreana,느금마,False,True,1777720104,1777720104,True,False,False,1,0,0.523809552192688,0,17b7048022a0c5268926432f788a127889c80929bf1bf52656812660d47bd07c,0,2,690,379,640,1777771455,2026-05-08T06:10:16+00:00
578080,PUBG: BATTLEGROUNDS,224583796,koreana,"유저 적대적 패치 
지속된 smg 시대 
핵
뭐 하나라도 좀 해보자",False,False,1777720048,1777720048,True,False,False,0,0,0.5,0,1778e81d0c7be46b80d9c9061d26bb9a67c7a26ebc9dd2ccfda5e19823da3161,17,1,90007,294,89958,1777722932,2026-05-08T06:10:16+00:00
578080,PUBG: BATTLEGROUNDS,224581760,koreana,"이제 사람 다 빠져나가서 존버충,고인물밖에 안남아서 재미가 없어요",False,False,1777717700,1777717700,True,False,False,0,0,0.5,0,b462435e6b35105d908ff82fb187481a23d71b289232f6b888d4f3f371e9de8b,0,3,3475,544,3378,1778152047,2026-05-08T06:10:16+00:00
578080,PUBG: BATTLEGROUNDS,224581752,koreana,해킹하지마라부끄러운줄알아야지,False,True,1777717686,1777717686,True,False,False,0,0,0.5,0,f54873817d85d346cfcafd7619c46f7a05c34e4e491572e2426b8d7399e5ae21,1,1,559,36,522,1777719962,2026-05-08T06:10:16+00:00
578080,PUBG: BATTLEGROUNDS,224581433,koreana,롤과 함께 계속 달릴 게임,False,True,1777717324,1777717324,True,False,False,0,0,0.5,0,f73b2e71e6237a00aabbdd29f17363674de265f99289934fbdf1b5a2d75df492,0,2,19109,1942,17811,1778219487,2026-05-08T06:10:16+00:00
578080,PUBG: BATTLEGROUNDS,224580022,koreana,fffddgrege,False,True,1777715695,1777715695,True,False,False,0,0,0.5,0,7d3d52ba16e2955ea156958bb0f8a150b3138d71b0e960b4ae25e5ae90df3ce0,0,1,43747,42,43735,1777716382,2026-05-08T06:10:16+00:00
578080,PUBG: BATTLEGROUNDS,224579607,koreana,굳,False,True,1777715206,1777715206,True,False,False,0,0,0.5,0,f04ef072808b05d2e10791364b032baff105572765d02e68de0254e28fa95c0b,0,1,10886,726,10461,1778049592,2026-05-08T06:10:16+00:00
578080,PUBG: BATTLEGROUNDS,224577890,koreana,rr,False,True,1777713350,1777713350,True,False,False,0,0,0.5,0,1ddc70959202b9fd460bb78a934d53e3986f189f7d290d1da849964883d569f6,0,1,16023,2514,14767,1778177217,2026-05-08T06:10:16+00:00
578080,PUBG: BATTLEGROUNDS,224576824,koreana,낡은게임. 그래도 어릴떄 재밌게 했으니까 뭐...,False,True,1777712110,1777712110,True,False,False,0,0,0.5,0,de66ddd8b364b60a32eae2ce11d5111fa37e3d945cb1a54b2e2e0e8341fc903f,74,50,24121,0,24121,1771591868,2026-05-08T06:10:16+00:00
578080,PUBG: BATTLEGROUNDS,224576684,koreana,good,False,True,1777711947,1777711947,True,False,False,0,0,0.5,0,30bc88f26dbf573c0888ff9663a6bd00fb8028f6c2e0b7583f4591e1a346114d,0,1,2679,2475,1320,1778186032,2026-05-08T06:10:16+00:00
578080,PUBG: BATTLEGROUNDS,224576367,koreana,"공포게임중 단연 1등입니다
",False,True,1777711602,1777711602,True,False,False,0,0,0.5,0,feafe476e6531574fde18988588defd22a52a61389293557d5be883ea3c4fb9c,0,1,2730,783,2170,1777980638,2026-05-08T06:10:16+00:00
578080,PUBG: BATTLEGROUNDS,224575539,koreana,rrrrrrrrrrrrrrrrrrrrrrrrrrrrrrrrrrrrrrr,False,True,1777710577,1777710577,True,False,False,0,0,0.5,0,1b48989d4bf61209f95d991d136aa8ffb5d6d7b0977cc4d39e3d70a22dc26415,0,2,6130,995,5528,1777971828,2026-05-08T06:10:16+00:00
578080,PUBG: BATTLEGROUNDS,224574972,koreana,"ㄹㅇ21년도 부터 했는데 ㄹㅇ 개 갓겜
",False,True,1777709893,1777709893,True,False,False,0,0,0.5,0,d131bd09787598c322fe3b163df1e36ac80133c913227616bf340beb4e3de597,0,1,32765,469,32617,1778219147,2026-05-08T06:10:16+00:00
578080,PUBG: BATTLEGROUNDS,224574257,koreana,정말 재밌소이다 이 게임을 저는 ㅜ천합니다 다시 돌아오지 않을 배그를 위해 노력하니다 사랑해여,False,True,1777709015,1777709015,True,False,False,0,0,0.5,0,528b1f5a6633a6c35b265a849bc277d9a57bc02dc93ad5dc621d2eabc7e40013,0,1,3423,29,3393,1777710687,2026-05-08T06:10:16+00:00
578080,PUBG: BATTLEGROUNDS,224572346,koreana,재밌습니다.,False,True,1777706618,1777706618,True,False,False,0,0,0.5,0,bdacf50c41341de3f3c8c8809f3a710f2cf36f866237265f8e185defe62b65e7,0,1,50460,1985,49367,1777979331,2026-05-08T06:10:16+00:00
578080,PUBG: BATTLEGROUNDS,224571930,koreana,너무 재밌어요,False,True,1777706073,1777706073,True,False,False,0,0,0.5,0,4c30389d7f9baf732506889f5e17e86c9c8bfc3840a0c7406c67a4394997cadc,0,1,11231,2234,10851,1778149776,2026-05-08T06:10:16+00:00
578080,PUBG: BATTLEGROUNDS,224571449,koreana,"굳
",False,True,1777705418,1777705418,True,False,False,0,0,0.5,0,d031231246002bd36257ee7740a8bb2126f1a777415ecd5e4794334491e79e49,0,1,4413,2144,3400,1778143677,2026-05-08T06:10:16+00:00
578080,PUBG: BATTLEGROUNDS,224571336,koreana,woaltek,False,True,1777705295,1777705295,True,False,False,0,0,0.5,0,0b5844e013e8349745c8bffc26cefb7322cdc5e4283ccb45ca86d23d1bbc953e,0,1,3800,537,3530,1778218635,2026-05-08T06:10:16+00:00
578080,PUBG: BATTLEGROUNDS,224567736,koreana,짱,False,True,1777700463,1777700463,True,False,False,0,0,0.5,0,d7600998ffbdc59d6b465dc781405a2a63e291b860fdbc4920918a20468ecadc,0,1,487,366,400,1777705597,2026-05-08T06:10:16+00:00
578080,PUBG: BATTLEGROUNDS,224566202,koreana,"좋다
",False,True,1777698476,1777698476,True,False,False,0,0,0.5,0,3239bcc95548ace9c60ba65e17db4cdd88b8b061a9df098b96e8d6c91da3996d,0,1,3481,1126,3031,1777974262,2026-05-08T06:10:16+00:00
578080,PUBG: BATTLEGROUNDS,224566159,koreana,B,False,True,1777698419,1777698419,True,False,False,0,0,0.5,0,1562858133cd178faa7a73d6e4d71903ab608611e91bf69c48240cd21ee2e147,0,3,806,137,668,1777707155,2026-05-08T06:10:16+00:00
578080,PUBG: BATTLEGROUNDS,224564693,koreana,/,False,True,1777696538,1777715988,True,False,False,0,0,0.5,0,f173aa96aad997457ad1aeba3130438bcbfca3c24ccfdf43a2fd4800c5052e82,0,1,5425,1318,4770,1778071954,2026-05-08T06:10:16+00:00
578080,PUBG: BATTLEGROUNDS,224563915,koreana,good game,False,True,1777695516,1777695516,True,False,False,0,0,0.5,0,165c138943a78ba5cf80d9837d0098ab09bdb48d4a575b1e9d336f894b8d0cf5,0,9,1039,69,970,1777699610,2026-05-08T06:10:16+00:00
578080,PUBG: BATTLEGROUNDS,224563011,koreana,너무재밌어서죽어버림ㅅㄱ,False,True,1777694354,1777694354,True,False,False,0,0,0.5,0,88a08667984c6dc882e0a59bf14d577c7ad65c4c3ff2a5569273563912e3f2a5,0,2,54619,2568,53551,1778156064,2026-05-08T06:10:16+00:00
578080,PUBG: BATTLEGROUNDS,224562304,koreana,100시간이라는 적지 않은 시간했지만 여전히 못하고 적응이 안되지만 재밌는 게임,False,True,1777693461,1777693461,True,False,False,0,0,0.5,0,d723149aaaf0b0414237fc437269521b429f16681a16f68e00bf559f8257300d,35,28,10197,120,10076,1777990188,2026-05-08T06:10:16+00:00
578080,PUBG: BATTLEGROUNDS,224558746,koreana,good,False,True,1777689095,1777689095,True,False,False,0,0,0.5,0,8068c40bb82e60b08a961e0198f2970c79ec8afdd1df20ac184f05860f1f3afc,0,1,886,616,524,1777884349,2026-05-08T06:10:16+00:00
578080,PUBG: BATTLEGROUNDS,224553382,koreana,재밌다,False,True,1777682803,1777682803,True,False,False,0,0,0.5,0,bffe7df0963b19ef8f017e3a3eff4338df50a4287e68949b0f2bd048d10515d1,0,1,8505,330,8253,1778158941,2026-05-08T06:10:16+00:00
578080,PUBG: BATTLEGROUNDS,224552651,koreana,"굿
",False,True,1777681928,1777681928,True,False,False,0,0,0.5,0,02bc450b938e1f12e74b52e5ceca20fcf7b1b0b0fc02b6e57a667066ffa91f3c,0,1,20600,804,20512,1778156014,2026-05-08T06:10:16+00:00
578080,PUBG: BATTLEGROUNDS,224545077,koreana,살육의 맛,False,True,1777673542,1777673542,True,False,False,0,0,0.5,0,afbfa42a0e5fa9d99c3350cc7d1607f04ef867e5136c6e97bb6bfa6f4236fcfd,0,2,8133,1479,7114,1777991164,2026-05-08T06:10:16+00:00
578080,PUBG: BATTLEGROUNDS,224530526,koreana,"진짜 너무 사랑합니다, 배그 
배그여 영원하라",False,True,1777660767,1777660767,True,False,False,0,0,0.5,0,ec04e44ed471e2eccf3bc218518a82bc8b3736e15d9f35c9e54a6b52aa31d093,0,3,4174,1176,3463,1778051750,2026-05-08T06:10:16+00:00
578080,PUBG: BATTLEGROUNDS,224527065,koreana,"진짜 개꿀잼
",False,True,1777657906,1777657906,True,False,False,0,0,0.5,0,028ab6ecb06854897e28e1483b21f6cde89450126a1eabef57bc871c442d73af,0,3,1933,97,1836,1777902875,2026-05-08T06:10:16+00:00
578080,PUBG: BATTLEGROUNDS,224523110,koreana,얼마나좋아,False,True,1777654732,1777654732,True,False,False,0,0,0.5,0,b9dc4325c3b06e45ca89e5cd92fba828def16aaea10dd3791b7bd07cb9a52c48,0,2,19442,193,19352,1777663201,2026-05-08T06:10:16+00:00
578080,PUBG: BATTLEGROUNDS,224518298,koreana,rnt,False,True,1777650768,1777650768,True,False,False,0,0,0.5,0,835a5ab939c62669fed43df4dca1779a0dbcc8ff8ce34f6a1bc66dd13738cceb,0,1,11794,1770,11151,1778182707,2026-05-08T06:10:16+00:00
578080,PUBG: BATTLEGROUNDS,224517502,koreana,yarr,False,True,1777650101,1777650101,True,False,False,0,0,0.5,0,f41653d9cb56eeff4834e7e2e865d89857c96728c9f206efdd30e6e3d647b30c,0,3,16334,485,15857,1777921247,2026-05-08T06:10:16+00:00
730,Counter-Strike 2,224953529,koreana,wow,False,True,1778151753,1778151753,True,False,False,0,0,0.5,0,013e347cd658bb0e0fba157895f18f09f3f13419367bcfe18b2bbebefd83149c,0,1,1100,345,1045,1778156110,2026-05-08T06:10:17+00:00
730,Counter-Strike 2,224921895,koreana,핵만 없으면 미친게임,False,True,1778103373,1778129957,True,False,False,0,0,0.5,0,ad1c0c66b4e56ccddc7f54458d536a3d6b3ddd64adb98729d3836a1b1b47edf2,6,2,6154,3856,5974,1778163775,2026-05-08T06:10:17+00:00
730,Counter-Strike 2,224921072,koreana,핵만 잘잡으면 완벽한 게임,False,True,1778102382,1778102382,True,False,False,0,0,0.5,0,5386bc2fc287442f2e4fc47ee1da9bf70292ba6b4c6de964d335bb9206a53626,42,5,55282,4850,55203,1778164201,2026-05-08T06:10:17+00:00
730,Counter-Strike 2,224917522,koreana,"카스 1.5 시절까지 하고 대회도 종종 나가다가 스팀 적용 되면서부터 무기스왑 ㅈ 같아서 접었던 유저인데.

나이 먹고 현생 살면서 옛날 생각에 다시 깔아서 잠깐 해봤는데 어느새 20시간 넘겼...

러시안,차이니즈 말고는 거의 만나기 힘들던데..아직 묵직한 손맛은 존재하는 게임.

(여전히 같은 벽인데 어디는 월샷 되고 어디는 안되고가 존재함. 이게 좀 병신 같은거 빼면 머...)",False,True,1778098380,1778098380,True,False,False,1,0,0.523809552192688,0,121fbe98be5eb5d3974511ac9824bee6346db0f730200e8353855385300ab4f9,0,2,1327,0,1327,1679284414,2026-05-08T06:10:17+00:00
730,Counter-Strike 2,224903621,koreana,제발 핵쟁이들좀 막아주세요,False,False,1778084443,1778084443,True,False,False,0,0,0.5,0,79cf19332c638128e3d95dc1a84348f531b3f19e7bdc430c6b2cae06fafdc194,45,2,41649,813,41351,1778174788,2026-05-08T06:10:17+00:00
730,Counter-Strike 2,224889292,koreana,그냥 개재미있는 게임임 한번 해보삼,False,True,1778069396,1778069396,True,False,False,0,0,0.5,0,06a0738503859fe4ec5f98dfd9da71390f86d8c4db90b3811bfc80052cb982e9,0,1,2870,491,2772,1778158024,2026-05-08T06:10:17+00:00
730,Counter-Strike 2,224888526,koreana,IT IS INDEED COOLEST GAME,False,True,1778068394,1778068394,True,False,False,0,0,0.5,0,e73ceef17b0e40373249ea2d85eeff37d6ba2cfd215cb00f295addb0f33c7ca8,0,1,23715,2081,23441,1778159573,2026-05-08T06:10:17+00:00
730,Counter-Strike 2,224878305,koreana,"그냥 그래
",False,True,1778051099,1778051099,True,False,False,0,0,0.5,0,db3578b6cf9d4ba4db1a365d2aaab724db069e8048170e2d0bded690654df27a,84,4,2155,237,2155,1777905860,2026-05-08T06:10:17+00:00
730,Counter-Strike 2,224866560,koreana,report cheat player pls,False,True,1778031583,1778031583,True,False,False,0,0,0.5,0,0be704e310532d61691e6c66cb004d519ff663f29f5d873c5ff1b5b994853c59,4,1,11000,2151,10565,1778219030,2026-05-08T06:10:17+00:00
730,Counter-Strike 2,224827857,koreana,발로란트하다가 카스 오니까 근본이 느껴지면서 재밌네요,False,True,1777990014,1777990014,True,False,False,0,0,0.5,0,ccf13203f2965d18b84bccb9c9d4fb8cedbe30bff5b3c4c0699bf520b66d5994,0,1,1148,426,1057,1778152581,2026-05-08T06:10:17+00:00
730,Counter-Strike 2,224826912,koreana,"vac anti-cheat means valve allowed cheat 
this game is ♥♥♥♥♥♥♥ ♥♥♥♥♥♥♥♥ just broken",False,False,1777988992,1777988992,True,False,False,1,0,0.5070422291755676,0,e900db30e9998ba182f4bdedbae180a24c6ddb53f86a1f04290da355cab20f3f,2,1,38366,1153,38014,1778167926,2026-05-08T06:10:17+00:00
730,Counter-Strike 2,224812776,koreana,잼씀,False,True,1777969379,1777969379,True,False,False,1,0,0.5081967115402222,0,8c037ee192e2d2f21fb678e4380eb68ab1c21d77f1cf096ad4cc5091a2d29fd3,0,1,21386,1073,21361,1778161557,2026-05-08T06:10:17+00:00
730,Counter-Strike 2,224811973,koreana,"아니 어떻게 연습모드를하는데 AI들이 등에 산데비스탄을 단것인지 내가 발소리를 죽여도 이미 알고있다는듯 뒤돌아 내 머갈통에 3개의구멍이생기고 뒤졌다 나:담라 ㄱㄱ 그래서 다음라운드엔 M4A4를들었는데 이번엔 더 똑똑해져서 데스매치인데 서로 죽이지 않고 3면인가 4명이 날 게속 죽였다 처음엔 아,그럴수도 있지~였지만 게속 죽어보다가 의심스러웠다 나:뭐지 깡통쉑이들 서로 짜는건가? 그리고 다음라운드에선 나 빼고 모두 팀을결성해 나는 벌집핏자를 3번 당하고 AIt F4FMF 4번 연타하고 샷건을 5번치고 다시 생각에 잠겼다 나:도대체 밸브는 AI에게 핵을 심어뒀던거였나????? 싶었다",False,False,1777968073,1777968073,True,False,False,0,0,0.5,0,2616b0f7449b647992915e16c3b1e2e143ef22530f4cecee7f5bd97652da7925,0,4,290,102,251,1778051800,2026-05-08T06:10:17+00:00
730,Counter-Strike 2,224802720,koreana,𝐓𝐢𝐦𝐞𝐥𝐞𝐬𝐬,False,True,1777952390,1777952465,True,False,False,0,0,0.5,0,9b7143668793182d3627fd3419bcf839a8dc725f819d4fd406b0e92db96a7d4d,12,2,714,714,336,1778160077,2026-05-08T06:10:17+00:00
730,Counter-Strike 2,224785651,koreana,"더스트 봤게 않뜨는 줫 같은 게임은 항상 그립고도 그립네
이탈리아 주크박스 돌려줘",False,True,1777929222,1777929222,True,False,False,0,0,0.5,0,9e5cbc08b8ae52ca51586cd922c53a030457f292a8cb84b3f78ed3c8bfd3c680,0,2,5338,1166,5185,1778152623,2026-05-08T06:10:17+00:00
730,Counter-Strike 2,224772174,koreana,족같은게임 핵도안잡고 방치하는 씹쓰레기 게임 하지만..나는 이게임을 할수밖에없다,False,False,1777915759,1777915759,True,False,False,1,0,0.5070422291755676,0,27ae2b077def4a874e1d5d417f1fcf8fa6fd928a4ac005bb8f01a6599dc3a928,1,1,8306,5193,7191,1778172580,2026-05-08T06:10:17+00:00
730,Counter-Strike 2,224753951,koreana,good,False,True,1777898743,1777898743,True,False,False,0,0,0.5,0,83346da2d844b27a496980c6b495b5f7d922aa0daeef4b9374cf5f55cdb20c77,0,1,4002,3160,3076,1778176227,2026-05-08T06:10:17+00:00
730,Counter-Strike 2,224752916,koreana,"AA
",False,True,1777897574,1777897574,True,False,False,0,0,0.5,0,e00b4bc6cc4124378850e82f8a1b738dd87149c23031127a98e86c5e4f5eb0d9,0,1,9965,3757,9052,1778153824,2026-05-08T06:10:17+00:00
730,Counter-Strike 2,224746451,koreana,"재밌다 헤헤
",False,True,1777889265,1777889265,True,False,False,0,0,0.5,0,b8d6e441911cd6d147f8361aa571d7cc4e1da6758df2e322b5997a6ec415a76c,0,1,794,0,794,1768560702,2026-05-08T06:10:17+00:00
730,Counter-Strike 2,224738228,koreana,ㅗ,False,False,1777876093,1777876093,True,False,False,0,0,0.5,0,fff651a3e1750243835ba933395ac911b99bdfdc85b0f3cf9bcbdcd9457a462f,35,3,8734,493,8473,1778160049,2026-05-08T06:10:17+00:00
730,Counter-Strike 2,224735983,koreana,짱개 많음,False,True,1777872252,1777872252,True,False,False,0,0,0.5,0,439b095b853de089bf2ec5f5338cd5443cb73c5133e1700ca85ce621dbcb2ebf,0,2,7996,38,7996,1777609696,2026-05-08T06:10:17+00:00
730,Counter-Strike 2,224697029,koreana,핵 개많음,False,False,1777829720,1777829720,True,False,False,0,0,0.5,0,074939b28546d20a8b96dcfa47521f9846f6f737ac216ca8da4adaa6c44d393b,10,2,3809,2356,2911,1778174769,2026-05-08T06:10:17+00:00
730,Counter-Strike 2,224681812,koreana,재밌어요!,False,True,1777818481,1777818481,True,False,False,0,0,0.5,0,609ab9eb68b1c5adc8f231cc48c341321c94687c43750fcc12ddcc52ea911fa4,11,1,400386,2261,400005,1777987362,2026-05-08T06:10:17+00:00
730,Counter-Strike 2,224676534,koreana,서버 핑 터지는 것 좀 고쳐라 여태 번 돈 어디다가 쓰는거여 서버가 아주 그냥 ㅈㄹ을 하네,False,False,1777814052,1777814052,True,False,False,1,0,0.52173912525177,0,94ae0b8846f4915705cc01441dfacdff87980bd03197a5f5dc2a83da2831acab,0,5,6263,211,6144,1778172043,2026-05-08T06:10:17+00:00
730,Counter-Strike 2,224675137,koreana,rr,False,True,1777812775,1777812775,True,False,False,0,0,0.5,0,739276828df03c61674b4421d8a5ea6c95fea65fe4655296c7beab82c590e826,0,2,941,44,896,1777884059,2026-05-08T06:10:17+00:00
730,Counter-Strike 2,224664942,koreana,Где Мётвая мать Габена? а то Не регает,False,True,1777802393,1777802393,True,False,False,0,0,0.5,0,a3a3b2d099858237ab1e501a71e0608afae51aef1018e24198f6cd113be958c1,0,2,2426,1288,1742,1778179075,2026-05-08T06:10:17+00:00
730,Counter-Strike 2,224655469,koreana,낫베드,False,True,1777791206,1777791206,True,False,False,0,0,0.5,0,8f82f6e31c63a14924677ffcb6155749878924c9eeda99a4f3063aada4ccc472,0,1,595,94,514,1777882543,2026-05-08T06:10:17+00:00
730,Counter-Strike 2,224610323,koreana,맨날 운지해야함,False,False,1777743279,1777743279,True,False,False,0,0,0.5,0,5ab0df013ec1e2d0b345857876abc59de61e840f717959040f8c7d1d6d987784,0,1,560,175,384,1777794169,2026-05-08T06:10:17+00:00
730,Counter-Strike 2,224597040,koreana,개털려도 재밌어요,False,True,1777732682,1777732682,True,False,False,0,0,0.5,0,9b5d9d202ba605b720ca839b1eba854df3a70e8046af2f1903783e19eee016c1,96,6,4438,1584,3688,1778161813,2026-05-08T06:10:17+00:00
730,Counter-Strike 2,224571167,koreana,즐겁다,False,True,1777705074,1777705074,True,False,False,0,0,0.5,0,f4b03e4881e067dda4ad3d0a5e6b637720073fe8a31494c8c6e1d7118a9ec64b,4,4,3617,303,3603,1777707126,2026-05-08T06:10:17+00:00
730,Counter-Strike 2,224556146,koreana,The game has been consistently improving but the cheater infestation makes it unnoticable and makes the game experience excruciatingly disgusting for casual players like me. Please fix your cheater infested game and i might consider giving a like to the game,False,False,1777686116,1777686116,True,False,False,2,0,0.5302013158798218,0,d12dbaa4e54219e08fe4456e151ecd27af814630ef42a77d5087464df8a318d9,1,1,62008,851,61372,1777992877,2026-05-08T06:10:17+00:00
730,Counter-Strike 2,224531043,koreana,"카스 너무 좋아요.
진짜 무료인데 FPS중에서 완전 최고 게임인 그런 게임
그냥 말할거 없고 그냥 갓겜 발로란트 원조",False,True,1777661185,1777661185,True,False,False,0,0,0.4761904776096344,0,ec04e44ed471e2eccf3bc218518a82bc8b3736e15d9f35c9e54a6b52aa31d093,0,3,1700,348,1581,1777986590,2026-05-08T06:10:17+00:00
730,Counter-Strike 2,224516408,koreana,스팀계정 날라가고도 또 또 또또또또 기여코 깔아서 맨날 하는게임 이젠 정들었는데 카스글옵 못하면 차라리 운하나 코블스톤이라도 내줘라 어디갔냐 내 최애맵,False,True,1777649195,1777649195,True,False,False,0,0,0.5,0,cbec8a1f362d9f8b545c02766cf209aa7022c263f44bf56d8cea1b7708466b3e,0,5,3707,528,3347,1777974611,2026-05-08T06:10:17+00:00
730,Counter-Strike 2,224511010,koreana,gae jot gat eun game no mu hyeon,False,False,1777644732,1777644732,True,False,False,0,0,0.4761904776096344,0,9846d2660dd1ce1f2c7b29cef063333c1a53268d64917ebb10b1781f0d5d4e05,5,1,1919,1362,1751,1777901862,2026-05-08T06:10:17+00:00
730,Counter-Strike 2,224500756,koreana,"goodto
",False,True,1777635079,1777635079,True,False,False,0,0,0.5,0,5d07fd0dba40d8bdc24f217db5095594833e17991d54f67a5294b83193f031fd,2,1,546,34,512,1777800771,2026-05-08T06:10:17+00:00
730,Counter-Strike 2,224493081,koreana,재밌음. 근데 용량이 큼,False,True,1777626502,1777626502,True,False,False,0,0,0.5,0,963b759d9d0fef31e5bbc5ba3cecde12dc344d3fce5a31d6058bb1001a32e24d,4,1,420,32,388,1777683122,2026-05-08T06:10:17+00:00
730,Counter-Strike 2,224483072,koreana,d,False,True,1777613203,1777613203,True,False,False,0,0,0.5,0,33963dffe4ce758c4d17ebaaa7cebd64438ae842c55fdf9f3b6eae064f023854,0,1,216,6,210,1777613578,2026-05-08T06:10:17+00:00
730,Counter-Strike 2,224482014,koreana,WOALTDJDY RKDCN,False,True,1777611694,1777611694,True,False,False,0,0,0.5,0,6ca6202b4433178d41742d877029d3c6ccb5a1b19e93d2b2d0cab119c89de7cf,0,1,260,32,227,1777711200,2026-05-08T06:10:17+00:00
730,Counter-Strike 2,224471305,koreana,5000 -> 160,False,False,1777597804,1777626104,True,False,False,0,0,0.5,0,f0523c4f2c8d21689232962a6d962444443ce5d2fc46a357339c3dab31abbfa7,0,1,4707,3246,2917,1778218550,2026-05-08T06:10:17+00:00
730,Counter-Strike 2,224468208,koreana,.,False,True,1777593944,1777593944,True,False,False,0,0,0.5,0,8bd88456f5feb100ac17eb500d293273ef6e99b3e475365f0587e3e71eed97a8,0,1,555,111,502,1777597120,2026-05-08T06:10:17+00:00
730,Counter-Strike 2,224457408,koreana,good,False,True,1777582580,1777582580,True,False,False,0,0,0.5,0,dd9233dfedc51c8dafdaac82ae6b5acc65626e8cdb082a992d604f8e19b83311,0,1,936,712,630,1778079708,2026-05-08T06:10:17+00:00
730,Counter-Strike 2,224445043,koreana,"섹스보다 더 좋아, 단 7분이면 돼",False,True,1777572047,1777572047,True,False,False,2,1,0.5634920597076416,0,270f76213306895f15d166f4f8585c2bc2e008da4ee32c94b12c5399b3ec99f5,0,1,8455,1787,6732,1778197912,2026-05-08T06:10:17+00:00
730,Counter-Strike 2,224413912,koreana,good,False,True,1777540096,1777540236,True,False,False,0,0,0.5,0,88e469d179f6223b9e161f68e8314318c6781da78ece7d19564b5244077c65ad,0,1,40159,5634,37489,1778220077,2026-05-08T06:10:17+00:00
730,Counter-Strike 2,224409946,koreana,WERFTYUI,False,True,1777533652,1777533652,True,False,False,0,0,0.5,0,a80b21fcfcd172410757d0519590ca3a06a5801584b747f56bec2cd2ba3c53a4,0,1,1117,222,1091,1777638884,2026-05-08T06:10:17+00:00
730,Counter-Strike 2,224406365,koreana,좆국인 작업장만 없으면 훨 낫겠다 ㅅㅂ,False,True,1777527426,1777527426,True,False,False,0,0,0.5,0,6f4a855e8b3af426c20811ec58a4f858b31a90bd822e6402d5d3cae96e77d120,12,4,18961,123,18936,1778146864,2026-05-08T06:10:17+00:00
730,Counter-Strike 2,224380972,koreana,,True,True,1777493664,1777493664,True,False,False,0,0,0.5,0,94d37ceccc20c68127196d986132f52810cfc5a6eb51334fb2fdf6a563f39819,0,4,1011,115,896,1777539474,2026-05-08T06:10:17+00:00
730,Counter-Strike 2,224363559,koreana,:),False,True,1777476889,1777476889,True,False,False,0,0,0.5,0,1475b7d7e5dc4613051061bed63e083167a78f4588164aef22144fab9aad42ef,1,1,13816,638,13387,1778039625,2026-05-08T06:10:17+00:00
730,Counter-Strike 2,224362684,koreana,aimware skeet memesense fatality iniuria nixware lethality neverlose,False,False,1777476027,1777476027,True,False,False,0,0,0.5,0,ca7ad4e08e801d3701a17da41815f229bf1b04ca6bb77a6e56e136b09ec6f97f,0,1,3460,435,3064,1777618892,2026-05-08T06:10:17+00:00
730,Counter-Strike 2,224342380,koreana,ㄱ같은 신고 시스템 때문에 강제로  팀원들이 겁나 못하거나 아예 할줄모르는 사람들만 나왔음.,False,False,1777450540,1777450540,True,False,False,0,0,0.5,0,d037385db3e46095455f98e3f7968f453c61d6b0d0b42c9337c7669ecc9f54c5,0,1,4901,324,4576,1777897588,2026-05-08T06:10:17+00:00
730,Counter-Strike 2,224342097,koreana,ㄈンケム 乃レソムナ 尺凵ടΗ β,False,True,1777450103,1777659651,True,False,False,0,0,0.5,0,fe2ebda70d2229132072f61f58ebcbf4bd4fc908fcba83f8f95ea0fd6c871143,11,2,2251,284,2177,1778182539,2026-05-08T06:10:17+00:00
730,Counter-Strike 2,224329737,koreana,중국 작업장 좀 잡아라 이 시발새기들아,False,False,1777430820,1777430820,True,False,False,0,0,0.5,0,37884f5c40ca450b072dd8ea6bb89870a57365cf24d8a834fd87fc55ef6a9a20,0,2,27611,1031,26825,1778164674,2026-05-08T06:10:17+00:00
730,Counter-Strike 2,224323944,koreana,뭘 한게없는데 ㅅㅂ 추방당해 장난해? 그것도 2명에서 날 추방해? ㅋㅋㅋㅋㅋㅋㅋㅋㅋㅋ 한두번이아니야 ㅋㅋㅋ 경찰서 가고싶어?,False,False,1777423195,1777423195,True,False,False,0,0,0.5,0,e0bbf7e9a717e5b4ae404785d3ce7f42c07a501d18bec9fc3fcb3cecaa81ae90,343,27,5214,4152,3019,1778206382,2026-05-08T06:10:17+00:00
730,Counter-Strike 2,224320489,koreana,굿,False,True,1777418705,1777418705,True,False,False,0,0,0.5,0,e5f6115c7b6c98f52f34363bd9a60d6e28ff942822f3d014c97a2d5dfac64e85,0,10,7278,718,6957,1777855253,2026-05-08T06:10:17+00:00
730,Counter-Strike 2,224284721,koreana,긋,False,True,1777385496,1777385496,True,False,False,0,0,0.5,0,11cba58e43eeddbf34f89a0155b53071fe3b1c3455832f9cfb991dcf45ea62e5,6,1,54229,1200,53566,1778172053,2026-05-08T06:10:17+00:00
730,Counter-Strike 2,224283237,koreana,GOOD,False,True,1777384334,1777384334,True,False,False,0,0,0.5,0,9e870271774213502bfb006f05df350130234e7a248e87449d0c468b710856d4,0,1,871,493,638,1778153989,2026-05-08T06:10:17+00:00
730,Counter-Strike 2,224275697,koreana,핵쟁이 시@@@ㅂ놈들 바글바글하네 바퀴벌레 같은 놈들,False,True,1777377262,1777377262,True,False,False,1,0,0.5063291192054749,0,9d8730b851ca9b315966f26add38cf9ab87313ad7dab000f0db9958499739ced,4,3,12560,3361,9797,1778219143,2026-05-08T06:10:17+00:00
730,Counter-Strike 2,224272849,koreana,D,False,True,1777374416,1777374416,True,False,False,0,0,0.5,0,c0726a617cdcd34bb89278da843c11ec3f5659ec2251b01399831b8212997295,30,1,18495,5205,14859,1778177385,2026-05-08T06:10:17+00:00
730,Counter-Strike 2,224264573,koreana,"장점 : 외국인 친구 만들수있음
단점 : 외국어로 욕 먹음",False,True,1777361424,1777361424,True,False,False,0,0,0.5,0,0b90c8c3f513c08c50bdea8c23a5f63bfef47c047412b0dcdbccd43396236d80,77,9,13978,968,13062,1778220221,2026-05-08T06:10:17+00:00
730,Counter-Strike 2,224261357,koreana,asdasdsdasd,False,False,1777355158,1777355158,True,False,False,0,0,0.5,0,4285652499d6691345caf521faf823f568ddf89aee4a596d39aaf61274e12398,0,1,2408,0,2408,1774102618,2026-05-08T06:10:17+00:00
730,Counter-Strike 2,224206278,koreana,good,False,True,1777286249,1777286249,True,False,False,0,0,0.5,0,64910826f4f960cd1788fadf21edf527ef4ffedd7365f98a55b8564e52dc92f5,1,1,52278,3648,49806,1778157601,2026-05-08T06:10:17+00:00
730,Counter-Strike 2,224204278,koreana,재밌는데 따거형들이 너무 많은 듯,False,True,1777282856,1777282856,True,False,False,0,0,0.5,0,9fbf615238f835bf2c8dfaa9dea3f047d8b6b508331415182346a5ab86771f25,0,7,227,47,180,1777369141,2026-05-08T06:10:17+00:00
730,Counter-Strike 2,224146512,koreana,카스 그냥 존나 재미있음 그리고 좀 씹게이 총 좀 좆같네,False,True,1777214668,1777214668,True,False,False,0,0,0.5,0,0fcecfc253d377ba2f87ef49861f28e638679eef1ccfe143a3e3b4df94496f54,0,43,685,373,466,1778058964,2026-05-08T06:10:17+00:00
730,Counter-Strike 2,224143707,koreana,쓰래기,False,False,1777212414,1777659969,True,False,False,0,0,0.5,0,cff2650a49556f53323f6b7e2296f3cc0d49b7d920b169cc005cf7c76614c492,11,1,2822,2083,1862,1778171150,2026-05-08T06:10:17+00:00
730,Counter-Strike 2,224136499,koreana,blayt,False,True,1777205921,1777205921,True,False,False,0,0,0.5,0,630cf475b9206542fecf842b210d0b5242699065ddd5de141eee473e5ca39ac8,1,2,66774,1482,66042,1778211488,2026-05-08T06:10:17+00:00
730,Counter-Strike 2,224131936,koreana,"nice
",False,True,1777201351,1777201351,True,False,False,0,0,0.5,0,e9990e0c1e3e543591522677d63c1c427a8d10e64ac0c53187ef742e538936b1,0,1,8204,1399,7116,1778164873,2026-05-08T06:10:17+00:00
730,Counter-Strike 2,224128276,koreana,좋아요~,False,True,1777197462,1777197462,True,False,False,0,0,0.5,0,1270a79a3112ac723581beb6f583f47ac51f7a5bc46cef29e3e0b28ec330bb70,0,1,55140,13038,45078,1778160937,2026-05-08T06:10:17+00:00
730,Counter-Strike 2,224113136,koreana,이거 보시면 발로란트 하러 가세요,False,False,1777178703,1777178703,True,False,False,0,0,0.4761904776096344,0,52c473f5cd0952e42b26a3dacdc6bc742a0b85a0539939a89b3c8a397217e329,0,4,122767,119,122648,1777795977,2026-05-08T06:10:17+00:00
730,Counter-Strike 2,224055808,koreana,같이해줄사람이없음ㅠㅠ,False,True,1777123290,1777123290,True,False,False,0,0,0.5,0,8c6286a9be0b4415ca7d1194ab1b25ade77346e5debba8a3d09a89ce5bb625b9,0,5,325,145,180,1777741134,2026-05-08T06:10:17+00:00
730,Counter-Strike 2,224028196,koreana,FPS GOAT,False,True,1777089477,1777089477,True,False,False,0,0,0.5,0,6a0e625d037b431fbebd069ad82505ae51d19ce0f048a69914ce8056e1183262,13,3,244,33,211,1777100589,2026-05-08T06:10:17+00:00
730,Counter-Strike 2,224027219,koreana,"고인물 많은거 뺴면 겁나 재밌음
",False,True,1777088177,1777088177,True,False,False,0,0,0.5,0,c6febf3d596ea909c43244fb133017a8874e6a067c968002be2dce7eabdee210,3,4,548,137,459,1777713399,2026-05-08T06:10:17+00:00
730,Counter-Strike 2,224023348,koreana,not bad,False,True,1777083250,1777083250,True,False,False,0,0,0.5,0,d72f880d4c73ff6ce460d7068850c06e8d29b852de806b370f7457e4d3bf58bb,0,1,3338,2498,867,1777936232,2026-05-08T06:10:17+00:00
730,Counter-Strike 2,223992919,koreana,good,False,True,1777050525,1777050525,True,False,False,0,0,0.5,0,a3e9d3a4a35b6441413ff757f9e5591742a47ca0d3cfec1cb22a94bfe43d0a75,0,1,43361,1347,42014,1778160770,2026-05-08T06:10:17+00:00
730,Counter-Strike 2,223963541,koreana,ㅗ,False,False,1777018052,1777018052,True,False,False,0,0,0.5,0,ffecb71e842c21f81e072385da5c2db9d999cd83ce60aafaeed14544e0f714b9,0,1,4798,11,4787,1777018749,2026-05-08T06:10:17+00:00
730,Counter-Strike 2,223949898,koreana,공식에서 핵안잡는 ㅄ게임,False,False,1776995265,1776995265,True,False,False,0,0,0.5,0,8454d50023030bc32af35d2054715cf8d682a03a21d3fe6e81549dbb631b4520,0,1,156746,325,156306,1778061859,2026-05-08T06:10:17+00:00
730,Counter-Strike 2,223903586,koreana,잘 돌아감,False,True,1776944063,1776944063,True,False,False,0,0,0.5,0,af4e967467c52918f8c67d9a74d30045ba8f6ee2e03085d74324da1f911d9583,0,2,1487,125,1350,1777983228,2026-05-08T06:10:17+00:00
730,Counter-Strike 2,223898575,koreana,Siuuuuuuuuuuuuuuuuuuuuuuuuuuuuuuuuuu,False,True,1776936725,1776936725,True,False,False,0,0,0.5,0,cec12198cd07e475c3ff64c2a55e8e0cddad37d37ebf4150017358a332a8992f,0,4,633,93,500,1777894466,2026-05-08T06:10:17+00:00
730,Counter-Strike 2,223897957,koreana,"조아요 ㅋㅋ
",False,True,1776935648,1776935648,True,False,False,1,0,0.523809552192688,0,c4c9652342d6883490565e54089e40bc35d03e236141dae5f4b45f96c187232c,1,1,9497,3859,5176,1778067737,2026-05-08T06:10:17+00:00
730,Counter-Strike 2,223896156,koreana,내가 해본 스팀게임중 제일 재밌음 b,False,True,1776932467,1776932467,True,False,False,0,0,0.5,0,2ad1fd93e8d1daf93b1d5427e30beced099a9da96cb09f37036fbfda70638f26,45,2,40206,5838,34035,1778141722,2026-05-08T06:10:17+00:00
730,Counter-Strike 2,223890057,koreana,재미있옹,False,True,1776920944,1776920944,True,False,False,0,0,0.5,0,34d1de4624cfe232727c7dbd7bda2657561b6ccb31da6b85d09089398b72f9e4,0,2,3174,0,2945,1776935825,2026-05-08T06:10:17+00:00
730,Counter-Strike 2,223882924,koreana,Luv it ૮ฅ・ﻌ・აฅ,False,True,1776909532,1776909532,True,False,False,0,0,0.5,0,baedb944e869597eee85bfa9545e73131dac4f93187f2c257716b0873dd6d3d6,0,1,185971,528,185396,1778115876,2026-05-08T06:10:17+00:00
730,Counter-Strike 2,223855155,koreana,봇과 핵쟁이만 없다면 정말 좋을텐데,False,True,1776876502,1777803286,True,False,False,0,0,0.5,0,2a00cb4de9c1e9c61eef46bfd44756609e38298316f7f8be8786f3a1d2b4d4a5,0,6,7259,4907,6235,1778198949,2026-05-08T06:10:17+00:00
730,Counter-Strike 2,223839916,koreana,핵이 문제,False,False,1776861018,1776861018,True,False,False,0,0,0.5,0,e0bd55bce35884244d026fbd80f751b5259ddd160d06cd4491cfe9010f670141,0,28,1832,0,1832,1698345883,2026-05-08T06:10:17+00:00
730,Counter-Strike 2,223838227,koreana,dyiu,False,False,1776858860,1776858860,True,False,False,0,0,0.5,0,5b59fcd37a4776d91357614e9075830f452f5d46c53bcb1e73e712d4e23d7913,0,1,34156,846,33220,1778090294,2026-05-08T06:10:17+00:00
730,Counter-Strike 2,223835220,koreana,재밌다,False,True,1776854663,1776854663,True,False,False,0,0,0.5,0,3ccb0d467e9d630682e712d086f084f99e7d4223721eb3a1b75782b29a4159db,0,2,495,53,403,1777942807,2026-05-08T06:10:17+00:00
730,Counter-Strike 2,223834080,koreana,굿,False,True,1776852772,1776852772,True,False,False,0,0,0.5,0,9ae29e240614108938a52e1a9777a2a0c76c20f0b2db6076b8f13357bcbb8c25,1,1,19802,6973,11864,1778218130,2026-05-08T06:10:17+00:00
730,Counter-Strike 2,223826549,koreana,"With its dismal user base and in partnership with Valve, the operator of online gambling sites, Counter-Strike 2 offers not competitive gameplay, but rather “Evolved Combat”—a mode where predictable play and wall-hacking run rampant.",False,False,1776839091,1776839091,True,False,False,3,0,0.5396053791046143,0,63fc763cd8ba5e217b4b1c963329a35d4358c8e3742363cd1836fbea1d03d829,0,1,326,132,194,1778035303,2026-05-08T06:10:17+00:00
730,Counter-Strike 2,223821382,koreana,"버그안고치나
탭누르면 자꾸 패킷로스뜨고 지연시간 늘어남
",False,False,1776829745,1776829745,True,False,False,0,0,0.5,0,70ab946ddd043775e431f5fc7dbd354079dc96ffbfb743b11bd3b5164b8b21eb,0,7,31763,37,31713,1777133538,2026-05-08T06:10:17+00:00
730,Counter-Strike 2,223770669,koreana,재밌는데 배그 처럼 경쟁 사야됨,False,True,1776775354,1776775354,True,False,False,0,0,0.5,0,ffdbbc98e17d20fcbf180e7550f1997398e9959433760b73e0b808deb1472465,0,10,155,0,155,1738586553,2026-05-08T06:10:17+00:00
730,Counter-Strike 2,223770564,koreana,할만하다,False,True,1776775249,1776775249,True,False,False,0,0,0.5,0,5e35ff20d4515fbdec4118bc8ba751de08eceefaceb8885103a3aa568ec4a43c,0,3,5660,2105,3438,1778157178,2026-05-08T06:10:17+00:00
730,Counter-Strike 2,223769267,koreana,핵쟁이가 판을 친다,False,False,1776773735,1776773735,True,False,False,0,0,0.5,0,27001568e2db21917a236a00947d382907feeeacdd9a57ff8e946cbe5f74371a,0,2,45144,2445,42381,1778162618,2026-05-08T06:10:17+00:00
730,Counter-Strike 2,223765645,koreana,잘만들었다.,False,True,1776769095,1776769095,True,False,False,0,0,0.5,0,32528e6ec222d9e8d06598ee739e6bdc5b509a2edb24db7ffeb803edce86b358,0,1,242,12,209,1778162629,2026-05-08T06:10:17+00:00
730,Counter-Strike 2,223745560,koreana,asd,False,True,1776736586,1776736586,True,False,False,1,0,0.523809552192688,0,5157bebd001b6ba8c90fe662bb70feca1395aaed7c4370e81e511ee01f79e69d,0,1,18467,4063,14064,1778190060,2026-05-08T06:10:17+00:00
730,Counter-Strike 2,223691784,koreana,중국인 게임은 안하고 잠수 홍보글만 올려요...,False,False,1776678435,1776678435,True,False,False,0,0,0.5,0,d8799f0f1353f91ff15bd194f3a3427129892247ca3efec14fc4ccb84a5f315c,0,1,10691,1460,8863,1778218890,2026-05-08T06:10:17+00:00
730,Counter-Strike 2,223680786,koreana,zor,False,True,1776659633,1776659633,True,False,False,0,0,0.5,0,acb4522d1e03a9cfb3fc93bfb9c560f7f7b72e7581fc92c52936cb0254541d2b,1,1,3855,428,3078,1777623848,2026-05-08T06:10:17+00:00
730,Counter-Strike 2,223624996,koreana,국밥같은 맛,False,True,1776606501,1776606501,True,False,False,0,0,0.5,0,71f02c25a8dfd106e38c2bcdb7d0be9b6b30471ba27cd1453a13b5bce890a720,0,22,13175,2305,10669,1778165795,2026-05-08T06:10:17+00:00
730,Counter-Strike 2,223620086,koreana,"인페르노에서 가위바위보하면서 논 내 소중한 친구 둘
모가지 360도 비틀어 버린 다음 
빽덤블링 돌다가 목이 부러지게 해주마~",False,True,1776602615,1776602615,True,False,False,0,1,0.5,0,d95358f4bed70462db9cb62332f0db20f51b81a7a868f18867839d127b88003e,0,14,7296,710,6445,1778168309,2026-05-08T06:10:17+00:00
730,Counter-Strike 2,223611173,koreana,개 재미있음 ㄹㅇㅋㅋ,False,True,1776594531,1776594531,True,False,False,0,0,0.5,0,50378ba89f6a147cb0f06d44b1817b95b16087b5e996749eea21805c54771135,26,11,507,0,300,1776780195,2026-05-08T06:10:17+00:00
730,Counter-Strike 2,223609947,koreana,굿,False,True,1776593272,1776593272,True,False,False,0,0,0.5,0,b37fd9a307511250e340c6a3f12289ca98315fef1d435149b4951a3cd62e7d6a,58,19,16204,76,16127,1777816789,2026-05-08T06:10:17+00:00
730,Counter-Strike 2,223591142,koreana,병신겜인데,False,True,1776572037,1776572037,True,False,False,0,0,0.5,0,c75e9e26474408a0316510f6728ca7755906bbf0b25d136377bf7e7b6c9f7abb,47,2,11213,832,10214,1778167995,2026-05-08T06:10:17+00:00
730,Counter-Strike 2,223589996,koreana,crunker strike도 재밌음,False,True,1776570745,1776570745,True,False,False,0,0,0.5,0,9d2e0b46881bf30f5177b229a28d0f788d7ab5bf0476a16941e71aefc332e36a,0,11,2245,217,1976,1777972166,2026-05-08T06:10:17+00:00
730,Counter-Strike 2,223581712,koreana,제발 핵좀..막아라..,False,True,1776560825,1776560825,True,False,False,0,0,0.5,0,c194b2e99a33362d2fd06aa43e9b717f8d3ea0b704daf12e8bda336d02fe3c25,2,1,150172,1452,148042,1777785828,2026-05-08T06:10:17+00:00
730,Counter-Strike 2,223551876,koreana,"너 주말에 뭐하냐?

"" 카운터 스트라이크 ""

너는?

"" 축구 보고.. 애도 패고.. 뭐.. ""

와이프도?

"" ㅇㅇ ""

RESPECT",False,True,1776532646,1776532646,True,False,False,10,2,0.5883575677871704,0,b41368c637ace81d99d29c2ef249d51b50113506939a50fc4e4f90e87b72e3ff,158,4,7851,385,7009,1778080170,2026-05-08T06:10:17+00:00
730,Counter-Strike 2,223540655,koreana,안녕하세요,False,True,1776524618,1776524618,True,False,False,0,0,0.5,0,1c9867fb41520ae3a67c701be27da9fbe260041e9a27be4a0fb7a6def00a6abe,0,4,1319,620,378,1778082671,2026-05-08T06:10:17+00:00
730,Counter-Strike 2,223523728,koreana,dd,False,True,1776510752,1776510752,True,False,False,0,0,0.5,0,3f3da0549f592f7fafb802a31aa63b8bcb671765f7c67e4151067fcab0552aff,0,2,489,172,280,1777975968,2026-05-08T06:10:17+00:00
730,Counter-Strike 2,223520171,koreana,재밌어요,False,True,1776507105,1776507105,True,False,False,0,0,0.5,0,d7aef5e7fe3fe2a6eab369095141b8be60c74dc8004bd367b61610b4323c6994,0,1,906,0,427,1776840010,2026-05-08T06:10:17+00:00
730,Counter-Strike 2,223500722,koreana,퀄리티가 너무 좋아요! 완전 추천,False,True,1776484858,1776484858,True,False,False,0,0,0.5,0,656473a1798f71f4d27a2ff45a72931417ebab6b446f1d71576113bd6d5cb115,0,1,369,0,220,1776494913,2026-05-08T06:10:17+00:00
730,Counter-Strike 2,223462835,koreana,ㅅ발 내돈,False,False,1776445970,1776445970,True,False,False,0,0,0.5,0,66518cb4fdb8a7ba152d6ac1ecfda415b2bc086511b4b190087468c4f3181ddd,0,1,8388,4330,2462,1778169756,2026-05-08T06:10:17+00:00
730,Counter-Strike 2,223447060,koreana,재미따,False,True,1776433966,1776433966,True,False,False,0,0,0.5,0,0277d9f81470c4d28097b9f5ede8d00d6f8a31bca07d4cac84868d748cd6a36e,1,1,12730,5926,3942,1778220052,2026-05-08T06:10:17+00:00
730,Counter-Strike 2,223435485,koreana,돈을 물처럼 쓰게되는게임,False,True,1776422948,1776422948,True,False,False,0,0,0.5,0,12408ffaf1731f0cfbc445d2665acad31b7536c1c58ebcada4d106d638fe817e,66,16,10376,1534,6315,1778038383,2026-05-08T06:10:17+00:00
730,Counter-Strike 2,223434422,koreana,huyna,False,False,1776421767,1776421767,True,False,False,0,0,0.5,0,cc20f5b44c75e59128919b5e72295d2740b845798a6ec9866fc6b277aab3ed98,8,2,125295,3083,120741,1777924104,2026-05-08T06:10:17+00:00
730,Counter-Strike 2,223431687,koreana,점점엄마없어지는게 맞다~,False,False,1776418387,1776418387,True,False,False,1,0,0.523809552192688,0,116457f287d48218c96b3667d9d29c1bbfa727a59b463f382de777ec53ed4efa,61,7,9883,479,8709,1777907587,2026-05-08T06:10:17+00:00
730,Counter-Strike 2,223404513,koreana,not funny,False,True,1776380355,1776380355,True,False,False,0,0,0.5,0,c7c962f2740808d984b311d6f6e933dff0fad76f9030215ae2ee0263ce31ddfb,22,1,87348,351,86892,1778206960,2026-05-08T06:10:17+00:00
730,Counter-Strike 2,223373959,koreana,핵 졸라 많음,False,False,1776348475,1776348475,True,False,False,0,0,0.5,0,6623af6c93b909677a19ebe145f1a9ebed8bb2ab85119d9abd0b15a9ee664180,7,1,9910,2424,6843,1778148044,2026-05-08T06:10:17+00:00
730,Counter-Strike 2,223372730,koreana,할카스보다 유명한 유일한 카스,False,True,1776347208,1776347208,True,False,False,0,0,0.5,0,6048ac22dfa6dde16eda134710a5a6f97d47a5262423cd9932f1f2bee09eaf07,0,11,1092,0,1092,1775316378,2026-05-08T06:10:17+00:00
730,Counter-Strike 2,223365956,koreana,이 게임은 재밌다,False,True,1776338872,1776338872,True,False,False,0,0,0.5,0,1290a86161d2bad3bfd6ca424bac8bb109b6966578f6e882248afe9ff99dbee0,3,1,8355,4181,1775,1778159765,2026-05-08T06:10:17+00:00
730,Counter-Strike 2,223342293,koreana,game that define warcrime and racism,False,True,1776299974,1776299974,True,False,False,0,0,0.5,0,7b5a8cc2336e77685d5b4da8ff6f13b6622712d7ee2a3af609cd1bc2a48c37dd,0,3,2393,359,1875,1777856177,2026-05-08T06:10:17+00:00
730,Counter-Strike 2,223304263,koreana,카스 fps의 근본아닐가 싶습니다 최고의 게임이죠,False,True,1776256880,1776256880,True,False,False,0,0,0.5,0,ed06220dc5cadb0c615f6c5824b6ff7468009d48d9d684d6f29288dc375a2063,0,3,208,0,208,1761322987,2026-05-08T06:10:17+00:00
730,Counter-Strike 2,223298181,koreana,존잼,False,True,1776247599,1776247599,True,False,False,0,0,0.5,0,6a052e9f713aaba97027e418dc25ad84fdc6d2ae0727edf76f552bec61019029,0,6,427,0,427,1775653623,2026-05-08T06:10:17+00:00
730,Counter-Strike 2,223293353,koreana,"야 기분좋다
",False,True,1776238633,1776238633,True,False,False,0,0,0.5,0,63bfef9fd984af2d4633bbf043c81c3aefb43327adbe0e7cd823fdc8bbafd85a,2,3,654,137,474,1777774528,2026-05-08T06:10:17+00:00
730,Counter-Strike 2,223255878,koreana,에베베벱,False,True,1776187389,1776187389,True,False,False,0,0,0.5,0,1b624821ba597e0685afa880437ec622e7a39602f7b87a00b600f9a2b1c2a398,22,5,381,0,377,1776507304,2026-05-08T06:10:17+00:00
730,Counter-Strike 2,223243520,koreana,qt,False,False,1776175381,1776175381,True,False,False,0,0,0.5,0,7a4289c60a38f5ed2d59fa449530ff73ee8393da804adde181a7c5923ad41a48,0,1,947,160,170,1777626640,2026-05-08T06:10:17+00:00
730,Counter-Strike 2,223235651,koreana,개 쓰레기 게임 접은 횟수가 100번은 되는 것 같아요.,False,True,1776166066,1776166066,True,False,False,2,1,0.5454545617103577,0,c7af60803fd4471d3b2a0d86173c1f4a8e9b4d2b8e70854e14ef5467b9990a80,26,8,220004,122,219724,1777037102,2026-05-08T06:10:17+00:00
730,Counter-Strike 2,223229137,koreana,난 갓겜이라고 말할수있다 핵만없다면,False,True,1776155236,1776155236,True,False,False,0,0,0.5,0,2ad3d775a2dd66eb9b435e7e7c1e3a120cba1fef98960422f6dc5c15e198ca02,0,1,20256,492,18948,1778078046,2026-05-08T06:10:17+00:00
730,Counter-Strike 2,223228179,koreana,"Half of the players are bots, and in Deathmatch you get constantly kicked out by foreign players abusing the system. Cheaters run rampant, yet instead of catching them, the game punishes innocent players. It’s honestly a complete mess.

Official servers are full of hackers, but instead of properly dealing with them, the developers rely on this so-called “Trust Factor” system. The result? Legit players get stuck facing cheaters over and over again, while obvious hackers roam free. Even blatant cheats don’t get detected by VAC Live, but somehow legit players end up getting flagged and cooldowns instead.

It’s a broken system that punishes the people who actually try to play the game properly.",False,False,1776153443,1776153443,True,False,False,1,0,0.5132743716239929,0,2fa72cf70d23d930f70b157dfc8845bc8c66633a490862c47b0fa66382341fbc,161,55,203447,874,202502,1778144130,2026-05-08T06:10:17+00:00
730,Counter-Strike 2,223205757,koreana,핵만 잡으면 갓겜,False,True,1776116213,1776116213,True,False,False,0,0,0.5,0,213b4bd03220788553a0b252b86b2363ee634430e4b98f0ec2e6b18d254621ee,3,1,77,0,77,1764238339,2026-05-08T06:10:17+00:00
730,Counter-Strike 2,223173941,koreana,Please stop the hack Please stop the hack Please stop the hack Please stop the hack Please stop the hack Please stop the hack Please stop the hack Please stop the hack Please stop the hack Please stop the hack Please stop the hack Please stop the hack Please stop the hack Please stop the hack Please stop the hack Please stop the hack Please stop the hack Please stop the hack Please stop the hack Please stop the hack Please stop the hack Please stop the hack Please stop the hack Please stop the hack Please stop the hack Please stop the hack Please stop the hack Please stop the hack Please stop the hack Please stop the hack Please stop the hack Please stop the hack Please stop the hack Please stop the hack Please stop the hack Please stop the hack Please stop the hack Please stop the hack Please stop the hack Please stop the hack Please stop the hack Please stop the hack Please stop the hack Please stop the hack Please stop the hack Please stop the hack Please stop the hack Please stop the hack Please stop the hack Please stop the hack Please stop the hack Please stop the hack Please stop the hack Please stop the hack Please stop the hack Please stop the hack Please stop the hack Please stop the hack Please stop the hack Please stop the hack Please stop the hack Please stop the hack Please stop the hack Please stop the hack Please stop the hack Please stop the hack Please stop the hack Please stop the hack Please stop the hack Please stop the hack Please stop the hack Please stop the hack Please stop the hack Please stop the hack Please stop the hack Please stop the hack Please stop the hack Please stop the hack Please stop the hack Please stop the hack Please stop the hack Please stop the hack Please stop the hack Please stop the hack Please stop the hack Please stop the hack Please stop the hack Please stop the hack Please stop the hack Please stop the hack,False,False,1776082327,1776082327,True,False,False,0,0,0.4761904776096344,0,268b2146c9bf49bced8f0b4c5a18994dc02bc591babf90ca77ad980a1e4fb2c2,47,4,11614,2179,7582,1778158309,2026-05-08T06:10:17+00:00
730,Counter-Strike 2,223172708,koreana,걍 하지마,False,False,1776080674,1776163386,True,False,False,0,0,0.5,0,abcd6f27dfbcba20e19f71b34a08cad5fa72ebf0634fb9d22ceb9832c9283d80,0,1,1182,0,828,1776938466,2026-05-08T06:10:17+00:00
730,Counter-Strike 2,223171635,koreana,hrtyrhjtrej,False,True,1776079166,1776079166,True,False,False,0,0,0.5,0,a782684b4191fe26ec96a5cf2c0711a8874562052a7091d828f73c5fafdece79,0,1,7099,1665,3870,1777819341,2026-05-08T06:10:17+00:00
730,Counter-Strike 2,223170158,koreana,오고곡..,False,True,1776076740,1776076740,True,False,False,0,0,0.5,0,b169a57a9c422df1d00ddf2792071f18fb3b09ef1b401190bb59140035a6cc89,0,1,1160,0,1135,1776692292,2026-05-08T06:10:17+00:00
730,Counter-Strike 2,223169947,koreana,rush b,False,True,1776076383,1776076383,True,False,False,0,0,0.5,0,5ac67afddba07a038159835b87818f106d45db751edb4be0f2ac1ac36d887b89,0,24,408,0,408,1750061203,2026-05-08T06:10:17+00:00
730,Counter-Strike 2,223167100,koreana,1,False,True,1776071110,1776071110,True,False,False,0,0,0.5,0,3498b6a8a9bc0346583e927c2f7c0a3e9a1d563f3bc13da823dc5983a8b39da5,0,1,4030,1928,1629,1778140724,2026-05-08T06:10:17+00:00
730,Counter-Strike 2,223165386,koreana,"개 재밌음

",False,True,1776067785,1776067785,True,False,False,0,0,0.5,0,79577a00f8888860b86de4094b8ded834404328f630141ffa98aa67a9710a8bf,0,1,271,1,223,1777695454,2026-05-08T06:10:17+00:00
730,Counter-Strike 2,223165151,koreana,근본,False,True,1776067343,1776067343,True,False,False,0,0,0.5,0,1499039e67afe01beb4807f6e6aa36f60a8c31e22f2d3a16e52e9b6a992a86e6,0,5,5750,1,5444,1777461346,2026-05-08T06:10:17+00:00
730,Counter-Strike 2,223116138,koreana,wd,False,False,1776008661,1776008661,True,False,False,0,0,0.5,0,ffe2aa49a2684999b071ed184f217c2a17dbfe8034fc32e80c052e89ef6b184a,10,1,11791,0,11100,1776437171,2026-05-08T06:10:17+00:00
730,Counter-Strike 2,223109861,koreana,NOONNOONONONONONON,False,True,1776003818,1776003818,True,False,False,0,0,0.5,0,16a57eb641a385aca924ee5f3953aab3ca22de82064d6e8a7af3a5b37fa3bac4,1,1,42030,4,42026,1777710560,2026-05-08T06:10:17+00:00
730,Counter-Strike 2,223098863,koreana,play valorant.,False,True,1775993684,1775993684,True,False,False,0,0,0.5,0,a925a7362dd70b709b70dccd51038989742ff58f023af90453be82c237ae3dde,30,1,2331,17,2212,1777907381,2026-05-08T06:10:17+00:00
730,Counter-Strike 2,223098749,koreana,핵쟁이가 너무 많아요,False,False,1775993583,1775993583,True,False,False,3,0,0.5434105396270752,4,6e2fbccf4944b3f00b3c88307726741ee353d4c77560d2960c4f90f8b8a1a545,0,1,60026,2130,56013,1778218483,2026-05-08T06:10:17+00:00
730,Counter-Strike 2,223097197,koreana,봇이 너무 많다,False,False,1775991900,1775991900,True,False,False,0,0,0.5,0,5345d70d182dbc69d3c78aa56d065d4781255d110d38d84d9f888c2818495a4f,83,11,59720,0,59579,1776701084,2026-05-08T06:10:17+00:00
730,Counter-Strike 2,223093898,koreana,갓겜,False,True,1775988298,1775988298,True,False,False,0,0,0.5,0,bccd6330acb71a86487c374c958d227622410f8ea0d5ddf7ac543d2ae59941ba,0,2,431,57,361,1777882768,2026-05-08T06:10:17+00:00
730,Counter-Strike 2,223092766,koreana,fy,False,True,1775987014,1775987014,True,False,False,0,0,0.5,0,24670ed829040d4c221f0c9d002f3dd6e89f543ae1cf7e9c7ad9887b807c51f5,5,2,18803,0,18142,1776849471,2026-05-08T06:10:17+00:00
730,Counter-Strike 2,223091059,koreana,prime,False,True,1775985078,1775985078,True,False,False,0,0,0.5,0,da69b80badc58d90805245522572b29369bd2bf5fa75342905e61c3b2efee1b3,0,1,561,0,30,1776774874,2026-05-08T06:10:17+00:00
730,Counter-Strike 2,223082595,koreana,재밌다,False,True,1775974472,1775974472,True,False,False,0,0,0.5,0,3f026530b538daca3d3ae0077fcf0c343c851dc82c785891543be76abcec98f4,0,1,317,0,295,1775975781,2026-05-08T06:10:17+00:00
730,Counter-Strike 2,223082515,koreana,"걍 병신 게임. 양학하는  고인물과 핵쟁이 특히 알빠노 하는 밸브 깨새끼야 이 게임 쳐 하지마 이건 사람하는 게임이 아님 ㄹㅇ
",False,False,1775974388,1775974410,True,False,False,0,0,0.5,0,e648651554f1f3aba06839d0ff158f709487c5422cb12002d8e25c7a4ebf0cf0,0,5,4015,565,3448,1777984519,2026-05-08T06:10:17+00:00
730,Counter-Strike 2,223025905,koreana,ffffwfefwqfefwq,False,True,1775918216,1775918216,True,False,False,0,0,0.5,0,d55a8080a46f1b017eab95eccccb813b4db2c1021daa355a56c9aa5604d6b7be,0,1,2268,445,927,1777954362,2026-05-08T06:10:17+00:00
730,Counter-Strike 2,222978852,koreana,멋진 게임,False,True,1775862513,1775862513,True,False,False,1,0,0.523809552192688,0,610e7cab3f13b160915564a2efa3229c0542cf8410fe789a2e62a97b288625fd,3,1,81804,5951,73680,1778191236,2026-05-08T06:10:17+00:00
730,Counter-Strike 2,222966980,koreana,"발로란트보다 재밌어
",False,True,1775849837,1775849837,True,False,False,0,0,0.5,0,1622c6713a9de8b081b1b2985ed755cef576d0fc676b6cddb6910d09743a5d34,0,1,2229,239,1751,1777647156,2026-05-08T06:10:17+00:00
730,Counter-Strike 2,222955688,koreana,Gaben did NOT died for this ☠️☠️,False,False,1775839464,1775839464,True,False,False,0,0,0.5,0,a1d80b176eaf84e5550a3c71fc44893b4e3a6a2ac003c9f9141d6c1b5d1b69ca,5,1,17269,1109,14302,1778167877,2026-05-08T06:10:17+00:00
730,Counter-Strike 2,222952674,koreana,음메~,False,True,1775836760,1775836760,True,False,False,0,0,0.5,0,1470f8e16241d4c629238962c16bc90f4c39a22f1c868eb125fadc082938669b,0,1,150094,1619,146833,1778163211,2026-05-08T06:10:17+00:00
730,Counter-Strike 2,222931907,koreana,꼭 해라,False,True,1775813015,1775813015,True,False,False,0,0,0.5,0,e2c9758d4191ab3ab1982d00556ea92327384bb3aa36e9d60ee9639df873c395,32,1,21538,2374,16705,1778171778,2026-05-08T06:10:17+00:00
730,Counter-Strike 2,222924335,koreana,kkkk,False,True,1775799624,1775799624,True,False,False,0,0,0.5,0,413e6b6857a149fe76b2a2e7839ff56f78b063a54e5680f22b4a57d848d9e8d4,12,1,143075,2850,136816,1778162923,2026-05-08T06:10:17+00:00
730,Counter-Strike 2,222874968,koreana,"8시간 플레이 후 러시아 형님들이 갑자기 데져트 이글을 들더니 월샷을 족족 헤드로 다 맞혀버려서 접엇어요ㅠㅠ
공주 너무 슬퍼요ㅠㅠㅠ",False,False,1775741115,1775741115,True,False,False,1,0,0.48322147130966187,0,887585f270ff5e168ca5d8567a46746e915d2b87e0630d2653ecaa2a824943b2,0,7,1113,300,491,1777651831,2026-05-08T06:10:17+00:00
730,Counter-Strike 2,222866647,koreana,"핵을 아직 안 만나봐서 인지 아직은 행복합니다.
",False,True,1775730470,1775730470,True,False,False,0,0,0.5,0,154fa36a5e9fe17cff12beb9a794a33d6a0a4d4315283892034ed115f1d919b2,48,32,1167,82,887,1777969681,2026-05-08T06:10:17+00:00
730,Counter-Strike 2,222861850,koreana,탄창교체 애미뒤짐?,False,False,1775722560,1775722560,True,False,False,0,0,0.5,0,e88e161a5aebfe0142f25b23b52f97ae24a90f9dde92bf5fa61aaaf89ae51faf,79,12,11126,0,11060,1776254701,2026-05-08T06:10:17+00:00
730,Counter-Strike 2,222856408,koreana,"돌이킬수없다 시발 
",False,False,1775712681,1775712681,True,False,False,0,0,0.5,0,fa91eda38422c17b6b7ece24e0aec1174a8c49f2b6d791d03d624018100bb81d,0,1,4048,0,3725,1775926166,2026-05-08T06:10:17+00:00
730,Counter-Strike 2,222824206,koreana,BAD,False,True,1775671064,1775671075,True,False,False,1,0,0.523809552192688,0,12fbbccdae70544ccb026a22c024345f9beee67e9d93ec97310d7eb4d3f6482a,1,1,4973,378,4291,1778180912,2026-05-08T06:10:17+00:00
730,Counter-Strike 2,222809428,koreana,SO MANY CHEATERS,False,False,1775657149,1775657149,True,False,False,1,0,0.5070422291755676,0,c4097f3ff0c489f256d0a7dd4c92d1a1f07062292b3ad37f937d3a87faee5e5b,0,1,17672,1573,15377,1778159788,2026-05-08T06:10:17+00:00
730,Counter-Strike 2,222797819,koreana,"2026 04 08 기준 현재 가장 재밌고 할만한 FPS중 살아남은건 이놈뿐인것 같습니다.....
오버워치? (징징이 많음)  타르코프? (연차가 쌓이면 좀 그럼 솔직히) 레식? (망함) 서든?(너무 틀딱 플래시게임)
배틀필드? (몇판하면 질림)  델타포스? (할빠에 배필함)  데이즈?(노가다)   아르마?(진입장벽 + 그들만의 세계)
스쿼드?(뉴비배척)

그래도 여기는 중국인 러시아인 일본인 뭐 다있음 임마들도 못하는놈은 겁나 못하고 잘하는 놈은 잘해서 그냥 재밌어영 ~
뇌빼고 하기 좋음",False,True,1775642557,1775642557,True,False,False,4,0,0.558357298374176,0,2f7fd6499e357bb046ca96632ec175bf8ebb71bca24be92f9e7efcbaf871a87b,0,22,34229,699,32025,1778206765,2026-05-08T06:10:17+00:00
730,Counter-Strike 2,222795140,koreana,"힘들기만 하고 재미따윈 1도 없음
",False,False,1775638345,1775638345,True,False,False,0,0,0.48672568798065186,0,1867978ec38579802418c39db4a73d642b7bd130ae5b47dd0dd4c4993060396e,0,1,2345,154,1420,1777564450,2026-05-08T06:10:17+00:00
730,Counter-Strike 2,222794915,koreana,fk of,False,True,1775637986,1775637986,True,False,False,0,0,0.5,0,cb7918380accb18801406a88b8620f195426f3b313188d2dcea36bf1f4ea03a3,0,1,40891,342,39982,1777976139,2026-05-08T06:10:17+00:00
730,Counter-Strike 2,222787985,koreana,이런 긴장감있는 fps는 처음이네요,False,True,1775624966,1775624966,True,False,False,0,0,0.49638989567756653,0,ab5feea86b631151e65734cc074d33c063a43733038801cbdc43798718dcc134,0,1,2259,1150,560,1778138908,2026-05-08T06:10:17+00:00
730,Counter-Strike 2,222731241,koreana,굿,False,True,1775559337,1775559337,True,False,False,0,0,0.5,2,25a091e39200c50dd54aa6111ae16cade008749118043c5eecd92e6422a2ace5,39,1,35064,943,29789,1777735313,2026-05-08T06:10:17+00:00
730,Counter-Strike 2,222726865,koreana,"국밥같이 든든한 맛
",False,True,1775553138,1775553138,True,False,False,0,0,0.5,0,1083991a07820241919c4531f4d914609b6e779d8d7543d835fa19a450db6998,0,6,718,0,680,1775555428,2026-05-08T06:10:17+00:00
730,Counter-Strike 2,222671187,koreana,진짜 이만한 게임 없긴해,False,True,1775486428,1775486428,True,False,False,0,0,0.5,0,9ceae01df32926f228e97fb51fbaf4d6656d8f00c726b8f970e2242ceeaa136c,75,2,6806,556,5975,1778215848,2026-05-08T06:10:17+00:00
730,Counter-Strike 2,222660488,koreana,GOOD,False,True,1775476378,1775476378,True,False,False,0,0,0.5,0,b263741a14ce0ea20e726ec9f269460ab9856df03578395cb84ea3658d5bc7aa,6,1,19696,523,18168,1778077091,2026-05-08T06:10:17+00:00
730,Counter-Strike 2,222602377,koreana,.,False,True,1775411997,1775411997,True,False,False,0,1,0.5,0,684f5b242fa3ce50dfb82b9bf3690ad3cf2e6eb5c64f80bc73d75cceddad03fd,2,2,28523,431,21850,1778054837,2026-05-08T06:10:17+00:00
730,Counter-Strike 2,222595882,koreana,asdasdsa,False,True,1775406874,1775406874,True,False,False,2,0,0.5454545617103577,0,1c2f551322d6a723ebd6b54320539a035d5ca4392a88f76b30bfaa359bff6da2,0,1,83445,5826,65702,1778219347,2026-05-08T06:10:17+00:00
730,Counter-Strike 2,222575696,koreana,핵만 잡으면 갓겜,False,True,1775390625,1775390625,True,False,False,0,0,0.5,0,27e48b199a3113630277b8706e50991012e720ede0e21b78f344fdc258570e1a,4,1,24782,3438,16357,1778168794,2026-05-08T06:10:17+00:00
730,Counter-Strike 2,222572877,koreana,재밌네요,False,True,1775387899,1775387899,True,False,False,0,0,0.5,0,e0873d32689b9fe258b2ee287a525e88591843c1338667aff59e9026fa82b2b3,31,5,490,0,461,1775395275,2026-05-08T06:10:17+00:00
730,Counter-Strike 2,222572135,koreana,very good,False,True,1775387172,1775387172,True,False,False,0,0,0.5,0,fb6d90878e0276a50683246a328f9a9aa08a221c310a0e8babc1c5c50cd4f2cd,8,4,5015,123,3609,1777554231,2026-05-08T06:10:17+00:00
730,Counter-Strike 2,222565959,koreana,승후 하트 경애,False,True,1775380784,1775380784,True,False,False,0,0,0.5,0,27213b0fb2a87dc5d51411af16edba7fae42519e69d8dadfbd363ae2f0dec9f8,0,3,343,0,240,1775386977,2026-05-08T06:10:17+00:00
730,Counter-Strike 2,222561749,koreana,kennyS!!,False,True,1775375867,1775375867,True,False,False,0,0,0.5,0,adf223338cfd2f719d3d12394cc678fed4791f581b05dc3c1a717e4e5695ef74,3,1,57517,0,57288,1775971194,2026-05-08T06:10:17+00:00
730,Counter-Strike 2,222557417,koreana,"대놓고 핵을 쓰는데도 인게임 신고를 엄청 박아도 이메일로 제보를 해도 읽씹하는 밸브. 핵에 관대한 쓰레기 게임. fps 게임 중에서 이렇게 핵 제재를 안 하는 게임은 이 게임이 최고일듯

스트레스를 풀기 위한 게임이 아닌 스트레스를 받기 위한 게임",False,False,1775370257,1775370257,True,False,False,0,0,0.5,0,619182c405a997afe6127f784234c2534b63f97a2a3133a9885d01e9eb7ab89c,73,1,50945,879,48176,1778182443,2026-05-08T06:10:17+00:00
730,Counter-Strike 2,222547306,koreana,"재밌음 일단 프라임 안하면 핵 존나 많음
짧게짧게 즐기기 좋음
근데 고인물이 너무많음",False,True,1775357497,1775357497,True,False,False,0,0,0.5,0,9874aa70d96a7a39b681cb3cd5260273d5596d3c164812ca495f7a14b1de4a22,0,1,9993,3590,2092,1778154679,2026-05-08T06:10:17+00:00
730,Counter-Strike 2,222546833,koreana,good,False,True,1775356965,1775356965,True,False,False,2,0,0.5454545617103577,0,f254b64b43c373bc128721284ed32b7f906b4aa7aa28183632381907511db554,18,1,48751,2207,45444,1778158025,2026-05-08T06:10:17+00:00
730,Counter-Strike 2,222522095,koreana,1k done,False,True,1775331548,1775331548,True,False,False,0,0,0.5,0,c3bec4f3c209e22cb59cb2be4b452324bb656671215df50b313aae0c74b9785f,0,1,65811,192,60123,1777054618,2026-05-08T06:10:17+00:00
730,Counter-Strike 2,222510639,koreana,good,False,True,1775322621,1775322621,True,False,False,0,0,0.5,0,a3527d3073930af499bc22dd7266fb74224321090c2f18b9d872ed710117b13b,4,1,57589,1670,53957,1778218607,2026-05-08T06:10:17+00:00
730,Counter-Strike 2,222496202,koreana,Blyat,False,True,1775311719,1775311719,True,False,False,0,0,0.5,0,6f5d2b46b5ed44d481becc1d150f7597a6f7d7b375abf3ebbf131ed4d07119a3,4,1,24510,47,23929,1777969445,2026-05-08T06:10:17+00:00
730,Counter-Strike 2,222486120,koreana,',False,True,1775302776,1775302776,True,False,False,0,0,0.5,0,9b7f6f9583e7101f73dce528eda0d22573ede9b2e1541b59d22b23fd806ec69a,0,1,1107,0,1031,1775307565,2026-05-08T06:10:17+00:00
730,Counter-Strike 2,222475281,koreana,핵 좀 잡아라 이 좆 병신 새끼들아,False,True,1775291141,1775291141,True,False,False,0,0,0.5,0,51ec59a60dc2d7a20aab15f6918f74fe159d25631c19c5bc31b5908d56b37e02,0,5,1889,0,1014,1776808001,2026-05-08T06:10:17+00:00
730,Counter-Strike 2,222473577,koreana,ftdf,False,True,1775289013,1775289013,True,False,False,0,0,0.5,0,097a1c54f9f7ae48edc25d1a0ff0ac9c3444093e338906d531e45b576415e401,0,1,29835,0,29139,1776589008,2026-05-08T06:10:17+00:00
730,Counter-Strike 2,222411169,koreana,안하면 손해,False,True,1775227631,1775227631,True,False,False,0,0,0.5,0,2b1ba02070ec9b86f4ecb6959c36e6e70d0503eaf030948d3ea930bfb3803ad6,0,1,1180,498,287,1777966217,2026-05-08T06:10:17+00:00
730,Counter-Strike 2,222400734,koreana,"VAC도 제대로 못해 업데이트도 조까치해 할 줄 아는 거라곤 과거의 영광에 찌들어 모자란 업데이트만 하고 있는 쓰레기게임
발로란트도 이런 업뎃은 안함",False,False,1775218357,1775218357,True,False,False,5,0,0.5082302689552307,0,44266909d04d843e4c7839c8ebccebff6b651411e605e58a63db3ad2808754f8,24,5,16490,0,16443,1775481592,2026-05-08T06:10:17+00:00
730,Counter-Strike 2,222320597,koreana,프라임 계정 업그레이드 사면  캐릭터 스킨  주세요 공짜 주세요,False,True,1775130499,1775130499,True,False,False,0,0,0.4761904776096344,0,d762ff941262c0e2fe130fe516248c7d7da1dcf3e9c45e4b00b3484436ec7efc,0,30,1335,195,550,1777710747,2026-05-08T06:10:17+00:00
730,Counter-Strike 2,222290422,koreana,!!!,False,True,1775087224,1775087224,True,False,False,1,0,0.523809552192688,0,370c06f22ca513470ac2a35ce18d226cd169bf2e914f40945ecd964bdebcd332,0,1,18069,96,17864,1778209730,2026-05-08T06:10:17+00:00
730,Counter-Strike 2,222287457,koreana,핵만 좀 개선 되면 좋겠음,False,True,1775084893,1775084893,True,False,False,0,0,0.5,0,3b48f603adb79fb3c692b876d2f88b2be70182b052e9f547867325d71a2ba6d9,0,1,8954,970,6338,1777996124,2026-05-08T06:10:17+00:00
730,Counter-Strike 2,222250650,koreana,ㅗ,False,True,1775049797,1775267243,True,False,False,0,0,0.5,0,cc2543b5571d405542856864971b83cc92d47b416e66217757e210ffa49b2580,0,3,7144,0,7144,1775132723,2026-05-08T06:10:17+00:00
730,Counter-Strike 2,222181201,koreana,"아시아 서버는 핵쟁이 중국인들이랑 작업장 봇들이 점령했고 랭크랑 프리미어는 핵 안쓰면 병신 취급 받고 최근 업데이트 이후로 잡렉도 존나 심하고 툭하면 튕기는데다 그냥 벨브 특유의 ㅈ병시 장애인 새끼 같은 운영이 대환장 시너지를 내서, 그냥 하지 마세요.",False,False,1774968338,1774968338,True,False,False,1,0,0.5188133120536804,0,a90221d8e24154530930320637cbe08c249206b55828af56a9300695aeefd6de,0,28,11801,498,9036,1778161921,2026-05-08T06:10:17+00:00
730,Counter-Strike 2,222170475,koreana,탄창 왜 이따구임???,False,False,1774958115,1774958115,True,False,False,1,0,0.4949314296245575,0,47e5fdda26777538073c90c1d55ea6149112f7d32cf8314f7adf062de36abbc3,50,7,7172,0,7172,1774192622,2026-05-08T06:10:17+00:00
730,Counter-Strike 2,222169084,koreana,무기 레이스인가 새로 나와서 해보려는데 자꾸 강퇴함,False,False,1774956394,1774956394,True,False,False,0,0,0.5,0,95827e243b3704151e75610a0ca4dfb6948361a7a6b2ef13fbb2f0766ef9afb5,26,1,909,0,898,1774956973,2026-05-08T06:10:17+00:00
730,Counter-Strike 2,222110697,koreana,"병신같은 업데이트,없데이트,핵은 안잡고 작업장 봇도 안잡고 최적화도 안함
",False,False,1774886045,1774886045,True,False,False,1,0,0.5188133120536804,0,ff5fa144ba5191763a446f71b5e59243d0d1d5bbe3d36a3e60ff0bbafe39db2d,1,1,5308,1283,2792,1777982724,2026-05-08T06:10:17+00:00
730,Counter-Strike 2,222093772,koreana,"부계저리가, 5주년 이상? 저리가 매칭은 ㄹㅇ 찐 랜덤으로 실력 안맞는 고수랑 화석도 매일 나옴. 근데 게임은 재미있음",False,True,1774869865,1774869865,True,False,False,2,0,0.5406360626220703,0,773f577293da1ef5a031506a15872ae241e2c718218dd27b0bfc261e5afc1b7a,0,5,6089,1245,2688,1778156743,2026-05-08T06:10:17+00:00
730,Counter-Strike 2,222088895,koreana,not cs1.6,False,True,1774863454,1774863454,True,False,False,0,0,0.5,0,086557d1cfd7997e82935bdf0738949d586ef4941e6282ef5e5f0e093efc732d,0,9,2463,0,2463,1764844528,2026-05-08T06:10:17+00:00
730,Counter-Strike 2,222081589,koreana,이 게임의 진정한 적은 지랄맞은 스프레이 패턴이다,False,True,1774852143,1774852143,True,False,False,0,0,0.5,0,e175102d417d089a24e68a4f4fd3b35a16e9a8c3fff85d78f0e7954b778663da,0,12,20005,1131,17347,1778163096,2026-05-08T06:10:17+00:00
730,Counter-Strike 2,222014012,koreana,"게임 어려움, 초보한테 좀 불친절한 게임인데 고수가 많아서 유입되기도 어려움
그 외에도 이유없이 보트킥박거나 팀킬하는 인성개빻은 러시아새기들하고 팀되면 겜할맛도 안남",False,False,1774789583,1774789583,True,False,False,0,0,0.5,0,95955eac12c0f55a420a318b69037741cf2bd94720d25f0ee28520ea7a227320,55,8,34435,2021,28792,1778217605,2026-05-08T06:10:17+00:00
730,Counter-Strike 2,222013568,koreana,야비쉬 핵 존나 많네,False,False,1774789248,1774789248,True,False,False,0,0,0.5,0,92549a572a85b7ed301648d866293243e3dd55f605d1518da98d8dbf22bdcf73,117,51,13528,0,13523,1777007757,2026-05-08T06:10:17+00:00
730,Counter-Strike 2,222009345,koreana,살려주세요살려주세요살려주세요살려주세요살려주세요살려주세요살려주세요살려주세요살려주세요살려주세요살려주세요살려주세요살려주세요살려주세요살려주세요살려주세요살려주세요살려주세요살려주세요살려주세요살려주세요살려주세요살려주세요살려주세요살려주세요살려주세요살려주세요살려주세요살려주세요살려주세요살려주세요살려주세요살려주세요살려주세요살려주세요살려주세요살려주세요살려주세요살려주세요살려주세요살려주세요살려주세요살려주세요살려주세요살려주세요살려주세요살려주세요살려주세요살려주세요살려주세요살려주세요살려주세요살려주세요살려주세요살려주세요살려주세요살려주세요살려주세요살려주세요살려주세요살려주세요살려주세요살려주세요살려주세요살려주세요살려주세요살려주세요살려주세요살려주세요살려주세요살려주세요살려주세요살려주세요살려주세요살려주세요살려주세요살려주세요살려주세요살려주세요살려주세요,False,True,1774785835,1774785835,True,False,False,0,0,0.5,0,ec99f329206561a3012d6af904b3a840cc8747a528f600cbee7a9233665a7ca4,16,2,2040,314,1396,1777966229,2026-05-08T06:10:17+00:00
730,Counter-Strike 2,222005493,koreana,11,False,True,1774782450,1774782450,True,False,False,0,0,0.5,0,2d9a037e6cb19e08346a8012dddba3bd1fd3e9d6db612a8a103f45be9f6c94a3,2,1,11789,412,7781,1778165672,2026-05-08T06:10:17+00:00
730,Counter-Strike 2,221997368,koreana,ok,False,True,1774774647,1774774647,True,False,False,0,0,0.5,0,0696deb5a7c4d237e062a3791b629168868cf371461dd3730cc6971ea2792f35,41,2,447,29,388,1777785863,2026-05-08T06:10:17+00:00
730,Counter-Strike 2,221994491,koreana,"게임 플레이시 그 어떤 부정행위나 불법프로그램을 사용하지 않았는데 퀵매치에서 짱깨놈들과 게임 하고 나서 개발자에의한 정지를 먹었다
지들이 들어오는 길목에 스모크를 깔고 내가 거기 지나가면 안되는것인가 스모크 안에서 발소리 다 나길래 나도 지나가서 뒤치기로 잡아서 그게 베알 꼴려서 그런건가
밸브 졸라 실망이네
앞으로 이 게임을 플레이 할 사람들에게 당부 드립니다 짱깨새끼들이랑은 하지 마세요 절대로",False,False,1774771664,1774771664,True,False,False,0,0,0.5,0,09ae648bcfbf511dd6d9160823a1bf23c66ac882d876565fe4825962247d37c0,304,9,17795,0,17795,1744804711,2026-05-08T06:10:17+00:00
730,Counter-Strike 2,221992706,koreana,진짜 재밌다,False,True,1774769718,1774769718,True,False,False,0,0,0.5,0,bf3af627bcf03295baafdd4c8abc943b6c4f95907b3cdda44a440889ee9d6924,0,2,777,0,323,1776240199,2026-05-08T06:10:17+00:00
