game_name,최적화#프레임,최적화#조작감,시스템#버그,콘텐츠#볼륨,콘텐츠#몰입도,시스템#밸런스,시스템#독창성,시스템#자유도,UX#그래픽,UX#캐릭터디자인,UX#사운드,스토리#내러티브,운영#핵/치트,운영#업데이트,콘텐츠#난이도,시스템#진입장벽,콘텐츠#피로도
Counter-Strike,,,,,1,,,,,,,,,,,,
Counter-Strike,,,,,0,,,,,,,,,,,,
Counter-Strike,,,,,,,,,,,,,,,,,
Counter-Strike,,,,,,,,,,,,,,,,,
Counter-Strike,,,,,1,,,,,,,,,,,,
Counter-Strike,,,,,,,-1,,,,,,,-1,,,
Counter-Strike,,,,,1,,1,,,,,,,1,,,
Counter-Strike,-1,-1,,,1,,,,-1,,,,,,-1,,
Counter-Strike,,,,,1,,,,,,,,,,,-1,
Counter-Strike,,,,,1,,,,,,,,,,,,
Counter-Strike,,,,,,,,,,,,,,,,,
Counter-Strike,-1,,-1,,1,,-1,1,-1,-1,,,,-1,,,
Counter-Strike,,,,,1,,,,,,,,,,,,
Counter-Strike,,,,,,,,1,,,,,,,,,
Counter-Strike,,,,,,,1,,,,,,,,,,
Counter-Strike,,,,,1,,,,,,,,,,,,
Counter-Strike,,,,,,,,,,,,,,,-1,-1,
Counter-Strike,,,,,,,,,,,,,,,,,
Counter-Strike,,,,,1,,,,,,,,,,,,
Counter-Strike,,,,,,,,,,,,,,,,,-1
Counter-Strike,,,,,1,,1,1,1,1,,,,,,,
Counter-Strike,,,,,1,,,,,,,,,,,,
Counter-Strike,,,,,,,,,,,,,,,,,
Counter-Strike,,,,,1,,,,,,,,,,,,
Counter-Strike,,,,,,,,,,,,,,,,,
Counter-Strike,,,,,1,,,,,,,,,,,,
Counter-Strike,-1,,-1,,,,,,,,,,,,,,
Counter-Strike,,,,,1,,1,,,,,,,,,-1,
Counter-Strike,,,,,1,,,,1,,,,,,,,
Counter-Strike,,,,,,,,,,,,,,,,,
Counter-Strike,,,,,,,,,,,,,,,,,
Counter-Strike,,,,,1,,,,,,,,,,,,
Counter-Strike,,,,,,,,,,,,,,,,,
Counter-Strike,,,,,,,,,,,,,,,,,
Counter-Strike,,,,,1,,,,,,,,,,,,
Counter-Strike,,,,,,,,,,,,,,,,,
Counter-Strike,,,,,1,,,,,,,,,,,,
Counter-Strike,,,,,,-1,,,,,,,,,,,
Counter-Strike,,,,,1,,1,,,,,,,,,,
Counter-Strike,,,,,1,,,,,,,,,-1,,,
Counter-Strike,,,,,,,,,,,,,,,,,
Counter-Strike,,,,,,,,,,,,,,,,,
Counter-Strike,,,,,1,,,,,,,,,,,,
Counter-Strike,,,,,1,,,,,,,,,,,,
Counter-Strike,,,,,,,,,,,,,,,,,
Counter-Strike,,,,1,1,,,1,,,,,,,,,
Counter-Strike,,,,,,,,,,,,,,,,,
Counter-Strike,,,,,,,,,,,,,,,,,
Counter-Strike,,,,,1,,,,,,,,,,,,
Counter-Strike,,,,,,,,,,,,,,,,,
Counter-Strike,,,,,,,,,,,,,,,,,
Counter-Strike,,,,,0,,,,,,,,,,,,
Counter-Strike,,,,,,,,,,,,,,,,,
Counter-Strike,,,,,,,,,,,,,,,,,
Counter-Strike,,,,,,,,,,,,,,,,,
Counter-Strike,,,,,,,0,,,,,,,,,,
Counter-Strike,,,,,,,,,,,,,,,,,
Counter-Strike,,,,,,,,,,,,,,,,,
Counter-Strike,,,,,,,,,,,,,,,,,
Counter-Strike,-1,-1,-1,,1,,,,,,,,,-1,,-1,
Counter-Strike,,,,,,,,,,,,,,,,,
Counter-Strike,,,,0,,,,,,,,,,,,,
Counter-Strike,,,,,,,,,,,,,,,,,
Counter-Strike,,,,,1,,,,,,,,,,,,
Counter-Strike,,,,,,,,,,,,,,,,,
Counter-Strike,,,,,1,,1,,,,,,,,,,
Counter-Strike,,,,,1,-1,1,1,1,,,1,,1,,1,
Counter-Strike,,,,,,,,,,,,,,,,,
Counter-Strike,,,,,1,,,,,,,,,,,,
Counter-Strike,,,,,,,,,,,,,,,,,
Counter-Strike,,,,,,,,,,,,,,,,,
Counter-Strike,,,,,,,,,,,,,,,,,
Counter-Strike,1,1,,,,,,,,,,,,,,,
Counter-Strike,,,,,,,,,,,,,,,,,
Counter-Strike,,,,,,,,,,,,,,,,,
Counter-Strike,,,,,,-1,,,,,,,,,,,
Counter-Strike,,,,,1,,,,,,,,,,,,
Counter-Strike,,,,,,,,,,,,,,,,,
Counter-Strike,,,,,,,,,,,,,,,,,
Counter-Strike,,,,,1,,,,,,,,,,,,
Counter-Strike,,,,,,,,,,,,,,,,,
Counter-Strike,,,,,,,,,,,,,,-1,,,
Counter-Strike,,,,,,,,,,,,,,,,,
Counter-Strike,,,,,1,,,,,,,,,,,,
Counter-Strike,,,,,1,,1,,,,,,,,,,
Counter-Strike,,,,,,,,,,,,,,,,,
Counter-Strike,,,,,,,,,,,,,,,,,
Counter-Strike,,,,1,1,,,1,,,,,,,,,
Counter-Strike,,,,,,,,,,,,,,,,,
Counter-Strike,,,,,,,,,,,,,,,,,
Counter-Strike,,,,,1,,,,,,,,,,,,
Counter-Strike,,,,1,1,,1,,1,,,,,,,,
Counter-Strike,,,,,1,,,,,,,,,,,,
Counter-Strike,,,,,,,,,,,,,,,,,
Counter-Strike,,,,,1,,1,,,,,,,,,,
Counter-Strike,,,,,,,,,,,,,,,,,
Counter-Strike,,,,,1,,,,,,,,,,,,
Counter-Strike,,,,,,,,,,,,,,,,,
Counter-Strike,,,,,,,,,,,,,,,,,
Counter-Strike,,,,,1,,,,,,,,,,,,
Counter-Strike: Source,,,,,,,,,,,,,,,,,
Counter-Strike: Source,,,,,,,,,,,,,,,,,
Counter-Strike: Source,,,,1,1,,,,,,,,,,,,
Counter-Strike: Source,,,,,1,,,,,,,,,,,,
Counter-Strike: Source,,,,1,1,,1,,,,,,,,,1,
Counter-Strike: Source,1,,,,1,,,,,,,,,,,-1,
Counter-Strike: Source,,,,,1,,,,,,,,,,,,
Counter-Strike: Source,,,,,,,,,,,,,,,,,
Counter-Strike: Source,,,,,,,,,,,,,,,,,
Counter-Strike: Source,,,,,1,,,,,,,,,0,,,
Counter-Strike: Source,,,,,-1,,,,,,,,,,,,
Counter-Strike: Source,,,,,,,,,,,,,,,,,
Counter-Strike: Source,,,,,,,,,,,,,,,,,
Counter-Strike: Source,,,,,,,,,,,,,,,,,
Counter-Strike: Source,,,,1,1,,1,1,,,,,,1,,,
Counter-Strike: Source,,,,,1,,,,,,,,,,,,
Counter-Strike: Source,-1,-1,,,0,,,,-1,,,,,,,-1,
Counter-Strike: Source,,,,,,,,,,,,,,,,,
Counter-Strike: Source,,,,,,,,,,,,,,,,,
Counter-Strike: Source,,,,,,,,,,,,,,,,,
Counter-Strike: Source,,,,,,,,,,,,,,,,,
Counter-Strike: Source,,,,,1,,,,,,,,,,,,
Counter-Strike: Source,,,,1,1,,,1,,,,,,,,,
Counter-Strike: Source,,,,,,,,,,,,,,,,,
Counter-Strike: Source,,,,,,,,,,,,,,,,,
Counter-Strike: Source,,,,,,,,,,,,,,,,,
Counter-Strike: Source,,,,,,,,,,,,,,,,,
Counter-Strike: Source,,,,,1,,,,,,,,,,,,
Counter-Strike: Source,,,,,1,,,,,,,,,,,,
Counter-Strike: Source,,,,,,,,,,,,,,,,-1,
Counter-Strike: Source,,,,,1,,,,,,,,,,,,
Counter-Strike: Source,,,,,1,,,1,,,,,,,,,
Counter-Strike: Source,,,,,,,,,,,,,,,,,
Counter-Strike: Source,,,,,,,,,,,,,,,,,
Counter-Strike: Source,,,,,,,,,,,,,,,,,
Counter-Strike: Source,,,,,1,,,,,,,,,,,,
Counter-Strike: Source,,,,,1,,,,,,,,,,,,
Counter-Strike: Source,0,1,,1,1,0,1,1,1,0,1,0,,0,0,-1,-1
Counter-Strike: Source,,,,1,1,,,,,,,,,,,,
Counter-Strike: Source,,,,,1,,,,,,,,,,,,
Counter-Strike: Source,,,,,1,,,,,,,,,,,,
Counter-Strike: Source,,,-1,,,-1,,,,,,,-1,-1,,,
Counter-Strike: Source,,,,,,,,,,,,,,,,,
Counter-Strike: Source,,,,,1,,,,,,,,,,,,
Counter-Strike: Source,,,,,,-1,,0,-1,-1,,,,,-1,,-1
Counter-Strike: Source,,,,,1,,,,,,,,,,,,
Counter-Strike: Source,,,,,1,,,,,,,,,1,,,
Counter-Strike: Source,,,,,1,,1,,,,,,,,,,
Counter-Strike: Source,,,,0,1,,,,,,,,,0,,,
Counter-Strike: Source,,,,,,,,,,,,,,,,,
Counter-Strike: Source,,,,,,,,,,,,,,,,,
Counter-Strike: Source,,,,,,,,,,,,,,,,,
Counter-Strike: Source,,,,,,,,,,,,,,,,,
Counter-Strike: Source,,,,,1,,,,,,,,,,,,
Counter-Strike: Source,,,,,1,,,,,,,,,,,,
Counter-Strike: Source,,,,,1,,,,,,,,,,,,
Counter-Strike: Source,,,,,1,,,,,,,,,,,,
Counter-Strike: Source,,,,,1,,,,,,,,,,,,
Counter-Strike: Source,,,,,,,,,,,,,,,,,
Counter-Strike: Source,,,,1,1,,1,,,,,,,,,,
Counter-Strike: Source,,,,,1,,,,,,,,,,,,
Counter-Strike: Source,,,,,,,,,,,,,,,,,
Counter-Strike: Source,,,,,,,,,,,,,,,,,
Counter-Strike: Source,,,,,,,,,,,,,,,,,
Counter-Strike: Source,,,,,1,,,,,,,,,,,,
Counter-Strike: Source,,,,,1,,,,,,,,,,,,
Counter-Strike: Source,,,,,,,,,,,,,,,,,
Counter-Strike: Source,,,,,,1,1,1,,,,,,1,,,
Counter-Strike: Source,1,1,,,,1,,,1,,1,,,,,,
Counter-Strike: Source,,,,,,,,,,,,,,,,,
Counter-Strike: Source,,,,,1,,,,,,,,,,,,
Counter-Strike: Source,,,,,1,,,,,,,,,-1,,-1,
Counter-Strike: Source,,,,,1,,,,,,,,,,,,
Counter-Strike: Source,,,,,,,,,,,,,,,,,
Counter-Strike: Source,,,,,1,,,,,,,,,,,,
Counter-Strike: Source,,,,,,,,,,-1,,,,,,,
Counter-Strike: Source,,,,,,,,,,,,,,,,,
Counter-Strike: Source,,,,,1,,,,,,,,,,,,
Counter-Strike: Source,,,,,,,,,,1,,,,0,,,
Counter-Strike: Source,,,-1,,1,-1,,,,,,,,-1,,,
Counter-Strike: Source,,,,,1,,,,,,,,,,,,
Counter-Strike: Source,,,,1,1,,1,,,,,,-1,-1,,-1,
Counter-Strike: Source,,,,,,,,,,,,,,,,,
Counter-Strike: Source,,,,,1,,1,1,,,,,,,,,
Counter-Strike: Source,,,,,,,,,,,,,,,,,
Counter-Strike: Source,,,,,,,,,,,,,,,,,
Counter-Strike: Source,,,,,,,,,1,1,,,,,,,
Counter-Strike: Source,,,,,,,,0,,,,,,,,,
Counter-Strike: Source,,,,,,,,,,,,,,,,,
Counter-Strike: Source,,,,,1,,,,,,,,,,,,
Counter-Strike: Source,,,,,,,,,,,,,,,,,
Counter-Strike: Source,,,,,1,,,,,,,,,,,,
Counter-Strike: Source,,,,,,,,,,,,,,,,,
Counter-Strike: Source,,,,,,,,,,,,,-1,,,,
Counter-Strike: Source,,,,,1,-1,,,,,,,-1,,,-1,-1
Counter-Strike: Source,,,,,,,,,,,,,,,,,
Counter-Strike: Source,,,,1,1,-1,1,1,,,,,,0,,,
Counter-Strike: Source,,,,,,,,,,,,,,,,,
Counter-Strike: Source,,,,,-1,-1,,,,,,,,,,,
Counter-Strike: Source,,,-1,,0,,,,,,,,,0,,,
Dota 2,,,,1,1,,,,,,,,,,,,
Dota 2,,,,,,,,,,,,,,,,,
Dota 2,,,,,1,,,,,,,,,,,-1,
Dota 2,,,-1,-1,-1,-1,,,,,,,-1,-1,,-1,-1
Dota 2,,,,,1,-1,,,,,,,,0,-1,-1,
Dota 2,,,,,-1,,,,,-1,,,,,,,
Dota 2,,,,,-1,,,,,,,,,,,,
Dota 2,,,,,,-1,,,,,,,,-1,,,
Dota 2,,,,,1,,,,,,,,,,,,
Dota 2,,,,,,,,,,,,,,,,,
Dota 2,,,,,,,,,,,,,,-1,,,
Dota 2,,,,,,,,-1,,,,,,,,,
Dota 2,,,,,,,,,,,,,,,,,
Dota 2,,,,,1,,,,,,,,,,,,
Dota 2,,,,,,1,,,,,,,,1,,,
Dota 2,,,,,,,,,,,,,,,,-1,
Dota 2,,,,,,-1,,,,,,,,,,,
Dota 2,,,,,,,,,,,,,,,,,
Dota 2,,,,,1,,,,,,,,,,,,
Dota 2,,,,,1,,,,,,,,,,,,
Dota 2,,,,,,,,,,,,,,,,,
Dota 2,,,,,1,-1,,,,,,,-1,,,-1,
Dota 2,,,,,,,-1,,,,,,,,,,
Dota 2,,,,,,,,,,,,,,,,,
Dota 2,,,,,,,,,,,,,,,,,
Dota 2,,-1,,,,,,,-1,,-1,,,,,,
Dota 2,,,,0,0,,,,,,,,,,,,
Dota 2,,,,,1,,,,,,,,,,-1,,
Dota 2,,,,,,,,,,,,,,,,,
Dota 2,,,,,-1,,-1,-1,,,,,,,,,
Dota 2,,,,,1,,,,,,,,,,,-1,
Dota 2,,,,,,,,,,,,,,-1,,,
Dota 2,,,,,,,,,,,,,-1,,,,
Dota 2,,,,,,,,,,,,,,,,,
Dota 2,,,,,1,-1,,,,,,,,-1,,-1,
Dota 2,,,,,,,,,,,,,,,,,
Dota 2,,,,,1,,,,,,,,,,,,
Dota 2,,,,,,,,,,,,,,,,,
Dota 2,,,,,1,,,,,,,,,,,,
Dota 2,,,,,1,,,,,,,,,,,,
Dota 2,,,,,,,,,,,,,,,,,
Dota 2,,,,,1,,,,,,,,,,,,
Dota 2,,,,,,,,,,,,,,,,,
Dota 2,,,,,,,,,,,,,,,,,
Dota 2,,1,,,,,,,1,,1,,,,,,
Dota 2,,,,,,,,,,,,,,,,,
Dota 2,,,,,,,,,,,,,,,,,
Dota 2,,,,,1,,,,,,,,,,,,
Dota 2,,,,,,,,,,,,,,,,0,
Dota 2,,,,,,,,,,,,,,,,,
Dota 2,,,,,,,,,,,,,,,,,
Dota 2,,,,,,,,,,,,,,,,,
Dota 2,,,,,-1,,,,,,,,,,,,
Dota 2,,,,,,,,,,,,,,,,,
Dota 2,,,,,,,,1,,,,,,,,,
Dota 2,,,,,1,,,,,,,,,,,,
Dota 2,,,,,-1,-1,,,,,,,,,,-1,
Dota 2,,,,,,,,,,,,,,,,,
Dota 2,,,,,,,,,,,,,,,-1,,
Dota 2,,,,,,,,1,1,1,,,,,,,
Dota 2,,,,,,,,,,,,,,,,,
Dota 2,,,,,,,,,,,,,,,,,-1
Dota 2,,,,,1,,,,,,,,,,,,
Dota 2,,,,,,,,,,,,,,,,,
Dota 2,,,,,1,,,,,,,,,,,,
Dota 2,,,,,1,,,,,,,,,,,,
Dota 2,,,,,,,,,,,,,,,,,
Dota 2,,,,,,,,,,,,,,,,,
Dota 2,,,,,1,,,,,,,,,,,,
Dota 2,,,,,,,,,,,,,,,,,
Dota 2,,,,,,,,,,,,,,,,,
Dota 2,,,,,,,,,,,,,,,,,
Dota 2,,,,,,,,,,,,,,,,,
Dota 2,,,,,,,,,,,,,,,,,
Dota 2,,,,,,,1,,,,,,,,,,
Dota 2,,,,,,,,,,,,,,,,,
Dota 2,,,,,1,-1,,,,,,,,,,,
Dota 2,,,,,,,,,,,,,,,,,
Dota 2,,,,,,,,,,,,,,,,,
Dota 2,,,,,,-1,,,,,,,,,,,
Dota 2,,,,,,,,,,,,,,,,,
Dota 2,,,,,1,,,,,,,,,,,,
Dota 2,,,,,,,,,,,,,,,,,
Dota 2,,,-1,,,-1,,,,,,,-1,,,,-1
Dota 2,,,,,,,,,,,,,,,,,
Dota 2,,,,,,,,,,,,,,,,,
Dota 2,,,,,,,,,,,,,,,,,
Dota 2,,,,,,,,,,,,,,,,,
Dota 2,,,,,1,,1,,,,,,,1,,,
Dota 2,,,,,1,,,,,,,,,,,,
Dota 2,,,,,,,,,,,,,,,,,
Dota 2,,,,,,,,,,,,,,,,,
Dota 2,,,,,0,,,,,,,,,,,,
Dota 2,,,,,1,,,,,,,,,,,,
Dota 2,,,,,1,,,,,,,,,,,,
Dota 2,,,,,,,,,,,,,,,,,
Dota 2,,,,,,,,,,,,,,,,,
Dota 2,,,,,,,,,,,,,-1,,,,
Dota 2,,,,,1,-1,,,,,,,,,,,
Dota 2,,,,,,,,,,,,,,,,,
Counter-Strike 2,-1,0,-1,1,1,,,,0,,0,,,0,,,
Counter-Strike 2,,,,,1,,1,1,,,,1,,,,,
Counter-Strike 2,,,,,1,,,,,,,,,,,,
Counter-Strike 2,,,,,,,,,,,,,,,,,
Counter-Strike 2,,,,,,,,,,,,,,,,,
Counter-Strike 2,,,,,,,,,,,,,,,,,
Counter-Strike 2,,,,,,,,,,,,,,,,,
Counter-Strike 2,,,,,1,,,,,,,,,,,,
Counter-Strike 2,,,,,1,,,,,,,,,,,1,
Counter-Strike 2,,,,,,,,,,,,,-1,,,,
Counter-Strike 2,,,,,,,,,,,,,,,,,
Counter-Strike 2,,,,,,,,,,,,,,,,,
Counter-Strike 2,,,,,,,,,,,,,,,,,
Counter-Strike 2,,,,,,,,,,,,,,,,,
Counter-Strike 2,,,,,,-1,,,,,,,,,,,
Counter-Strike 2,,,,,,,,,,,,,-1,,,,
Counter-Strike 2,,,,,,,,,,,,,-1,,,,
Counter-Strike 2,,,,,,,,,,,,,,,,,
Counter-Strike 2,,,,,,,,,,,,,,,,,
Counter-Strike 2,,,,,,,,,,,,,-1,,,,
Counter-Strike 2,,,,,,,,,,,,,-1,,,,
Counter-Strike 2,,,,,,,,,,,,,-1,,,,
Counter-Strike 2,,,,,1,,,,,,,,,,,,
Counter-Strike 2,,,,,,,,,,,,,,,,,
Counter-Strike 2,,,,,1,,,,,,,,,,,,
Counter-Strike 2,,,,,,,,,,,,,-1,,,,
Counter-Strike 2,,,,,-1,-1,,,,,,,-1,,,,
Counter-Strike 2,,,,,,-1,,-1,,,,,,-1,,,-1
Counter-Strike 2,,,,,,,,,,,,,,,,,
Counter-Strike 2,,,,,1,,,,,,,,,,,,
Counter-Strike 2,,,,,1,,,,,,,,,,,,
Counter-Strike 2,,,,,1,,,,,,,,,,,,
Counter-Strike 2,,,,,1,-1,1,1,,,,,,,-1,-1,
Counter-Strike 2,,,,,1,,1,1,,,,1,,,,,
Counter-Strike 2,,,,,,,,,,,,,-1,,,,
Counter-Strike 2,,,,,,,,,,,,,,,,,
Counter-Strike 2,,,,,,,,,,,,,,,,,
Counter-Strike 2,,,,,1,,,,,,,,,,,,
Counter-Strike 2,,,,,,,,,,,,,,,,,
Counter-Strike 2,,,,,,,,,,,,,,,,,
Counter-Strike 2,,,,,,,,,,,,,,,,,
Counter-Strike 2,,,,,1,,1,,,,,,,,,,
Counter-Strike 2,,,,,1,,,,,,,,,,,,
Counter-Strike 2,,,,,,,,,,,,,,,,,
Counter-Strike 2,,,,,,,,,,,,,,,,,
Counter-Strike 2,,,,,,,,,,,,,,,,,-1
Counter-Strike 2,,,,,1,,,,,-1,,,,,,,
Counter-Strike 2,,,,,,,,,,,,,,,,,
Counter-Strike 2,,,,,,,,,,,,,,,,,
Counter-Strike 2,,,,,1,,,,,,,,,,,,
Counter-Strike 2,,,,,,,,,,,,,,,,,
Counter-Strike 2,,,,,,,,,,,,,,,,,
Counter-Strike 2,,,,,,,,,,,,,-1,1,,,
Counter-Strike 2,,,,,,,,,,,,,,,,,
Counter-Strike 2,,,,,,,,,,,,,,,,,
Counter-Strike 2,,,,,,,,,,,,,-1,,,,
Counter-Strike 2,,,,,,,,,,,,,1,,,,
Counter-Strike 2,,,,,,,,,,,,,-1,,,,
Counter-Strike 2,,,,,1,,,,,,,,,,,,
Counter-Strike 2,,,,,1,,,,,,,,,,,,
Counter-Strike 2,,,,,,,,,,,,,,,,,
Counter-Strike 2,,,,,1,,,,,,,,-1,,,,
Counter-Strike 2,,,,,-1,-1,-1,,-1,,,,,,,,
Counter-Strike 2,,,,,,,,,,,,,,,,,
Counter-Strike 2,,,,,,,,,,,,,,,,,
Counter-Strike 2,,,,,,,,,,,,,,,,,
Counter-Strike 2,,,,,,,,,,,,,,,,,
Counter-Strike 2,,,,,,,,,,,,,,,,,
Counter-Strike 2,,,,,,,,,,,,,,,,,
Counter-Strike 2,,,,,,,,,,,,,,,,,
Counter-Strike 2,,,,,,,,,,,,,,,-1,,
Counter-Strike 2,,,,,,,,,,,,,,,,,
Counter-Strike 2,,,,,1,,,,,,,,,,,,
Counter-Strike 2,,,,,1,,,,,,,,,,,,
Counter-Strike 2,,,,,,,,,,,,,,,,,
Counter-Strike 2,,,,,,,,,,,,,,,,,
Counter-Strike 2,,,,,,,,,,,,,,,,,
Counter-Strike 2,,,,,,,,,,,,,,,,,
Counter-Strike 2,,,,,,,,,,,,,,,,-1,
Counter-Strike 2,,,,,,,,,,,,,-1,,,,
Counter-Strike 2,,,,,1,,,,,,,,,,,,
Counter-Strike 2,,,,,,-1,,,,,,,-1,-1,,,
Counter-Strike 2,,,,,,,,,,,,,,,,,
Counter-Strike 2,,,,,,,,,,,,,,,,,
Counter-Strike 2,,,,,1,,,,,,,,,,,,
Counter-Strike 2,,,,,1,,,,,,,,,,,-1,
Counter-Strike 2,,,,,,,,,,,,,,,,,
Counter-Strike 2,,,,,,,,,,,,,,,,,
Counter-Strike 2,,,,,,,,,,,,,,,,,
Counter-Strike 2,,,,,1,,,,,,,,,,,,
Counter-Strike 2,,,,,,,,,,,,,,,,,
Counter-Strike 2,,,,,1,,1,,,,,,,,,,
Counter-Strike 2,,,,,,,,,,,,,,,,,
Counter-Strike 2,,,,,,,,,,,,,,,,,
Counter-Strike 2,,,,,,,,,,,,,-1,,,,
Counter-Strike 2,,,,,,,,,,,,,-1,,,,
Counter-Strike 2,,,,,0,,,,,,,,,,,,-1
Counter-Strike 2,,,-1,,,-1,,,,,,,,0,,,
Counter-Strike 2,,,,,1,,,1,,,,1,,,,,-1
Counter-Strike 2,,,,,,,,,,,,,,,,,
Insaniquarium Deluxe,,,,,,-1,,,,,,,,,,,
Insaniquarium Deluxe,,,,,1,,,,,,,,,,,,
Insaniquarium Deluxe,1,,-1,,1,,,,,,,1,,,,-1,
Insaniquarium Deluxe,,,,,,,,,,,,,,,,,
Insaniquarium Deluxe,,,-1,,,,,,,,,,,,,,
Insaniquarium Deluxe,,,,1,1,,,,,,,,,,,-1,-1
Insaniquarium Deluxe,,,,,1,,,,,,,,,,1,-1,
Insaniquarium Deluxe,,,,0,0,,,,,,,,,,,,-1
Insaniquarium Deluxe,0,,-1,,1,0,1,1,,,,,,0,,,
Insaniquarium Deluxe,,,,,1,,,,,,,,,,,,
Insaniquarium Deluxe,,,,,1,,,,,,,,,,,,
Insaniquarium Deluxe,,,,,1,,,,,,,,,,,,
Insaniquarium Deluxe,-1,,-1,,-1,,,,,,,,,,,,
Insaniquarium Deluxe,-1,,0,,1,,,,,,,1,,,,,
Insaniquarium Deluxe,-1,,-1,,,,,,,,,,,-1,,,
Insaniquarium Deluxe,-1,,0,,1,,,,,,,,,,,,
Insaniquarium Deluxe,,1,,,1,,1,,1,,1,1,,,,,
Insaniquarium Deluxe,-1,,-1,,,,,,,,,,,-1,,,
Insaniquarium Deluxe,,,,,1,,,,,,,,,,,,
Insaniquarium Deluxe,,,,,,,,,,,,,,,,,
Insaniquarium Deluxe,,,,,1,,,,,,,,,,,,
Insaniquarium Deluxe,,,,1,1,,1,1,,,,,,-1,,,
Insaniquarium Deluxe,-1,,-1,,,,,,,,,,,,,,
Insaniquarium Deluxe,-1,,-1,,,,,,,,,,,,,,
Insaniquarium Deluxe,,,,,1,,,,,,,,,,,,
Insaniquarium Deluxe,,,,,1,,,,1,1,,,,,,,
Insaniquarium Deluxe,,,,,,,,,,,,,,,,,
Insaniquarium Deluxe,-1,,-1,,1,,,,1,,,,,,,,
Insaniquarium Deluxe,,,,,1,,,,,,,,,,,,
Insaniquarium Deluxe,,,,1,1,,,,,,,,,,-1,-1,
Insaniquarium Deluxe,,,,,,,,,,,,,,,,,
Insaniquarium Deluxe,,,,,1,,,,,,,,,,,,
Insaniquarium Deluxe,,,,,,,,,,,,,,,,,
Insaniquarium Deluxe,,,,,,,,,,,,,,,,,
Insaniquarium Deluxe,,,,,1,,,,,,,,,,,-1,
Insaniquarium Deluxe,-1,,-1,,1,,,,,,,,,,,,
Insaniquarium Deluxe,,,,,1,,,,,,,,,,,,
Insaniquarium Deluxe,,,,,1,,1,1,1,,,,,,,,
Insaniquarium Deluxe,-1,-1,-1,-1,1,,-1,-1,0,,,,,-1,,-1,
Insaniquarium Deluxe,,,,,1,,,,,,,,,,,,
Insaniquarium Deluxe,,,,,,,1,1,,,,,,,,,
Insaniquarium Deluxe,,,-1,,,,,,,,,,-1,,,,
Insaniquarium Deluxe,,,,,1,,,,,,,,,,,,
Insaniquarium Deluxe,,,,,,,,,,,,,,,-1,-1,-1
Insaniquarium Deluxe,,,,,1,,,,,,,,,,,,
Insaniquarium Deluxe,-1,,-1,,1,,,,,,,,,,-1,,-1
Insaniquarium Deluxe,-1,,-1,,1,,,,,,,,,,,,
Insaniquarium Deluxe,,,,,,,,,,1,,,,,,,
Insaniquarium Deluxe,,,-1,,,,,,,,,,,,-1,-1,-1
Insaniquarium Deluxe,,,,,1,,,,,,,,,,,,
Insaniquarium Deluxe,,,,,1,,,,,,,,,,,,
Insaniquarium Deluxe,-1,,-1,,,,,,,,,,,,,,
Insaniquarium Deluxe,,,,1,1,,1,,,,,,,1,,,
Insaniquarium Deluxe,-1,,-1,-1,1,,1,,,,,,,1,,,
Insaniquarium Deluxe,,,,,,,,,,,,,,,,,
Insaniquarium Deluxe,,,,0,1,,,,,,,,,,,,
Insaniquarium Deluxe,,,,1,1,,,,,,,,,,,,
Insaniquarium Deluxe,,,,,1,,,,,,,,,,1,-1,
Insaniquarium Deluxe,,,,-1,1,,,,,,,,,,-1,-1,-1
Insaniquarium Deluxe,,,,,,,,1,,1,,-1,,,,,
Insaniquarium Deluxe,,,,,1,,,,,,,,,,,,
Insaniquarium Deluxe,-1,,-1,,1,,,,,,,,,,,,
Insaniquarium Deluxe,,,,,1,,,,,,,,,,,,-1
Insaniquarium Deluxe,,,,,1,,,,,,,,,,,,
Insaniquarium Deluxe,,,,,1,,,,1,1,,,,,,1,
Insaniquarium Deluxe,,,,,1,,,,,,,,,,,,
Insaniquarium Deluxe,,,,,1,,,,,,,,,,-1,-1,-1
Insaniquarium Deluxe,,,,-1,1,,1,1,,,,,,,-1,-1,
Insaniquarium Deluxe,,-1,,,1,,,,1,,,,,,,,-1
Insaniquarium Deluxe,,,,,,,,,,,,,,,,,
Insaniquarium Deluxe,,,,,1,,,,,,,,,,,,
Insaniquarium Deluxe,,,,,,,,,,,,,,,,,
Insaniquarium Deluxe,,,,,1,,,,,,,,,,,,
Insaniquarium Deluxe,,,,1,1,,,,,,,1,,,,,
Insaniquarium Deluxe,,,-1,1,1,,,1,,,,1,-1,0,-1,-1,-1
Insaniquarium Deluxe,,,,,0,,,,,,,,,,,,-1
Insaniquarium Deluxe,-1,,-1,,,,,,,,,,,-1,,,
Insaniquarium Deluxe,,,,,,,,,,,,,,,,,
Insaniquarium Deluxe,,,,,1,,,,,,,,,,,,
Insaniquarium Deluxe,,,,,1,,,,,,,,,,,,
Insaniquarium Deluxe,,,,,1,,,,,,,,,,,,
Insaniquarium Deluxe,,,,,,,,,,,,,,,,,
Insaniquarium Deluxe,,,,,1,,,,,,,,,,,,
Insaniquarium Deluxe,,,,,1,,,,,,,,,,,,
Insaniquarium Deluxe,,,,,1,,,,,,,,,,,,
Insaniquarium Deluxe,,,-1,,,,,,,,,,-1,,,,
Insaniquarium Deluxe,,,,,1,,,,,,,,,,,,
Insaniquarium Deluxe,,,,,1,,1,,,,,,,,,,
Insaniquarium Deluxe,,,-1,,,,,,,,,,,,,,
Insaniquarium Deluxe,,,,,,,,,,,,,,,,,
Insaniquarium Deluxe,0,,-1,,1,,,,,,,,,0,,,
Insaniquarium Deluxe,,,,,1,,,,,,,,,,,,
Insaniquarium Deluxe,,,,,1,,,,,,,,,,,,
Insaniquarium Deluxe,,,-1,,,,,,,,,,,,,,
Insaniquarium Deluxe,,,,,1,,,,,,,,,,,,
Insaniquarium Deluxe,,,,,,,,,,,,,,,,,
Insaniquarium Deluxe,,,-1,,,,,,,,,,,,,,-1
Insaniquarium Deluxe,,,,,1,,1,,,,,,,,,,
Insaniquarium Deluxe,0,,-1,,,,,,,,,,,1,,,
Insaniquarium Deluxe,-1,-1,-1,0,1,-1,-1,-1,-1,,-1,,,-1,,-1,-1
Plants vs. Zombies GOTY Edition,,,,,,,,,,,,,,,,,
Plants vs. Zombies GOTY Edition,,,,,,,,,,,,,,,,,
Plants vs. Zombies GOTY Edition,,,,,1,,1,,,,,,,,,,
Plants vs. Zombies GOTY Edition,,-1,-1,,,,,,-1,,,,,,,,
Plants vs. Zombies GOTY Edition,,,,,,-1,,,,,,,,-1,,,
Plants vs. Zombies GOTY Edition,,,,1,1,,,,,,,,,,,,
Plants vs. Zombies GOTY Edition,,,,,1,,,,,,,,,,,,
Plants vs. Zombies GOTY Edition,,,,,,,,,,,,,,,,,
Plants vs. Zombies GOTY Edition,,,,,0,,,,,,,,,,,,
Plants vs. Zombies GOTY Edition,,,,,1,1,1,1,,,,,,1,,,
Plants vs. Zombies GOTY Edition,,,,,,,,,,,,,,,,,
Plants vs. Zombies GOTY Edition,,,,,1,,1,,,,,,,,,,
Plants vs. Zombies GOTY Edition,,,,1,0,-1,1,1,0,0,1,1,,-1,-1,-1,-1
Plants vs. Zombies GOTY Edition,,,,,1,,,,,,,,,,,,
Plants vs. Zombies GOTY Edition,,,,,1,,0,,,,,,,,,,
Plants vs. Zombies GOTY Edition,,,,,,,0,,,,,,,,,,
Plants vs. Zombies GOTY Edition,,,,,1,,,,,,,,,,,,
Plants vs. Zombies GOTY Edition,,,,,1,,,,1,1,,,,,,,
Plants vs. Zombies GOTY Edition,,,,,1,,,,,,,,,,,,
Plants vs. Zombies GOTY Edition,,,,,,,,,,,,,,,,,-1
Plants vs. Zombies GOTY Edition,,,,,,,,,,,,,,,,,
Plants vs. Zombies GOTY Edition,,,,1,1,,,,,,,,,,,,
Plants vs. Zombies GOTY Edition,,,,-1,1,,,,,,,,,,,,
Plants vs. Zombies GOTY Edition,,,,,,,,,,,,,,,,,
Plants vs. Zombies GOTY Edition,,,,,-1,,,,,,,,,,,,
Plants vs. Zombies GOTY Edition,,,,,1,-1,,-1,,,,,,,-1,,-1
Plants vs. Zombies GOTY Edition,,,,,1,,-1,,,,,,,-1,,,
Plants vs. Zombies GOTY Edition,,,,,1,,,,,,,,,,,,
Plants vs. Zombies GOTY Edition,,,,,,,,,,,,,,,,,
Plants vs. Zombies GOTY Edition,,,,,1,,,,,,,,,,-1,,
Plants vs. Zombies GOTY Edition,,,,,1,,,,,,,,,,,,
Plants vs. Zombies GOTY Edition,,,,,,,,,,,,,,,,,
Plants vs. Zombies GOTY Edition,,,,,,,,,,,,,,,,,
Plants vs. Zombies GOTY Edition,,,,,1,,1,,,,,,,,,,
Plants vs. Zombies GOTY Edition,,,,,1,,,,,,,,,,,,
Plants vs. Zombies GOTY Edition,,,,,1,,,,,,,,,,,,
Plants vs. Zombies GOTY Edition,,,,1,1,,,,,,,,,,,,
Plants vs. Zombies GOTY Edition,,,,,1,,,,,,,,,,,,
Plants vs. Zombies GOTY Edition,,,,,1,,,,,,,,,,,,
Plants vs. Zombies GOTY Edition,,,-1,,,,,,,,,,,-1,,,
Plants vs. Zombies GOTY Edition,,,,,,,,,,,,,,,,,
Plants vs. Zombies GOTY Edition,,,,,1,,,,,,,,,,,,
Plants vs. Zombies GOTY Edition,,,,,1,,,,,,,,,,,,
Plants vs. Zombies GOTY Edition,,,,,1,,,,,,,,,,,,
Plants vs. Zombies GOTY Edition,,,,,1,,,1,,,,,,,,,
Plants vs. Zombies GOTY Edition,,,,,,,,,,,,,,,,,
Plants vs. Zombies GOTY Edition,,,,,,,,,,,,,,,,,
Plants vs. Zombies GOTY Edition,,,,,,-1,,,,,,,,,,,
Plants vs. Zombies GOTY Edition,,,,,1,,,,,,,,,,,,
Plants vs. Zombies GOTY Edition,,,,,1,,,,,,,,,,,,
Plants vs. Zombies GOTY Edition,,,,,1,,,,,,,,,,,,
Plants vs. Zombies GOTY Edition,,,,,1,,,,,,,,,,,,
Plants vs. Zombies GOTY Edition,,,,,,,,,,,,,,,,,
Plants vs. Zombies GOTY Edition,,,,,1,,,,,,,,,,,,
Plants vs. Zombies GOTY Edition,,,,,1,,,,,,,,,,,,
Plants vs. Zombies GOTY Edition,,,,,1,,,,,,,,,,,,
Plants vs. Zombies GOTY Edition,,,,,1,,,1,,,,,,,,,
Plants vs. Zombies GOTY Edition,,,,,,,,,,,,,,,,,
Plants vs. Zombies GOTY Edition,,,,,1,,,,,,,,,,,,
Plants vs. Zombies GOTY Edition,,,,1,1,,1,,,,,,,,,,
Plants vs. Zombies GOTY Edition,,,,,,,,,,,,,,,,,
Plants vs. Zombies GOTY Edition,,,,,,,,,,,,,,,,,
Plants vs. Zombies GOTY Edition,-1,,-1,,1,,,,,,,,,,,,
Plants vs. Zombies GOTY Edition,,,,1,1,,,1,,,,,,,1,,
Plants vs. Zombies GOTY Edition,,,,,1,,,,,,,,,,,,
Plants vs. Zombies GOTY Edition,,,,,,,,,,,,,,,,,
Plants vs. Zombies GOTY Edition,,,,,1,,,,,,,,,,,,
Plants vs. Zombies GOTY Edition,,,,,,,,,,,,,,,,,
Plants vs. Zombies GOTY Edition,,,,,1,,,,,,,,,,-1,-1,
Plants vs. Zombies GOTY Edition,,,,,,,,,,,,,,,,,
Plants vs. Zombies GOTY Edition,,,,,,,,,,,,,,,,,
Plants vs. Zombies GOTY Edition,,,,,1,,1,,,,,,,,,,
Plants vs. Zombies GOTY Edition,,,,,,,,,,,,,,,,,
Plants vs. Zombies GOTY Edition,,,,,1,,,,,,,,,,,,
Plants vs. Zombies GOTY Edition,,,,,1,,,,,,,,,,,,
Plants vs. Zombies GOTY Edition,,,,,1,,,,,,,,,,,,
Plants vs. Zombies GOTY Edition,,,,,1,,,,,,,,,,,,
Plants vs. Zombies GOTY Edition,,,,,1,,1,,,,,,,,,,
Plants vs. Zombies GOTY Edition,,,,,,,,,,,,,,,,,
Plants vs. Zombies GOTY Edition,,,,,1,,,,,,,,,,,,
Plants vs. Zombies GOTY Edition,,,,,1,,,,,,,,,,,,
Plants vs. Zombies GOTY Edition,,,,,1,,,,,,,,,,,,
Plants vs. Zombies GOTY Edition,,,,,1,,,,,,,,,,,,
Plants vs. Zombies GOTY Edition,,,,,1,,,,,,,,,,,,
Plants vs. Zombies GOTY Edition,,,,,1,,,,,,,,,,,,
Plants vs. Zombies GOTY Edition,,,,,1,,,,,,,,,,,,
Plants vs. Zombies GOTY Edition,,,,,1,,,,,,,,,,,,
Plants vs. Zombies GOTY Edition,,,,,,,,,,,,,,,,,
Plants vs. Zombies GOTY Edition,,,,,,,,,,,,,,,,,
Plants vs. Zombies GOTY Edition,,,,,1,,,,,,,,,,,,
Plants vs. Zombies GOTY Edition,,,,,1,,,,,,,,,,,,
Plants vs. Zombies GOTY Edition,,,,,1,,-1,,,,,,,-1,,,
Plants vs. Zombies GOTY Edition,,,,,,,,,,,,,,,,,
Plants vs. Zombies GOTY Edition,,,,,1,,,,1,1,,,,,,,
Plants vs. Zombies GOTY Edition,,,,1,1,,,1,1,1,,,,0,-1,-1,-1
Plants vs. Zombies GOTY Edition,,,,,,,,,,,,,,,,,
Plants vs. Zombies GOTY Edition,,,,,,-1,,,,,,,,,,,
Plants vs. Zombies GOTY Edition,,,,,,,,,,,,,,-1,,,
Plants vs. Zombies GOTY Edition,,,,,,,-1,,,,,,,-1,,,
Plants vs. Zombies GOTY Edition,,,,,,,,,,,,,,-1,,,
Total War: MEDIEVAL II – Definitive Edition,,,,,1,,,,,,,,,,,,
Total War: MEDIEVAL II – Definitive Edition,,,,,,,1,,,,,,,,,,
Total War: MEDIEVAL II – Definitive Edition,,,,,1,,,,,,,,,-1,,,
Total War: MEDIEVAL II – Definitive Edition,,,,,1,,1,,,,,,,-1,,,
Total War: MEDIEVAL II – Definitive Edition,-1,1,0,1,1,-1,1,1,1,1,1,1,-1,1,,1,-1
Total War: MEDIEVAL II – Definitive Edition,-1,1,-1,1,1,-1,1,1,,,,,,-1,,,
Total War: MEDIEVAL II – Definitive Edition,-1,,-1,,,,,,,,,,,,,,
Total War: MEDIEVAL II – Definitive Edition,,,,-1,1,-1,1,1,0,-1,1,1,,,-1,-1,
Total War: MEDIEVAL II – Definitive Edition,,,,,1,,1,,1,,,,,,,,
Total War: MEDIEVAL II – Definitive Edition,1,1,,,1,,,,1,,,,,,,,
Total War: MEDIEVAL II – Definitive Edition,,,,,1,,,,,,,,,,,,
Total War: MEDIEVAL II – Definitive Edition,,,,,1,,,,,,,,,,,,
Total War: MEDIEVAL II – Definitive Edition,-1,-1,-1,1,1,-1,,-1,,,,-1,-1,-1,-1,-1,-1
Total War: MEDIEVAL II – Definitive Edition,,,,,1,,,,,,,,,,,,
Total War: MEDIEVAL II – Definitive Edition,,,,,1,,,,,,,,,,,,
Total War: MEDIEVAL II – Definitive Edition,,,,,1,,,,,,,,,,,,
Total War: MEDIEVAL II – Definitive Edition,,,,,,,,,,,,,,,,,
Total War: MEDIEVAL II – Definitive Edition,-1,1,-1,1,1,-1,1,1,1,1,1,,,-1,-1,-1,-1
Total War: MEDIEVAL II – Definitive Edition,,,,,1,,,,,,,,,,,,
Total War: MEDIEVAL II – Definitive Edition,,,,,1,,,,1,,,,,,,,
Total War: MEDIEVAL II – Definitive Edition,-1,1,,1,1,,1,1,1,1,1,,,1,-1,-1,-1
Total War: MEDIEVAL II – Definitive Edition,,,,,,,,,,,,,,,,,
Total War: MEDIEVAL II – Definitive Edition,,,,,0,,-1,-1,-1,-1,,,,,-1,-1,
Total War: MEDIEVAL II – Definitive Edition,,,,,,,,,,,,,,,,,
Total War: MEDIEVAL II – Definitive Edition,,,,,1,,,,,,,,,,,,
Total War: MEDIEVAL II – Definitive Edition,1,,-1,,,,,,,,,,,,,,
Total War: MEDIEVAL II – Definitive Edition,,,,,1,,,,,,,,,,,,
Total War: MEDIEVAL II – Definitive Edition,,,,,,,,,,,,,,,,,
Total War: MEDIEVAL II – Definitive Edition,-1,,-1,1,1,,,1,,,,,,0,,-1,-1
Total War: MEDIEVAL II – Definitive Edition,-1,-1,,,,,,,-1,,-1,,,,,,
Total War: MEDIEVAL II – Definitive Edition,,,,,1,,,,,,,,,,,,
Total War: MEDIEVAL II – Definitive Edition,,,,,1,,,,,,,,,,,,
Total War: MEDIEVAL II – Definitive Edition,,,,,,,,,,,,,,,,,
Total War: MEDIEVAL II – Definitive Edition,,,,,,,-1,,,,,,,-1,,,
Total War: MEDIEVAL II – Definitive Edition,,,,,1,,,,,,,,,,,,
Total War: MEDIEVAL II – Definitive Edition,,,,,,,,,,,,,,,,,
Total War: MEDIEVAL II – Definitive Edition,,,,,,,,,,,,,,,,,
Total War: MEDIEVAL II – Definitive Edition,,,,,1,,1,1,,,,1,,,,,
Total War: MEDIEVAL II – Definitive Edition,,,,,,,,,,,,,,,,,
Total War: MEDIEVAL II – Definitive Edition,,,,1,1,,,,,,,,,,,1,
Total War: MEDIEVAL II – Definitive Edition,,,,,,,,,,,,,,,,,
Total War: MEDIEVAL II – Definitive Edition,,,,,,,,,,,,,,,,1,
Total War: MEDIEVAL II – Definitive Edition,,,,,,,,,,,,,,,,,
Total War: MEDIEVAL II – Definitive Edition,0,1,-1,1,1,,1,,1,,1,0,-1,0,,-1,
Total War: MEDIEVAL II – Definitive Edition,,,,,,,,,,,,,,,,,
Total War: MEDIEVAL II – Definitive Edition,,,,,1,,,,0,,,,,,-1,-1,
Total War: MEDIEVAL II – Definitive Edition,,,,,,,,,,,,,,,,,
Total War: MEDIEVAL II – Definitive Edition,,,,,1,,,,1,,,,,,,,
Total War: MEDIEVAL II – Definitive Edition,,,,,,,,,,,,,,,,,
Total War: MEDIEVAL II – Definitive Edition,,,,,,,,,,,,,,,,,
Total War: MEDIEVAL II – Definitive Edition,,,,,,,,,,,,,,,,,
Total War: MEDIEVAL II – Definitive Edition,,,,,1,,1,,,,,,,,,,
Total War: MEDIEVAL II – Definitive Edition,-1,-1,-1,1,1,-1,1,-1,-1,,-1,,,-1,-1,-1,-1
Total War: MEDIEVAL II – Definitive Edition,,,,,1,,,,,,,,,-1,,,
Total War: MEDIEVAL II – Definitive Edition,,,,0,,,,,,,,,,0,,,
Total War: MEDIEVAL II – Definitive Edition,-1,,-1,,1,,1,,,,,,,1,,,
Total War: MEDIEVAL II – Definitive Edition,,,,,1,,,,,,,,,,,,
Total War: MEDIEVAL II – Definitive Edition,,,,,,,,,,,,,,,,-1,
Total War: MEDIEVAL II – Definitive Edition,,,,,,,,,,,,,,,,,
Total War: MEDIEVAL II – Definitive Edition,,,,,1,,1,,,,,,,,,,
Total War: MEDIEVAL II – Definitive Edition,,,,,,-1,,,,,,,,,,,
Total War: MEDIEVAL II – Definitive Edition,-1,1,,1,1,-1,1,0,0,,-1,,,-1,-1,-1,-1
Total War: MEDIEVAL II – Definitive Edition,,,,,,,1,0,,,,,,,,,
Total War: MEDIEVAL II – Definitive Edition,,,,,1,,,,,,,,,,,,
Total War: MEDIEVAL II – Definitive Edition,,,,,1,-1,,,,,,,,,-1,,
Total War: MEDIEVAL II – Definitive Edition,,,,1,1,,,,,,,,,,,,
Total War: MEDIEVAL II – Definitive Edition,-1,1,-1,1,0,-1,1,1,1,1,1,1,,,-1,,-1
Total War: MEDIEVAL II – Definitive Edition,,,,,,,,,,,,,,-1,,,
Total War: MEDIEVAL II – Definitive Edition,,,,,1,,,,,,,,,,,,
Total War: MEDIEVAL II – Definitive Edition,,,,,1,,,,,,,,,,,,
Total War: MEDIEVAL II – Definitive Edition,,,,,,,,,,,,,,,,,
Total War: MEDIEVAL II – Definitive Edition,,,,,,,,,,,,,,,,,
Total War: MEDIEVAL II – Definitive Edition,,,,,,,,,,,,,,,,,
Total War: MEDIEVAL II – Definitive Edition,,,,,1,,,1,,,,,,,,,
Total War: MEDIEVAL II – Definitive Edition,,,,,,,-1,,,,,,,,,,
Total War: MEDIEVAL II – Definitive Edition,,,,,1,,,,,,,,,,,,
Total War: MEDIEVAL II – Definitive Edition,,,,,,,,,,,,,,,,,
Total War: MEDIEVAL II – Definitive Edition,,,,,1,,,,,,,,,,,,
Total War: MEDIEVAL II – Definitive Edition,,,,,1,,,,,,,,,,,,
Total War: MEDIEVAL II – Definitive Edition,,,,,1,,1,,,,,,,1,,,
Total War: MEDIEVAL II – Definitive Edition,,,,,,,,,,,,,,0,,,
Total War: MEDIEVAL II – Definitive Edition,,,,,,,,,,,,,,,,,
Total War: MEDIEVAL II – Definitive Edition,,,,,1,,,,,,,,,,,,
Total War: MEDIEVAL II – Definitive Edition,,,,,1,,1,,0,-1,,,,-1,,,
Total War: MEDIEVAL II – Definitive Edition,,,,,,,,,,,,,,,,,
Total War: MEDIEVAL II – Definitive Edition,,,,,1,,,,,,,,,,,,
Total War: MEDIEVAL II – Definitive Edition,,,,,,,1,,,,,,,,,,
Total War: MEDIEVAL II – Definitive Edition,,,,,,,,,,,,,,,,,
Total War: MEDIEVAL II – Definitive Edition,-1,,-1,,,,,,,,,,,-1,,-1,
Total War: MEDIEVAL II – Definitive Edition,,,,,,,,,,,,,,,,,
Total War: MEDIEVAL II – Definitive Edition,,,,,,,,,,,,,,,,,
Total War: MEDIEVAL II – Definitive Edition,,,,,,,,,,,,,,,,,
Total War: MEDIEVAL II – Definitive Edition,,,,,,,,1,,,,,,,,,
Total War: MEDIEVAL II – Definitive Edition,,,,,,,,,,,,,,,,,
Total War: MEDIEVAL II – Definitive Edition,,1,,,1,,1,1,1,1,,1,,,0,,-1
Total War: MEDIEVAL II – Definitive Edition,,,,,,,,,,,,,,,,,
Total War: MEDIEVAL II – Definitive Edition,,,,-1,1,-1,,-1,,,,,,,-1,-1,-1
Total War: MEDIEVAL II – Definitive Edition,,,,,1,,,,,,,,,,,-1,
Total War: MEDIEVAL II – Definitive Edition,,,,1,1,,1,-1,1,,,1,,,-1,-1,-1
Total War: MEDIEVAL II – Definitive Edition,,,,,1,-1,,,,,,,,,,-1,
EVE Online,,,,,1,,,,,,,,,,,,
EVE Online,,,,,,,,,,,,,,,,-1,
EVE Online,,,,,1,,,,,,,,,,,,0
EVE Online,,,,,,-1,,1,,,,,,,-1,-1,-1
EVE Online,,,,,,,,,,,,,,,,-1,
EVE Online,,,,,1,-1,,,,,,,,,,-1,
EVE Online,,,,,1,-1,,,,,,,,,,-1,
EVE Online,,,,,1,,,,,,,,,,,,
EVE Online,,,,0,1,-1,,,,,,,,1,,-1,
EVE Online,,,,,,,,,,,,,,,,,
EVE Online,,,,,1,,,,,,,,,,,,
EVE Online,,,,,1,,,,,,,-1,,,-1,,
EVE Online,,,,,,,,,,,,,,,,,
EVE Online,,,,1,1,,,,,,,,,,-1,-1,-1
EVE Online,,,,,,-1,,,,,,,,,-1,-1,
EVE Online,,,,,1,,,,,,,,,,,,
EVE Online,,,,,,,,,,,,,,,,-1,
EVE Online,,,,,-1,,,,,,,,,,-1,-1,
EVE Online,,,,,,,,,1,0,,,,,,,
EVE Online,,,,1,-1,-1,,,,,,,,,,-1,-1
EVE Online,,,,,1,,,,,,,,,,,,
EVE Online,,,,,,,,,,,,,,,,-1,
EVE Online,,,,,-1,,,,,,,,,,,,
EVE Online,,1,,,1,,,,1,,1,,,,,,
EVE Online,,,,,,,,,,,,,,,,-1,
EVE Online,0,1,-1,0,1,,,1,0,0,0,0,,,0,-1,-1
EVE Online,,,,,1,,,,,,,,,,,-1,
EVE Online,,,,,1,,,,,,,,,,,,
EVE Online,,,,,1,,,,,,,,,,,0,
EVE Online,,,,,1,,-1,,-1,,,-1,,,,,
EVE Online,,,,,1,,,,,,,,,,,-1,
EVE Online,,,,,1,,1,,,,,,,,,-1,
EVE Online,,,,,,,,,,,,,,,,-1,
EVE Online,,,,,,-1,,,,,,,,,,,
EVE Online,,,,-1,1,,,,,,,,,,,-1,
EVE Online,,1,,1,1,,1,1,1,-1,1,,,,-1,-1,-1
EVE Online,,,,,0,-1,,,,,,,,,-1,-1,-1
EVE Online,,,,,1,,,,1,1,,,,,,,
EVE Online,,,,,1,,1,,,,,,,,0,-1,
EVE Online,,,,,1,,,,,,,,,,,,
EVE Online,,,,,1,,,,1,1,,1,,,,,
EVE Online,,,,,1,,,-1,,,,,,,-1,,
EVE Online,,,,,,,,,,,,,,,,,
EVE Online,,,,,1,,,,,,,,,,,,
EVE Online,,,,,1,,1,,,,,,,,,,
EVE Online,,,,,1,,,,,,,,,,-1,,
EVE Online,,,,,,-1,-1,,,,,,,-1,,,
EVE Online,,,,-1,1,,,-1,,,,,,-1,,-1,
EVE Online,,,-1,,,,,,,,,,,,,,
EVE Online,,,,,1,-1,,,,,,,,-1,,,
EVE Online,,,,-1,1,,,,,,,,,,,-1,
EVE Online,,,,,1,,1,,1,,,1,,,,,
EVE Online,,,,,1,,,,,,,,,,,,
EVE Online,,,,,0,,,,,,,,,,-1,,-1
EVE Online,,,,,1,,,,,,,,,,,,
EVE Online,,,,,1,,,,,,,,,,,-1,
EVE Online,,,,,,,,,,,,,,,-1,,
EVE Online,,,,,1,,,,,,,,,,,,
EVE Online,,,,,1,,,,,,,,,,,-1,
EVE Online,,,,,1,,,,,,,,,,-1,,
EVE Online,,,,,1,,,,,,,,,,,-1,
EVE Online,,,,-1,1,,,,,,,,,,,,
EVE Online,,,,,1,,,,,,,,,,,-1,
EVE Online,,,,,1,,,,,,,,-1,-1,,-1,
EVE Online,,,,,,,,,,,,,,,,-1,
EVE Online,-1,1,-1,1,1,-1,-1,1,1,1,1,0,,0,,,
EVE Online,,,,-1,,,,1,,,,,,-1,,-1,
EVE Online,-1,-1,,,,-1,,-1,,,-1,,,,-1,-1,-1
EVE Online,,,,,,,,,,,,,,,,,
EVE Online,,,,,1,,,,,,,,,,,,
EVE Online,,,,,1,,,,1,,,,,,,,
EVE Online,,,,,,,,,,,,,,,,,
EVE Online,,,,,1,,,,1,,,,,,,,
EVE Online,,,,,1,,,,,,,,,,,,
EVE Online,,,,,,,,,,,,,,,,,
EVE Online,,,,1,1,,,,,,,,,,,-1,
EVE Online,,,,,,,,,,,,,,,,,
EVE Online,,,,,,,,,,,,,,,,,
EVE Online,,,,,,,-1,,,,,,,,,,
EVE Online,,,,,1,,,,,,,,,,,,
EVE Online,,,,1,1,,,,,,,,,,,,
EVE Online,,,,,1,,,-1,,,,,,,-1,-1,
EVE Online,,,,,,,,,,,,,,,,,
EVE Online,,,,1,1,,,,,,,,,,,,-1
EVE Online,,,,,,,,,,,,,,,,,
EVE Online,,,,,1,,,,,,,,,,,,
EVE Online,,,,,,,,,,,,,,,,,
EVE Online,,,,,1,,,,,,,,,,-1,,-1
EVE Online,,,,,0,,,,,,,,,,,,
EVE Online,,,,,1,,,,,,,,,,,,
EVE Online,,,-1,,,,,,,,,,,,,,
EVE Online,,,,0,1,,,,,,,,,,,,
EVE Online,,,,,1,,,1,,,,-1,,,-1,,
EVE Online,,,,,,,,,,,,,,,,,
EVE Online,,,,,1,,1,,,,,,,,,,
EVE Online,,,,1,1,,,,,,,,,,,,
EVE Online,,,,,,,,,,,,,,,,-1,
EVE Online,,,,,1,,,,,,,,,-1,,,
EVE Online,,,,,,,,,,,,,,,,,
EVE Online,,,,1,1,,1,,,,,,,,,,
Sid Meier's Civilization® V,,,,,1,,,,,,,,,,,,
Sid Meier's Civilization® V,,,,,1,,,,,,,,,,,,
Sid Meier's Civilization® V,,,,,,,,,,,,,,,,,
Sid Meier's Civilization® V,,,,,1,,,,,,,,,,,,
Sid Meier's Civilization® V,,,,1,1,,1,1,1,,,1,,,0,1,-1
Sid Meier's Civilization® V,,,,,1,,,,,,,,,,,,
Sid Meier's Civilization® V,,,,,1,,,,,,,,,,,,
Sid Meier's Civilization® V,,,,-1,1,,,,,,,,,,,,
Sid Meier's Civilization® V,,,-1,,,,,,,,,,,,,,
Sid Meier's Civilization® V,,,,,1,,,,,,,,,,,,
Sid Meier's Civilization® V,,,,,,,,,,,,,,,,,
Sid Meier's Civilization® V,,,,,1,,,,,,,,,,-1,,-1
Sid Meier's Civilization® V,,,,-1,1,,,,,,,,,,,,-1
Sid Meier's Civilization® V,,,,,1,,,,,,,,,,,,
Sid Meier's Civilization® V,,,-1,,,,,,,,,,,,-1,-1,-1
Sid Meier's Civilization® V,,,,,1,,,,,,,,,,,,
Sid Meier's Civilization® V,,,,,,,,,,,,,,,,,
Sid Meier's Civilization® V,,,,-1,1,,,,,,,,,,,,
Sid Meier's Civilization® V,,,,,,,,,,,,,,,,,
Sid Meier's Civilization® V,,,,,1,,,,,,,0,,,,,
Sid Meier's Civilization® V,,,,,1,,,,0,0,,,,,,,
Sid Meier's Civilization® V,,,,,,,,,,,,,,,1,,
Sid Meier's Civilization® V,,,,,,,,,,,,,,,,,
Sid Meier's Civilization® V,,,,,,,,,,,,,,,,,
Sid Meier's Civilization® V,,,,,,,,,,,,,,,,,
Sid Meier's Civilization® V,,,,,1,-1,,,,,,,,,,,-1
Sid Meier's Civilization® V,,,,,1,,1,1,,,,1,,,,,
Sid Meier's Civilization® V,,1,,1,1,,1,1,1,,1,1,,,-1,-1,-1
Sid Meier's Civilization® V,,,,,1,,0,,,,,,,1,,-1,
Sid Meier's Civilization® V,,,,,1,,1,,,,,,,,,,
Sid Meier's Civilization® V,,,,,1,,,,,,,,,,,,
Sid Meier's Civilization® V,,,,,1,,,,,,,,,-1,,,
Sid Meier's Civilization® V,,,,,1,,,,,,,,,,,,
Sid Meier's Civilization® V,,,,,0,,,,,,,,,,-1,-1,
Sid Meier's Civilization® V,,,,0,1,,,,,,,,,,,,
Sid Meier's Civilization® V,,,,,1,,-1,,,,,,,-1,,,
Sid Meier's Civilization® V,,,,,,,,,,,,,,,,,
Sid Meier's Civilization® V,,,,0,1,,,,,,,,,,,,
Sid Meier's Civilization® V,,,,,0,,,,,,,,,,,,-1
Sid Meier's Civilization® V,,,,,,,,,,,,,,,,,
Sid Meier's Civilization® V,,,,,1,,,,,,,,,,,,
Sid Meier's Civilization® V,,,,,,,,,,,,,,,,,
Sid Meier's Civilization® V,,,,,1,,,,,,,,,,,,
Sid Meier's Civilization® V,,,,1,1,,,,,,,,,,,,
Sid Meier's Civilization® V,,,,,1,,,,,,,,,,,,
Sid Meier's Civilization® V,,,,,1,,,,,,,,,,,,
Sid Meier's Civilization® V,,,,,,,,,,,,,,,,,
Sid Meier's Civilization® V,,,,,1,,,,,,,,,,1,,
Sid Meier's Civilization® V,,,,,,,,,,,,,,,,,
Sid Meier's Civilization® V,,,,,1,,,,,,,,,,,,
Sid Meier's Civilization® V,,,,,1,,,,,,,,,,,,
Sid Meier's Civilization® V,,,,,1,,,,,,,,,,,,
Sid Meier's Civilization® V,,,,,,,,,,,,,,,,,
Sid Meier's Civilization® V,,,,,1,,,,,,,,,,,,
Sid Meier's Civilization® V,,,,,,,,,,,,,,,,,
Sid Meier's Civilization® V,,,,,1,,,,,,,,,,,,
Sid Meier's Civilization® V,,,,,,,,,,,,,,,,,
Sid Meier's Civilization® V,,,,,1,,,,,,,,,,,,
Sid Meier's Civilization® V,,,,,1,,,,,,,,,,-1,,
Sid Meier's Civilization® V,,,,,,,,,,,,,,,,,
Sid Meier's Civilization® V,,,,,,,,,,,,,,,,,
Sid Meier's Civilization® V,,,,,,,,,,,,,,,,,
Sid Meier's Civilization® V,,,,,,,,,,,,,,,,,
Sid Meier's Civilization® V,,,,,1,,1,,,,,1,,,,,
Sid Meier's Civilization® V,,,,,1,,,,,,,,,,,,
Sid Meier's Civilization® V,,,,1,,,,,,,,,,,,,
Sid Meier's Civilization® V,,,,0,1,,,,,,,,,,,-1,
Sid Meier's Civilization® V,,,,,1,,,,,,,,,,,,
Sid Meier's Civilization® V,,,,,-1,,,,,,,,,,,,
Sid Meier's Civilization® V,,,,,1,,,,,,,,,,,,
Sid Meier's Civilization® V,-1,,-1,,1,,,,,,,,,,,,
Sid Meier's Civilization® V,,,,,1,,,,,,,,,,,,
Sid Meier's Civilization® V,,,,,1,,,,,,,,,,,,
Sid Meier's Civilization® V,,,,,,,,,,,,,,,,,
Sid Meier's Civilization® V,,,,,1,,,,,,,,,,,,
Sid Meier's Civilization® V,,,,,1,,,,,,,,,,,,
Sid Meier's Civilization® V,,,,,,-1,,,,,,,,,,,
Sid Meier's Civilization® V,,,,,1,,,,,,,,,,,,
Sid Meier's Civilization® V,,,,,1,,,,,,,,,,,,-1
Sid Meier's Civilization® V,,,,,,,,,,,,,,,,,
Sid Meier's Civilization® V,,,,,,,,,,,,,,,,,
Sid Meier's Civilization® V,,,,,,,,,,,,,,,,,
Sid Meier's Civilization® V,,,,,,,,,,,,,,,,,
Sid Meier's Civilization® V,,,,,,,,,,,,,,,,,
Sid Meier's Civilization® V,,,,,,,,,,,,,,,,,
Sid Meier's Civilization® V,,,,1,1,,,,,,,,,,,,
Sid Meier's Civilization® V,,,,,,,,,,,,,,,,,
Sid Meier's Civilization® V,,,,,1,,,,,,,,,,,-1,
Sid Meier's Civilization® V,,,,,1,,,,,,,,,,,,
Sid Meier's Civilization® V,,,,,1,,,,,,,,,,,,
Sid Meier's Civilization® V,,,,,1,,,,,,,,,,,,
Sid Meier's Civilization® V,,,,,1,,,,,,,,,,,,
Sid Meier's Civilization® V,,,,,,,,,,,,,,,,,
Sid Meier's Civilization® V,,,,,,,,,,,,,,,,,
Sid Meier's Civilization® V,,,,,1,,,,,,,,,,,,
Sid Meier's Civilization® V,,,,,,,,,,,,,,,,,
Sid Meier's Civilization® V,,,,,,,,,,,,,,,,-1,
Sid Meier's Civilization® V,1,1,-1,1,1,0,1,1,1,1,1,1,,0,0,-1,-1
Sid Meier's Civilization® V,,,,,,,,,,,,,,,,,
Sid Meier's Civilization® V,,,,,,,1,,,,,,,-1,,,
Call of Duty®: Modern Warfare® 2 (2009),,,,,,,,,,,,,,,,,
Call of Duty®: Modern Warfare® 2 (2009),,,-1,,,,,,,,,,,-1,,,
Call of Duty®: Modern Warfare® 2 (2009),,,,,1,,1,,,,,,,,,,
Call of Duty®: Modern Warfare® 2 (2009),,,,,1,,,,,,,,,,,-1,
Call of Duty®: Modern Warfare® 2 (2009),,,,,,,,,,-1,,,,,,,
Call of Duty®: Modern Warfare® 2 (2009),,,,,1,-1,1,,1,-1,,1,,-1,,,
Call of Duty®: Modern Warfare® 2 (2009),,,,,,,,,,,,,,,,,
Call of Duty®: Modern Warfare® 2 (2009),-1,1,-1,1,1,-1,1,,1,-1,1,1,,-1,-1,-1,
Call of Duty®: Modern Warfare® 2 (2009),,,,,1,,1,1,,,,1,,,,,
Call of Duty®: Modern Warfare® 2 (2009),,,,,,,,,,,,,,,,,
Call of Duty®: Modern Warfare® 2 (2009),,,,,1,,1,1,,,,1,,,,,
Call of Duty®: Modern Warfare® 2 (2009),,,,-1,,,,,,,,,,,,-1,
Call of Duty®: Modern Warfare® 2 (2009),,,,,1,,,,,,,,,,,,
Call of Duty®: Modern Warfare® 2 (2009),,,,,1,,,,,,,,,,,,
Call of Duty®: Modern Warfare® 2 (2009),,,,,1,,1,,1,,1,1,,,,,
Call of Duty®: Modern Warfare® 2 (2009),,,,,,,-1,,,,,-1,,,,,
Call of Duty®: Modern Warfare® 2 (2009),,,,,1,,,,,,,,,,,,
Call of Duty®: Modern Warfare® 2 (2009),,,,,,,,,1,1,,,,,,,
Call of Duty®: Modern Warfare® 2 (2009),,,,,1,,,,,,,,,,,,
Call of Duty®: Modern Warfare® 2 (2009),,,,,,,,,,,,,,,,,
Call of Duty®: Modern Warfare® 2 (2009),,,,,-1,,,,,,,,,,,,
Call of Duty®: Modern Warfare® 2 (2009),,,,,1,,,,0,0,,,,,,,
Call of Duty®: Modern Warfare® 2 (2009),,,,,1,,,,,,,,,,,,
Call of Duty®: Modern Warfare® 2 (2009),,,,,1,,1,,1,,,1,,,,,
Call of Duty®: Modern Warfare® 2 (2009),,,,,,,,,,,,,,,,,
Call of Duty®: Modern Warfare® 2 (2009),,,,,,,1,,,,,0,,,,,
Call of Duty®: Modern Warfare® 2 (2009),,,,,1,,1,,0,,,1,,,,,
Call of Duty®: Modern Warfare® 2 (2009),-1,1,-1,,1,-1,1,1,1,1,1,1,,,-1,-1,
Call of Duty®: Modern Warfare® 2 (2009),,,,1,1,,,,,,,,,,,,
Call of Duty®: Modern Warfare® 2 (2009),,,,,1,,1,,1,,,1,,,,,
Call of Duty®: Modern Warfare® 2 (2009),,,,1,1,,,1,,,,,,,-1,-1,-1
Call of Duty®: Modern Warfare® 2 (2009),1,,,1,1,,,,,,,,,,,1,
Call of Duty®: Modern Warfare® 2 (2009),,-1,,,,,,,-1,,-1,,,,,,
Call of Duty®: Modern Warfare® 2 (2009),,,,,,,,,,,,,,,,,
Call of Duty®: Modern Warfare® 2 (2009),-1,,-1,,,,,,,,,,,,,,
Call of Duty®: Modern Warfare® 2 (2009),,,,1,1,,1,1,1,1,1,1,,,,,
Call of Duty®: Modern Warfare® 2 (2009),,,,,1,,,,,,,,,,,,
Call of Duty®: Modern Warfare® 2 (2009),,,,,1,,1,,,,,,,,,,
Call of Duty®: Modern Warfare® 2 (2009),,,,,,,,,,,,,,,,,
Call of Duty®: Modern Warfare® 2 (2009),,,,,,,,,,,,,,,,,
Call of Duty®: Modern Warfare® 2 (2009),,,,,1,,,,,,,,,-1,,,
Call of Duty®: Modern Warfare® 2 (2009),,,-1,,,,,,,,,,,,,,
Call of Duty®: Modern Warfare® 2 (2009),,,,,,,,,,,,,,,,,
Call of Duty®: Modern Warfare® 2 (2009),,,,,1,,,,,,,,,,,,
Call of Duty®: Modern Warfare® 2 (2009),,,,,1,,,,,,,1,,,,,
Call of Duty®: Modern Warfare® 2 (2009),,,,,1,,1,1,,,,,,,,,
Call of Duty®: Modern Warfare® 2 (2009),,,,,1,,1,1,1,,1,1,,,,,
Call of Duty®: Modern Warfare® 2 (2009),,0,,,1,,1,,0,,1,,,,,,
Call of Duty®: Modern Warfare® 2 (2009),,,,,1,,,,,,,,,,,,
Call of Duty®: Modern Warfare® 2 (2009),,,,,,,,,,,,,,,,,
Call of Duty®: Modern Warfare® 2 (2009),,,,,1,,,,,,,,,,,,
Call of Duty®: Modern Warfare® 2 (2009),,-1,,,,,-1,,-1,,-1,,,,,,
Call of Duty®: Modern Warfare® 2 (2009),,,,,,,,,,,,,,,,,
Call of Duty®: Modern Warfare® 2 (2009),,,,,1,,,,,,,,,,-1,,
Call of Duty®: Modern Warfare® 2 (2009),,,,,1,,,1,1,1,,1,,,,,-1
Call of Duty®: Modern Warfare® 2 (2009),,,,,1,,,,0,,,,,,,,
Call of Duty®: Modern Warfare® 2 (2009),,,,,1,,,,,,,,,,,,
Call of Duty®: Modern Warfare® 2 (2009),,,,,1,,,,,,,,,,,,
Call of Duty®: Modern Warfare® 2 (2009),,,,1,,,,,,,,,,0,,,
Call of Duty®: Modern Warfare® 2 (2009),,,,,,,,,,,,,,,,,
Call of Duty®: Modern Warfare® 2 (2009),,,,,,,,,,,,,,,,,
Call of Duty®: Modern Warfare® 2 (2009),,,,,1,,,,,,,,,,,,
Call of Duty®: Modern Warfare® 2 (2009),,,,,,,,,,,,,,,,,
Call of Duty®: Modern Warfare® 2 (2009),,,,,1,,,,0,0,,,,,,,
Call of Duty®: Modern Warfare® 2 (2009),,,,,,,1,,,,,,,,,,
Call of Duty®: Modern Warfare® 2 (2009),,,,,1,,,,,,,,,,,,
Call of Duty®: Modern Warfare® 2 (2009),,,,,1,,,,,,,,,,,,
Call of Duty®: Modern Warfare® 2 (2009),,,,,1,,1,1,,,,,,,,,
Call of Duty®: Modern Warfare® 2 (2009),,,,,1,,,,,,,,,,,,
Call of Duty®: Modern Warfare® 2 (2009),,,,,1,,1,,1,1,,1,,,,,
Call of Duty®: Modern Warfare® 2 (2009),,,,,,-1,,,,,,,,,-1,-1,
Call of Duty®: Modern Warfare® 2 (2009),,,,,1,,,,,,,,,,,,
Call of Duty®: Modern Warfare® 2 (2009),,,,,1,,,,,,,,,,,,
Call of Duty®: Modern Warfare® 2 (2009),,,,,1,,1,,,,,,,,,,
Call of Duty®: Modern Warfare® 2 (2009),,,,,,,,,,,,,,,,,
Call of Duty®: Modern Warfare® 2 (2009),,,,,,,1,,,,,,,,,,
Call of Duty®: Modern Warfare® 2 (2009),,,,,1,,,,,,,1,,,,,
Call of Duty®: Modern Warfare® 2 (2009),,,,,,,0,1,,,,,,,,,
Call of Duty®: Modern Warfare® 2 (2009),,,,,1,,,,,,,,,,,,
Call of Duty®: Modern Warfare® 2 (2009),,,,,1,,,,,,,,,,,,
Call of Duty®: Modern Warfare® 2 (2009),,,,,,,,,,,,,,,,,
Call of Duty®: Modern Warfare® 2 (2009),,,,,1,,1,,,,,,,,,,
Call of Duty®: Modern Warfare® 2 (2009),,,,,,,,,,,,,,,,,
Call of Duty®: Modern Warfare® 2 (2009),,,,,1,,,,,,,1,,,,,
Call of Duty®: Modern Warfare® 2 (2009),,,,,1,,1,,,,,,,,,,
Call of Duty®: Modern Warfare® 2 (2009),,,,,1,,,,1,,,-1,,,,,
Call of Duty®: Modern Warfare® 2 (2009),,,,,,,,1,,1,,,,,,,
Call of Duty®: Modern Warfare® 2 (2009),,,,,1,,1,,,,,,,,,-1,
Call of Duty®: Modern Warfare® 2 (2009),,,,,1,,,,,,,,,,,,
Call of Duty®: Modern Warfare® 2 (2009),,,,,1,,,,,,,,,,,,
Call of Duty®: Modern Warfare® 2 (2009),,,,,,,,,,,,,,,,,
Call of Duty®: Modern Warfare® 2 (2009),,,,,1,,,,,,,,,,-1,,-1
Call of Duty®: Modern Warfare® 2 (2009),,,,,,,,,,,,,,,,,
Call of Duty®: Modern Warfare® 2 (2009),,,,,1,,,,,,,,,,1,1,
Call of Duty®: Modern Warfare® 2 (2009),,,,,,-1,,,,,,,,,,,
Call of Duty®: Modern Warfare® 2 (2009),,,,,,,,,,,,,,,,,
Call of Duty®: Modern Warfare® 2 (2009),,,,1,1,,1,1,1,1,,1,,,,,
Call of Duty®: Modern Warfare® 2 (2009),,,,,,,,,,,,,,0,,,
Call of Duty®: Modern Warfare® 2 (2009),,,,,1,,,,,,,,,,,,
Call of Duty®: Modern Warfare® 2 (2009),,,,1,1,-1,1,1,1,1,1,1,,-1,,,
Total War: EMPIRE – Definitive Edition,,,,1,1,,1,1,,,,,,1,0,1,-1
Total War: EMPIRE – Definitive Edition,,,,,,-1,,,,,,,,,,,
Total War: EMPIRE – Definitive Edition,,,,1,1,,1,1,1,,,,,1,,,
Total War: EMPIRE – Definitive Edition,,,,,1,,1,1,,,,,,,1,-1,
Total War: EMPIRE – Definitive Edition,,,,1,1,,1,,,,,1,,,,,
Total War: EMPIRE – Definitive Edition,-1,-1,,,-1,,,,0,,,,,,,,
Total War: EMPIRE – Definitive Edition,,,,,1,,,,,,,,,,,-1,-1
Total War: EMPIRE – Definitive Edition,,,,,,,,,,,,,,-1,,,
Total War: EMPIRE – Definitive Edition,,,,,1,-1,0,,,,,,-1,,,,
Total War: EMPIRE – Definitive Edition,,,,,,,,,,,,,,,,,
Total War: EMPIRE – Definitive Edition,-1,,-1,1,-1,,,-1,,,,-1,,-1,,,
Total War: EMPIRE – Definitive Edition,,,,,,,,,,,,,,,,,
Total War: EMPIRE – Definitive Edition,,,,,,,,,,,,,,,,,
Total War: EMPIRE – Definitive Edition,,,,,1,,1,,1,1,,,,,,-1,
Total War: EMPIRE – Definitive Edition,,,,,1,-1,-1,,,,,,,-1,,,
Total War: EMPIRE – Definitive Edition,-1,,-1,,1,-1,,,,,,,,-1,,,
Total War: EMPIRE – Definitive Edition,,,,,,,,,,,,,,,,,
Total War: EMPIRE – Definitive Edition,-1,1,-1,,0,-1,0,0,,,,,,,-1,,-1
Total War: EMPIRE – Definitive Edition,-1,1,-1,,1,-1,,,,,,,,1,-1,-1,
Total War: EMPIRE – Definitive Edition,,,,,,-1,,,,,,,,,-1,,
Total War: EMPIRE – Definitive Edition,,,,,,,,,,,,,,-1,,,
Total War: EMPIRE – Definitive Edition,1,1,-1,1,1,-1,1,1,1,,1,1,,0,-1,-1,-1
Total War: EMPIRE – Definitive Edition,,,,-1,1,-1,1,-1,,,,,,-1,,,
Total War: EMPIRE – Definitive Edition,,,,,,,,,,,,,,,,,
Total War: EMPIRE – Definitive Edition,,,-1,,1,-1,,,,,,,-1,,,,-1
Total War: EMPIRE – Definitive Edition,,,,-1,-1,,-1,-1,,,,,,,-1,,
Total War: EMPIRE – Definitive Edition,,,,,1,,,,,,,,,,,,
Total War: EMPIRE – Definitive Edition,,,,,1,,1,1,,,,1,,,,,
Total War: EMPIRE – Definitive Edition,,,,,1,,1,1,,,,1,,,,,
Total War: EMPIRE – Definitive Edition,,,,,,-1,,,,,,,,,,,
Total War: EMPIRE – Definitive Edition,,,,,,,,,,,,,,,,,
Total War: EMPIRE – Definitive Edition,,,,,,,,,,,,,,-1,,,
Total War: EMPIRE – Definitive Edition,,,,,,,,,,,,,,,,,
Total War: EMPIRE – Definitive Edition,,,,,,,,,,,,,,,,,
Total War: EMPIRE – Definitive Edition,,,,,1,,,,,,,,,,,,
Total War: EMPIRE – Definitive Edition,,,,,1,,,,,,,,,,,,
Total War: EMPIRE – Definitive Edition,-1,,-1,1,1,,1,1,,,,1,,,-1,,-1
Total War: EMPIRE – Definitive Edition,,,,1,,,,,,,,,,1,-1,-1,
Total War: EMPIRE – Definitive Edition,,,-1,,1,-1,1,1,1,1,1,1,,1,,,
Total War: EMPIRE – Definitive Edition,,,,,,,,,,,,,,,,,
Total War: EMPIRE – Definitive Edition,,,,,,,,,,,,,,,,,
Total War: EMPIRE – Definitive Edition,,,,-1,1,,,,,,,,,,,-1,
Total War: EMPIRE – Definitive Edition,,,,,1,,,,,,,,,,,,
Total War: EMPIRE – Definitive Edition,,,,,1,,,,,,,,,,,,
Total War: EMPIRE – Definitive Edition,,,,,1,,1,,,,,,,,,,
Total War: EMPIRE – Definitive Edition,,,,,1,,,,,,,,,,,,
Total War: EMPIRE – Definitive Edition,-1,,0,,1,-1,,,,,,,,1,,,
Total War: EMPIRE – Definitive Edition,,,,,,,1,,,,,,,-1,,,
Total War: EMPIRE – Definitive Edition,,,,,,,,,,,,,,,,,
Total War: EMPIRE – Definitive Edition,,,,,,,,,,,,,,,,,
Total War: EMPIRE – Definitive Edition,,,-1,,1,,,,,,,,,,,,
Total War: EMPIRE – Definitive Edition,,,,,1,,-1,-1,-1,-1,-1,,,,-1,-1,
Total War: EMPIRE – Definitive Edition,,,,,,,,,,,,,,,,,
Total War: EMPIRE – Definitive Edition,,,,,,,,,,,,,,,,,
Total War: EMPIRE – Definitive Edition,,,,1,1,,,1,,,,,,,,,
Total War: EMPIRE – Definitive Edition,,,,,1,,,,,,,,,,,,
Total War: EMPIRE – Definitive Edition,,,,,,,,,,,,,,,,,
Total War: EMPIRE – Definitive Edition,,,,,,,,,,,,,,,,,
Total War: EMPIRE – Definitive Edition,,,,,1,,,,,,,,,,,,
Total War: EMPIRE – Definitive Edition,,,,,,,,,,,,,,,,,
Total War: EMPIRE – Definitive Edition,-1,1,,,1,,,,1,,1,,,,,,
Total War: EMPIRE – Definitive Edition,,,,,,,,-1,,,,,,,,,
Total War: EMPIRE – Definitive Edition,,,,,1,,,,-1,-1,,,,,,,
Total War: EMPIRE – Definitive Edition,,,,,1,,,,,,,,,,,,
Total War: EMPIRE – Definitive Edition,,,,,1,,1,,1,,,,,,,-1,
Total War: EMPIRE – Definitive Edition,,,,,0,,,,,,,,,,,,
Total War: EMPIRE – Definitive Edition,0,1,0,1,1,0,1,1,0,0,1,0,0,0,0,0,0
Total War: EMPIRE – Definitive Edition,,,,,,,,1,,,,,,,,,
Total War: EMPIRE – Definitive Edition,,,,,,,,,,,,,,,,,
Total War: EMPIRE – Definitive Edition,,,,,,,,,,,,,,,,,
Total War: EMPIRE – Definitive Edition,,,,1,1,,1,1,,,,,,,-1,-1,
Total War: EMPIRE – Definitive Edition,,,,,,,,,,,,,,,-1,,
Total War: EMPIRE – Definitive Edition,,,,,,,-1,,,,,,,-1,,,
Total War: EMPIRE – Definitive Edition,,,,,,,,,,,,,,,,,
Total War: EMPIRE – Definitive Edition,,,,,1,,,1,,,,,,,1,-1,
Total War: EMPIRE – Definitive Edition,,,,,,,,,,,,,,,,,
Total War: EMPIRE – Definitive Edition,-1,-1,,,1,,,,-1,,,,,,,,
Total War: EMPIRE – Definitive Edition,-1,-1,-1,,,,,,,,-1,,,-1,,,
Total War: EMPIRE – Definitive Edition,,,,,1,,,,1,1,,1,,,,,
Total War: EMPIRE – Definitive Edition,,,,,0,-1,-1,,,,,,,,-1,-1,
Total War: EMPIRE – Definitive Edition,,,,,,,,,,,,,,,,,
Total War: EMPIRE – Definitive Edition,-1,1,-1,1,1,,,1,1,,,1,,-1,,,
Total War: EMPIRE – Definitive Edition,,,,-1,1,,1,1,,,,-1,,,,,
Total War: EMPIRE – Definitive Edition,,,,,,,,,,,,,-1,,,,
Total War: EMPIRE – Definitive Edition,,,,,,,,,,,,,-1,,,,
Total War: EMPIRE – Definitive Edition,,,,,1,,,,,,,,,,,,
Total War: EMPIRE – Definitive Edition,,,-1,,,,,,,,,,,,,,
Total War: EMPIRE – Definitive Edition,,,,,,,,,,,,,,,,,
Total War: EMPIRE – Definitive Edition,,,,,1,1,1,1,,,,,,,,,
Total War: EMPIRE – Definitive Edition,,,,,1,,0,,,,,,,,,,
Total War: EMPIRE – Definitive Edition,,,,,1,,1,,,,,,,,,,
Total War: EMPIRE – Definitive Edition,,,,,1,,,,,,,,,,,,
Total War: EMPIRE – Definitive Edition,,,,,,,,,,,,,,,,,
Total War: EMPIRE – Definitive Edition,,,,,1,,,,,,,,,,,,
Total War: EMPIRE – Definitive Edition,,,,,1,,,,,,,,,,,,-1
Total War: EMPIRE – Definitive Edition,,,,,1,,,,,,,,,,,,
Total War: EMPIRE – Definitive Edition,,,,,,,,,,,,,,-1,,,
Total War: EMPIRE – Definitive Edition,,,,,,-1,,,,-1,,,,-1,,,
Total War: EMPIRE – Definitive Edition,,,,,,,,,,,,,,,,-1,
Total War: EMPIRE – Definitive Edition,,,,,,,,,,,,,,-1,,,
GROUND BRANCH,,,,-1,,,,,,,,,,-1,,,
GROUND BRANCH,,,,-1,0,,-1,,-1,-1,,,,-1,,,
GROUND BRANCH,,-1,,,,-1,,,1,1,1,,,,-1,,
GROUND BRANCH,,,,,,-1,,,,,,,,,-1,,
GROUND BRANCH,,,,-1,,,-1,,,,,,,-1,,,
GROUND BRANCH,,,,1,1,,0,1,,,,,,1,,,
GROUND BRANCH,,,,,,,,,,,,,,,,,
GROUND BRANCH,,,,,1,,,,,,,,,,,,
GROUND BRANCH,,,,,1,,,,,,,,,,-1,,
GROUND BRANCH,,,,-1,0,-1,1,0,,,,0,,0,-1,-1,-1
GROUND BRANCH,,,,,0,,,,,,,,,,,,
GROUND BRANCH,,-1,,,,,,,0,,-1,,,,,,
GROUND BRANCH,-1,-1,-1,1,0,-1,1,1,0,,1,,,0,-1,-1,-1
GROUND BRANCH,,,,,,,,,,,,,,,,,
GROUND BRANCH,,1,,,1,0,1,1,1,1,1,,,1,0,,
GROUND BRANCH,,,,,,,,,,,,,,,,,
GROUND BRANCH,-1,1,-1,1,1,-1,1,1,0,1,1,1,,0,-1,-1,-1
GROUND BRANCH,-1,-1,,-1,,-1,-1,,-1,-1,-1,,-1,-1,-1,-1,-1
GROUND BRANCH,,,,,1,,1,1,,,,,,,,,
GROUND BRANCH,-1,-1,-1,,1,-1,,-1,,,,,,,-1,-1,-1
GROUND BRANCH,,,,,1,,,,1,1,,,,,,,
GROUND BRANCH,,,,,,,,,,,,,,,,,
GROUND BRANCH,,,,,,1,,,,,,,,,,,
GROUND BRANCH,,,,,,,,,,,,,,,,,
GROUND BRANCH,-1,-1,,,1,-1,,-1,-1,-1,-1,,,-1,-1,-1,
GROUND BRANCH,-1,,-1,,,,,,,,,,,-1,,,
GROUND BRANCH,,,,1,1,-1,1,-1,,0,,0,,0,-1,-1,-1
GROUND BRANCH,,,,,1,-1,,,,,,,,,,,
GROUND BRANCH,,,,,,,,,,,,,,,,,
GROUND BRANCH,,,,,,,,,,,,,,,,,
GROUND BRANCH,,,,,,,,,,,,,,,,,
GROUND BRANCH,,,,,1,,,,,,,,,,,,
GROUND BRANCH,,,,,-1,,,,,,,,,-1,,,
GROUND BRANCH,,,,,1,,,,,,,,,,,,
GROUND BRANCH,,,,,1,,,,,,,,,,-1,,-1
GROUND BRANCH,,,,,1,,1,,,,,,,,,,
GROUND BRANCH,-1,-1,-1,,-1,-1,-1,-1,-1,,-1,,,,,-1,-1
GROUND BRANCH,,,,,,-1,,,,,,,,-1,,,
GROUND BRANCH,,,,,1,,-1,-1,,,,-1,,,,,
GROUND BRANCH,,,,,1,,,,,,,,,,,,
GROUND BRANCH,,,,,1,,,,,,,,,,,,
GROUND BRANCH,,,,,,,,,,,,,,,,,
GROUND BRANCH,,,,,1,,,,,,,,,,,,
GROUND BRANCH,,,,,,,,,,,,,,-1,,,
GROUND BRANCH,,,-1,,1,-1,-1,0,,,,-1,,,,,
GROUND BRANCH,,,,-1,-1,-1,,-1,,,,,,-1,-1,-1,-1
GROUND BRANCH,,,,,-1,-1,,,,,,,-1,-1,,-1,-1
GROUND BRANCH,,,,,1,,,,,,,,,,,,
GROUND BRANCH,,,,,1,,,,,,,,,,,,
GROUND BRANCH,,,,-1,,,,,,,,,,,,,
GROUND BRANCH,,,,,1,,,-1,,,,,,,-1,-1,-1
GROUND BRANCH,,,,,1,-1,,,-1,-1,-1,-1,,,,,
GROUND BRANCH,-1,1,,,1,,,,,,,,,,-1,-1,-1
GROUND BRANCH,0,1,-1,1,1,,1,1,,,,,,0,,1,
GROUND BRANCH,,,,-1,1,,,,,,,,,,,,
GROUND BRANCH,,,,,0,,,,,,,,,,,,
GROUND BRANCH,-1,,-1,,1,,,,,,,,,-1,,,
GROUND BRANCH,,,,,,,,,,,,,,,,,
GROUND BRANCH,,,,1,1,,,1,,,,,,,,,
GROUND BRANCH,,,,,,,,,,,,,,,,,
GROUND BRANCH,,,,,1,,,,,,,,,,,,
GROUND BRANCH,,,,,,,,,,,,,,,,,
GROUND BRANCH,,,,,,,,,,,,,,,,,
GROUND BRANCH,,,,,,,1,1,1,1,,,,,,,
GROUND BRANCH,,,,,,,,,,,,,,,,,
GROUND BRANCH,,,,,,,,,,,,,,,,,
GROUND BRANCH,,,,,,,,,,,,,,,,,
GROUND BRANCH,,,,,,,,,,,,,,,,,
GROUND BRANCH,,,,,1,,,,,,,,,,,,
GROUND BRANCH,,,,-1,,,,,,,,,,,,,
GROUND BRANCH,,,,,,,,,,,,,,,,,
GROUND BRANCH,,,,,,,,,,,,,,,,,
GROUND BRANCH,,,,,,,,,,,,,,,,,
GROUND BRANCH,-1,0,,0,1,,0,0,0,,0,,,,,,
GROUND BRANCH,,,,,,,,,,,,,,-1,,,
GROUND BRANCH,,,,,,,,,,,,,,1,,,
GROUND BRANCH,,,,0,1,,,,,,,,,,-1,-1,-1
GROUND BRANCH,,,,,0,,,,,,,,,,,,
GROUND BRANCH,,,,,,,,,,,,,,,,,
GROUND BRANCH,,,,,1,,,,,,,,-1,-1,,,
GROUND BRANCH,,,,-1,,,,,,,,,,,,,
GROUND BRANCH,,,,,1,-1,0,1,,,,,,1,-1,-1,
GROUND BRANCH,,,,,1,,,,,,,,,,,,
GROUND BRANCH,,1,,,1,-1,1,1,1,1,1,,,1,-1,,
GROUND BRANCH,,,,,1,,,,,,,,,,,,
GROUND BRANCH,,,,,,,,,,,,,,,,,
GROUND BRANCH,,,,0,1,,,1,,,,,,,,,
GROUND BRANCH,,,,,1,,,,,,,,,,,,
GROUND BRANCH,,,,0,,,,,,,,,,0,,,
GROUND BRANCH,,,,,1,-1,,,,,,,,,,,
GROUND BRANCH,-1,1,-1,0,1,,1,,0,,1,,,1,,-1,
GROUND BRANCH,-1,-1,,1,,,,,1,,1,,,,,,
GROUND BRANCH,,,,,,,,,,,,,,,0,0,
GROUND BRANCH,,,,,0,-1,,,,,,,,,-1,-1,
GROUND BRANCH,,,,,,,,,,,,,,,,,
GROUND BRANCH,,,,,1,,,,,,,1,,,,,
GROUND BRANCH,-1,,-1,,,,,,,,,,,1,,,
GROUND BRANCH,,,,,,,,,,,,,,,,,-1
GROUND BRANCH,,,,1,1,,1,1,1,1,,,,1,1,-1,-1
GROUND BRANCH,,,,,0,,,,,,,,,,,,
The Sims™ 3,,,,,1,,,,,,,,,,,,
The Sims™ 3,,,,-1,,,,,-1,-1,,,,-1,,,
The Sims™ 3,-1,1,-1,1,1,,1,1,1,,,1,,,,,
The Sims™ 3,,,,,,,,,,,,,,,,,
The Sims™ 3,,,,,1,,,,,,,,,,,,
The Sims™ 3,,,,1,1,,1,1,1,1,,1,,1,,,
The Sims™ 3,-1,,-1,,1,,1,,,,,,-1,-1,,,
The Sims™ 3,,,,,1,,,,,,,,,,,,
The Sims™ 3,,,,,1,,,,,,,,,,,,
The Sims™ 3,,,,,,,,,,,,,,1,,,
The Sims™ 3,-1,,-1,1,,,,,,,,,1,0,,-1,
The Sims™ 3,,,,,1,,,,,,,,,,,,
The Sims™ 3,,,-1,,1,,,,,,,,,,,,
The Sims™ 3,,,,,1,,,,,,,,,-1,,,
The Sims™ 3,0,1,,,1,,,,1,,,,,,1,-1,
The Sims™ 3,,,,1,1,,1,1,1,1,1,1,,,,,
The Sims™ 3,1,,0,1,1,,1,1,,,,1,,1,,,
The Sims™ 3,-1,-1,-1,,1,,,,,,,,,-1,,-1,
The Sims™ 3,-1,,-1,,,,,,,,,,,-1,,-1,
The Sims™ 3,-1,-1,-1,-1,1,,1,1,-1,-1,-1,-1,,-1,,,
The Sims™ 3,-1,,-1,,,,,,,,,,,-1,,-1,
The Sims™ 3,,,,-1,1,,,,,,,,,,,,
The Sims™ 3,,,,1,1,,1,1,,0,,1,,,,,
The Sims™ 3,,,,1,1,,0,1,,,,,,1,,,
The Sims™ 3,,,,,1,,,,,,,,,,,,
The Sims™ 3,,,,,1,,,,,,,,,,,,
The Sims™ 3,-1,1,-1,,1,,,,1,,,,,,,,
The Sims™ 3,,,,1,1,,,,,,,,,,,,
The Sims™ 3,,,,,1,,1,,,,,,,,,,
The Sims™ 3,,,,,1,,,,,,,,,,-1,-1,-1
The Sims™ 3,,,,,,,,,,,,,,,,,
The Sims™ 3,,,,,1,,,,,,,,,,,,
The Sims™ 3,,,,,,-1,,,,,,,,-1,,,
The Sims™ 3,,,,,1,,1,1,,,,,,,,,
The Sims™ 3,,,,,1,,,,,,,,,,,,
The Sims™ 3,-1,,-1,,1,,,,1,,,,,,,,
The Sims™ 3,,,,1,1,,,,,,,,,,,,
The Sims™ 3,-1,1,-1,1,1,,1,1,1,1,1,1,,,,-1,
The Sims™ 3,,,,,1,,,,,,,,,,,,
The Sims™ 3,-1,,,,,,,,,,,,,,,,
The Sims™ 3,,,,,,,,,,,,,,,,,
The Sims™ 3,-1,,-1,1,1,,,1,,,,,,1,,,
The Sims™ 3,,,,,1,,,,,,,,,,,,
The Sims™ 3,,,,,,,,,,-1,,,,,,,
The Sims™ 3,,,,,1,,,,,,,,,,,,
The Sims™ 3,,,,,1,,,,,,,,,,,,
The Sims™ 3,,,,-1,1,,,,,,,,,,,-1,
The Sims™ 3,,,,,,,,,,,,,,,,-1,
The Sims™ 3,,,-1,,,,,,,,,,,,,,
The Sims™ 3,,,,,,-1,,,,,,,,0,,,
The Sims™ 3,-1,1,-1,,1,,,,1,,1,,,,,,
The Sims™ 3,,,,,1,-1,,,,,,,,,-1,-1,
The Sims™ 3,-1,,-1,,,,,,,,,,,,,,
The Sims™ 3,,,,,1,,,,,,,,,,,,
The Sims™ 3,,,,,,,,,,,,,,,,,
The Sims™ 3,,,-1,,,,,,,,,,,,,,
The Sims™ 3,,,,,1,,,,,,,,,,,,
The Sims™ 3,,,-1,,,,,,,,,,,,,,
The Sims™ 3,,,,,1,,,,,,,,,,,,
The Sims™ 3,,,-1,,,,,,,,,,,,,,
The Sims™ 3,,,,,,,,,,,,,,,,,
The Sims™ 3,,,,,,,,,,,,,,,,,
The Sims™ 3,,,,,1,,,,,,,,,,,,
The Sims™ 3,,,,,1,,,,1,0,,0,,,,,
The Sims™ 3,,,,,1,,,,,,,,,,,,
The Sims™ 3,-1,,-1,,1,,,,,,,,,,,-1,
The Sims™ 3,,,,,1,,,,,,,,,,,,
The Sims™ 3,,,,,,,,,,,,,,,,,
The Sims™ 3,,,,,,,,,,,,,,,,,
The Sims™ 3,,,,,1,,,,,,,,,,,,
The Sims™ 3,,,,,,,,,,,,,,,,,
The Sims™ 3,,,,1,1,,1,0,,,,0,,,-1,-1,-1
The Sims™ 3,-1,,,,1,,,,,,,,,,-1,,
The Sims™ 3,,,,1,1,,,,,,,,,,,,
The Sims™ 3,,,,,1,,,,,,,,,,,,
The Sims™ 3,,,,1,1,,,,,,,,,,,,
The Sims™ 3,,,,,1,,,,,,,,,,,,
The Sims™ 3,,,-1,,1,,,,,,,,,,,,
The Sims™ 3,,,,,1,,1,,1,,,,,,,,
The Sims™ 3,,,,,1,,,1,,,,,,,1,,
The Sims™ 3,,,,,1,,,,,,,,,,,,
The Sims™ 3,,,,,1,,1,1,,,,,,,,,
The Sims™ 3,,,,,,-1,,,,,,,,,,,
The Sims™ 3,,,,,,,,,,,,,,,,,
The Sims™ 3,,,,1,1,,,,,,,,,,,,
The Sims™ 3,-1,,-1,,,,,,,,,,,,,,
The Sims™ 3,,,,,1,,1,,,,,,,,,,
The Sims™ 3,,,,,1,,,,,,,,,,,,
The Sims™ 3,,,,,,,,,,,,,,,,,
The Sims™ 3,,,,,1,,,,,,,,,,,,
The Sims™ 3,,,,0,0,,,-1,,,,,,,-1,-1,-1
The Sims™ 3,,,,,1,,,,,,,,,,,,
The Sims™ 3,,,,,,,,,,,,,,,,,
The Sims™ 3,,,,,,,,,,,,,,,,,
The Sims™ 3,-1,,-1,,,,,,,,,,,,,,
The Sims™ 3,,,,,1,,,,,,,,,,,,
The Sims™ 3,,,,,1,-1,1,1,,,,1,,,-1,-1,
The Sims™ 3,,,,,1,,1,,,,,,,1,,,
The Sims™ 3,-1,,-1,,1,,1,,1,,,,,,,,
The Sims™ 3,,,,,1,,,,,,,,,,,,
Mount & Blade: Warband,,,,,1,,,,,,,,,,,,
Mount & Blade: Warband,-1,,-1,,,,,,,,,,,,,,
Mount & Blade: Warband,,,,1,1,,1,1,1,,,1,,,1,,
Mount & Blade: Warband,,,,,1,,,,,,,,,,,,
Mount & Blade: Warband,,,,,,,,,,,,,,,,,
Mount & Blade: Warband,,,,,1,,,,,,,1,,,,,
Mount & Blade: Warband,,,,1,1,,1,,,,,,,1,,,
Mount & Blade: Warband,-1,,-1,,-1,,,,,,,,,,,,
Mount & Blade: Warband,,,,,1,,,,,,,,,,,,
Mount & Blade: Warband,,,,,,1,1,1,,,,,,,,,
Mount & Blade: Warband,,,,,,-1,,,,,,,,,,,
Mount & Blade: Warband,,,,,,,,,,-1,,,,,,,
Mount & Blade: Warband,1,1,,,,,,,,,,,,,,,
Mount & Blade: Warband,,,,,1,,,,,,,,,,,,
Mount & Blade: Warband,,,,,1,-1,,1,,,,,,,,,
Mount & Blade: Warband,,,,,1,,,,,,,,,,,,
Mount & Blade: Warband,,,,,,,,,,,,,,,,,
Mount & Blade: Warband,,,,,1,,,,,,,,,,,,
Mount & Blade: Warband,,,,0,,,,,,,,,,0,,,
Mount & Blade: Warband,,,,,1,,1,,,,,,,,,,
Mount & Blade: Warband,,,,1,1,,,,,,,,,,,-1,
Mount & Blade: Warband,,,,,0,,0,,,,,0,,,,,
Mount & Blade: Warband,,,,,,,,,,,,,,,,,
Mount & Blade: Warband,1,1,,1,1,,,1,,,,,,,,,
Mount & Blade: Warband,,,,,1,,,,,,,,,,,,
Mount & Blade: Warband,,,,,,,,,,,,,,,,,
Mount & Blade: Warband,0,,0,,1,,,,,,,,-1,0,,,
Mount & Blade: Warband,,,,,1,,,1,,,,,,,1,1,1
Mount & Blade: Warband,,,,,1,,,,,,,,,,,,
Mount & Blade: Warband,-1,,-1,,1,,,,,,,,,,,,
Mount & Blade: Warband,,,,,1,,1,,1,,,,,,,,
Mount & Blade: Warband,,,,1,1,,,,,,,,,,,,
Mount & Blade: Warband,,,,,1,,,,,,,,,,,,
Mount & Blade: Warband,,,,1,0,-1,-1,0,,,,,,,,,-1
Mount & Blade: Warband,,,,,,,,,,,,,,,,,
Mount & Blade: Warband,,,,,1,,,,,,,,,,,,
Mount & Blade: Warband,,,,,1,,1,1,,,,,,,,,
Mount & Blade: Warband,,,,,1,,,,,,,,,,,,
Mount & Blade: Warband,,,,,,,,,,,,,,,,,
Mount & Blade: Warband,,,,,,,,,,,,,,,,,
Mount & Blade: Warband,,,,,,,0,0,,,,,,,,,
Mount & Blade: Warband,,,,,,,,,,,,,,,,,
Mount & Blade: Warband,,,,,,,,,,,,,,,,,
Mount & Blade: Warband,,,,,0,,,,,,,,,,,,
Mount & Blade: Warband,,,,,1,-1,,,,,,,,,-1,,
Mount & Blade: Warband,,,,,1,-1,,,,,,,,,0,,
Mount & Blade: Warband,,,,,1,,,,1,,,,,,,,
Mount & Blade: Warband,,,,,,,,,,,,,,,,,
Mount & Blade: Warband,,,,,,,,,,,,,,,,,
Mount & Blade: Warband,,,,,,,,,,,,,,,,,
Mount & Blade: Warband,,,,,,,,,,,,,,,,,
Mount & Blade: Warband,,,,1,1,,,1,,,,,,,,,1
Mount & Blade: Warband,1,1,,1,1,1,1,1,1,,1,,,,,1,
Mount & Blade: Warband,,,,,,,,,,,,,,,,,
Mount & Blade: Warband,,,,,1,,,,,,,,,,,,
Mount & Blade: Warband,,,,,1,,,,,,,,,,,,
Mount & Blade: Warband,,,,,1,,1,,1,-1,,,,,,,
Mount & Blade: Warband,,,,,1,,,,,,,,,,,,
Mount & Blade: Warband,,,,1,1,,,1,,,,,,,,,-1
Mount & Blade: Warband,,,,1,1,,1,1,,,,,,1,,,
Mount & Blade: Warband,,,,,1,,,,,,,,,,,,
Mount & Blade: Warband,,,,,,,,,,,,,,,,,
Mount & Blade: Warband,,,,,1,,1,,,,,,,,,,
Mount & Blade: Warband,,,,,1,,,,,,,,,0,,,
Mount & Blade: Warband,,,,,1,,,,,,,,,,,,
Mount & Blade: Warband,,,,,,,,,,,,,,,-1,-1,
Mount & Blade: Warband,,,,1,1,,,,,,,,,,,,
Mount & Blade: Warband,,,,,1,,,,,,,,,,,,
Mount & Blade: Warband,,,,,,,,,,,,,,,,,
Mount & Blade: Warband,,,,,,,,,,,,,,,,,
Mount & Blade: Warband,,,,,1,,,,,,,,,,,,
Mount & Blade: Warband,,,,1,,,,1,,,,,,,-1,-1,
Mount & Blade: Warband,,,,,,,,,,,,,,,,,
Mount & Blade: Warband,,,,,,,,,,,,,,,,,
Mount & Blade: Warband,,,,,1,-1,,1,,,,,,,,,-1
Mount & Blade: Warband,,,,,1,,,,,,,,,,,,
Mount & Blade: Warband,,,,,-1,,-1,,,,,-1,,,,,
Mount & Blade: Warband,,,,,1,-1,,,,,,,,,,,
Mount & Blade: Warband,,,-1,,1,-1,,1,,,,,,-1,,,
Mount & Blade: Warband,,,,1,1,,1,1,,,,,,1,,,
Mount & Blade: Warband,,,,,1,,,,,,,,,,,,
Mount & Blade: Warband,,,,,,,,,,,,,,,,,
Mount & Blade: Warband,,,,,1,,,1,,,,1,,,,,
Mount & Blade: Warband,,,,,,,,,,,,,,,,,
Mount & Blade: Warband,,,,,1,,,,,,,,,,,,
Mount & Blade: Warband,,,,,1,,,,,,,,,,,,
Mount & Blade: Warband,,,,,,,,,,,,,,,,,
Mount & Blade: Warband,,,,,1,,,,,,,,,,,,
Mount & Blade: Warband,,,,,,,,,,,,,,,,,
Mount & Blade: Warband,,,,,1,,,,1,1,,,,,,,
Mount & Blade: Warband,,,,,,,0,0,,,,,,,,,
Mount & Blade: Warband,,,,,1,,,,,,,,,,,,
Mount & Blade: Warband,,,,,,,,,,,,,,,,,
Mount & Blade: Warband,,,,,1,,1,,,,,,,,,,
Mount & Blade: Warband,,,,,1,,,,,,,,,,,,
Mount & Blade: Warband,,,,,,,,,,,,,,,,,
Mount & Blade: Warband,,,,0,1,,,,,,,,,,,,
Mount & Blade: Warband,,,,,,,,,,,,,,,,,
Mount & Blade: Warband,,,,,1,,,,,,,,,-1,,,
Mount & Blade: Warband,,,,,1,,-1,,,,,,,,,,
Arma 3,,,,,1,-1,,,,,,,,,,-1,
Arma 3,,,,,1,-1,1,,,,,,,,,-1,
Arma 3,-1,,-1,,,,,,,,,,,,,,
Arma 3,,,-1,,,,,,,,,,-1,-1,,,
Arma 3,,,,1,1,,1,1,,,,1,,,-1,-1,
Arma 3,,,,-1,,,,,,,,,,,,,
Arma 3,,,,,,,,,,,,,,,,,
Arma 3,,,-1,-1,1,,,,,,,,,-1,,-1,
Arma 3,,,,,,-1,,,,,,,,-1,-1,,
Arma 3,,,,-1,,,,,,,,,,,,,
Arma 3,,,,,-1,,,,,,,,,,,,
Arma 3,,,,,,,,,,,,,,,,,
Arma 3,-1,,-1,,1,,,,,,,,,-1,,,
Arma 3,,,,,,,,,,,,,,,,,
Arma 3,,,,,,,,,,,,,,,,,
Arma 3,,,,-1,1,,,-1,,,,,,,,-1,-1
Arma 3,,,,,,,,,,,,,,,,,
Arma 3,,,,-1,1,,,,,,,,,,,-1,
Arma 3,,,,,,,,,,,,,,,,,
Arma 3,,,,,1,,,,1,,,,,,1,1,
Arma 3,,,,,1,,,,,,,,,,,1,
Arma 3,-1,-1,-1,,1,,,,,,,,,,,,
Arma 3,,,,,,,,,,,,,,,,,
Arma 3,,,,,,,,,,,,,,,,,
Arma 3,,,,,,,,-1,,,,-1,,,,,
Arma 3,,,,,,,,,,,,,,,,,
Arma 3,,,,,,,,,,,,,,,,,
Arma 3,,,,,1,,,,,,,,,,,,
Arma 3,-1,,-1,,,,,,,,,,,-1,,,
Arma 3,,,,1,1,,1,1,,,,,,1,,,
Arma 3,,-1,,1,1,,1,1,1,1,1,1,,,-1,-1,-1
Arma 3,-1,1,,,1,,,,1,,,,,,-1,-1,
Arma 3,,,,,1,1,1,1,,,,,,,,,
Arma 3,,,,-1,-1,,,,-1,,,,,,-1,-1,-1
Arma 3,,,,,1,,,,,,,,,,,,
Arma 3,,,,,1,,0,,,,,,,,,,
Arma 3,,,,,1,,,,,,,,,,,,
Arma 3,-1,-1,-1,,-1,,,-1,-1,,,,,,,,
Arma 3,,,,,0,,,,,,,,,,,,
Arma 3,,,,,1,-1,-1,1,,,,,,,,,
Arma 3,,,,1,1,,,,,,,,,,,-1,
Arma 3,,,,,,,,,,,,,,,,,
Arma 3,,,,,,,,,,,,,,,,,
Arma 3,,,,,,,,,,,,,,,,,
Arma 3,,,,,1,,,,,,,1,,,,,
Arma 3,,,,,,,,,,,,,,,,,
Arma 3,,,,0,1,,,,,,,,,,-1,-1,
Arma 3,,,,1,1,,,,,,,,,,,1,
Arma 3,,,,,,,,,,,,,,,,,
Arma 3,,,,,1,,,,,,,,,,,,
Arma 3,,,,,,,,,,,,,,,-1,,
Arma 3,,,,,,,,,,,,,,,,,
Arma 3,,,,,,,,,,,,,,,,,
Arma 3,,,,,,,,1,,,,,,,,,
Arma 3,,,,,,,,,,,,,,,,,
Arma 3,,,,,1,,,,,,,,,,,,
Arma 3,,,,,,,,,,,,,,,,,
Arma 3,,,,,,,,,,,,,,,,,
Arma 3,,,,,1,,,,,,,,,,-1,,-1
Arma 3,,,,,1,,,,,,,,,,,,
Arma 3,,,,,1,,,,,,,,,,,,
Arma 3,,,,,,,,,,,,,,,,,
Arma 3,,,-1,,,-1,,,,,,,-1,-1,,,
Arma 3,,,,,1,,,,,,,,,,,,
Arma 3,,,,,1,,,,,,,,,,,,
Arma 3,,,,,,,,,,,,,,,,,
Arma 3,,,,,1,,,,,,,,,,,,
Arma 3,,,,-1,1,-1,-1,-1,,-1,,,,-1,,,
Arma 3,,,,,,,,,,,,,,,,,
Arma 3,,,,,,,1,1,,,,,,,,,
Arma 3,,,,,1,,,,,,,,,,,,
Arma 3,,,,,,,,,,,,,,,,,
Arma 3,,,,,,,,,,,,,,-1,,,
Arma 3,,,,,,-1,,,,,,,,,0,,-1
Arma 3,,,,,1,,,,,,,,,,,,
Arma 3,,,,0,,-1,,1,,,,,,-1,-1,-1,-1
Arma 3,,,,1,1,,,,,,,,,,,,
Arma 3,,,,,,,,,,,,,,-1,,,
Arma 3,,,,,,,,,,,,,,,,,
Arma 3,,,,0,0,,-1,,,,,,,,,-1,
Arma 3,,,,,-1,-1,-1,,,,,,,-1,-1,-1,
Arma 3,,,,,1,,,,,,,,,,,,
Arma 3,,,,,,,,,,,,,,,,,
Arma 3,,,,,1,,,,,,,,,,,-1,
Arma 3,,,,,1,,,,,,,,,,,,
Arma 3,,,,,1,,,,,,,,,,,,
Arma 3,,,,,,,,,,,,,,,,,
Arma 3,,,,,1,,,,,,,,,,,,
Arma 3,,,,,,,,,,,,,,,,,
Arma 3,,,,,,,,,,,,,,,,,
Arma 3,,,,,1,,,,,,,,,,,,
Arma 3,,,,,,,,,,,,,,,,,
Arma 3,,,,1,1,,,1,,,,,,,,,1
Arma 3,,,,,1,,,,,,,,,,,,
Arma 3,,,,,,,,,,,,,,,,,
Arma 3,,,,,1,-1,,,,,,,,,,-1,
Arma 3,,,-1,,,,,,,,,,,,,,
Arma 3,,,,,-1,,,,,,,,,,,,
Arma 3,,,,,,-1,,,,,,,,,,,
Arma 3,-1,,-1,,,,,,,,,,,,,,
XCOM: Enemy Unknown,,,-1,1,1,,1,1,,,,1,,1,1,1,
XCOM: Enemy Unknown,,,,,1,-1,,,,,,,,,,,-1
XCOM: Enemy Unknown,,,,,,-1,,,,,,,,,,,
XCOM: Enemy Unknown,,,,,,,,,,,,,,,-1,-1,
XCOM: Enemy Unknown,-1,,-1,,,,,,,,,,,0,,,
XCOM: Enemy Unknown,-1,,-1,,,,,,,,,,,,,,
XCOM: Enemy Unknown,,,-1,,,,,,,,,,-1,,,,
XCOM: Enemy Unknown,,,,,1,,,,,,,,,,,,
XCOM: Enemy Unknown,,,,,1,,1,,,,,,,,,,
XCOM: Enemy Unknown,,,,,,,,,,,,,,,,,-1
XCOM: Enemy Unknown,,,,,,,,,,,,,,,,,
XCOM: Enemy Unknown,,,,,,,,,,,,,,,,,
XCOM: Enemy Unknown,-1,,-1,,,,,,,,,,,0,,,
XCOM: Enemy Unknown,-1,-1,-1,,,-1,,0,,,,,,,-1,,-1
XCOM: Enemy Unknown,,,,,1,,,,0,,,,,,-1,-1,
XCOM: Enemy Unknown,,,-1,,,,,,,,,,,-1,,,
XCOM: Enemy Unknown,,,,,1,-1,,,,,,,,,,,
XCOM: Enemy Unknown,,,,,1,,,,,,,,,,,,
XCOM: Enemy Unknown,,,,,1,,,,,,,,,,,,
XCOM: Enemy Unknown,,,,,1,,,,,,,,,,-1,,
XCOM: Enemy Unknown,-1,,-1,,,,,,,,,,,,,,
XCOM: Enemy Unknown,,,,,1,,,,,,,,,,,,
XCOM: Enemy Unknown,,,,,,,,,,,,,,,,,
XCOM: Enemy Unknown,,,,,1,,,,,,,,,,,,
XCOM: Enemy Unknown,,,,,1,-1,,,,,,,,1,,,
XCOM: Enemy Unknown,,,,,1,,,,,,,,,,,,
XCOM: Enemy Unknown,-1,,-1,-1,0,,,,0,,,-1,,,,,-1
XCOM: Enemy Unknown,,,,,,,,,,,,,,,,,
XCOM: Enemy Unknown,,,,,,,,,,,,,,,,,
XCOM: Enemy Unknown,,,,,1,,,,,,,,,,,,
XCOM: Enemy Unknown,,,,,1,,1,,,,,,,,,,
XCOM: Enemy Unknown,-1,-1,,0,0,-1,0,0,0,,-1,,,,-1,-1,
XCOM: Enemy Unknown,,,,1,1,-1,1,1,,,,1,,,-1,-1,-1
XCOM: Enemy Unknown,,,,,,,,,,,,,,,,,
XCOM: Enemy Unknown,,,,,1,,,,,,,,,,-1,-1,
XCOM: Enemy Unknown,,,,,1,,,,,,,,,,,,-1
XCOM: Enemy Unknown,,,-1,1,1,-1,1,1,1,1,1,0,-1,0,0,-1,-1
XCOM: Enemy Unknown,,,,,1,,,,,,,,,,,,
XCOM: Enemy Unknown,,,,,,,,,,,,,,,,,
XCOM: Enemy Unknown,,,,1,,1,1,1,,,,,,1,1,1,
XCOM: Enemy Unknown,,,,,,-1,,,,,,,,,,,
XCOM: Enemy Unknown,,,,,1,-1,,,,,,,,-1,-1,,
XCOM: Enemy Unknown,,,,,1,,,,,,,,,,,,
XCOM: Enemy Unknown,,,,,,,,,,,,,,,,,
XCOM: Enemy Unknown,-1,,-1,,,,,,,,,,,,,,
XCOM: Enemy Unknown,,-1,,,-1,,,,-1,,-1,,,,,,
XCOM: Enemy Unknown,,,,,1,,,,,,,,,,,,
XCOM: Enemy Unknown,,,,,1,,,,,,,,,,,,
XCOM: Enemy Unknown,,,,,1,,,,,,,,,,,-1,
XCOM: Enemy Unknown,,,,,,,,,,,,,,,,,
XCOM: Enemy Unknown,,,,,,-1,,,,,,,,1,-1,,
XCOM: Enemy Unknown,,,,,1,,,,,,,,,,,,
XCOM: Enemy Unknown,,,,,,,,,,,,,,,,,
XCOM: Enemy Unknown,,,,,,-1,,,,,,,,,,,
XCOM: Enemy Unknown,,,,1,1,-1,1,1,,,,1,,,-1,-1,-1
XCOM: Enemy Unknown,0,1,0,,1,,1,,0,,,,,1,,,
XCOM: Enemy Unknown,,,,,1,,,,,,,,,,,,
XCOM: Enemy Unknown,,,,,,,,,,,,,,,,,
XCOM: Enemy Unknown,,,,,1,,,,,,,,,,,,
XCOM: Enemy Unknown,,,,,1,,1,,,,,,,,,,
XCOM: Enemy Unknown,,,-1,,,,,,,,,,,,,,
XCOM: Enemy Unknown,,,,,,,,,,,,,,,,,
XCOM: Enemy Unknown,,,,,,,,,,,,,,,,,
XCOM: Enemy Unknown,,,,,,,,,,,,,,,,,
XCOM: Enemy Unknown,-1,1,-1,1,1,,,1,1,,,,,1,-1,-1,
XCOM: Enemy Unknown,,,,,,,,,,,,,,,,,
XCOM: Enemy Unknown,,,,,,,,,,,,,,,,,
XCOM: Enemy Unknown,,,,,1,,,,,,,,,,,,
XCOM: Enemy Unknown,,,,,1,,,,,,,,,,,,
XCOM: Enemy Unknown,,,,,,,,,,,,,,,,,
XCOM: Enemy Unknown,,,,,0,,,,,,,,,,-1,,-1
XCOM: Enemy Unknown,,,,,,,,,,,,,,,,,
XCOM: Enemy Unknown,,,,,,,,,,,,,,,,,
XCOM: Enemy Unknown,,,,,1,-1,,,,,,,,,,,-1
XCOM: Enemy Unknown,,,,,1,,,,,,,,,,,,
XCOM: Enemy Unknown,,,,,1,,,,,,,,,,0,-1,
XCOM: Enemy Unknown,,,,,1,,,,,,,,,,,,
XCOM: Enemy Unknown,,,-1,1,1,-1,1,1,,,,0,,0,-1,-1,-1
XCOM: Enemy Unknown,,,-1,,1,-1,,-1,,,,,,-1,-1,-1,-1
XCOM: Enemy Unknown,,,,,1,,,,,,,,,,,,
XCOM: Enemy Unknown,,,,,1,,,,1,,,,,,,,
XCOM: Enemy Unknown,,,,,1,,,,,,,,,,,,
XCOM: Enemy Unknown,,,,,1,,,,,,,,,,-1,,
XCOM: Enemy Unknown,,,,,1,,,,,,,,,,,,
XCOM: Enemy Unknown,,,,,1,,1,,,,,,,,,,
XCOM: Enemy Unknown,,,,,1,,1,,,,,,,,,,
XCOM: Enemy Unknown,-1,,-1,,,,,,,,,,,-1,,,
XCOM: Enemy Unknown,,,,1,1,,,,,,,,,,,,
XCOM: Enemy Unknown,,,,,,,,,,,,,,,,,
XCOM: Enemy Unknown,,,,,1,,,,,,,,,,,,
XCOM: Enemy Unknown,,,,,,-1,,,,,,,,,,-1,
XCOM: Enemy Unknown,,,,,,,,,,,,,,,-1,,
XCOM: Enemy Unknown,,,,,1,,,,,,,,,,,,
XCOM: Enemy Unknown,,,,,1,,,,,,,,,,,-1,
XCOM: Enemy Unknown,,,,,1,,,,,,,,,,-1,,
XCOM: Enemy Unknown,,,,,1,,-1,,,,,,,-1,,,
XCOM: Enemy Unknown,-1,1,,1,1,1,,1,1,,1,,,,0,1,-1
XCOM: Enemy Unknown,,,,,,,,,,,,,,,,,
XCOM: Enemy Unknown,,,,,,-1,,,,,,,,-1,,,
XCOM: Enemy Unknown,,,,,,-1,,,,,,,,-1,,,
Total War: SHOGUN 2,,,,,1,,,,,,,,,,,,
Total War: SHOGUN 2,-1,,-1,,1,,,,1,,,,,,,,
Total War: SHOGUN 2,,,,1,1,-1,,1,,,,,,-1,-1,-1,-1
Total War: SHOGUN 2,,,,1,1,-1,-1,-1,,,,,,,,-1,-1
Total War: SHOGUN 2,,,,,1,,1,,,,,,,,,-1,
Total War: SHOGUN 2,,,,,1,,1,,,,,,,,,,
Total War: SHOGUN 2,,,,,1,,1,,,,,,,,,,
Total War: SHOGUN 2,,,,,1,,,,,,,,,,,,
Total War: SHOGUN 2,,,,-1,1,-1,-1,1,0,-1,,-1,,,-1,-1,
Total War: SHOGUN 2,,,,,1,,,,,,,,,,,,
Total War: SHOGUN 2,,,,,1,,,,,,,,,,,,
Total War: SHOGUN 2,,,,,1,,,,1,1,,,,,,,
Total War: SHOGUN 2,,,,,1,,,,,,,,,,,-1,
Total War: SHOGUN 2,,,,,1,,,,,,,,,,,,
Total War: SHOGUN 2,,,,,,,,1,,,,1,,,,,
Total War: SHOGUN 2,,,,,1,,1,,,,,1,,,,,
Total War: SHOGUN 2,,1,,1,1,-1,1,1,1,1,1,1,,1,-1,-1,
Total War: SHOGUN 2,,,,,,,,,,,,,,,,,
Total War: SHOGUN 2,,,,,1,-1,,,,,,,,,1,,
Total War: SHOGUN 2,,,,-1,,,,1,,,,,,,,,
Total War: SHOGUN 2,0,1,,1,1,1,1,1,1,,1,,,1,1,1,-1
Total War: SHOGUN 2,,,,,,,,,,,,,,,,,
Total War: SHOGUN 2,,,,,1,,,,,,,,,,,,
Total War: SHOGUN 2,,,,,1,-1,0,0,,,,,,-1,-1,-1,
Total War: SHOGUN 2,,,,,1,-1,,,,,,,,,-1,-1,
Total War: SHOGUN 2,,,,,1,,,,,,,,,,,,
Total War: SHOGUN 2,,,,,1,0,,,,,,,,,0,,
Total War: SHOGUN 2,,,-1,,1,,,,,,,,,-1,,,
Total War: SHOGUN 2,,,,,,,,,,,,,,,,,
Total War: SHOGUN 2,-1,,,,,,-1,,,,,,,-1,,,
Total War: SHOGUN 2,,,,,,,,,,,,,,,,,
Total War: SHOGUN 2,,,,,,,,,,,,,,,,,
Total War: SHOGUN 2,,,,,,,,,,,,,,,,,
Total War: SHOGUN 2,,,,,,-1,,,,,,,,,,,-1
Total War: SHOGUN 2,,,,,1,,,,,,,,,,,-1,
Total War: SHOGUN 2,,,,,1,,1,1,,,,1,,,,,
Total War: SHOGUN 2,,,,,1,,,,,,,,,,,,
Total War: SHOGUN 2,,,,,1,,,,,,,,,,,,
Total War: SHOGUN 2,,,,,,,,,,,,,,,,,
Total War: SHOGUN 2,,,,,,,,,,,,,,,,,
Total War: SHOGUN 2,,,,,,-1,,,,,,,,,,-1,
Total War: SHOGUN 2,,,,,1,,,,,,,,,,,1,
Total War: SHOGUN 2,,,,,,,,,,,,,,,,,
Total War: SHOGUN 2,,,,,,,,,,,,,,,,,
Total War: SHOGUN 2,,,,,1,,,,,,,,,,,,
Total War: SHOGUN 2,,,,,,,,,,,,,,,,,
Total War: SHOGUN 2,,,,,,,,,,,,,,,-1,-1,
Total War: SHOGUN 2,,,,,1,,,,,,,,,,,,
Total War: SHOGUN 2,,,,,1,,,,,,,,,,,,
Total War: SHOGUN 2,,,,,1,,,,,,,,,,,,
Total War: SHOGUN 2,,,,,,,,,,,,,,,,,
Total War: SHOGUN 2,,,,,,,,,,,,,,,,,
Total War: SHOGUN 2,,,,,,,,,,,,,,,,,
Total War: SHOGUN 2,,,,,,,,,,,,,,,,,
Total War: SHOGUN 2,,,-1,,,,,,,,,,,-1,,,
Total War: SHOGUN 2,,,,,,,,,,,,,,,,,
Total War: SHOGUN 2,,,,,1,,,,,,,,,,,,
Total War: SHOGUN 2,,,,,,,,,,,,,,,,,
Total War: SHOGUN 2,,,,-1,1,,,,,,,,,1,,,
Total War: SHOGUN 2,,,,1,1,,,,,,,,,,,,
Total War: SHOGUN 2,,,,,,,,,,,,,,,,,
Total War: SHOGUN 2,,,,,1,,,,,,,,,,,,
Total War: SHOGUN 2,1,,,,1,,,,,,,,,,,1,
Total War: SHOGUN 2,,,,,,,,,,,,,,,,,
Total War: SHOGUN 2,,,,,1,,,,,,,,,,-1,-1,
Total War: SHOGUN 2,,,,,,,,,,,,,,,,,
Total War: SHOGUN 2,,,,,1,,0,1,,,,,,,,,
Total War: SHOGUN 2,,,,,1,-1,,1,,,,,,,-1,-1,-1
Total War: SHOGUN 2,,,,,1,,,,,,,,,,,,
Total War: SHOGUN 2,,,,,0,,,,-1,,,,,,,,
Total War: SHOGUN 2,,,,,,,,,,,,,,,,,
Total War: SHOGUN 2,,,,,,,,,,,,,,,,,
Total War: SHOGUN 2,,,,,,,,,,,,,,,,,
Total War: SHOGUN 2,,,-1,,1,,,,,,,,,-1,,,
Total War: SHOGUN 2,,,,,,,,,,,,,,,,1,
Total War: SHOGUN 2,,,,,,,,,,,,,,,,,
Total War: SHOGUN 2,,,,,,,,,,,,,,,,,
Total War: SHOGUN 2,,,,,,,,,,,,,,,,,
Total War: SHOGUN 2,,,,,,,,,,,,,,,,,
Total War: SHOGUN 2,,,,,1,,,,,,,,,,,1,
Total War: SHOGUN 2,,,,,,,,,,,,1,,,,,
Total War: SHOGUN 2,,,,,1,,,,,,,,,,,,
Total War: SHOGUN 2,-1,,-1,,,-1,,,,-1,,,-1,-1,,,
Total War: SHOGUN 2,,,,,1,,,,,,,,,,,,
Total War: SHOGUN 2,,,,,1,,,,,,,,,,,,
Total War: SHOGUN 2,,,,,1,,1,,,,,,,,,,
Total War: SHOGUN 2,,,,,,,,,,,,,,,,,
Total War: SHOGUN 2,,,,,,,,,,,,,,,,,
Total War: SHOGUN 2,,,,,,,,,,,,,,,,,
Total War: SHOGUN 2,,,,,1,,,,,,,,,,,,
Total War: SHOGUN 2,,,,,1,,,,,,,,,,,,
Total War: SHOGUN 2,,,,,,,,,,,,,,,,,
Total War: SHOGUN 2,,,,,1,,,,,,,,,,,,
Total War: SHOGUN 2,,,,,,,,,,,,,,,,,
Total War: SHOGUN 2,,,,,,,,,,,,,,,,,
Total War: SHOGUN 2,,,-1,,,,,,,,,,,,-1,,
Total War: SHOGUN 2,,,,1,1,-1,1,1,,,,,,-1,-1,-1,-1
Total War: SHOGUN 2,,,,,,,1,,,,,1,,,,,
Total War: SHOGUN 2,,,,,1,-1,,,,,,,,,,-1,-1
Total War: SHOGUN 2,-1,-1,-1,,1,,,,-1,,,,,,,,
Hitman: Absolution™,,,,,,,,,,,,,,,,,
Hitman: Absolution™,,,,,,,,,,,,,,,,,
Hitman: Absolution™,,,,,1,,,,,,,,,,,,
Hitman: Absolution™,-1,-1,-1,1,1,,1,0,0,,1,1,,,,,
Hitman: Absolution™,,,,,,,,,,,,,,,1,,1
Hitman: Absolution™,,,,,1,,,,,,,,,,,,
Hitman: Absolution™,,,,1,1,-1,,0,,,,1,,,-1,-1,-1
Hitman: Absolution™,,,,,1,-1,1,-1,,,,,,,-1,,
Hitman: Absolution™,,,,,,,,,,,,,,,,,
Hitman: Absolution™,-1,1,-1,-1,1,,1,1,-1,-1,-1,-1,,-1,,,
Hitman: Absolution™,,,,,1,,,,,,,,,,,,
Hitman: Absolution™,,,,,1,,,,,,,,,,,,
Hitman: Absolution™,,,,,,,,,,,,,,,,,
Hitman: Absolution™,,,,1,1,-1,1,1,0,0,,1,,,-1,-1,-1
Hitman: Absolution™,,,,1,1,,1,1,,,,1,,,,,
Hitman: Absolution™,,,,,0,,,,,,,,,,,,
Hitman: Absolution™,,,,,1,,,,,,,,,,,,
Hitman: Absolution™,,,,,1,-1,,,,,,,-1,1,,,
Hitman: Absolution™,,,,1,1,,1,,,,,,,,0,-1,
Hitman: Absolution™,,,,,1,,,,,,,,,-1,,-1,
Hitman: Absolution™,,,-1,,,,,,,,,,,,,,
Hitman: Absolution™,,,,,0,,,,,,,,,,,,
Hitman: Absolution™,,,,,1,,,,,,,,,,,,
Hitman: Absolution™,,,,,1,,,,,,,,,,-1,,
Hitman: Absolution™,,,,,,,,,,,,,,,,,
Hitman: Absolution™,,,,,,-1,,,,,,,,,,,
Hitman: Absolution™,,,,,1,,,1,,,,,,,,,
Hitman: Absolution™,,,,,1,,,,,,,,,,,,
Hitman: Absolution™,,,,,1,,,,,,,,,,,,
Hitman: Absolution™,,,,,1,1,,,,,,,,,,,
Hitman: Absolution™,,,,,,,,,,,,,,,,,
Hitman: Absolution™,,,,,,,,,,,,,,,,,
Hitman: Absolution™,,,,,1,,0,,0,0,,0,,,,,
Hitman: Absolution™,,,,,1,,,,,,,,,,,1,
Hitman: Absolution™,,,,,,,,,,,,,,,,,
Hitman: Absolution™,,,,,1,,1,,,,,,,,,,
Hitman: Absolution™,,,,,1,,,,,,,,,,,,
Hitman: Absolution™,,,,,,,,,,,,,,,,,
Hitman: Absolution™,,,,,1,-1,-1,,,,,,-1,-1,,,
Hitman: Absolution™,,,,1,1,,,1,,,,1,,,,,
Hitman: Absolution™,,,,,1,,,,,,,,,,,,
Hitman: Absolution™,,,,,,,,,,,,,,,,,
Hitman: Absolution™,,,,,,-1,,,,,,,,,,,
Hitman: Absolution™,,,,,1,,1,,,,,,,,,,
Hitman: Absolution™,,,,,,,1,,,,,,,,,,
Hitman: Absolution™,1,1,,,1,,,,1,1,,,,,,1,
Hitman: Absolution™,,,,,0,,,,,,,,,,,,
Hitman: Absolution™,,,,,1,,,,,,,,,,,,
Hitman: Absolution™,,,,,,,,,,,,,,,,,
Hitman: Absolution™,,,,,1,,,,,,,,,,,,
Hitman: Absolution™,,,,,1,,,,,,,,,,,,
Hitman: Absolution™,,,,,1,,,,,,,,,,,,
Hitman: Absolution™,,,,,,,,,,,,,,,,,
Hitman: Absolution™,,,,,1,,,,,,,,,,,,
Hitman: Absolution™,,,,,,,,,,,,,,-1,,,
Hitman: Absolution™,,,,,,,,,,,,,,,,,
Hitman: Absolution™,,,,,1,,,,-1,-1,,,,,,,
Hitman: Absolution™,,,,,1,,1,1,,,,,,,,,
Hitman: Absolution™,,,,,,,,,,,,,,,,,
Hitman: Absolution™,,,,,,,,,,,,,,,,,
Hitman: Absolution™,,,,,1,,,,,,,,,,,,
Hitman: Absolution™,,,,,1,,,,,,,1,,,,,
Hitman: Absolution™,1,1,,1,1,-1,1,1,1,1,1,1,,1,0,-1,-1
Hitman: Absolution™,,,,,,,,,,,,,,,,,
Hitman: Absolution™,,,,,,,,,,,,,,,,,
Hitman: Absolution™,,,,,1,,1,,,,,,,-1,,,
Hitman: Absolution™,,,,,,,,,,,,,,-1,,,
Hitman: Absolution™,,,,,1,,,,,,,,,,,,
Hitman: Absolution™,,,,1,1,,,,,,,1,,,,,
Hitman: Absolution™,,,,,,,,,,,,,,,,,
Hitman: Absolution™,,,,,1,,,,,,,,,,,,-1
Hitman: Absolution™,,,,1,1,,,,,,,,,,,,
Hitman: Absolution™,,,,,,-1,,,,,,,,,,,
Hitman: Absolution™,,,,,,,,,,,,,,,,,
Hitman: Absolution™,,,,,1,,1,,,,,,,,,,
Hitman: Absolution™,,,,,,-1,,,,,,,,,,,
Hitman: Absolution™,,,,,,-1,,,,,,,,,-1,,
Hitman: Absolution™,,,,,,,,,,1,,,,,,,
Hitman: Absolution™,,-1,,,,,,0,,,,,,,,,
Hitman: Absolution™,,,,,1,,,,,,,,,,-1,,
Hitman: Absolution™,-1,-1,-1,,,-1,,,-1,,-1,,-1,-1,,,
Hitman: Absolution™,,,,,,,,,,,,,,,,,
Hitman: Absolution™,,,,,1,,,,,,,,,,,,
Hitman: Absolution™,,,,,,-1,,,,,,,,1,,,
Hitman: Absolution™,,,,,1,,,,,,,,,,,,
Hitman: Absolution™,,,,,1,,,,1,1,,,,,,,
Hitman: Absolution™,,,,,,,,,,,,,,,,,
Hitman: Absolution™,,,,,,,,,,,,,,,,,
Hitman: Absolution™,,,,,1,,,,,,,,,,,,
Hitman: Absolution™,,,,,1,-1,,,,,,,,,,,-1
Hitman: Absolution™,-1,-1,-1,,1,,,,-1,,,,,,,-1,
Hitman: Absolution™,0,1,0,1,1,0,1,1,0,1,1,1,0,1,0,0,0
Hitman: Absolution™,,,,0,1,,,,,,,,,,,,
Hitman: Absolution™,,,,,,,,,,,,,,,,,
Hitman: Absolution™,,,,,,,,,,,,,,,,-1,-1
Hitman: Absolution™,0,0,-1,1,1,-1,1,1,0,0,1,0,-1,0,-1,-1,-1
Hitman: Absolution™,,,,,1,-1,1,0,,,,0,,-1,-1,-1,-1
Hitman: Absolution™,,,,,1,,,,,,,,,,,-1,
Hitman: Absolution™,,,,,1,,,,,,,,,,,-1,
Hitman: Absolution™,,,,1,1,,,,,,,,,,,,
Crusader Kings II,,,,-1,,,,,,,,,,-1,,,
Crusader Kings II,,,,1,1,,-1,-1,,,,1,,,-1,-1,-1
Crusader Kings II,,,,,,,,,,,,,,,,,
Crusader Kings II,,,,1,1,,1,1,1,1,,1,,,-1,1,-1
Crusader Kings II,,,,0,,,0,,,,,,,,,,
Crusader Kings II,,,,,1,,,,,,,,,,,,
Crusader Kings II,,,,-1,,,,,,,,,,,,,
Crusader Kings II,,,,1,1,,,,,,,,,,,-1,
Crusader Kings II,,,,,,-1,,,,,,,,,,,
Crusader Kings II,,,,,1,,,,,,,,,,,,
Crusader Kings II,,,,,,,,,,,,,,,,,
Crusader Kings II,,,,0,1,-1,1,0,,,,,,0,-1,-1,-1
Crusader Kings II,,,,1,1,,1,1,,1,,1,,,,,
Crusader Kings II,,,,,,,,,,,,,,,,,
Crusader Kings II,,,,,1,,,,,,,,,,,,
Crusader Kings II,,,,,1,,,,,,,,,,,,
Crusader Kings II,,,,,,,1,,,,,,,,,,
Crusader Kings II,,,,,,,0,,,,,0,,,,,
Crusader Kings II,,,,,1,,1,0,,,,,,,,,
Crusader Kings II,-1,-1,,,,,,,,,,,,,,,
Crusader Kings II,,,,,1,,,,,,,,,,,,
Crusader Kings II,,,,,,,,,,,,,,,,,
Crusader Kings II,,,,,,,,,,,,,,,,,
Crusader Kings II,,,,,1,,,,,,,,,,,,
Crusader Kings II,,,,,1,,1,,,,,,,,,,
Crusader Kings II,,,,,,,,,,,,,,,,,
Crusader Kings II,,,,,,-1,,,,,,,,,,,
Crusader Kings II,,,,1,1,-1,,-1,,,,,,,-1,-1,-1
Crusader Kings II,,,,,1,,,,,,,,,,,,
Crusader Kings II,,,,,,,,,,,,,,,,,
Crusader Kings II,,,,,1,,,,,,,,,,,,
Crusader Kings II,,,,,1,,,,,,,,,,,,
Crusader Kings II,,,,,1,,,,-1,-1,,,,,,,
Crusader Kings II,,,,,1,,,,,,,,,,,,
Crusader Kings II,,,,,,,,,,,,,,,,,
Crusader Kings II,,,,,1,,,,,,,,,,,,
Crusader Kings II,,,,,1,-1,,,,,,,-1,-1,,,
Crusader Kings II,,,,,,,,,,,,,,,,,
Crusader Kings II,,,,1,1,,1,1,1,1,,1,,,-1,-1,
Crusader Kings II,,,,0,1,,,,,,,,,-1,,,
Crusader Kings II,,,,1,,,,,,,,,,0,,,
Crusader Kings II,,,,,,,,,,,,,,,,,
Crusader Kings II,,,,1,0,,0,0,,,,,,1,,,
Crusader Kings II,,,,,1,,,,,,,,,,,,
Crusader Kings II,,,,,1,,,,,,,,,,,-1,
Crusader Kings II,,,,,,,,,,,,,,,-1,,
Crusader Kings II,,,,,1,,,,1,,,,,,,,
Crusader Kings II,,,,,1,,,,,,,1,,,,,
Crusader Kings II,,,,,1,,,,,,,,,,,,
Crusader Kings II,,,,,,,,,,,,,,,,,
Crusader Kings II,,,,1,1,,,,,,,,,,,,
Crusader Kings II,,,,,,,,,,,,,,,,-1,
Crusader Kings II,,,,,,,,,,,,,,,,,
Crusader Kings II,,,,,,,,,,,,,,,,,
Crusader Kings II,,,,,,,,,,,,,,,,,
Crusader Kings II,,,,,,,,,,,,,,,,,
Crusader Kings II,,,,,,,,,,,,,,,,,
Crusader Kings II,,,,,1,,,,,,,,,,,,
Crusader Kings II,,,,,1,,1,1,1,1,,,,,1,,
Crusader Kings II,,,,,1,,,,,,,,,,,,
Crusader Kings II,,,,,1,,,,,,,,,,,,
Crusader Kings II,,,,1,1,,,,,,,,,1,,-1,
Crusader Kings II,,,,,1,,1,,,,,,,,,,
Crusader Kings II,,,,,1,,,,,,,,,,,,
Crusader Kings II,,,,,,,,,,,,,,,,,
Crusader Kings II,,,,,1,,,,,,,,,,,,
Crusader Kings II,,,,,,,,,,,,,,,-1,,
Crusader Kings II,,,,,,,,,,,,,,,,,
Crusader Kings II,,,,,,,,,,,,,,,,,
Crusader Kings II,,,,,1,,,,,,,,,,-1,-1,
Crusader Kings II,,,,,,,,,,,,,,,,,
Crusader Kings II,,,,,1,,,,,,,,,,,,
Crusader Kings II,,,,,,,,,,,,,,,,,
Crusader Kings II,,,,,1,,,,,,,,,,,,
Crusader Kings II,,,,,,,,,,,,,,,,,
Crusader Kings II,,,,,1,,,,,,,,,,,,
Crusader Kings II,,,,,1,,1,,,,,,,,,,
Crusader Kings II,,,,,1,,1,,,,,1,,,,,
Crusader Kings II,,,,,1,,,,,,,,,,,,
Crusader Kings II,,,,,,,,,,,,,,,,,
Crusader Kings II,,,,,1,,,,,,,,,,,,
Crusader Kings II,,,,1,1,,,,,,,,,,,,
Crusader Kings II,,,,,0,,,,,,,,,,,,
Crusader Kings II,,,,,,0,,,,,,,,,0,,
Crusader Kings II,,,,,,,,,,,,,,,,,
Crusader Kings II,,,,,,-1,,,,,,,,,,,
Crusader Kings II,,,,1,1,,,,,,,,,,,,-1
Crusader Kings II,,,,,1,,,,,,,,,,,,
Crusader Kings II,,,,,1,,,,,,,,,,,,
Crusader Kings II,,,,,1,-1,,1,,,,,,,-1,-1,-1
Crusader Kings II,,,,,,,,,,,,,,,,,
Crusader Kings II,,,,,1,,,,,,,,,,,,
Crusader Kings II,,,,,1,,,,,,,,,,,,
Crusader Kings II,,,,,,-1,,,,,,,,,,,
Crusader Kings II,,-1,,,,,,,-1,,-1,,,,,,
Crusader Kings II,,,,,1,,,,1,,,,,,,,
Crusader Kings II,,,,,0,-1,,,,-1,,,,,-1,,
Crusader Kings II,,,,0,1,-1,-1,-1,,,,0,,-1,-1,-1,-1
Crusader Kings II,,,,,,,,,,,,,,,,,
Crusader Kings II,,,,,1,,,,1,1,,,,,,,
Batman™: Arkham Knight,,,,,1,,,,,,,,,,,,
Batman™: Arkham Knight,,,,,1,,,,,,,,,,,,
Batman™: Arkham Knight,,,,,,,,,,,,,,,,,
Batman™: Arkham Knight,,,,,1,,,,,,,,,,,,
Batman™: Arkham Knight,,,,,,,,-1,,-1,,,,,,,
Batman™: Arkham Knight,,,,,,,,,,,,,,0,,,
Batman™: Arkham Knight,,,,,,,,,,,,,,,,,
Batman™: Arkham Knight,,,,,,,,,,,,,,,,,
Batman™: Arkham Knight,,,,,1,,,,1,1,,,,,,,
Batman™: Arkham Knight,,,,1,1,,,1,1,1,1,1,,,-1,1,-1
Batman™: Arkham Knight,,,,1,1,,,,1,1,1,1,,,-1,,-1
Batman™: Arkham Knight,,,-1,,1,,1,,,,,,,1,,,
Batman™: Arkham Knight,-1,-1,-1,,1,-1,,-1,,,-1,,,,,,-1
Batman™: Arkham Knight,,,,,1,-1,1,1,,-1,,-1,,-1,-1,,
Batman™: Arkham Knight,,,,1,1,-1,1,1,1,1,1,1,-1,,-1,-1,-1
Batman™: Arkham Knight,,,,,,,,,,,,,,,,,
Batman™: Arkham Knight,,,,,1,,1,,,,,1,,,,,
Batman™: Arkham Knight,,,,-1,1,,,,,,,,,,,,-1
Batman™: Arkham Knight,,,,,1,,,,,,,,,,,,
Batman™: Arkham Knight,-1,,-1,-1,1,,1,-1,,,,,,-1,,-1,
Batman™: Arkham Knight,,,,,1,,,,,,,,,,,,
Batman™: Arkham Knight,,,,,,,,,,,,,,,,,
Batman™: Arkham Knight,,,,,1,,,,,,,,,,-1,-1,
Batman™: Arkham Knight,,,,,1,,1,1,,,,,,,-1,,
Batman™: Arkham Knight,,,,,0,,,,,,,,,,,,
Batman™: Arkham Knight,,,,,,,,,,,,,,,,,
Batman™: Arkham Knight,-1,,-1,,-1,,-1,,,,,,,-1,,,
Batman™: Arkham Knight,1,,0,,1,,,,1,,,,,,,,
Batman™: Arkham Knight,,,,1,1,-1,1,1,1,,1,1,,,-1,,-1
Batman™: Arkham Knight,,,,,1,,,,,,,,,,,,-1
Batman™: Arkham Knight,,,,,1,,,,,,,,,,-1,-1,
Batman™: Arkham Knight,,1,,,1,,1,,1,,1,,,,,,
Batman™: Arkham Knight,1,1,1,1,1,,1,1,1,1,1,1,,,,,
Batman™: Arkham Knight,,,,1,1,-1,1,1,0,1,1,1,,,-1,-1,
Batman™: Arkham Knight,,,-1,-1,0,-1,-1,,,,,,,-1,,,
Batman™: Arkham Knight,,,,,1,,,,,,,,,,,,
Batman™: Arkham Knight,-1,-1,,,1,-1,,,1,-1,-1,-1,,,-1,-1,-1
Batman™: Arkham Knight,,,,1,1,,1,1,1,1,,1,,,,,
Batman™: Arkham Knight,,,,,,,,,1,1,,,,,,,
Batman™: Arkham Knight,,,,,,,,,,,,,,,,,
Batman™: Arkham Knight,,,,1,1,,,,,,,,,,,,
Batman™: Arkham Knight,,,,,,,,,,,,,,,,,
Batman™: Arkham Knight,-1,1,-1,1,1,,1,1,1,1,1,1,,,,,
Batman™: Arkham Knight,,,,,,,,,,,,,,,,,
Batman™: Arkham Knight,,,,,1,-1,,,,,,,,,,-1,
Batman™: Arkham Knight,,,,,1,,-1,1,1,-1,,1,-1,,,,
Batman™: Arkham Knight,,,,,1,,,,1,,,,,,,,
Batman™: Arkham Knight,,,,,0,,,,,,,,,,,,-1
Batman™: Arkham Knight,,,,,,,,,,,,,,,,,
Batman™: Arkham Knight,,,,,,,,,,,,,,,,,
Batman™: Arkham Knight,,,,,1,,,,,,,,,,,,
Batman™: Arkham Knight,,,,,,,,,,,,,,,,,
Batman™: Arkham Knight,,,,,1,,,-1,,,,-1,,,,,-1
Batman™: Arkham Knight,,,,,,,,,,,,,,,,,
Batman™: Arkham Knight,,,,,1,,,,,,,,,,,,
Batman™: Arkham Knight,,,,,,,,,,,,,,,,,
Batman™: Arkham Knight,,,,,,,,,,,,,,,,,
Batman™: Arkham Knight,,,,,1,,,,,,,,,,,,
Batman™: Arkham Knight,,,,,1,,,,,,,,,,,,
Batman™: Arkham Knight,,,,,1,,,,,,,,,,,,
Batman™: Arkham Knight,,,,,,,,,,,,,,,,,
Batman™: Arkham Knight,,,,1,1,-1,1,1,1,1,1,1,,,-1,-1,-1
Batman™: Arkham Knight,,,,,,,,,,,,,,,,,
Batman™: Arkham Knight,,,,,,,,,,,,,,,,,
Batman™: Arkham Knight,1,1,,,1,,,,1,,1,,,,,,
Batman™: Arkham Knight,,,,,1,,,,,,,,,,,,
Batman™: Arkham Knight,,,,,1,,,,,,,,,,,,
Batman™: Arkham Knight,,,,,,,,,,,,,,,,,
Batman™: Arkham Knight,,,,,1,,,,,,,,,,,,
Batman™: Arkham Knight,,,,,,,,,1,,,1,,,,,
Batman™: Arkham Knight,,,,,,,,,,,,,,,,-1,
Batman™: Arkham Knight,,,,,1,,,,,,,,,,,,
Batman™: Arkham Knight,,,,,1,,,,,,,,,,,,
Batman™: Arkham Knight,,1,,1,1,,1,1,1,1,1,1,,,1,1,
Batman™: Arkham Knight,,,,,-1,,,,,,,,,,,,
Batman™: Arkham Knight,-1,,-1,-1,1,-1,1,-1,-1,-1,-1,-1,-1,-1,-1,-1,-1
Batman™: Arkham Knight,,,,,1,,,,,,,,,,,,
Batman™: Arkham Knight,,,,,,,,,,,,,,,,,
Batman™: Arkham Knight,,1,,1,1,,1,,1,,1,,,,,,
Batman™: Arkham Knight,,,,,1,-1,1,1,,,,,,,-1,,-1
Batman™: Arkham Knight,,,-1,,,-1,,,,,,,,-1,-1,,-1
Batman™: Arkham Knight,-1,-1,-1,-1,1,-1,1,-1,-1,,-1,-1,,,-1,-1,-1
Batman™: Arkham Knight,,,,,1,,,0,,-1,,1,,,,,
Batman™: Arkham Knight,,,,,,,-1,,,-1,,,,-1,,,
Batman™: Arkham Knight,,,,,1,-1,,,,,,,,-1,,,
Batman™: Arkham Knight,,,,,,,,,,,,,,,,,
Batman™: Arkham Knight,,,,,,,,,,,,,,,,,
Batman™: Arkham Knight,,-1,,,,,-1,0,-1,,,,,,,,
Batman™: Arkham Knight,,,,,1,,,,,,,,,,,,
Batman™: Arkham Knight,,,,,,,,,,,,,,,,,
Batman™: Arkham Knight,,,,,,,,,,,,,,,,,
Batman™: Arkham Knight,,,,,1,,,,,,,,,,,,
Batman™: Arkham Knight,,,,,1,,,,,,,,,,,,
Batman™: Arkham Knight,,,,,,,,,,,,1,,,,,
Batman™: Arkham Knight,,,-1,,1,,,,,,,,,-1,,,
Batman™: Arkham Knight,,,,,1,,,,,,,,,,1,,
Batman™: Arkham Knight,,,,,1,,,,,,,,,,,,
Batman™: Arkham Knight,,,,,0,-1,,,,,,,,,,,-1
Batman™: Arkham Knight,,,,,1,,,1,,,,,,,,,
Batman™: Arkham Knight,-1,,-1,,,,,,,,,,,,-1,,
FTL: Faster Than Light,,,,1,1,,,,,,,,,,,,
FTL: Faster Than Light,,,-1,,1,,,,,,,,,,,,-1
FTL: Faster Than Light,,,,1,1,,1,1,1,-1,1,1,,,-1,-1,-1
FTL: Faster Than Light,,,,1,1,,1,1,,,,,,1,,,
FTL: Faster Than Light,,,,,1,-1,1,,,,,,,1,-1,-1,
FTL: Faster Than Light,,,,1,1,-1,1,1,,,,,,,0,-1,
FTL: Faster Than Light,,,,,1,,,,,,,,,,,,
FTL: Faster Than Light,,,,,1,,,,,,,,,,,,-1
FTL: Faster Than Light,,,,,,,,,,,,,,,,,
FTL: Faster Than Light,,,,,1,,,,,,,,,,,,
FTL: Faster Than Light,1,1,,1,1,,1,1,1,,1,1,,,,,
FTL: Faster Than Light,,,,1,1,-1,1,0,,,,,,1,-1,-1,-1
FTL: Faster Than Light,,,,,1,,,,,,,,,,,,
FTL: Faster Than Light,,,,,1,,,,,,,,,,,,
FTL: Faster Than Light,,,,,1,-1,,,,,,,,,-1,,
FTL: Faster Than Light,,,,,1,,,,,,,,,,-1,,
FTL: Faster Than Light,,,-1,1,1,-1,1,1,,1,1,1,-1,0,-1,-1,-1
FTL: Faster Than Light,,,,,1,,,,,,,,,,,,
FTL: Faster Than Light,,,,1,1,,,,,,,,,,,,
FTL: Faster Than Light,,,,,1,,,,,,,,,,,,
FTL: Faster Than Light,,,,,1,,,,,,,,,,,,
FTL: Faster Than Light,,,,,,-1,,,,,,,,,,,
FTL: Faster Than Light,,,,,,,,,,,,,,,,,
FTL: Faster Than Light,,,,,1,,,,,,,,,,,,
FTL: Faster Than Light,,,,,1,,1,1,1,1,,,,,-1,,
FTL: Faster Than Light,,,,,1,,,,,,,,,,,,
FTL: Faster Than Light,,,,-1,1,,1,-1,,,,,,-1,,,
FTL: Faster Than Light,,,,1,1,,1,1,,,,,,,,,
FTL: Faster Than Light,,,,,,,,,,,,,,,,,
FTL: Faster Than Light,,,,,,,,,,,,,,,,,
FTL: Faster Than Light,,,,,1,,,,,,,,,,,,
FTL: Faster Than Light,,,,,,,,,,,,,,,,,
FTL: Faster Than Light,,,,,,,,,,,,,,,-1,,
FTL: Faster Than Light,,,,,,,,,,,,,,,,,
FTL: Faster Than Light,,,,,1,,,,,,,,,,,,
FTL: Faster Than Light,,,,,,,,,,,,,,,,,
FTL: Faster Than Light,,,,,,,,,,,,,,,,,
FTL: Faster Than Light,,,,,,,,,,,,,,,,,
FTL: Faster Than Light,,,,,,-1,,,,,,,,,-1,,-1
FTL: Faster Than Light,,,,,1,,,,,,,,,,,,
FTL: Faster Than Light,,,,,1,,1,,,,,,,,,,
FTL: Faster Than Light,,,,,1,-1,0,1,,,,,,,-1,,
FTL: Faster Than Light,,,-1,,,-1,,,,,,,-1,-1,,,
FTL: Faster Than Light,,,,,1,,,,,,,,,,,,
FTL: Faster Than Light,,,,,,,,,,,,,,,,,
FTL: Faster Than Light,-1,,-1,,1,-1,,,,,,,-1,-1,-1,-1,-1
FTL: Faster Than Light,,,,,0,-1,,,,,,,,,,,
FTL: Faster Than Light,,,,,1,,,,,,,,,,,-1,
FTL: Faster Than Light,,,,,,,,,,,,,,,,,
FTL: Faster Than Light,,,,1,1,,,,,,,,,,,,
FTL: Faster Than Light,,,,,,-1,,-1,,,,,,,-1,-1,-1
FTL: Faster Than Light,-1,,-1,,,,,,,,,,,,,,
FTL: Faster Than Light,,,,,,,,,,,,,,,,,
FTL: Faster Than Light,,,,,,,,,,,,,,,-1,,
FTL: Faster Than Light,,,,,1,,1,,,,,,,,,,
FTL: Faster Than Light,,,,1,1,,1,1,,,,1,,,,,
FTL: Faster Than Light,,,,,1,,,,,,,,,,-1,,
FTL: Faster Than Light,,,,,1,,1,,,,,,,,,,
FTL: Faster Than Light,,,,,,,,,,,,,,,,,
FTL: Faster Than Light,,,,,,0,,1,,,,,,,0,,-1
FTL: Faster Than Light,,,,,1,,,,,,,,,,,,
FTL: Faster Than Light,,,,,,,,,,,,,,,,,
FTL: Faster Than Light,,,,,1,-1,,,,,,,,,,,
FTL: Faster Than Light,,,,1,1,,,,,,,,,,,,-1
FTL: Faster Than Light,,,,,,,,,,,,,,,,,
FTL: Faster Than Light,,,,,,,0,,,,,,,,,,
FTL: Faster Than Light,,,,,1,,,,,,,,,,,,
FTL: Faster Than Light,,,,,,,,,,,,,,,,,
FTL: Faster Than Light,,,,,1,,,,1,,,,,,,,
FTL: Faster Than Light,,,,,,,,,,,,,,,,,
FTL: Faster Than Light,,,,,1,,-1,,,,,,,-1,,,
FTL: Faster Than Light,-1,,-1,,,,,,,,,,,,,,
FTL: Faster Than Light,,,,,,,,,,,,,,,,,
FTL: Faster Than Light,,,,,1,,,,,,,,,,,,
FTL: Faster Than Light,,,,,1,,1,,,,,,,,,,
FTL: Faster Than Light,,,,,,-1,,,,,,,,0,,,
FTL: Faster Than Light,,,,,,,,,,,,,,,,,
FTL: Faster Than Light,,,-1,,1,-1,,,,,,,,-1,-1,,
FTL: Faster Than Light,,,,,1,,,,,,,,,,,,
FTL: Faster Than Light,,,,1,,,,,,,,,,,-1,-1,-1
FTL: Faster Than Light,,,,,,,,,,,,,,,,,
FTL: Faster Than Light,,,-1,,1,-1,,,,,,,,,-1,-1,-1
FTL: Faster Than Light,,,,,,-1,,,,,,,,,,,
FTL: Faster Than Light,,1,,1,1,,1,1,1,1,1,1,,,,,
FTL: Faster Than Light,,,,,,,,,,,,,,,,,
FTL: Faster Than Light,,,,1,1,,1,1,,,,1,,,-1,-1,
FTL: Faster Than Light,,,,,1,,,,,,,,,,,,
FTL: Faster Than Light,,,,1,1,,1,1,1,1,,,,,1,1,
FTL: Faster Than Light,,,,,1,,,,,,,,,,,,
FTL: Faster Than Light,,,,,,,,,,,,,,,-1,,
FTL: Faster Than Light,,,,,1,,1,1,,,,,,,-1,1,
FTL: Faster Than Light,,,,,1,,,,,,,,,,,,
FTL: Faster Than Light,,,,,-1,-1,,,,,,,,,,,
FTL: Faster Than Light,,,,,,,,,,,,,,,,,
FTL: Faster Than Light,,,,,1,,1,,,,,,,,,,
FTL: Faster Than Light,,,,1,1,,1,1,,,,1,,1,,,
FTL: Faster Than Light,,,,,1,-1,,,,,,,,,,,
FTL: Faster Than Light,,,,1,1,,1,,,,,,,,,-1,
FTL: Faster Than Light,,,,,1,-1,1,1,,,,1,,,,,
FTL: Faster Than Light,,,,,1,,1,,,,,,,,,-1,
Total War: ROME II - Emperor Edition,,,,,,,,,,,,,,-1,,,
Total War: ROME II - Emperor Edition,,,,1,1,0,1,1,1,,1,1,,,0,-1,-1
Total War: ROME II - Emperor Edition,,,,,,,,,,,,,,,,1,
Total War: ROME II - Emperor Edition,,,,,,,,,,,,,,,,,
Total War: ROME II - Emperor Edition,,,,,,-1,,,,,,,,,-1,,
Total War: ROME II - Emperor Edition,,,,,1,,1,,,,,,,,,,
Total War: ROME II - Emperor Edition,,,,,1,,1,,,,,,,-1,,,
Total War: ROME II - Emperor Edition,,,,,1,,-1,,0,0,,,,,,,
Total War: ROME II - Emperor Edition,,,,,,,,,,,,,,,,,
Total War: ROME II - Emperor Edition,,,,,-1,,,,,,,,,,,,
Total War: ROME II - Emperor Edition,,,,,1,,1,,,,,,,1,,,
Total War: ROME II - Emperor Edition,,,,,1,,,,,,,,,,,,
Total War: ROME II - Emperor Edition,,,-1,,1,,,,,,,,,,,,-1
Total War: ROME II - Emperor Edition,,,,,1,,,,,,,,,,,,
Total War: ROME II - Emperor Edition,,,,,,,,,,,,,,,,,
Total War: ROME II - Emperor Edition,,,,,,,,,,,,,,,,,
Total War: ROME II - Emperor Edition,,,,-1,1,,,,,,,,,,,,-1
Total War: ROME II - Emperor Edition,,,,,1,,,,,,,,,,,,
Total War: ROME II - Emperor Edition,,,,,1,,,,,,,,,,,,
Total War: ROME II - Emperor Edition,,,,,,,,,,,,,,,,,
Total War: ROME II - Emperor Edition,1,1,,1,1,,1,1,1,,1,,,,,,
Total War: ROME II - Emperor Edition,,,,,1,-1,,,,,,,,,-1,-1,-1
Total War: ROME II - Emperor Edition,-1,,-1,,0,,,,,,,,,0,,-1,
Total War: ROME II - Emperor Edition,-1,,-1,,1,,,,,,,,,0,,,
Total War: ROME II - Emperor Edition,,,,,1,,,,,,,,,,,,
Total War: ROME II - Emperor Edition,,,,,,,,,,,,,,,,,
Total War: ROME II - Emperor Edition,,,,,1,,,,,,,,,,,,
Total War: ROME II - Emperor Edition,,,,,,,,,,,,,,,,,
Total War: ROME II - Emperor Edition,,,,,,,,,,,,,,,,,
Total War: ROME II - Emperor Edition,,,,,,,,,,,,,,,,,
Total War: ROME II - Emperor Edition,,,,,1,,,,,,,,,,,,
Total War: ROME II - Emperor Edition,,,,,1,,,,,,,,,,,,
Total War: ROME II - Emperor Edition,,,,,1,,,,,,,,,,,,
Total War: ROME II - Emperor Edition,-1,,-1,,1,,,,,,,,,,,,
Total War: ROME II - Emperor Edition,,,,,,,,,,,,,,,,,
Total War: ROME II - Emperor Edition,,,,,1,,,,,,,,,,,,
Total War: ROME II - Emperor Edition,,,,,,,,,,,,,,,,,
Total War: ROME II - Emperor Edition,,,,,1,,1,,,,,0,,,,,
Total War: ROME II - Emperor Edition,,,,,1,,,,,,,,,,,,
Total War: ROME II - Emperor Edition,,,-1,,,,,,,,,,,,,,
Total War: ROME II - Emperor Edition,,,,,1,,,,,,,,,,,,
Total War: ROME II - Emperor Edition,,,-1,,,-1,,,,,,,,,,,
Total War: ROME II - Emperor Edition,,,,,1,,,,,,,,,,,,
Total War: ROME II - Emperor Edition,,,,,1,,1,,,,,,,,,,
Total War: ROME II - Emperor Edition,,,,1,1,-1,1,1,,,,,,1,-1,1,-1
Total War: ROME II - Emperor Edition,,,,,,,,,,,,,,,,,
Total War: ROME II - Emperor Edition,,,,,1,,,,,,,,,,,,
Total War: ROME II - Emperor Edition,,,,,,,,,,,,,,,,,
Total War: ROME II - Emperor Edition,,,,-1,-1,-1,,-1,,,,,,,-1,,-1
Total War: ROME II - Emperor Edition,,,,,1,-1,1,1,,,,,,1,,,
Total War: ROME II - Emperor Edition,,,,,1,-1,,,,,,,,1,,,
Total War: ROME II - Emperor Edition,,,,,,,,,,,,,,,,,
Total War: ROME II - Emperor Edition,,,,,1,,,,,,,,,,,,
Total War: ROME II - Emperor Edition,,,,,1,,,,,,,,,,,,
Total War: ROME II - Emperor Edition,,,,,1,-1,,,,,,,,-1,-1,-1,
Total War: ROME II - Emperor Edition,,,,,1,,,,,,,,,,,,
Total War: ROME II - Emperor Edition,,,-1,,,,,,,,,,,,,,
Total War: ROME II - Emperor Edition,,,,,,,,,,,,,,,,,
Total War: ROME II - Emperor Edition,,,,,,,,,,,,,,,,,
Total War: ROME II - Emperor Edition,-1,,-1,,,,,,,,,,,,,,
Total War: ROME II - Emperor Edition,,,,1,1,,0,1,,,,0,,,,-1,
Total War: ROME II - Emperor Edition,,,,,1,,,,,,,,,,,,
Total War: ROME II - Emperor Edition,,,,,1,,,,,,,,,,,,
Total War: ROME II - Emperor Edition,,,,,1,-1,,,,,,,,,,,
Total War: ROME II - Emperor Edition,,,,,1,,,,,,,,,,,,
Total War: ROME II - Emperor Edition,,,,,1,-1,,,,,,,,,,,-1
Total War: ROME II - Emperor Edition,,,,,,,,,,,,,,,,,
Total War: ROME II - Emperor Edition,,,,,,,,,,,,,,,,,
Total War: ROME II - Emperor Edition,,,,,1,,,,,,,,,,,,
Total War: ROME II - Emperor Edition,,,,,1,,,,1,,,,,,,,
Total War: ROME II - Emperor Edition,,,,,,,,,,,,,,,,,
Total War: ROME II - Emperor Edition,,,,,1,,,,,,,,,,,,
Total War: ROME II - Emperor Edition,,,,,1,,,,,,,,,1,,,
Total War: ROME II - Emperor Edition,,,,,1,,,,,,,,,,,,
Total War: ROME II - Emperor Edition,,,,,,,,,,,,,,,,,
Total War: ROME II - Emperor Edition,,,,,,,,,,,,,,,,,
Total War: ROME II - Emperor Edition,,,,,1,,,,,,,1,,,,,
Total War: ROME II - Emperor Edition,,,,1,1,,,1,,,,,,,,,
Total War: ROME II - Emperor Edition,,,,1,1,,,,,,,,,,,,
Total War: ROME II - Emperor Edition,,,,,1,,,,,,,,,,,,
Total War: ROME II - Emperor Edition,,,,,,,,,,,,,,,,,-1
Total War: ROME II - Emperor Edition,,,,,1,,,,,,,,,,,,
Total War: ROME II - Emperor Edition,-1,,-1,,1,,,,,,,,,,,,
Total War: ROME II - Emperor Edition,,,,-1,1,,,,,,,,,,,,-1
Total War: ROME II - Emperor Edition,,,,,1,,,,,,,,,,,,
Total War: ROME II - Emperor Edition,,,,,1,,,,,,,,,,,,
Total War: ROME II - Emperor Edition,,,,,,,,,,,,,,,,,
Total War: ROME II - Emperor Edition,,,,,,,,,,,,,,,,,
Total War: ROME II - Emperor Edition,,,,,,,,,,,,,,,,,
Total War: ROME II - Emperor Edition,,,,,,-1,,,,,,,,,,,
Total War: ROME II - Emperor Edition,,,,,1,,1,1,,,,,,,,,
Total War: ROME II - Emperor Edition,,,,,,,,,,,,,,,,,
Total War: ROME II - Emperor Edition,,,,,,,,,,,,,,,,,
Total War: ROME II - Emperor Edition,,,,,,,,,,,,,,,,,
Total War: ROME II - Emperor Edition,,,,,,-1,0,,,,,,,,,,
Total War: ROME II - Emperor Edition,,,,,0,,,,,,,,,-1,,,
Total War: ROME II - Emperor Edition,,,,,1,,-1,,,,,,-1,-1,,,
Total War: ROME II - Emperor Edition,,,,,,,,,,,,,1,,,,
Total War: ROME II - Emperor Edition,,,,,,,,,,,,,,,,,
Total War: ROME II - Emperor Edition,,,,,,-1,,,,,,,,,,,-1
PlanetSide 2,,,-1,,1,,,,,,,,,-1,,,
PlanetSide 2,,,,,,,,,,,,,,-1,,,
PlanetSide 2,,,,,1,,,,,,,,,,,,
PlanetSide 2,,,,-1,1,,,,,,,,,,-1,-1,-1
PlanetSide 2,,,,,,,,,,,,,-1,,,,
PlanetSide 2,,,,,1,-1,,,0,,,,-1,-1,-1,-1,-1
PlanetSide 2,,,,1,1,,,,,,,,,,,1,
PlanetSide 2,,,,,,,,,,,,,,,,,
PlanetSide 2,,,,,,,,,,,,,,,,,
PlanetSide 2,,,,,1,-1,,,,,,,-1,,,-1,-1
PlanetSide 2,-1,,-1,,-1,,,,,,,,-1,-1,,-1,
PlanetSide 2,-1,,,,1,,,,,,,,,,,,
PlanetSide 2,,,,,1,-1,-1,,,,,,,,,-1,
PlanetSide 2,-1,1,-1,1,1,,,,,,,,,0,,-1,
PlanetSide 2,,,,,1,,,,,,,,,,,,
PlanetSide 2,,,,,,,,,,,,,,-1,,,
PlanetSide 2,,,,,,,,,,,,,,,,,
PlanetSide 2,-1,,-1,1,1,,1,,,,,,,1,,,
PlanetSide 2,,,,,,,,,,,,,,-1,,,
PlanetSide 2,,,,,1,,,,,,,,,,,,
PlanetSide 2,,,,,1,,,,,,,,,,,,
PlanetSide 2,,,,-1,,,,,,,,,,-1,,,
PlanetSide 2,,,,,1,,,,,,,,,,,,
PlanetSide 2,-1,,-1,,,-1,,,,,,,,-1,,,
PlanetSide 2,,,,,,-1,0,0,,,,,,,,,
PlanetSide 2,,,,,1,,,,,,,,,,,,
PlanetSide 2,,,,,,,,,,,,,,,,,
PlanetSide 2,-1,-1,,,1,-1,,,0,0,-1,,-1,0,-1,-1,
PlanetSide 2,,,,,,-1,,,,,,,,,,,
PlanetSide 2,,,,,1,,,0,,,,,,,,,
PlanetSide 2,,,,,,,1,,,,,,,,,,
PlanetSide 2,,,,,,,,,,,,,,,,,
PlanetSide 2,-1,,-1,,,-1,,,,,,,-1,-1,,-1,
PlanetSide 2,,,,,-1,,,,,,,,,,,,
PlanetSide 2,,,,,1,,,,,,,,,,,,
PlanetSide 2,,,,,,,,,,,,,,,,,
PlanetSide 2,,,,,,,,,,,,,,,,,
PlanetSide 2,,,,,,-1,,,,,,,,-1,,-1,
PlanetSide 2,,,,,,,,,,,,,-1,,,,
PlanetSide 2,,,,,,,,,,,,,-1,,,,
PlanetSide 2,,,,,1,,,,,,,,,0,,,
PlanetSide 2,,,,,,,,,,,,,,,,,
PlanetSide 2,,,,1,1,,,,,,,,,,,,
PlanetSide 2,,,-1,,1,,,,,,,,,,,,
PlanetSide 2,,,,,,,,,,,,,,,,,
PlanetSide 2,,,,,,,,,,,,,-1,,,,
PlanetSide 2,,,,,,,,,,,,,,,,,
PlanetSide 2,-1,-1,,-1,-1,-1,,-1,,,-1,,,-1,-1,-1,-1
PlanetSide 2,,,,,,,,,,,,,,-1,,,
PlanetSide 2,,,,,0,,,,,,,,,,,-1,
PlanetSide 2,,,,,1,,,,,,,,,,,,
PlanetSide 2,,,,,,,,,,,,,,,,,
PlanetSide 2,,,,,,,,,,,,,-1,,,,
PlanetSide 2,,,,,1,,,,,,,,,,,,
PlanetSide 2,,,,,,,,,,,,,,,,,
PlanetSide 2,,,,,1,,,,,,,,,,,,
PlanetSide 2,,,-1,,,,,,,,,,,,,,
PlanetSide 2,,,,,,,,,,,,,-1,,,,
PlanetSide 2,,,,,1,,,,,,,,-1,,,,
PlanetSide 2,,,,,,,,,,,,,,,,,
PlanetSide 2,,,,,1,,,,,,,,,,,,
PlanetSide 2,,,,,,,,,,,,,,,-1,,
PlanetSide 2,,,,-1,1,,,,,,,,,,,,
PlanetSide 2,,,,,,,,,,,,,,,,,
PlanetSide 2,,,,1,1,-1,1,1,,,,1,-1,-1,,-1,-1
PlanetSide 2,,,,,1,,,,,,,,,,,,
PlanetSide 2,,,,,1,,,,,,,,,,,-1,
PlanetSide 2,,,,1,1,,,,,,,,,,,,
PlanetSide 2,,,,1,1,,,,,,,,,,,,0
PlanetSide 2,,,,,1,,,,,,,,,,,,
PlanetSide 2,,,,,1,,,,,,,,,,,,
PlanetSide 2,,,,,1,-1,1,,,,,,-1,,,,
PlanetSide 2,,,,,,,1,,,,,,,,,,
PlanetSide 2,,,,,1,-1,1,,,,,,-1,-1,,,
PlanetSide 2,,,,,1,,,,,,,,,,,,
PlanetSide 2,,,,,1,,,,,,,,,0,,,
PlanetSide 2,,,,,,,,,,,,,,,,,
PlanetSide 2,,,,,,,,,,,,,-1,,,,
PlanetSide 2,,,,,1,,,1,,,,,,,,,
PlanetSide 2,,,,,,,,,,,,,,,,,
PlanetSide 2,,,,,0,,,,,,,,,,,,
PlanetSide 2,,-1,,,,,,,-1,,-1,,,,,,
PlanetSide 2,,1,,1,1,0,1,1,1,1,1,1,,,0,1,
PlanetSide 2,,,,,1,,,,,,,,,,,,
PlanetSide 2,,,,1,1,-1,,1,,,,,,-1,-1,-1,-1
PlanetSide 2,,,,,1,-1,,,,,,,,,-1,,
PlanetSide 2,,,,,,,,,,,,,,,,,
PlanetSide 2,,,,,,,,,,,,,,,,,
PlanetSide 2,-1,,-1,,,,,,,,,,,,,,
PlanetSide 2,,,,,,,,,,,,,,,,,
PlanetSide 2,,,,,1,,1,1,,,,,,,,,
PlanetSide 2,,,,,1,-1,,,,,,,,,,,
PlanetSide 2,-1,1,-1,1,1,,1,1,1,1,1,1,,1,-1,-1,
PlanetSide 2,,,,,1,,,,,,,,,,,,
PlanetSide 2,,,,,,,,,,,,,,-1,,,
PlanetSide 2,,,,,,,,,,,,,,-1,,,
PlanetSide 2,,,,-1,1,,,,,,,,,-1,,,
PlanetSide 2,,,,,,,,,,,,,,,,,
PlanetSide 2,-1,,-1,,,,,,,,,,,-1,,,
PlanetSide 2,,,,,1,,,,,,,,,,,,
PAYDAY 2,,,,,1,,,,,,,,,,,,
PAYDAY 2,,,,,1,,,,-1,,,,,,,-1,
PAYDAY 2,,,,,1,,,,,,,,,,,,
PAYDAY 2,,-1,,,1,,,,1,,1,,,,-1,-1,
PAYDAY 2,1,,,1,1,,1,1,,,,,,1,,-1,
PAYDAY 2,,,,,1,,,,,,,,,,,,
PAYDAY 2,-1,,,,1,,,,,,,,,,,,
PAYDAY 2,,,,,,,,,,,,,,,,,
PAYDAY 2,,,,,1,,,,,,,,,,,,
PAYDAY 2,,,,,1,,,,,,,,,,,,
PAYDAY 2,,,,,1,,,,,,,,,,,,
PAYDAY 2,-1,,-1,0,1,-1,1,1,,,,1,,1,-1,-1,
PAYDAY 2,,,,,1,,,,,,,,,,,,
PAYDAY 2,,,,,1,,,,,,,,,,,,
PAYDAY 2,,,,,1,,1,1,,,,,,,,,
PAYDAY 2,-1,,-1,,1,-1,,,,-1,,,-1,-1,,,
PAYDAY 2,-1,,-1,,1,,-1,1,0,0,,,,0,,,
PAYDAY 2,,,,,1,,,,,,,,,,,,
PAYDAY 2,,,,-1,1,,,,,,,,,-1,,,
PAYDAY 2,,,,,,,,,,,,,,,,,
PAYDAY 2,,,,,1,,,,,,,,,,,,
PAYDAY 2,,,,,,,,,,,,,,,-1,,
PAYDAY 2,,,,,,,,,,,,,,,,,
PAYDAY 2,,,,1,1,,1,,,,,,,1,,,
PAYDAY 2,,,,,1,,,,,,,,,,,,
PAYDAY 2,,,,,,,,,,,,,,,,,
PAYDAY 2,,,,,1,,,,,,,,,,,,
PAYDAY 2,,,,,1,,,,,,,,,,,,
PAYDAY 2,-1,,,0,1,-1,,,,,,,-1,0,,-1,
PAYDAY 2,,,,,,,,,,,,,,,,,
PAYDAY 2,,,,,,,,,,,,,,,,,
PAYDAY 2,,,,,1,,,,,,,,,,,,
PAYDAY 2,,,,,1,,,,,,,,,,,,
PAYDAY 2,,,,,1,,,,,,,,,,,,
PAYDAY 2,,,,,,,,,,,,,,,,,
PAYDAY 2,,,,,,,,,,,,,,,-1,-1,-1
PAYDAY 2,,,,,,,,,,,,,,-1,,,
PAYDAY 2,,,,,,,,,,,,,,,,,
PAYDAY 2,,,,,,,,,,,,,,,,-1,
PAYDAY 2,,,,,1,,,,,,,,,,,,
PAYDAY 2,,,-1,,,,,,,,,,-1,-1,,,
PAYDAY 2,,,,,,,,,,,,,,,,,
PAYDAY 2,,,,,1,1,1,1,1,,,1,,,1,,
PAYDAY 2,,,,,1,,,,,,,,,,1,1,
PAYDAY 2,,,,,,,,,,,,,,,,,
PAYDAY 2,,,,,1,,,,,,,,,,,,
PAYDAY 2,,,,1,1,,,1,,,,,,0,,-1,
PAYDAY 2,,,,,1,,,1,,,,,,,,,
PAYDAY 2,,,,,1,,,,,,,,,,,,
PAYDAY 2,,,,,,,,,,,,,,,,,
PAYDAY 2,,,,,1,,,,,,,,,,,,
PAYDAY 2,,,,,,,,,,,,,,,,,
PAYDAY 2,,,,,1,,,,,,,,,,,,
PAYDAY 2,,,,,1,,,,,,,,,,,,
PAYDAY 2,,,,,,,,,,,,,,,,,
PAYDAY 2,,,,-1,1,,,,,,,,,-1,,,
PAYDAY 2,,,-1,,1,,,,,,,,,,,,
PAYDAY 2,,,,,,,,,,,,,,-1,,,
PAYDAY 2,,,,-1,,,,,,,,,,-1,,,
PAYDAY 2,,,,,,,,,,,,,,,,,
PAYDAY 2,,,,,,,,,,,,,,,,,
PAYDAY 2,,,,,,,,,,,,,,,,,
PAYDAY 2,,,,,,-1,,,,,,,,,,,
PAYDAY 2,,,,,1,,,,,,,,,,,,
PAYDAY 2,1,,-1,1,1,,,,,,,,,1,,,
PAYDAY 2,,,,,,,,,,,,,,,,,
PAYDAY 2,,,,,1,,,,,,,,,,,,
PAYDAY 2,,,,,1,,,,,,,,,,,,
PAYDAY 2,,,,,,,,,,,,,,,,,
PAYDAY 2,,,,,1,,,,,,,,,,,,
PAYDAY 2,,,,,1,,,,,,,,,,,,
PAYDAY 2,,,,,1,,,,,,,,,-1,,,
PAYDAY 2,,,,,,,,,,,,,,,,,
PAYDAY 2,,,,,1,,,,,,,,,,,,
PAYDAY 2,,,,,1,,,,,,,,,,,,
PAYDAY 2,,,-1,,1,,,,,,,,,,,,
PAYDAY 2,,,,,1,,,,,,,,,,,,
PAYDAY 2,,,,,,,,,,,,,,,-1,,
PAYDAY 2,-1,,-1,,,,,,,,,,,,,,
PAYDAY 2,,,,,1,,,,,,,,,,,,
PAYDAY 2,-1,,,,,,,,,,,,,,,,
PAYDAY 2,-1,-1,-1,,,,,,,,,,,,,,
PAYDAY 2,,,,,,,,,,,,,,,,,
PAYDAY 2,,,,,,,,,,,,,,,,,
PAYDAY 2,,,,,,,,,,,,,,,,,
PAYDAY 2,,,,,,,,,,,,,,,,,
PAYDAY 2,,,,,1,,,,,,,,,,,,
PAYDAY 2,,,,,1,,,,,,,,,,,-1,
PAYDAY 2,,,,-1,1,,,,,,,,,-1,,,
PAYDAY 2,,,,,,,,,,,,,,,,,
PAYDAY 2,,,,,1,,,,,,,,,,-1,,
PAYDAY 2,,,,,,,,,,,,,,,,,
PAYDAY 2,,,-1,,,,,,,,,,-1,-1,,,
PAYDAY 2,,,,,1,,-1,,,,,,,,,,
PAYDAY 2,,,,,1,,,,,,,,,,,,
PAYDAY 2,,,,,0,,,,,,,,,,,,
PAYDAY 2,,,,,0,,,,,,,,,,,,
PAYDAY 2,,,,,,,,,,,,,,,,,
PAYDAY 2,,,,,,,,,,,,,,,,,
PAYDAY 2,-1,-1,,,,,,,-1,,-1,,,,,,
Kerbal Space Program,,,,,,,,,,,,,,,,,
Kerbal Space Program,,,,,,-1,,0,,,,,,,-1,,
Kerbal Space Program,0,1,,1,1,,,1,1,,1,,,,1,1,-1
Kerbal Space Program,,,,,1,,,,,,,,,,,,-1
Kerbal Space Program,,,,,1,,1,1,,,,1,,,,,
Kerbal Space Program,,,,,1,,,,1,1,,,,1,,,
Kerbal Space Program,,,,1,1,,1,,,,,,,0,,,
Kerbal Space Program,,,,,,,,,,,,,,,-1,,
Kerbal Space Program,,,,-1,1,-1,,,,,,,,,-1,-1,-1
Kerbal Space Program,,,,,,,1,,,,,-1,,,,,
Kerbal Space Program,,,,,,,,,,,,,,,,,
Kerbal Space Program,,,,,,,,,,,,,,,,,
Kerbal Space Program,,,,,1,,1,,,,,,,,,,
Kerbal Space Program,,,,,1,,,,,,,,,,,,
Kerbal Space Program,,,,,1,,,,,,,,,,-1,,
Kerbal Space Program,,,,,1,,,,,,,,,,,,
Kerbal Space Program,,,,,,-1,,,,,,,,-1,-1,-1,
Kerbal Space Program,-1,-1,,,,,,,-1,,-1,,,,,,
Kerbal Space Program,,,,,1,,,,,,,,,,,,
Kerbal Space Program,,,,,1,,,,,,,,,,,,
Kerbal Space Program,,,,,,,,,,,,,,,,,
Kerbal Space Program,,,,,1,-1,1,,,,,,,-1,,,
Kerbal Space Program,,,,1,1,,,,,,,,,,,,
Kerbal Space Program,,,,,,,,,,,,,,,,,
Kerbal Space Program,,,,,,,,,,,,,,,,,
Kerbal Space Program,,,,,1,,,,,,,,,,,,
Kerbal Space Program,,-1,,,,,,,-1,,-1,,,,,,
Kerbal Space Program,,,,,1,,,,,,,,,,,,
Kerbal Space Program,,,,,,,1,,,,,,,,,,
Kerbal Space Program,,,,,1,,,,,,,,,,,,
Kerbal Space Program,,,,,1,,,,,,,,,,,,
Kerbal Space Program,,,,,1,,,,,,,,,,,,
Kerbal Space Program,-1,,,,1,,,,,,,,,,,,
Kerbal Space Program,,,,-1,1,,,,,,,,,,,,
Kerbal Space Program,,,,,1,,,,,,,,,,,,
Kerbal Space Program,,,,,1,,,,,,,,,,,,
Kerbal Space Program,,,,,1,,,,,,,,,,,,
Kerbal Space Program,,,,,,,,,,,,,,,,,
Kerbal Space Program,,,,,1,,,,,,,,,,,,
Kerbal Space Program,,,,,1,,,,,,,,,,,,
Kerbal Space Program,,,,,1,,1,1,,,,,,,1,-1,
Kerbal Space Program,,,,,,,1,,,,,,,,,,
Kerbal Space Program,,,,,,,,,,,,,,,,,
Kerbal Space Program,,,,,1,,,,,,,,,,,,
Kerbal Space Program,,,,,,,,,,,,,,,,,
Kerbal Space Program,,,,,,,,,,,,,,,,,
Kerbal Space Program,,,,,,,,,,,,,,,,,
Kerbal Space Program,,,,,1,,,,,,,,,,,,
Kerbal Space Program,,,,,,,,,,,,,,,,,
Kerbal Space Program,,,,,,,,,,,,,,,-1,,
Kerbal Space Program,,,,,1,,,,1,,,,,,,,
Kerbal Space Program,,,,,1,,1,,,,,,,,,,
Kerbal Space Program,,,,,,,0,0,,,,0,,,,,
Kerbal Space Program,,,,,,,,,,,,,,,,,
Kerbal Space Program,,,,,,,,,,,,,,,,,
Kerbal Space Program,,,,,1,,,1,,,,,,,,,
Kerbal Space Program,-1,,-1,1,1,,,1,,,,,,1,,,
Kerbal Space Program,,,,,,,1,1,,,,,,,,,
Kerbal Space Program,,,,,,,,,,,,,,,,,
Kerbal Space Program,,,,,,,,,,,,,,,,,
Kerbal Space Program,,,,,,,,,,,,,,,,,
Kerbal Space Program,,,,,,,,,,,,,,,,,
Kerbal Space Program,,,,,1,,,1,,,,,,,,,1
Kerbal Space Program,,,,,,,,,,,,,,,,,
Kerbal Space Program,,,,,1,,,,,,,,,,,,
Kerbal Space Program,,,,,,,,,,,,,,,,,
Kerbal Space Program,,,,,1,,,,,,,,,,,,
Kerbal Space Program,,,,,1,,,,,,,,,,,,
Kerbal Space Program,,,,,,,,,,,,,,,,,
Kerbal Space Program,,,,,,,,,,,,,,,,,
Kerbal Space Program,,,,,,,,,,,,,,,,-1,
Kerbal Space Program,,,,,,,,,,,,,,,,,
Kerbal Space Program,,,,,,,,,,,,,,,,,
Kerbal Space Program,,,,,,,,,,,,,,,,,
Kerbal Space Program,,,,,,,,,,,,,,,,,
Kerbal Space Program,,,,,1,,,,,,,,,,,,
Kerbal Space Program,,,,,,,,,,,,,,,,,
Kerbal Space Program,,,,,1,,,,,,,,,,,,
Kerbal Space Program,,,,,,,,,,,,,,,,,
Kerbal Space Program,,,,,1,,,,,,,,,,,,
Kerbal Space Program,,,,,,,,,,,,,,,,,
Kerbal Space Program,,,,,,,,,,,,,,,,,
Kerbal Space Program,,,,,1,,,,,,,,,,,,
Kerbal Space Program,,,,,,,,,,,,,,,-1,,
Kerbal Space Program,,,,,,,,,,,,,,,,,
Kerbal Space Program,,,,,,,,,,,,,,,,,
Kerbal Space Program,,,,,1,,,,,,,,,,,,
Kerbal Space Program,,,,,,,,,,,,,,,,,
Kerbal Space Program,,,,,1,,,,,,,,,,-1,-1,
Kerbal Space Program,-1,,0,,1,,,,,,,,,0,-1,-1,
Kerbal Space Program,,,,,,,1,,,,,,,,,,
Kerbal Space Program,,,,,,,,,,,,,,,,,
Kerbal Space Program,,,,,1,,,,,,,,,,,,
Kerbal Space Program,,,,,1,,,,,,,,,,,-1,
Kerbal Space Program,,,,,1,,,,,,,,,,,,
Kerbal Space Program,-1,-1,-1,1,1,-1,1,0,1,1,-1,-1,,,-1,,-1
Kerbal Space Program,,,,,1,-1,,,,,,,,-1,,,
Kerbal Space Program,,,,,,,,,,,,,,,,,
Kerbal Space Program,,,,,1,,,,,,,,,,,,-1
Kerbal Space Program,-1,0,-1,,,,,0,,,,,,,,,-1
DCS World Steam Edition,-1,,-1,,,,,,,,,,,-1,,,
DCS World Steam Edition,,,,,,,,-1,,,,,,-1,,,
DCS World Steam Edition,,,,,1,,,,,,,,,,,,
DCS World Steam Edition,,,,,1,,1,1,1,,,,,,1,-1,
DCS World Steam Edition,,,,,1,,,,,,,,,,,,
DCS World Steam Edition,,,,1,1,,,,,,,,,,-1,-1,
DCS World Steam Edition,,,,1,1,,1,1,,,,,,,-1,-1,
DCS World Steam Edition,,,,,1,,,,,,,,,,,-1,
DCS World Steam Edition,,,,,1,,,,1,,,,,,-1,-1,
DCS World Steam Edition,-1,,-1,1,1,,,,,,,,,0,-1,-1,
DCS World Steam Edition,,,,,1,,,,1,,,,,,,,
DCS World Steam Edition,,,,,,,,,,,,,,,,,
DCS World Steam Edition,,,-1,,1,,,,,,,,,,,,
DCS World Steam Edition,,,,,1,,0,0,,,,,,,,,
DCS World Steam Edition,,,,1,1,,,,,,,,,,,1,1
DCS World Steam Edition,,,,,,,,,,,,,,,,,
DCS World Steam Edition,,,,,1,,,,,,,,,,-1,-1,
DCS World Steam Edition,,,,,1,,,,,,,,,,,,
DCS World Steam Edition,-1,1,-1,,1,-1,1,1,1,,1,,,,-1,-1,-1
DCS World Steam Edition,,,,-1,1,,,,,,,,,,,,-1
DCS World Steam Edition,,,,,1,,,,,,,,,,,,
DCS World Steam Edition,-1,,-1,,1,,,1,,,,,,1,-1,-1,
DCS World Steam Edition,,,,,,,,,,,,,,,,,
DCS World Steam Edition,,,,,1,-1,,,,,,,,-1,-1,-1,-1
DCS World Steam Edition,-1,,-1,,,,,,,,,,,,,,
DCS World Steam Edition,1,,,,1,,,,,,,,,,,,
DCS World Steam Edition,,,,,,-1,,,,,,,,,,,
DCS World Steam Edition,,,,,,,,,,,,,,,,,
DCS World Steam Edition,,,,,1,,,,,,,,,,,,
DCS World Steam Edition,,,,,1,,,,,,,,,,,,
DCS World Steam Edition,,,,,,,,,,,,,,,,,
DCS World Steam Edition,,,,,1,,,,,,,,,,-1,,
DCS World Steam Edition,,,,,,,,,,,,,,,,-1,
DCS World Steam Edition,,,,,-1,,,,,,,,,,,,
DCS World Steam Edition,,,,,,,,,,,,,,,,,
DCS World Steam Edition,,,,,,,,,,,,,,,,,
DCS World Steam Edition,,,,,,,,,,,,,,,,,
DCS World Steam Edition,,,,,1,,,,,,,,,,,,
DCS World Steam Edition,,,,,,,,,,,,,,,,,
DCS World Steam Edition,,,,,1,,,,,,,,,,,,
DCS World Steam Edition,,,,,1,,,,,,,,,,,,
DCS World Steam Edition,,,,,1,,,,,,,,,,,,
DCS World Steam Edition,,,,,,,,,,,,,,,,,
DCS World Steam Edition,,,,,,,,,,,,,,,,,
DCS World Steam Edition,,,,,1,,,,,,,,,,,,
DCS World Steam Edition,,,,,1,,,,,,,,,,-1,-1,
DCS World Steam Edition,,,,1,1,,,,,,,,,-1,-1,-1,
DCS World Steam Edition,-1,,-1,,1,-1,-1,,,,,,-1,-1,-1,-1,-1
DCS World Steam Edition,,,-1,,,,,,,,,,,-1,,,
DCS World Steam Edition,,,,,1,,,,1,,,,,,,,
DCS World Steam Edition,,,,,1,,,1,,,,,,,,,
DCS World Steam Edition,,,,,1,,,,,,,,,,,,
DCS World Steam Edition,,,,,,,,,,,,,,,,-1,
DCS World Steam Edition,,,,,1,,,,,,,,,,,,
DCS World Steam Edition,,,,,1,,,,,,,,,,-1,,-1
DCS World Steam Edition,,,,,1,,,,,,,,,,,,
DCS World Steam Edition,,,,,1,,,,,,,,,,,,
DCS World Steam Edition,,,,1,1,,0,1,,,,,,-1,,-1,-1
DCS World Steam Edition,,,,,1,,,,,,,,,,,,
DCS World Steam Edition,,,,,,,,,,,,,-1,,,,
DCS World Steam Edition,,,-1,,,,,,,,,,,,,,
DCS World Steam Edition,,,,,1,,,,,,,,,,,,
DCS World Steam Edition,,,,,,,,,,,,,,,,,
DCS World Steam Edition,,1,,,1,,,,1,,1,,,,,,
DCS World Steam Edition,,,,1,1,,1,1,0,,,,,,-1,-1,-1
DCS World Steam Edition,,,,,,,,,,,,,,,,,
DCS World Steam Edition,,,,1,1,,,,,,,,,,1,1,
DCS World Steam Edition,,,,,1,,,,,,,,,,,,
DCS World Steam Edition,,,,,1,,,,,,,,,,,,
DCS World Steam Edition,,,,,1,,,,,,,,,,,,
DCS World Steam Edition,,,,,,,,,,,,,,,,,
DCS World Steam Edition,,,,-1,-1,,,,,,,,,,,-1,
DCS World Steam Edition,,,-1,,,-1,,,,,,,,,,,
DCS World Steam Edition,,,,,,,,,,,,,,,,,
DCS World Steam Edition,,,,-1,,,,-1,,,,,,,-1,-1,-1
DCS World Steam Edition,,,,-1,,,,,,,,,,-1,,-1,
DCS World Steam Edition,,,,,,,,,,,,,,,,,
DCS World Steam Edition,,,,,,,,,,,,,,,,,
DCS World Steam Edition,,,,1,1,,1,,,,,,,1,,1,
DCS World Steam Edition,,,,1,1,,1,1,,,,,,,-1,-1,
DCS World Steam Edition,,,,,,,,,,,,,,,,,
DCS World Steam Edition,,,,,1,,,,,,,,,,,-1,
DCS World Steam Edition,,,,,,,,,,,,,,,,,
DCS World Steam Edition,,,,,,,,,,,,,,,,,
DCS World Steam Edition,,,,,,,,,,,,,,,,,
DCS World Steam Edition,,,,,,,,,1,1,,,,,,,
DCS World Steam Edition,,,,,,,,,,,,,,,,-1,
DCS World Steam Edition,,,,,,,,,,,,,,,,,
DCS World Steam Edition,,,,,,,,,,,,,,,,,
DCS World Steam Edition,,,,,1,,,,,,,,,,-1,-1,
DCS World Steam Edition,,,,,,,,,,,,,,,,,
DCS World Steam Edition,,,,,,,,,,,,,,,-1,,-1
DCS World Steam Edition,,,,,1,,,,,,,,,,,,
DCS World Steam Edition,,,,,,-1,,,,-1,,,,-1,,,
DCS World Steam Edition,,,,,1,,,,,,,,,,0,1,
DCS World Steam Edition,-1,-1,-1,-1,0,-1,-1,0,0,,-1,-1,-1,-1,-1,-1,-1
DCS World Steam Edition,,,,,,,,,,,,,,-1,,,
DCS World Steam Edition,,,,,,,,,,,,,,,,,
DCS World Steam Edition,,,-1,,,-1,,,,,,,-1,-1,,,
DCS World Steam Edition,,,,,,-1,,,,,,,,0,,,
Company of Heroes 2,,,,,,,,,,,,,,,,,
Company of Heroes 2,,,,,,,,,,,,,,,,,
Company of Heroes 2,,,,,,-1,,,,,,,,,,,
Company of Heroes 2,,,,,1,,,,,,,,,,,,
Company of Heroes 2,,,,,,-1,,,,,,,,,-1,-1,
Company of Heroes 2,,,,0,1,-1,1,1,,,,,,0,,,
Company of Heroes 2,,,,,1,,,,,,,,,,,,
Company of Heroes 2,,,,,1,,1,,,,,,,,,,
Company of Heroes 2,,,,,,-1,,,,,,,,,,,
Company of Heroes 2,,,,,,,,,,,,,,,-1,-1,
Company of Heroes 2,,,,,0,,,,,,,,,,,,
Company of Heroes 2,,,,,,,,,,,,,,,,,
Company of Heroes 2,,,,,,-1,,,,,,,,,-1,,
Company of Heroes 2,,,,,1,,,,,,,,,,,,
Company of Heroes 2,,,,,,,,,,,,,,-1,,,
Company of Heroes 2,,,,,,-1,,,,,,,,,,,
Company of Heroes 2,,,,,1,-1,1,0,,,,,,-1,-1,,-1
Company of Heroes 2,,,,,1,,0,,,,,,,0,,,
Company of Heroes 2,,,,,1,,0,,,,,,,,,,
Company of Heroes 2,,,,,1,,,,,,,,,,,,
Company of Heroes 2,,,,,1,,,,,,,,,,,,
Company of Heroes 2,,,,,1,,1,,1,,,,,,-1,-1,
Company of Heroes 2,,,,,1,,,,,,,,,,,,
Company of Heroes 2,,,,,,,,,,,,,,,,,
Company of Heroes 2,,,,1,1,,,,,,,,,,-1,-1,
Company of Heroes 2,,,,,1,,,,,,,,,,,,
Company of Heroes 2,,,,,,,,,,,,,,,,,
Company of Heroes 2,,,,,,,,,,,,,,,,,
Company of Heroes 2,,,,,,,,,,,,,,,,,
Company of Heroes 2,,,,,,,,,,,,,,,,,
Company of Heroes 2,,,,,,,,,,,,,,,,,
Company of Heroes 2,,,,,,,,,,,,,,,,,
Company of Heroes 2,,,,,,,,,,,,,,,,,
Company of Heroes 2,,,,,1,,,,,,,,,,,,
Company of Heroes 2,,,,,,-1,,,,,,,,,,,
Company of Heroes 2,,,,,1,,,,,,,,,,,,
Company of Heroes 2,-1,,-1,,1,-1,,,,,,,,0,,,
Company of Heroes 2,,,,,1,,,,,,,,,,,-1,
Company of Heroes 2,,,,,1,,,1,,,,,,,0,,
Company of Heroes 2,,,,,,,,,,,,,,,,,
Company of Heroes 2,,,,,,,,,,,,,,,,,
Company of Heroes 2,,,,,1,-1,,,,,,,,,,,
Company of Heroes 2,,,,,1,,,,,,,,,,,,
Company of Heroes 2,,,,0,1,-1,1,0,,,,,,-1,-1,-1,-1
Company of Heroes 2,,,,,,,,,,,,,,,,,
Company of Heroes 2,,,,,1,,,,,,,,,1,,,
Company of Heroes 2,,,,,1,-1,1,,,,,,,,-1,,
Company of Heroes 2,1,,-1,,1,,1,1,1,,,,,,,,-1
Company of Heroes 2,,,,,-1,,,,,,,,,,,,
Company of Heroes 2,,,,,1,,,,,,,,,,,,
Company of Heroes 2,,,,,1,,,,,,,,,,,,
Company of Heroes 2,,,,,,,,,,,,,,,,,
Company of Heroes 2,-1,,-1,,-1,-1,,,-1,-1,,,-1,-1,,,
Company of Heroes 2,,,,,1,,,,,,,,,,,,
Company of Heroes 2,,,,1,1,-1,-1,1,,,,,,-1,-1,-1,-1
Company of Heroes 2,,,,,1,0,1,,0,,,,,,,,
Company of Heroes 2,,,,,,,,,,,,,,,,,
Company of Heroes 2,,,,-1,,,,,,,,,,,,-1,
Company of Heroes 2,,,,,1,,1,,,,,,,,,,
Company of Heroes 2,,,,,,-1,,,,,,,,,,,
Company of Heroes 2,,,,,0,,-1,,,,,,,,,-1,
Company of Heroes 2,,-1,,-1,0,,-1,,0,-1,1,,,-1,,,
Company of Heroes 2,,,,,1,,1,1,,,,,,,,,
Company of Heroes 2,1,1,,1,,-1,1,,1,1,1,,,1,,,
Company of Heroes 2,,,,,,,,,,,,,-1,,,,
Company of Heroes 2,,,,,,,,,,,,,,,,,
Company of Heroes 2,,,,,1,,,,,,,,,,,,
Company of Heroes 2,,,,,,,,,,,,,,,,,
Company of Heroes 2,,,,,,,,,,,,,,,,,
Company of Heroes 2,,,,1,1,,-1,,,,,,,,,,
Company of Heroes 2,,,,,,-1,,,,,,,,,-1,-1,
Company of Heroes 2,,,,,,,,,,,,,,,,,
Company of Heroes 2,,,,,,,0,,,,,,,,,,
Company of Heroes 2,,,,,,,0,,,,,,,-1,,,
Company of Heroes 2,,,,,1,,,,,,,,,,,,
Company of Heroes 2,,,,,1,,1,,1,1,,,,,,,
Company of Heroes 2,,,,1,1,,1,1,,,,,,,,,
Company of Heroes 2,,,-1,,,,,,,,,,,,,,
Company of Heroes 2,,,,,,,,,,,,,,,,,
Company of Heroes 2,,,,,-1,,,,,,,,,,,,
Company of Heroes 2,,,,,,-1,,,,,,,,-1,,,
Company of Heroes 2,,,,,,,,,,,,,,,,,
Company of Heroes 2,,,,,1,,-1,,,,,,,,,,
Company of Heroes 2,1,1,,1,1,,1,,1,1,1,1,,,,,
Company of Heroes 2,,,,,,,,,,,,,,,,,
Company of Heroes 2,-1,,-1,1,,-1,,1,,,,,,-1,-1,-1,-1
Company of Heroes 2,,,,,,,,,,,,,-1,-1,,,
Company of Heroes 2,,,,,,,,,,,,,,,,,
Company of Heroes 2,,,,,-1,-1,-1,-1,,,,,,,-1,-1,-1
Company of Heroes 2,,,,,1,-1,,,,,,,,,-1,,
Company of Heroes 2,-1,,-1,,-1,,,,,,,,,,,,
Company of Heroes 2,,,,,,,,,,,,,,,,,
Company of Heroes 2,,,,,1,,,,,,,,,,-1,,-1
Company of Heroes 2,,,,,1,,,,,,,,,,,-1,
Company of Heroes 2,,,,1,1,,1,1,,,,1,,,,1,
Company of Heroes 2,-1,,-1,,1,,,0,,,,,,-1,-1,-1,
Company of Heroes 2,,,,,,,,,,,,,,,,-1,
Company of Heroes 2,,,,,,-1,,,,,,,,,-1,,
Company of Heroes 2,,,-1,,,,,,,,,,-1,-1,,,
Company of Heroes 2,,,,,-1,,,,,,,,,,,,
Prison Architect,-1,,-1,,1,-1,,,,,,,-1,-1,,,-1
Prison Architect,,,,,1,,,,,,,,,-1,-1,-1,
Prison Architect,,,,,,,,,,,,,,,,,
Prison Architect,,,-1,,1,,,,,,,,,,,,
Prison Architect,-1,,-1,,,,,,,,,,,-1,,,
Prison Architect,,,,,1,,,,,,,,,,0,,
Prison Architect,,,,,,-1,1,,,,,,,,,,
Prison Architect,-1,,-1,1,1,,1,1,1,-1,-1,1,-1,-1,-1,-1,-1
Prison Architect,,,,,1,,,,,,,,,,,,
Prison Architect,,,,0,,,,,,,,,,,,,
Prison Architect,,,,,0,,,,,,,,,,,-1,
Prison Architect,,,,,1,,,,,,,,,,,-1,
Prison Architect,,,,,,,,,,,,,,,,,
Prison Architect,,,-1,,,-1,,-1,,,,,,,-1,,-1
Prison Architect,,,,,1,,,,,,,,,,,,
Prison Architect,,,,,,,,,,,,,,,,,
Prison Architect,,,,,1,,,,,,,,,,1,,
Prison Architect,,,,,1,,,,,,,,,,,,-1
Prison Architect,,,,,,,,,,,,,,,-1,-1,
Prison Architect,,,,,,,,,,,,,,,,,
Prison Architect,,,,,,,,,,,,,,,,,
Prison Architect,,,,1,1,,1,1,,,,,,1,,,
Prison Architect,,,,,,,,,,,,,,,,,
Prison Architect,,,,,1,,,,,,,,,,,,
Prison Architect,,,,,,,,,,,,,,,,-1,
Prison Architect,-1,,-1,,1,,,,,,,,,1,,,
Prison Architect,,,,,,,,,,,,,,,,,
Prison Architect,1,1,,,1,,,,,,,,,,,,
Prison Architect,,,,1,1,,,,,,,,,,,,
Prison Architect,,,,,,-1,,,,,,,,,-1,,-1
Prison Architect,-1,,-1,1,1,,,,,,,,,1,,-1,-1
Prison Architect,,,,1,0,,1,0,,,,,,,-1,-1,-1
Prison Architect,,,,,1,,,,1,,,,,,,,
Prison Architect,,,-1,,,,,,,,,,,-1,,,
Prison Architect,-1,-1,-1,-1,1,-1,-1,-1,-1,,-1,,,-1,-1,-1,-1
Prison Architect,,,,,,,,,,,,,,,,,
Prison Architect,,,,,1,,1,1,,,,,,,,,
Prison Architect,,,,,-1,,,,,,,,,,,,
Prison Architect,,,,,1,-1,,1,1,-1,,,,,-1,,
Prison Architect,,,,,1,-1,1,1,,,,1,,,-1,,-1
Prison Architect,,,,,1,,,,,,,,,,1,1,
Prison Architect,,,-1,,1,-1,,-1,,,,-1,,,-1,,-1
Prison Architect,,,,-1,,,,,,,,,,,,,
Prison Architect,,,,0,1,,,,,,,,,,,,-1
Prison Architect,,,,,,,,,,,,,,,,,
Prison Architect,,,,1,1,,1,1,,,,,,,,,
Prison Architect,,,,,1,,,,,,,,,,-1,-1,
Prison Architect,,,,,1,,,,,,,,,,,,-1
Prison Architect,,,,1,1,-1,1,1,,,,1,,,-1,-1,-1
Prison Architect,,,,,,,,,,,,,,,,,
Prison Architect,,,,,,,,,,,,,,,,,
Prison Architect,,,,,,,,,,,,,,,,,
Prison Architect,,,,,,,,,,,,,,,,,
Prison Architect,,,,,1,,,,,,,,,,,,
Prison Architect,,,,,1,,,,,,,,,,,,-1
Prison Architect,1,1,-1,1,1,,1,1,1,1,1,1,-1,1,,-1,
Prison Architect,,,-1,,1,,,,,,,,,,,,-1
Prison Architect,,,,,1,,,1,,,,,,,,,
Prison Architect,,,,,,,,,,,,,,,,,
Prison Architect,-1,-1,,-1,1,,-1,,0,-1,-1,,,-1,,-1,
Prison Architect,,,,,-1,,,,,,,,,,,-1,
Prison Architect,,,,1,1,-1,-1,0,,,,,,-1,-1,-1,-1
Prison Architect,,,,1,1,,,1,,,,,,,-1,-1,-1
Prison Architect,,,,0,1,,1,,0,0,0,,,,,,
Prison Architect,,1,,,1,,0,1,1,,,,,,,,
Prison Architect,,,,,,,,,,,,,,,-1,-1,-1
Prison Architect,-1,,-1,1,1,,1,1,,,,,,-1,,-1,
Prison Architect,,,,1,1,,,,,,,,,,,-1,
Prison Architect,,,,,1,,,,,,,,,,,,
Prison Architect,,,,,1,,,,,,,,,,,,
Prison Architect,,,,,,,,,,,,,,,,,
Prison Architect,,,,,,,,,,,,,,,,,
Prison Architect,,,,,,-1,,,,,,,,-1,,,
Prison Architect,,,,,,,,1,,,,,,,,,
Prison Architect,,,,,1,,,,,,,,,,,,
Prison Architect,,,,,,,,,,,,,,,,-1,
Prison Architect,,,,,1,,,,,,,,,,,,
Prison Architect,,,,,,,,,,,,,,,,,
Prison Architect,,,,,1,,,,,,,,,,,,-1
Prison Architect,,,,-1,,,,,,,,,,,,-1,
Prison Architect,,,,,,,,,,,,,,,,,
Prison Architect,,,,,1,,,,,,,,,,,,
Prison Architect,,,,,1,,,,,,,,,,,,
Prison Architect,,,,,1,,1,,,,,,,,,,
Prison Architect,,,,,1,,,,,,,,,,,,
Prison Architect,,,,,,,,,,,,,,,,,
Prison Architect,,,,,,,,,,,,,,,,,
Prison Architect,,,,,-1,,,,,,,,,,,,
Prison Architect,,,,,,,,,,,,,,,,,
Prison Architect,,,,,,,,,,,,,,,,,
Prison Architect,,,-1,,,,,,,,,,,,,,
Prison Architect,,,,,1,,,,,,,,,,-1,-1,
Prison Architect,0,,-1,,,,,,,,,,,0,,,
Prison Architect,-1,-1,-1,1,1,-1,1,1,1,1,-1,-1,,-1,-1,-1,-1
Prison Architect,-1,,-1,,1,,,,,,,,,,,,
Prison Architect,-1,,-1,1,1,,,1,,,,,,1,,-1,-1
Prison Architect,-1,,-1,,1,,,,,,,,,,,,
Prison Architect,,,,1,1,,1,1,,,,,,0,,-1,
Prison Architect,-1,,-1,,1,,,,,,,,,,,,
Prison Architect,,,,,,-1,,,,,,,,,-1,-1,
Tom Clancy’s Splinter Cell Blacklist,,,,,,,,,,,,,,-1,,,
Tom Clancy’s Splinter Cell Blacklist,0,,-1,,,,,,,,,,,,,,
Tom Clancy’s Splinter Cell Blacklist,,,-1,,,,,,,,,,,,,,
Tom Clancy’s Splinter Cell Blacklist,,,,,,,,,,,,,,,,,
Tom Clancy’s Splinter Cell Blacklist,,,,,,,,,,,,,,,,,
Tom Clancy’s Splinter Cell Blacklist,,,,,1,,,,,,,,,,,,
Tom Clancy’s Splinter Cell Blacklist,,,,,,,,1,,,,,,,-1,,-1
Tom Clancy’s Splinter Cell Blacklist,0,,0,1,1,0,,1,,,,0,,0,0,0,-1
Tom Clancy’s Splinter Cell Blacklist,-1,-1,,,1,,1,1,-1,-1,-1,,,,,,
Tom Clancy’s Splinter Cell Blacklist,,,,,1,,,,,,,,,,,,
Tom Clancy’s Splinter Cell Blacklist,-1,,-1,,,,,,,,,,,,,,
Tom Clancy’s Splinter Cell Blacklist,-1,,-1,,,,,,,,,,,-1,,,
Tom Clancy’s Splinter Cell Blacklist,,,,,,,,,,,,,,,,,
Tom Clancy’s Splinter Cell Blacklist,1,,1,,1,,,,,,,,,,1,1,
Tom Clancy’s Splinter Cell Blacklist,-1,-1,-1,,,,,1,,,1,,,,,-1,-1
Tom Clancy’s Splinter Cell Blacklist,,,,,,,,,,,,,,,,,
Tom Clancy’s Splinter Cell Blacklist,,,,,,,,,,,,,,,,,
Tom Clancy’s Splinter Cell Blacklist,-1,,-1,,,,,,,,,,,,,,
Tom Clancy’s Splinter Cell Blacklist,,,,,1,,,,1,1,,,,,,,
Tom Clancy’s Splinter Cell Blacklist,,,,,1,,,,,,,,,,,,
Tom Clancy’s Splinter Cell Blacklist,,,-1,,1,,,,,,,,,,,,
Tom Clancy’s Splinter Cell Blacklist,,,,,1,,,,,,,,,,,,
Tom Clancy’s Splinter Cell Blacklist,,,-1,,,,,,,,,,,,,,-1
Tom Clancy’s Splinter Cell Blacklist,-1,,-1,,1,-1,,-1,,,,,,,,,-1
Tom Clancy’s Splinter Cell Blacklist,-1,,-1,,1,,,,,,,,,,,,
Tom Clancy’s Splinter Cell Blacklist,,,,,1,,,,,,,,,-1,,,
Tom Clancy’s Splinter Cell Blacklist,,,,,,,,,,,,,,,,,
Tom Clancy’s Splinter Cell Blacklist,,,,,1,,1,,,,,,,-1,,,
Tom Clancy’s Splinter Cell Blacklist,,1,,1,1,-1,1,1,1,1,1,1,,1,-1,-1,-1
Tom Clancy’s Splinter Cell Blacklist,,,,1,1,-1,1,0,,0,,0,,,-1,-1,-1
Tom Clancy’s Splinter Cell Blacklist,,,,,1,,,,,,,,,,,,
Tom Clancy’s Splinter Cell Blacklist,,,,,,-1,-1,-1,,-1,,,,-1,-1,,-1
Tom Clancy’s Splinter Cell Blacklist,,,,,,,,,,,,,,,,,
Tom Clancy’s Splinter Cell Blacklist,,,,,1,,,,,,,,,,,,
Tom Clancy’s Splinter Cell Blacklist,-1,,-1,,,,,,,,,,,,,,
Tom Clancy’s Splinter Cell Blacklist,,,,1,1,,1,1,1,,,1,,,,,
Tom Clancy’s Splinter Cell Blacklist,-1,,-1,1,1,,1,1,1,,,0,,,,,
Tom Clancy’s Splinter Cell Blacklist,1,,,,1,,,,1,,,,,,,,
Tom Clancy’s Splinter Cell Blacklist,,,,,,-1,,,,,,,,,,,
Tom Clancy’s Splinter Cell Blacklist,,,,,,,,,,,,,,,,,
Tom Clancy’s Splinter Cell Blacklist,-1,1,-1,1,1,,1,1,1,,1,1,,,,,
Tom Clancy’s Splinter Cell Blacklist,-1,,,,1,,,,,,,,,,,,
Tom Clancy’s Splinter Cell Blacklist,,,,,,,,,,,,,,,,,
Tom Clancy’s Splinter Cell Blacklist,,,,,1,,,,,,,,,,1,,
Tom Clancy’s Splinter Cell Blacklist,,,,,,,,,,,,,,,,,
Tom Clancy’s Splinter Cell Blacklist,,,,,1,,,,,,,,,,,,
Tom Clancy’s Splinter Cell Blacklist,,,,,1,,,,,,,,,,,,
Tom Clancy’s Splinter Cell Blacklist,,,-1,,,,,,,,,,,,,,
Tom Clancy’s Splinter Cell Blacklist,,,,,1,,,,,,,,,,,,
Tom Clancy’s Splinter Cell Blacklist,,,,,1,,,,1,,,,,,,,
Tom Clancy’s Splinter Cell Blacklist,,,,,1,0,0,,,,,,,,,,
Tom Clancy’s Splinter Cell Blacklist,-1,,-1,,,,,,,,,,,,,,
Tom Clancy’s Splinter Cell Blacklist,-1,,-1,,,-1,,,,,,,,-1,,,
Tom Clancy’s Splinter Cell Blacklist,-1,,-1,,,,,,,,,,,,,,
Tom Clancy’s Splinter Cell Blacklist,,1,,1,1,,1,,1,,1,,,,,,
Tom Clancy’s Splinter Cell Blacklist,,,,,1,,,,,,,,,,,,-1
Tom Clancy’s Splinter Cell Blacklist,-1,,,,,,,,,,,,,,,,
Tom Clancy’s Splinter Cell Blacklist,-1,,-1,,,,,,,,,,,,,,
Tom Clancy’s Splinter Cell Blacklist,-1,,-1,,,,,,,,,,,-1,,,
Tom Clancy’s Splinter Cell Blacklist,-1,,-1,,,,,,,,,,,,,,
Tom Clancy’s Splinter Cell Blacklist,-1,,-1,,,,,,,,,,,,,,
Tom Clancy’s Splinter Cell Blacklist,,,,,1,,,,,,,,,,,,
Tom Clancy’s Splinter Cell Blacklist,,,,,1,,,,,,,,,,,,
Tom Clancy’s Splinter Cell Blacklist,,,,-1,,,,,,,,,,-1,,,
Tom Clancy’s Splinter Cell Blacklist,,,,,1,,1,1,,,,,,,,,
Tom Clancy’s Splinter Cell Blacklist,,,,,,,,,,,,,,,,,
Tom Clancy’s Splinter Cell Blacklist,,,,,-1,-1,,,,,,,,,-1,-1,-1
Tom Clancy’s Splinter Cell Blacklist,,,,,1,,1,1,,,,,,,,,
Tom Clancy’s Splinter Cell Blacklist,,,,,1,,,,,,,,,,,,
Tom Clancy’s Splinter Cell Blacklist,-1,,-1,,,,,,,,,,,,,-1,
Tom Clancy’s Splinter Cell Blacklist,,,,,,,,,,,,,,,,,
Tom Clancy’s Splinter Cell Blacklist,,,,,1,,,,,,,,,,1,1,
Tom Clancy’s Splinter Cell Blacklist,-1,,-1,,1,,,,,,,,,,,,
Tom Clancy’s Splinter Cell Blacklist,,,,,1,-1,,1,1,1,,,,,,,
Tom Clancy’s Splinter Cell Blacklist,-1,-1,,,1,,,,0,,1,,,,,,
Tom Clancy’s Splinter Cell Blacklist,,,,,1,-1,1,1,1,1,,,,,-1,-1,
Tom Clancy’s Splinter Cell Blacklist,,,-1,,1,,,,,,,,,,,,
Tom Clancy’s Splinter Cell Blacklist,,,,0,1,,,1,,,,0,,,,,
Tom Clancy’s Splinter Cell Blacklist,,,,,1,,,,,,,,,,,,
Tom Clancy’s Splinter Cell Blacklist,,,,,1,,,,,,,,,,,,
Tom Clancy’s Splinter Cell Blacklist,,,,,,,,,,,,,,,,,
Tom Clancy’s Splinter Cell Blacklist,,,,,,,,,,,,,,,,,
Tom Clancy’s Splinter Cell Blacklist,,,,,1,,,,,,,,,,,,
Tom Clancy’s Splinter Cell Blacklist,-1,,-1,,1,,-1,-1,0,-1,,-1,,-1,,,
Tom Clancy’s Splinter Cell Blacklist,,,-1,,1,-1,,,,,,,,,,,
Tom Clancy’s Splinter Cell Blacklist,,,-1,,,,,,,,,,,,,,
Tom Clancy’s Splinter Cell Blacklist,,,-1,,,,,,,,,,-1,-1,,,
Tom Clancy’s Splinter Cell Blacklist,,,,,1,,,,,,,0,,,,,
Tom Clancy’s Splinter Cell Blacklist,,,,,,,,,,,,,,,,,
Tom Clancy’s Splinter Cell Blacklist,,,,,,,-1,,,,,,,,,,
Tom Clancy’s Splinter Cell Blacklist,-1,1,-1,-1,1,,1,,1,1,1,,,-1,,,
Tom Clancy’s Splinter Cell Blacklist,,,,,1,,,,,,,,,,0,,
Tom Clancy’s Splinter Cell Blacklist,,,,,1,,,,,,,,,,,,
Tom Clancy’s Splinter Cell Blacklist,,,,1,1,,,,,,,,,,-1,-1,-1
Tom Clancy’s Splinter Cell Blacklist,,,,,1,,,,,,,,,,,,
Tom Clancy’s Splinter Cell Blacklist,,,,,0,,,,,,,,,,,,
Tom Clancy’s Splinter Cell Blacklist,,,,,1,,,,,,,,,,,,
Tom Clancy’s Splinter Cell Blacklist,,,,0,1,,1,,,,,,,0,,-1,
Tom Clancy’s Splinter Cell Blacklist,,,,-1,1,,,,,,,,,,,,-1
Tom Clancy’s Splinter Cell Blacklist,,,,,-1,,,,,,,,,,,,
Europa Universalis IV,,,,,0,,,,,,,,,,,,
Europa Universalis IV,1,1,,1,1,,1,,1,,1,,,,,-1,
Europa Universalis IV,,,,1,1,,1,1,,,,1,,1,-1,-1,
Europa Universalis IV,,,,-1,-1,-1,-1,-1,,,,,,,-1,-1,-1
Europa Universalis IV,,,,,1,,,,,,,,,,-1,-1,
Europa Universalis IV,,,,-1,1,,,,,,,,,,,-1,
Europa Universalis IV,,,,1,1,,1,,,,,,,-1,,,
Europa Universalis IV,,,,,1,,,,1,,,,,,,-1,
Europa Universalis IV,,,,0,1,,,,,,,,,0,,,
Europa Universalis IV,,,,,,,,,,,,,,,,,
Europa Universalis IV,-1,-1,-1,,1,-1,,1,1,1,,,,,-1,-1,-1
Europa Universalis IV,,,,,1,,1,,,,,,,,,,
Europa Universalis IV,,,,,,,,,,,,,,,,,
Europa Universalis IV,,,,-1,1,,,,,,,,,,-1,-1,-1
Europa Universalis IV,-1,,-1,,,,,,,,,,-1,-1,,,
Europa Universalis IV,,,,,1,,,,,,,,,,,,
Europa Universalis IV,,,,,,,,,,,,,,,,,
Europa Universalis IV,,,,1,1,,,,,,,,,,,,
Europa Universalis IV,,,,,1,,,,,,,,,,,,
Europa Universalis IV,,,,,1,,,,,,,,,1,,,
Europa Universalis IV,,,,1,1,,,,,,,,,,,,
Europa Universalis IV,,,,1,1,,,,,,,,,,,,
Europa Universalis IV,,,,,1,-1,,,,,,,,,,-1,-1
Europa Universalis IV,,,,,1,-1,1,,,,,,-1,0,,,
Europa Universalis IV,,,,1,1,,1,,,,,,,0,,,
Europa Universalis IV,,,,,1,,,,,,,,,,,0,
Europa Universalis IV,,,,,,,,,,,,,,,,-1,
Europa Universalis IV,,,,,1,,,,,,,,,,,,
Europa Universalis IV,,,,1,1,,,,,,,,,,,,
Europa Universalis IV,,,,-1,,,,,,,,,,,,,-1
Europa Universalis IV,,,,,1,-1,,,,,,,,1,,,
Europa Universalis IV,,,,,1,,0,,,,,0,,,,,
Europa Universalis IV,,,,,,,,,,,,,,,-1,,
Europa Universalis IV,,,,0,1,,,,,,,,,1,,,
Europa Universalis IV,-1,,-1,1,1,,,,,,,,,1,,,
Europa Universalis IV,,,,,,,,,,,,,,,,,
Europa Universalis IV,,,,1,1,,,1,,,,1,,,,,
Europa Universalis IV,,,,-1,,,,,,,,,,-1,,,
Europa Universalis IV,,,,,1,,,,,,,,,,,,
Europa Universalis IV,,,,,1,,,,,,,,,,,,
Europa Universalis IV,,,,,,-1,,,,,,,,,,,
Europa Universalis IV,,,,,1,,,,,,,,,,,,
Europa Universalis IV,,,,,1,,,,,,,,,,,,
Europa Universalis IV,,,,,,,,,,,,,,,,,
Europa Universalis IV,,,,,,,,,,,,,,,,,
Europa Universalis IV,,,,,,,,,,,,,,-1,,,
Europa Universalis IV,,,,,1,,,,,,,,,,,,
Europa Universalis IV,,,,,,-1,,,,,,,,-1,,,
Europa Universalis IV,,,,,,,,,,,,,,,,-1,
Europa Universalis IV,,,,1,1,,,,,,,,,-1,,,
Europa Universalis IV,-1,0,,,1,,,,0,,0,,,,,,
Europa Universalis IV,,,,,1,,,,,,,,,,,,
Europa Universalis IV,,,,,,,,,,,,,,,,,
Europa Universalis IV,,,,,1,,,,,,,,,,,-1,
Europa Universalis IV,,,,,1,,-1,,,,,,,,,-1,
Europa Universalis IV,,,,,,,,,,,,,,,,,
Europa Universalis IV,,,,1,1,,1,,,,,,,,,-1,
Europa Universalis IV,-1,,-1,,1,-1,,,,,,,,-1,,,
Europa Universalis IV,,,,,,,,,,,,,,,,,
Europa Universalis IV,,,,,,,,,,,,,,,,,
Europa Universalis IV,,,,1,1,,,1,,,,,,,-1,,-1
Europa Universalis IV,,,,1,1,,1,1,,,,,,,,-1,-1
Europa Universalis IV,1,1,,1,1,,1,1,1,1,1,1,,,1,1,1
Europa Universalis IV,,,,,1,,,,,,,,,,,,
Europa Universalis IV,,,,,1,,,,,,,,,,,,
Europa Universalis IV,,,,,1,,,,,,,,,,,,-1
Europa Universalis IV,,,,1,1,,1,,,,,,,1,,,
Europa Universalis IV,,,,,1,,,,,,,,,,,,
Europa Universalis IV,,,,,1,,,,,,,,,,1,1,
Europa Universalis IV,,,,,-1,,,,,,,,,,,,
Europa Universalis IV,,,,,,,,,,,,,,,,,
Europa Universalis IV,,,,,,,,,,,,,,,,,
Europa Universalis IV,,,,,,,,,,,,,,,,-1,
Europa Universalis IV,-1,-1,-1,,1,,,,,,,,,-1,,,
Europa Universalis IV,,,,0,,,0,0,,,,,,0,,,
Europa Universalis IV,,,,,,,,,,,,,,,,,
Europa Universalis IV,,,,,,,,,,,,,,,,,
Europa Universalis IV,,,,,,,,,,,,,,,,,
Europa Universalis IV,,,,,,,,,,,,,,,,,
Europa Universalis IV,,,,,,,,,,,,,,,,,
Europa Universalis IV,,,,,,,,,,,,,,,,,
Europa Universalis IV,,,,,1,,,,,,,,,,,,
Europa Universalis IV,,,,,,,,,,,,,,,,,
Europa Universalis IV,,,,,,,1,,,,,,,,,,
Europa Universalis IV,,,,,,,,,,,,,,,,,
Europa Universalis IV,,,,,1,,,,,,,,,,,,
Europa Universalis IV,,,,,1,,,,,,,,,,,,
Europa Universalis IV,,,,,,,,,,,,,,,,,
Europa Universalis IV,,,,0,1,,0,,,,,0,,,,,
Europa Universalis IV,,,,1,1,,,,,,,,,,,,
Europa Universalis IV,,,,-1,,,,,,,,,,-1,,,
Europa Universalis IV,,,,,1,,,,,,,,,,,,
Europa Universalis IV,,,-1,,1,,1,,,,,1,-1,1,-1,-1,
Europa Universalis IV,,,-1,,,-1,,,,,,,,-1,,,
Europa Universalis IV,,,,,1,,,,,,,,,,,,
Europa Universalis IV,,,,,,-1,,,,,,,,,,,
Europa Universalis IV,,,,,1,,,,,,,,,,,,
Europa Universalis IV,,,,,1,-1,,,,,,,,0,,,
Europa Universalis IV,,,,,,,,,,,,,,,,,
Europa Universalis IV,,,,1,1,-1,1,1,1,,1,0,-1,,-1,-1,-1
"Papers, Please",,,,,1,,,,,,,,,,,,
"Papers, Please",,,,,,,,,,,,,,,,,
"Papers, Please",,,,,,,,,,,,,,,,,
"Papers, Please",,,,,,-1,,,,,,,,,,,
"Papers, Please",,,,,,,,,,,,,,-1,,,
"Papers, Please",,,,,1,,,,,,,,,,,,
"Papers, Please",,,,,1,,,,,,,1,,,,,
"Papers, Please",,,,,,-1,,,,,,,,,,,
"Papers, Please",,,,,,,,,,,,,,-1,,,
"Papers, Please",,,,,,-1,,,,,,,,,,,
"Papers, Please",,,,,1,,,,,,,,,,,,
"Papers, Please",-1,,-1,1,1,-1,1,1,,,,1,,0,,-1,-1
"Papers, Please",,,,,,,,,,,,,,,-1,-1,
"Papers, Please",,,,,1,,-1,0,,,,,,,,,
"Papers, Please",,,,,1,,,,,,,,,,,,
"Papers, Please",,,,,,-1,,,,,,,,,,,
"Papers, Please",,,,,,,,,,,,,,,,,
"Papers, Please",,,,,1,,,,,,,,,,,,-1
"Papers, Please",,,,,,,,,,,,,,,,,
"Papers, Please",,,,,-1,-1,,,,,,,,,,,
"Papers, Please",,,,,1,,-1,,,,,,,,,-1,
"Papers, Please",1,,-1,1,1,,,1,,,,,,1,,,1
"Papers, Please",0,,,,1,,,,,,,,,,,,
"Papers, Please",,,,,,,,,,,,,,,,,
"Papers, Please",,,,,,,,,,,,,,,,,1
"Papers, Please",,,,,,-1,0,1,,,,,,,,,
"Papers, Please",,,,,1,,,,,,,,,,,,
"Papers, Please",,,,,1,,,,,,,,,,,,
"Papers, Please",,,,,,,,,,,,,,,,,
"Papers, Please",,,,,0,,,,,,,,,,,-1,-1
"Papers, Please",,,,,1,,,,,,,,,,,,
"Papers, Please",,,,,1,,,,,,,,,,,,
"Papers, Please",,,,,1,,,,,,,,,,,,
"Papers, Please",,,,,1,,,,,,,,,,,,
"Papers, Please",,,,,1,,,,,,,,,,,,
"Papers, Please",,,,,,,,,,,,,,,,,1
"Papers, Please",,,,,,,,,,,,,,,,,
"Papers, Please",,,,,,,,,,,,,,,,,
"Papers, Please",,,,,1,,1,,,,,,,,,,
"Papers, Please",,,,1,,,,,,,,,,,,,1
"Papers, Please",,,,,,,,,,,,,,,,,
"Papers, Please",,1,,,1,,1,,1,,1,1,,,,,
"Papers, Please",,,,,1,,,,,,,,,,-1,,-1
"Papers, Please",,,,,,,,,,,,,,,,,
"Papers, Please",,,,,,,,,,,,,,,,,
"Papers, Please",,,,,,,,,,,,,,,,,
"Papers, Please",,,,,,,,,,,,,,,,,
"Papers, Please",,,,,,,,,,,,,,,,,
"Papers, Please",,,,,1,,,,,,,,,,,,
"Papers, Please",,,,1,1,,,,,,,,,,,,
"Papers, Please",,,,,,-1,,,,,,,,,-1,,
"Papers, Please",,,,,,,,,,,,,,,,,
"Papers, Please",,,,,1,,,,,,,,,,,,
"Papers, Please",,,,1,1,-1,1,1,,,,1,-1,,1,-1,-1
"Papers, Please",,,,1,1,,1,1,,,,1,,,1,-1,
"Papers, Please",,,,,,-1,,,,,,,,-1,,,
"Papers, Please",,,,,1,,,,,,,,,,,,
"Papers, Please",,,,1,1,-1,,,,,,,,1,,1,
"Papers, Please",,,,,,,,,,,,,,,,,
"Papers, Please",,,,,,,,,,,,,,,,,
"Papers, Please",-1,,-1,1,1,,1,1,,,,,,-1,,-1,
"Papers, Please",,,,,1,,,,,,,,,,,,
"Papers, Please",,,,1,1,,1,1,,,,1,,,,,
"Papers, Please",,,,,,,,,,,,,,,,,
"Papers, Please",,,,,1,,,,,,,,,,,,
"Papers, Please",,,-1,,,-1,,,,,,,,-1,,,
"Papers, Please",,,,,1,,,,,,,,,,,,
"Papers, Please",,,,,1,,,,,,,,,,,,
"Papers, Please",,,,,,,,,,,,,,,,,
"Papers, Please",,,,,1,,,,,,,,,,,,
"Papers, Please",,,,,,,,,,,,,,-1,,,
"Papers, Please",,,,,1,,,,,,,,,,,,
"Papers, Please",,,,,,,,,,,,,,,,,
"Papers, Please",,,,,1,,,,,,,,,,,,
"Papers, Please",,,,,1,,,,,,,,,,,,
"Papers, Please",,,,1,1,,1,1,,,,1,,,,,-1
"Papers, Please",,,,1,1,,,,,,,,,,,-1,
"Papers, Please",,,,1,1,,,1,,,,1,,,,,-1
"Papers, Please",,,,,1,,,,,,,,,,,,
"Papers, Please",,,,,1,,,,,,,,,,,,
"Papers, Please",,,,,1,,,,,,,,,,,,
"Papers, Please",,,,,,,,,,,,,,,,,
"Papers, Please",,,,,,,,,,,,,,,,,
"Papers, Please",,,,,1,-1,,,,,,,-1,,,,-1
"Papers, Please",,,,-1,,,,,,,,,,,-1,-1,
"Papers, Please",,,,,,-1,,,,,,,,,,,
"Papers, Please",,,,,1,,,,,,,,,,,,
"Papers, Please",,,,,,,,,,,,,,,,,
"Papers, Please",,,,,,,,,1,1,,,,,,,
"Papers, Please",,,,,,,,,-1,-1,,,,,,,
"Papers, Please",,,,,,,,,,,,,,,,,
"Papers, Please",,,,,,,,,,,,0,,,,,
"Papers, Please",,,,,,,,,,,,,,,,,
"Papers, Please",,,,,1,,1,,,,,1,,,,,
"Papers, Please",-1,-1,,0,1,,,,,,,,,,-1,-1,-1
"Papers, Please",,,,,,,,,,,,,,,,,
"Papers, Please",,,,,,,1,0,,,,0,,,-1,,
"Papers, Please",,,,,,,,,,,,,,,,,
"Papers, Please",,,,,1,,,,,,,,,,,,
"Papers, Please",,,,,,,,,,,,,,,-1,,
Getting Over It with Bennett Foddy,,,,,,,,,,,,,,,,,
Getting Over It with Bennett Foddy,,,,,1,,,,,,,,,,,,
Getting Over It with Bennett Foddy,0,1,,1,1,,,,1,,,,,,0,-1,
Getting Over It with Bennett Foddy,-1,,-1,,1,,1,1,,,,1,,,,,
Getting Over It with Bennett Foddy,,1,,1,1,,,1,1,,,1,,,-1,-1,-1
Getting Over It with Bennett Foddy,,,,,1,,,1,,,,,,,0,,-1
Getting Over It with Bennett Foddy,,,,,1,,,,,,,,,,,,
Getting Over It with Bennett Foddy,,,,,,-1,,,,,,,,,,,
Getting Over It with Bennett Foddy,,,,,,,,,,,,,,,,,
Getting Over It with Bennett Foddy,,,,,,,,,,,,,,,,,
Getting Over It with Bennett Foddy,,,,,,,,,,,,,,,,,
Getting Over It with Bennett Foddy,,,,,1,,,,,,,,,,,,
Getting Over It with Bennett Foddy,,,,,1,,,1,,,,,,,,,
Getting Over It with Bennett Foddy,,,,,,,,,,,,,,,,,
Getting Over It with Bennett Foddy,,,,,1,,1,,,,,,,,,-1,
Getting Over It with Bennett Foddy,,,,,1,,,,,,,,,,,,
Getting Over It with Bennett Foddy,,,,1,1,,1,,,,,,,1,-1,-1,
Getting Over It with Bennett Foddy,,,,,,,,,,,,,,,,,
Getting Over It with Bennett Foddy,,,,,0,,,,,,,,,,,,
Getting Over It with Bennett Foddy,,,,,1,,,,,,,,,,,,
Getting Over It with Bennett Foddy,,,,,1,,,,,,,,,,,,
Getting Over It with Bennett Foddy,,,,,,,,,,,,,,,,,
Getting Over It with Bennett Foddy,,,,,,,,,,,,,,,,,
Getting Over It with Bennett Foddy,,,,,,,,,,,,,,,,,
Getting Over It with Bennett Foddy,,,,,1,,,,,,,1,,,,,
Getting Over It with Bennett Foddy,,,,,,,,,,,,,,,,,
Getting Over It with Bennett Foddy,,,,,1,,,,,,,,,,,,
Getting Over It with Bennett Foddy,,,,,,,,,,,,,,,,,
Getting Over It with Bennett Foddy,,,,,1,,,,,,,,,,-1,-1,
Getting Over It with Bennett Foddy,,,,,,,,,,,,,,,,,
Getting Over It with Bennett Foddy,,,,,1,,,,,,,,,,,,
Getting Over It with Bennett Foddy,,,,,,,,,,,,,,,,,
Getting Over It with Bennett Foddy,,,-1,1,1,,,,1,,,1,,,,,-1
Getting Over It with Bennett Foddy,,,,,1,,,,,,,,,,1,1,
Getting Over It with Bennett Foddy,,,,,1,,1,,,,,,,,-1,,
Getting Over It with Bennett Foddy,,,,,,,,,,,,,,,,,
Getting Over It with Bennett Foddy,,,,,1,,,,,,,,,,,,
Getting Over It with Bennett Foddy,,,,,0,-1,,,,,,,,,0,,-1
Getting Over It with Bennett Foddy,,,,,,,,,,,,,,,0,-1,
Getting Over It with Bennett Foddy,,,-1,,0,,,,,,,,,,-1,,-1
Getting Over It with Bennett Foddy,,,,,,,,,,,,,,,,,
Getting Over It with Bennett Foddy,,,,,1,,,,,,,,,,,,
Getting Over It with Bennett Foddy,,,,,,,,,,,,,,,,,
Getting Over It with Bennett Foddy,,,,1,,,-1,1,,,,,,,-1,-1,
Getting Over It with Bennett Foddy,,,,,1,,,,,,,,,,,,
Getting Over It with Bennett Foddy,,,,,,,,,,,,,,,,,
Getting Over It with Bennett Foddy,,,,-1,1,,,,,,,,,,,,-1
Getting Over It with Bennett Foddy,,,,,1,,1,1,,,,,,,1,,
Getting Over It with Bennett Foddy,,,,,1,,,,,,,,,,,,
Getting Over It with Bennett Foddy,,,,,,,,,,,,,,,,,
Getting Over It with Bennett Foddy,,,,,,,,,,,,,,,,,
Getting Over It with Bennett Foddy,,,,,1,,,,,,,,,,,,
Getting Over It with Bennett Foddy,,,,,,,,,,,,,,,-1,,
Getting Over It with Bennett Foddy,,,,,,,,,,,,,,,0,,0
Getting Over It with Bennett Foddy,,,,,,,,,,,,,,,,,
Getting Over It with Bennett Foddy,,,,1,1,,,,,,,,,,,,
Getting Over It with Bennett Foddy,,,,,0,,,,,,,,,,,,
Getting Over It with Bennett Foddy,,1,,,,,,,1,,1,,,,,,
Getting Over It with Bennett Foddy,,,,,1,,,,,,,,,,,,
Getting Over It with Bennett Foddy,,,,,,,,,,,,,,,,,
Getting Over It with Bennett Foddy,,,,,1,,,,,,,,,,,,
Getting Over It with Bennett Foddy,,,,,1,,,,,,,,,,0,-1,
Getting Over It with Bennett Foddy,,,,,1,,,,,,,,,,,,
Getting Over It with Bennett Foddy,,,,,,,,,,,,,,,,,
Getting Over It with Bennett Foddy,,,,,,,,,,,,,,,,,
Getting Over It with Bennett Foddy,,,,,1,,,,,,,,,,,,-1
Getting Over It with Bennett Foddy,,,,,1,,,,,,,,,,,,
Getting Over It with Bennett Foddy,,,,,,,,,,,,,,,,,
Getting Over It with Bennett Foddy,,,,,,,,,,,,,,,,,
Getting Over It with Bennett Foddy,,,,,1,,1,,,,,0,,,-1,,
Getting Over It with Bennett Foddy,,,,,1,,,,,,,,,,,,
Getting Over It with Bennett Foddy,,,,,1,,1,,,,,,,,,1,
Getting Over It with Bennett Foddy,,,,,1,,,,,,,,,,,,
Getting Over It with Bennett Foddy,,,,,1,,,,,,,,,,,,
Getting Over It with Bennett Foddy,,,,,,,,,,,,,,,,,
Getting Over It with Bennett Foddy,,,,,,,,,,,,,,,,,
Getting Over It with Bennett Foddy,,,,,1,,,,,,,,,,,,
Getting Over It with Bennett Foddy,,,,,1,,,,,,,,,,,,
Getting Over It with Bennett Foddy,,,,,1,,,,,,,,,,,,
Getting Over It with Bennett Foddy,,,,,1,,,,,,,,,,-1,,
Getting Over It with Bennett Foddy,,,,,,,,,,,,,,,,,
Getting Over It with Bennett Foddy,,,,,1,,,,,,,,,,,,
Getting Over It with Bennett Foddy,,,,,,,,,,,,,,,,,
Getting Over It with Bennett Foddy,,,,,1,,,,1,,,,,,,,
Getting Over It with Bennett Foddy,,,,,1,,,,,,,,,,,,
Getting Over It with Bennett Foddy,,,,,,,,,,,,,,,,,
Getting Over It with Bennett Foddy,,,,,1,,,,,,,,,,,,
Getting Over It with Bennett Foddy,,,,,,,1,,,,,,,,,,
Getting Over It with Bennett Foddy,,,,,1,,,,,,,,,,,,
Getting Over It with Bennett Foddy,,,,,1,,1,,,,,,,,0,-1,
Getting Over It with Bennett Foddy,,,,,,,,,,,,,,,,,
Getting Over It with Bennett Foddy,,,,,-1,-1,,-1,,,,,,-1,,,
Getting Over It with Bennett Foddy,,,,1,,,,,,,,,,,,,-1
Getting Over It with Bennett Foddy,,,,0,1,,0,0,0,-1,,,,,-1,,
Getting Over It with Bennett Foddy,,,,,,,,,,,,,,,,,
Getting Over It with Bennett Foddy,,,,0,1,,,,,,,,,,,-1,
Getting Over It with Bennett Foddy,,,,,,,,,,,,,,-1,,,
Getting Over It with Bennett Foddy,0,1,0,0,1,-1,1,1,0,0,1,0,,0,0,0,-1
Getting Over It with Bennett Foddy,,,,,1,,,,,,,,,,,,-1
Getting Over It with Bennett Foddy,,,,,1,,,,,,,,,,,,-1
Space Engineers,,,,,1,-1,1,1,,,,1,,,0,-1,-1
Space Engineers,-1,,,,-1,-1,,-1,-1,-1,,,,-1,,,
Space Engineers,,,,-1,1,,,-1,,,,,,-1,,-1,
Space Engineers,-1,-1,-1,-1,1,-1,1,1,-1,,-1,,,-1,,-1,
Space Engineers,,,,,,,,,,,,,,,,,
Space Engineers,,,,-1,,-1,,,,,,,,-1,,-1,
Space Engineers,,,,1,1,,,1,,,,,,,-1,-1,-1
Space Engineers,,,,,,,,1,,,,1,,,,,
Space Engineers,,,,,1,,,,,,,,,,,,
Space Engineers,,,,,1,,,,,,,,,,,,
Space Engineers,,,,,1,,1,1,,,,,,,,,
Space Engineers,-1,,,-1,1,,,1,,,,,,,-1,-1,-1
Space Engineers,,,,0,1,,,,,,,,,,,,
Space Engineers,,,-1,,,,,,,,,,,-1,,,
Space Engineers,,,,,,,,,,,,,,,-1,-1,
Space Engineers,,,,,1,,,,0,1,,,,,,,
Space Engineers,,,,,,,,,,,,,,,,,
Space Engineers,,,,,,,,,,,,,,,,,
Space Engineers,,,,,,,,,,,,,,,,,
Space Engineers,,,,,1,-1,,1,,,,,,,-1,-1,-1
Space Engineers,,,,1,1,,1,,,,,,,1,-1,-1,
Space Engineers,,,,,,,,,,,,,,,,,
Space Engineers,,,,1,1,-1,1,1,,,,,,1,,,
Space Engineers,,,,,1,,,,1,,,,,,,,
Space Engineers,-1,,,,1,,,,,,,,,-1,,,
Space Engineers,,,,1,1,,-1,1,,,,,,1,,,
Space Engineers,,,,,,,,,,,,,-1,-1,,,
Space Engineers,,,,-1,,,-1,,,,,-1,,,,,
Space Engineers,,,,,,,,,,,,,,,,,
Space Engineers,,,,1,1,,,1,,,,,,,-1,-1,
Space Engineers,,,,,0,-1,,,,,,,-1,,,,-1
Space Engineers,,,,,,,,0,,,,,,,-1,-1,-1
Space Engineers,,,,,1,,,,,,,,,,,-1,
Space Engineers,,,,,,,,,,,,,,,,,
Space Engineers,,-1,,1,1,,,1,,,,,,,-1,-1,
Space Engineers,,,,,1,,,,,,,,,,,,
Space Engineers,,,,,1,,,,,,,,,,,,
Space Engineers,-1,-1,,1,1,,0,1,1,,,,,,,,
Space Engineers,,,,,1,,,,,,,,,,,,
Space Engineers,,,,-1,,,,,,,,,,-1,,,
Space Engineers,,,,,,,,,,,,,,,,,
Space Engineers,,,,,,,,,,,,,,,,,
Space Engineers,,,,-1,1,,,,,,,,,,,,
Space Engineers,,,,,1,,,,,,,,,,,-1,
Space Engineers,,,,,,,,,,,,,,,,,
Space Engineers,,,,,,,,,,,,,,,,-1,
Space Engineers,-1,,-1,,,,,,,,,,,-1,,,
Space Engineers,,,,,,,,,,,,,,,,,
Space Engineers,,,,,1,,,,,,,,,,1,,
Space Engineers,,,,,,,,,,,,,,,-1,,
Space Engineers,,,,1,1,,,1,,,,,,,,,-1
Space Engineers,,-1,,,1,,,,-1,,-1,,,,,-1,
Space Engineers,,,,,1,,,,,,,,,,,,
Space Engineers,,,,,1,,-1,,,,,-1,,,,,
Space Engineers,0,1,,1,1,0,1,1,1,,1,,,,0,1,-1
Space Engineers,,,,,1,,,,,,,,,,,,
Space Engineers,,,,,,,,,,,,,,,,,
Space Engineers,,,,,,,,,,,,,,,,,
Space Engineers,,,,,,,,,,,,,,,,,
Space Engineers,,,,,1,,,,,,,,,,,,
Space Engineers,,,,1,1,,,,,,,,,,,,
Space Engineers,,,,,,,-1,,,,,,,,,,
Space Engineers,,,,,1,,,,,,,,,,,,
Space Engineers,-1,,,-1,1,,,-1,,,,,,-1,-1,-1,
Space Engineers,,,,,1,,,,,,,,,,,,
Space Engineers,,,,,1,,,,,,,,,,-1,-1,
Space Engineers,,,,,1,,,,,,,,,,-1,-1,
Space Engineers,,,,,,,,,,,,,,,,,
Space Engineers,,,,,,,,,,,,,,,,,
Space Engineers,,,,,1,,,,,,,,,,,,
Space Engineers,,,,,,,,,,,,,,,,,
Space Engineers,,,,,1,,,,,,,,,,,,
Space Engineers,,,-1,,1,,,,,,,,,,,,
Space Engineers,,,,,,,,,,,,,,,,-1,
Space Engineers,,,,,,,,,,,,,,,,,
Space Engineers,,,,,,,,,,,,,,,,,
Space Engineers,,,,,,,,,,,,,,,,,
Space Engineers,,,,,,,,,,,,,,,,,
Space Engineers,,,,0,1,,,,,,,,,,,-1,-1
Space Engineers,,,,,,,,,,,,,,,,,
Space Engineers,,,,,,,,,,,,,,,,,
Space Engineers,0,0,,,,,0,,0,,1,,,0,,,
Space Engineers,,,,,,,,,,,,,,,,,
Space Engineers,,,,-1,1,,,-1,,,,,,,-1,-1,-1
Space Engineers,,,,,,,,,,,,,,0,,,
Space Engineers,,,,,,,,,,,,,,,,,
Space Engineers,,,,1,1,-1,1,1,,,,,,0,-1,-1,-1
Space Engineers,,,,,1,,,,,,,,,,,,
Space Engineers,,,-1,,1,-1,,1,,,,,,,,,-1
Space Engineers,,,,,1,,,,,,,,,,,,
Space Engineers,,,,,,,,,,,,,,,,,
Space Engineers,-1,1,-1,1,1,-1,1,1,,,1,1,,,-1,-1,-1
Space Engineers,,,,1,1,,1,1,,,,1,,,-1,-1,-1
Space Engineers,0,0,0,1,1,0,1,0,0,0,0,0,,0,0,0,0
Space Engineers,,,,,1,-1,,,,,,,,1,0,-1,
Space Engineers,,,,,1,-1,,1,,,,,,,0,,-1
Space Engineers,,,-1,,,,,,,,,,,-1,,,
Space Engineers,,,,1,1,-1,1,1,,,,1,,,-1,-1,-1
Space Engineers,,,,,1,-1,,,,,,,,,,,
Space Engineers,,,,,1,,,,,,,,,,-1,,
Kingdom Rush  - Tower Defense,1,1,-1,1,1,-1,1,1,1,1,1,1,,1,0,-1,
Kingdom Rush  - Tower Defense,,,,-1,1,-1,-1,-1,,,,,,0,-1,-1,-1
Kingdom Rush  - Tower Defense,,,,1,1,1,1,1,,,,,,1,1,1,
Kingdom Rush  - Tower Defense,,,,1,1,,,1,,,,1,,,1,,
Kingdom Rush  - Tower Defense,,,,,1,1,1,,,,,,,1,,,
Kingdom Rush  - Tower Defense,,,,1,1,,1,1,,,,1,,,1,1,
Kingdom Rush  - Tower Defense,,,,,1,,1,1,,,,,,,,,
Kingdom Rush  - Tower Defense,,1,,1,1,-1,1,1,1,1,1,1,,,-1,-1,
Kingdom Rush  - Tower Defense,,,,,1,,,,,,,,,,,,
Kingdom Rush  - Tower Defense,,1,,1,1,0,1,1,1,1,1,1,,0,0,1,-1
Kingdom Rush  - Tower Defense,,,,,1,,,,,,,,,,1,,
Kingdom Rush  - Tower Defense,,,,1,1,,,,,,,,,,,,
Kingdom Rush  - Tower Defense,,,,,1,-1,1,1,,,,,,,-1,-1,
Kingdom Rush  - Tower Defense,,,,,,,,,,,,,,,,,
Kingdom Rush  - Tower Defense,,,,,1,,,,,,,,,,,,
Kingdom Rush  - Tower Defense,,,,,,,,,,,,,,,,,
Kingdom Rush  - Tower Defense,,,,,1,-1,,,,,,,,,1,,
Kingdom Rush  - Tower Defense,,,,,1,,,,,,,,,,,,
Kingdom Rush  - Tower Defense,,,,,1,,1,,,,,,,,,,
Kingdom Rush  - Tower Defense,,,,,,,,,,,,,,,,,
Kingdom Rush  - Tower Defense,,,,,1,,,,,,,,,,,,
Kingdom Rush  - Tower Defense,,,,,,,,,,,,,,,1,,
Kingdom Rush  - Tower Defense,,,,,1,,,,,,,,,,,,
Kingdom Rush  - Tower Defense,,,,,1,,,,,,,,,,,,
Kingdom Rush  - Tower Defense,,,,1,1,,,1,,,,,,0,,-1,-1
Kingdom Rush  - Tower Defense,,,,,1,,1,,,,,,,,,,
Kingdom Rush  - Tower Defense,,,,,1,,,,,,,,,,,,
Kingdom Rush  - Tower Defense,,,,,1,,,,,,,,,,,,
Kingdom Rush  - Tower Defense,,,,1,1,,,,,,,,,,,,
Kingdom Rush  - Tower Defense,,,,,1,,,,,,,,,,0,,
Kingdom Rush  - Tower Defense,,,,,,,,,,,,,,,,,
Kingdom Rush  - Tower Defense,,,,,,,,,,,,,,,,,
Kingdom Rush  - Tower Defense,,,,1,0,,,,,,,,,,-1,,-1
Kingdom Rush  - Tower Defense,,,,,1,,,,,,,,,,,,-1
Kingdom Rush  - Tower Defense,,,,,1,,,,,,,,,,,,
Kingdom Rush  - Tower Defense,,,,,,,,,,,,,,,,,
Kingdom Rush  - Tower Defense,,,,-1,,,,,,,,,,-1,,,
Kingdom Rush  - Tower Defense,,,,,,,,,,,,,,,,,
Kingdom Rush  - Tower Defense,,,,,,,,,,,,,,,,,
Kingdom Rush  - Tower Defense,,,,,,,,,,,,,,,,,
Kingdom Rush  - Tower Defense,,,,,,,,,,,,,,,1,,
Kingdom Rush  - Tower Defense,,,,,1,,,,1,1,,,,,-1,-1,-1
Kingdom Rush  - Tower Defense,,,,-1,1,,-1,,,,,,,,,,
Kingdom Rush  - Tower Defense,,,,,1,,,,,,,,,,,,
Kingdom Rush  - Tower Defense,,,,,1,,,,,,,,,,,,
Kingdom Rush  - Tower Defense,,,,,1,,,,,,,,,,,,
Kingdom Rush  - Tower Defense,,,,,,-1,,,,,,,,,-1,-1,
Kingdom Rush  - Tower Defense,,,,1,1,,,,,,,,,,,,
Kingdom Rush  - Tower Defense,,,,,1,,1,,,,,,,,,,
Kingdom Rush  - Tower Defense,,,,,1,,,,,,,,,,,,
Kingdom Rush  - Tower Defense,,,,,1,,,,,,,,,,,,
Kingdom Rush  - Tower Defense,,,,,1,-1,1,0,,,,,,,-1,-1,
Kingdom Rush  - Tower Defense,,,,,1,,1,1,1,1,,,,,,,
Kingdom Rush  - Tower Defense,,,,,,,,,,,,,,,,,
Kingdom Rush  - Tower Defense,,,,,,1,,,,,,,,,,,
Kingdom Rush  - Tower Defense,,,,,1,,,,,,,,,,,1,
Kingdom Rush  - Tower Defense,,,,,,-1,,,,,,,,,,,
Kingdom Rush  - Tower Defense,,,,,,,,,,,,,,,,,
Kingdom Rush  - Tower Defense,,,,,1,,,,,,,,,,,,
Kingdom Rush  - Tower Defense,,,,,1,,,,,,,,,,-1,-1,
Kingdom Rush  - Tower Defense,,,,,,,,,,,,,,,,,
Kingdom Rush  - Tower Defense,,,,,1,,,,,,,,,,-1,,
Kingdom Rush  - Tower Defense,,,,,,,,,,,,,,,,,
Kingdom Rush  - Tower Defense,,,,,1,-1,,,,,,,,,,-1,
Kingdom Rush  - Tower Defense,,,,,1,,,,,,,,,,,,
Kingdom Rush  - Tower Defense,,,,-1,1,,,-1,,,,-1,,,-1,-1,-1
Kingdom Rush  - Tower Defense,1,1,,,1,,,,1,,,,,,,,
Kingdom Rush  - Tower Defense,,,,1,1,,1,1,,,,,,,1,1,
Kingdom Rush  - Tower Defense,,,,1,,,,,,,,,,,,-1,
Kingdom Rush  - Tower Defense,,,,,,,,,,,,,,,,,
Kingdom Rush  - Tower Defense,,,,,,,,,,,,,,,,,
Kingdom Rush  - Tower Defense,-1,-1,-1,,1,,1,1,1,,,,,-1,,,
Kingdom Rush  - Tower Defense,,,,,1,,,,,,,,,,,,
Kingdom Rush  - Tower Defense,,,,,1,,,,,,,,,,,,
Kingdom Rush  - Tower Defense,,,,,1,,,,,,,,,,,,
Kingdom Rush  - Tower Defense,,,,,1,,,,,,,,,,,,
Kingdom Rush  - Tower Defense,,,,,1,,,,,,,,,,,,
Kingdom Rush  - Tower Defense,,,,1,1,,1,1,1,,,1,,,,,
Kingdom Rush  - Tower Defense,,,,,1,,,,,,,,,,,,
Kingdom Rush  - Tower Defense,,,,,1,,,,,,,,,,,,
Kingdom Rush  - Tower Defense,,,,,,,,,,,,,,,,,
Kingdom Rush  - Tower Defense,,,,,,,,,,,,,,,,,
Kingdom Rush  - Tower Defense,,,,1,1,,,,,,,,,,,-1,-1
Kingdom Rush  - Tower Defense,,,,,1,,,,,,,,,,,,
Kingdom Rush  - Tower Defense,,,,,1,,,,,,,,,,,,
Kingdom Rush  - Tower Defense,,,,,,,,,,,,,,,,,
Kingdom Rush  - Tower Defense,,,,,1,-1,,,,,,,,1,-1,-1,
Kingdom Rush  - Tower Defense,,,,,1,,1,,,,,,,,,,
Kingdom Rush  - Tower Defense,,,,,1,,,,1,1,,,,,-1,1,
Kingdom Rush  - Tower Defense,,,,,,,,,,,,,,,,,
Kingdom Rush  - Tower Defense,,,,,1,,,,,,,,,,,,
Kingdom Rush  - Tower Defense,,,,,,,,,,,,,,,,,
Kingdom Rush  - Tower Defense,,,,,1,,,,,,,,,,,,
Kingdom Rush  - Tower Defense,,,,,,,,,,,,,,,,,
Kingdom Rush  - Tower Defense,,,,,,,1,,,,,,,,,,
Kingdom Rush  - Tower Defense,,,,,,,,,,,,,,,,,
Kingdom Rush  - Tower Defense,,,,1,1,,1,1,,,,0,,,,,-1
Kingdom Rush  - Tower Defense,,,,,,,,,,,,,,,,,
Kingdom Rush  - Tower Defense,,,,,1,,,,,,,,,,,,-1
Kingdom Rush  - Tower Defense,,,,,,-1,,,,,,,,,,,
Plague Inc: Evolved,,,,,,,,,,,,,,,,,
Plague Inc: Evolved,,,,,,-1,,,,,,,,,,,
Plague Inc: Evolved,,,,0,1,,,1,,,,0,,,,-1,-1
Plague Inc: Evolved,,,,,1,,,,,,,,,,,,
Plague Inc: Evolved,,,,,,,,,,,,,,,,,
Plague Inc: Evolved,,,,,,,,,,,,,,,,,
Plague Inc: Evolved,,,,,,,,,,,,,,,,,
Plague Inc: Evolved,,,,,,,,,,,,,,,,,
Plague Inc: Evolved,,,,,1,-1,-1,,,,,,,,,,
Plague Inc: Evolved,,,,,1,,-1,,,,,,,,,,
Plague Inc: Evolved,,,,,,,,,,,,,,,,,
Plague Inc: Evolved,,,,,1,,,,,,,,,,,,
Plague Inc: Evolved,,-1,,1,1,,1,,1,,-1,1,,,-1,-1,-1
Plague Inc: Evolved,,,,,1,,,,,,,,,,,,
Plague Inc: Evolved,,,,,1,,,,,,,,,,,,
Plague Inc: Evolved,-1,0,,1,1,,1,1,0,0,1,0,,,0,-1,
Plague Inc: Evolved,,,,,1,,-1,,1,,,,,,,,
Plague Inc: Evolved,,,,,,,1,1,,,,,,,,,
Plague Inc: Evolved,,,,,1,,,,1,,,,,,,,
Plague Inc: Evolved,,,,,1,,-1,0,,,,,,-1,,,
Plague Inc: Evolved,,,,,1,,,,,,,,,,,,
Plague Inc: Evolved,,,,,,-1,,0,,,,,,,-1,,
Plague Inc: Evolved,,,,,1,,,,,,,,,,,,
Plague Inc: Evolved,,,,,1,,1,,,,,,,,,,
Plague Inc: Evolved,,,,,,,,,,,,,,,,,
Plague Inc: Evolved,,,,,1,-1,,,,,,,,,,,
Plague Inc: Evolved,,,,,0,-1,1,1,,,,,,-1,-1,-1,
Plague Inc: Evolved,,,-1,0,1,-1,,-1,,,,,-1,0,-1,-1,-1
Plague Inc: Evolved,,,,,,,,,,,,,,,-1,,
Plague Inc: Evolved,,,,,1,0,,1,1,,,,,,0,-1,-1
Plague Inc: Evolved,,,,,,,,,,,,,,,,,
Plague Inc: Evolved,,,,,,,0,,,,,,,0,,,
Plague Inc: Evolved,,,,,1,,,,,,,,,,,,
Plague Inc: Evolved,,,,1,1,,,1,,,,,,,,,
Plague Inc: Evolved,,,,,1,,,,,,,,,,,,
Plague Inc: Evolved,,,,,,,,,,,,,,,-1,,
Plague Inc: Evolved,,,,,,,,,,,,,,,,,
Plague Inc: Evolved,,,,,,,,,,,,,,,,,
Plague Inc: Evolved,,,,,1,,,,,,,,,,-1,-1,-1
Plague Inc: Evolved,,,,,,,,,,,,,,,,,
Plague Inc: Evolved,,,,,1,,,,,,,,,,-1,,
Plague Inc: Evolved,,,,,,,,,,,,,,,,,
Plague Inc: Evolved,,,,,1,,,,,,,,,,-1,,
Plague Inc: Evolved,,,,,1,,,,,,,,,,,,
Plague Inc: Evolved,,,,,,,,,,,,,,,,,
Plague Inc: Evolved,,,,,,,,,,,,,,,,,
Plague Inc: Evolved,,,,,,,,,,,,,,,,,
Plague Inc: Evolved,,,,,-1,-1,,,,,,,,-1,,,-1
Plague Inc: Evolved,,,,,,,,,,,,,,,,,
Plague Inc: Evolved,,,,,1,,,,,,,,,,1,1,
Plague Inc: Evolved,,,,,,,,,,,,,,,,,
Plague Inc: Evolved,,,,,1,,,,,,,,,,,,
Plague Inc: Evolved,,,,,,,,,,,,,,,,,
Plague Inc: Evolved,-1,-1,-1,,1,,,,1,,,,,,,,
Plague Inc: Evolved,,,,,1,,,,-1,,,,,,,,
Plague Inc: Evolved,,,,,,,,,,,,,,,,,
Plague Inc: Evolved,,,,,,,,,,,,,,,,,
Plague Inc: Evolved,,,,1,0,,0,0,,,,,,,,-1,-1
Plague Inc: Evolved,,,,-1,1,-1,-1,1,,,,,,-1,,,-1
Plague Inc: Evolved,,,,,,,,,,,,,,,,,
Plague Inc: Evolved,,,,,,,,,,,,,,,,,
Plague Inc: Evolved,,,,,,,,,,,,,,,,,
Plague Inc: Evolved,,,,,,,,,,,,,,,,,
Plague Inc: Evolved,,,,,,,,,,,,,,,,,
Plague Inc: Evolved,,,,,,,,,,,,,,,,,
Plague Inc: Evolved,,,,,1,,,,,,,,,,,,
Plague Inc: Evolved,,,,,,,,,,,,,,,,,
Plague Inc: Evolved,,,,,,,,,,,,,-1,,,,
Plague Inc: Evolved,,,,,1,,1,,,,,,,,,,
Plague Inc: Evolved,,,,,1,,,,,,,,,,,,
Plague Inc: Evolved,,,,,,,,,,,,,,,,,
Plague Inc: Evolved,,,,,,,,,,,,,,,,,
Plague Inc: Evolved,,,,,,,,,,,,,,,-1,,
Plague Inc: Evolved,,,,,1,,,,,,,,,,,,
Plague Inc: Evolved,,,,,1,,,,,,,,,,,,
Plague Inc: Evolved,,,,,1,,,,,,,,,,,,
Plague Inc: Evolved,,,,,,,,,,,,,,,,,
Plague Inc: Evolved,,,,,1,-1,,,,,,,,,,,
Plague Inc: Evolved,,,,1,1,,,,,,,,,,,,
Plague Inc: Evolved,,,,1,1,,,,1,,,1,,,-1,-1,-1
Plague Inc: Evolved,,,,,1,,,,,,,,,,,,
Plague Inc: Evolved,,,,,,,,,,,,,,,-1,,
Plague Inc: Evolved,,,,,1,,,,,,,,,,,,
Plague Inc: Evolved,,,,,1,-1,,,,,,,,-1,,,
Plague Inc: Evolved,,,,,,,,,,,,,,,,,
Plague Inc: Evolved,,,,,1,,,,,,,,,,,,
Plague Inc: Evolved,,,,,,,,,,,,,,,,,
Plague Inc: Evolved,,,,,1,-1,,,,,,,,,-1,,-1
Plague Inc: Evolved,,,,,,,,,,,,,,,,,
Plague Inc: Evolved,,,,1,1,,1,1,,,,,,,-1,-1,-1
Plague Inc: Evolved,,,,,1,,1,,,,,,,,,,
Plague Inc: Evolved,,,,,,,,,,,,,,,0,-1,
Plague Inc: Evolved,,,,,1,-1,,,,,,,,-1,,,
Plague Inc: Evolved,,,,,,,,,,,,,,,,,
Plague Inc: Evolved,,,,,,,,,,,,,,-1,,,
Plague Inc: Evolved,,,,,0,,,,,,,,,,,,
Plague Inc: Evolved,,,,,1,,,,,,,,,,,,
Plague Inc: Evolved,,,,,1,,,-1,,,,,,,,,-1
Plague Inc: Evolved,,,,-1,,-1,,,,,,,,-1,-1,-1,-1
Plague Inc: Evolved,,,-1,,,,,,,,,,-1,-1,,,
7 Days to Die,,,-1,,,-1,,,,,,,,-1,,,
7 Days to Die,,,,-1,1,,,,,,,,,,,,
7 Days to Die,,,,,,,,,,,,,,,,,
7 Days to Die,-1,,,,1,,,,,,,,,,,,
7 Days to Die,,,,,1,,1,1,,,,,,,,,
7 Days to Die,,,,1,1,,1,1,,,,1,,1,,,
7 Days to Die,,,,,1,-1,1,1,,,,-1,,-1,,,
7 Days to Die,,,-1,,1,1,,1,,,,,,1,,,
7 Days to Die,,,,,1,,,,,,,,,,,,
7 Days to Die,,,,,1,,,,,-1,,,,1,,,
7 Days to Die,,,,,1,,1,1,,,,,,,,,
7 Days to Die,,,,,,,,,,,,,,,,,
7 Days to Die,,,,,,,,,,,,,,,,,
7 Days to Die,,,,,1,,,,,,,,,,,,
7 Days to Die,,,-1,1,0,-1,,1,,,,-1,,,-1,-1,-1
7 Days to Die,,,,,1,,,,,,,,,,0,-1,-1
7 Days to Die,-1,-1,,,,,,,,,,,,,,,
7 Days to Die,-1,0,,,1,-1,1,,0,,0,,,0,,,
7 Days to Die,,,,,,-1,,,,,,,,-1,,,
7 Days to Die,-1,-1,,,1,,,,0,,,,,,,,
7 Days to Die,,,,,,,0,,,,,,,,,,
7 Days to Die,-1,,-1,1,0,,-1,-1,,,,,,-1,,-1,
7 Days to Die,,,,1,1,-1,1,1,,,,1,,-1,,-1,-1
7 Days to Die,,,,1,1,,,1,,,,,,,,,
7 Days to Die,-1,,-1,1,1,,1,1,,,,,,-1,,-1,
7 Days to Die,,,-1,,,,,,,,,,-1,-1,,,
7 Days to Die,,,,,,,,,,,,,,-1,,,
7 Days to Die,-1,,-1,,,,,,,,,,,,,,
7 Days to Die,,,,-1,1,-1,-1,-1,,,,,,-1,-1,-1,
7 Days to Die,,,,,1,,,,,,,,,1,,,
7 Days to Die,,,,,0,,,,,,,,,,,,-1
7 Days to Die,,,,,1,,,,,,,,,,,,
7 Days to Die,,,,,,,,,,,,,,,,,
7 Days to Die,,,,1,1,,,1,,,,,,,,,
7 Days to Die,-1,-1,-1,,,-1,,,,,,,-1,-1,-1,-1,-1
7 Days to Die,,,,,1,,,,,,,,,,,,
7 Days to Die,,,,,1,-1,1,-1,1,-1,,,,-1,-1,-1,
7 Days to Die,,,,1,1,-1,,1,,,,0,,,,,-1
7 Days to Die,,,,,,,,,,,,,,,,,
7 Days to Die,-1,,-1,,1,-1,,,,,,,,,-1,-1,-1
7 Days to Die,,,,,1,,,,,,,,,,,,
7 Days to Die,,,,,1,,,,,,,,,,,,
7 Days to Die,,,,,1,,,,,,,,,,1,,
7 Days to Die,,,,-1,1,,,-1,,,,,,-1,,,
7 Days to Die,-1,,-1,,1,-1,,,,,,,,,-1,-1,-1
7 Days to Die,,,,-1,1,,,,,,,,,,,,-1
7 Days to Die,,,,,,,,,,,,,,,,,
7 Days to Die,,,,1,1,,,1,,,,,,,,,
7 Days to Die,,,,,1,,1,,,,,,,-1,,,
7 Days to Die,-1,,,,,,,,,,,,,,,,
7 Days to Die,,,,,0,,,,,,,,,,,,
7 Days to Die,,,,,1,,,,,,,,,,,,
7 Days to Die,-1,,-1,,1,-1,,1,,,,,,,-1,,-1
7 Days to Die,,,,,1,,,,,,,,,1,,,
7 Days to Die,,,,,1,,,,,,,,,,,,
7 Days to Die,,,,,1,,,,,,,,,,,,
7 Days to Die,,,,,1,,,,,,,,,,,,
7 Days to Die,,,,,,,,,,,,,,,,,
7 Days to Die,,,,,1,,,,,,,,,,-1,,-1
7 Days to Die,,,,,,,,,,,,,,,,,
7 Days to Die,,,,,,,,,,,,,,,,,
7 Days to Die,,,,,,,,,,,,,,,,,
7 Days to Die,,,,,1,,0,,,,,,,,,,
7 Days to Die,,,,,1,,,-1,,,,0,,,,,-1
7 Days to Die,,,,,1,,,,,,,,,,,,
7 Days to Die,,,,,1,,,,,,,,,,,,
7 Days to Die,,,,,1,,,,,,,,,,,,-1
7 Days to Die,,,,,1,,,,,,,,,,,,
7 Days to Die,,,,,,,,,,,,,,,,,
7 Days to Die,,,,,1,,,,,,,,,1,,,
7 Days to Die,,,,,,,,,,,,,,,,,
7 Days to Die,,1,,1,1,-1,1,1,1,1,1,1,,,-1,-1,-1
7 Days to Die,,,,,1,,,,,,,,,,,,
7 Days to Die,,,,,1,,,,,,,,,,,,
7 Days to Die,,,,1,1,,,1,,,,,,,,,-1
7 Days to Die,,,,,-1,-1,,,,-1,,,,,,,-1
7 Days to Die,,,,,,,,,,,,,,,,,
7 Days to Die,,,,,1,,,,,,,,,,,,
7 Days to Die,,,,,1,,,,,,,,,,,,
7 Days to Die,,,,,,,,,,,,,,,,,
7 Days to Die,,,,1,1,,,,,,,,,,,1,
7 Days to Die,,,,,,,,,,,,,,,,,
7 Days to Die,,,,,1,,,,,,,,,,,,
7 Days to Die,,,,,1,,,,,,,,,,-1,-1,
7 Days to Die,,,,,,,,,,,,,,,,,
7 Days to Die,,,,,,,,,,,,,,,,,
7 Days to Die,-1,,-1,1,1,,,,,,,,-1,-1,,-1,-1
7 Days to Die,,,,,,-1,,,,,,,,,,,-1
7 Days to Die,,,,,1,,,,,,,,,,,-1,
7 Days to Die,,,,,1,,,,,,,,,,,,
7 Days to Die,-1,,-1,1,1,,1,1,,,,,,,,,
7 Days to Die,,,,,1,,,,,,,,,,,,
7 Days to Die,,,,,1,,,,,,,,,,,,-1
7 Days to Die,,,,,1,,,,,,,,,,,,
7 Days to Die,,,,,0,,,,,,,,,,,,
7 Days to Die,,,,,1,,,,,,,,,,,,-1
7 Days to Die,,,,0,1,,1,0,,,,0,,,,,
7 Days to Die,-1,,-1,,,,,,,,,,,-1,,,
7 Days to Die,,,,,,-1,,,,,,,,-1,,,
7 Days to Die,,-1,,,1,,,,,,,,,,-1,-1,-1
Cities: Skylines,-1,,-1,1,1,,1,1,,,,,,-1,,,
Cities: Skylines,-1,,-1,,,,,,,,,,,-1,,,
Cities: Skylines,,,,,,,,,,,,,,,,,
Cities: Skylines,,,,,-1,-1,,,,,,,-1,-1,,,
Cities: Skylines,,,,0,1,,,1,,,,,,,,,
Cities: Skylines,,,,,1,,1,,1,1,,,,,,,
Cities: Skylines,,,,,1,,,,,,,,,,,,
Cities: Skylines,,,,,,,,,,,,,,,,,
Cities: Skylines,-1,,,,1,,,,,,,,,,-1,-1,-1
Cities: Skylines,,,,1,1,,,,,,,,,,,,
Cities: Skylines,,,,,1,,,,,,,,,,-1,,
Cities: Skylines,,,-1,,1,,1,1,,,,,,,,,
Cities: Skylines,,,,,,,,,,,,,,,,,
Cities: Skylines,,,,,1,,,,,,,,,,,,
Cities: Skylines,,,,,,,,,,,,,,,,,
Cities: Skylines,,,,,,,,,,,,,,,,,
Cities: Skylines,,,,,1,,,,,,,,,,-1,-1,
Cities: Skylines,,,,1,1,,,1,,,,,,,,-1,
Cities: Skylines,,,,,1,,,,,,,,,,,,-1
Cities: Skylines,,,,,1,,1,,,,,,,,,,
Cities: Skylines,,,,,1,,,,,,,,,,,,
Cities: Skylines,,1,,,,-1,-1,,1,1,1,,,1,,,
Cities: Skylines,,,,,1,,,,,,,,,,,,
Cities: Skylines,,,,,1,,,,,,,,,,,,
Cities: Skylines,,,,,,,,,,,,,,,,,
Cities: Skylines,,,,,,,,,,,,,,,,,
Cities: Skylines,,,,,1,,,,,,,,,,,,-1
Cities: Skylines,,,,,1,,,,,,,,,,,,-1
Cities: Skylines,-1,,-1,,,,,,,,,,,-1,,,
Cities: Skylines,,,,,1,-1,,,,,,,,,,-1,
Cities: Skylines,,,,,1,,,,,,,,,,,,
Cities: Skylines,-1,,-1,,1,,,,,,,,,,,,
Cities: Skylines,,,,,,,,,,,,,,,,,
Cities: Skylines,,,,,1,,1,,,,,,,,,,
Cities: Skylines,-1,-1,-1,,,,,,,,,,,,,,
Cities: Skylines,,,,,1,,,,,,,,,,,,
Cities: Skylines,,,,,,,,,,,,,,,,,
Cities: Skylines,,,,,,,,,,,,,,,,,
Cities: Skylines,,,,,1,,,,,,,,,,,,
Cities: Skylines,,,,,,,,,,,,,,,,,
Cities: Skylines,,,,,1,,,,,,,,,,,,
Cities: Skylines,,,,,-1,,,,,,,,,,,,
Cities: Skylines,,,,,,,,,,,,,,,,,
Cities: Skylines,,,,,1,,,,,,,,,,,,
Cities: Skylines,,,,1,1,,1,1,,,,,,1,,,
Cities: Skylines,,,,-1,,,,,,,,,,-1,,,
Cities: Skylines,,,,,,,,,,,,,,,,,
Cities: Skylines,1,,1,,1,,,,,,,,,,,,
Cities: Skylines,,,,,1,,,,,,,,,,,,
Cities: Skylines,,,,,,,,,,,,,,,,,
Cities: Skylines,,,,,,,,,,,,,,,,,
Cities: Skylines,,,,,1,,,,,,,,,,,,
Cities: Skylines,,,,1,1,,,,,,,,,,-1,-1,-1
Cities: Skylines,,,,,,,,,,,,,,,,,
Cities: Skylines,,,,,1,,,1,,,,,,,,,
Cities: Skylines,,,,1,1,,,,,,,,,,,,
Cities: Skylines,,,,,,,,,-1,-1,,,,,,,
Cities: Skylines,,,,,1,,,,,,,,,,,,
Cities: Skylines,,,,,,,,,,,,,,,,,
Cities: Skylines,,,,,1,,,,,,,,,,,,
Cities: Skylines,,,,,1,,,,,,,,,,,,
Cities: Skylines,,,,,1,,,,,,,,,,,,
Cities: Skylines,-1,-1,-1,1,1,,,1,0,-1,1,-1,,-1,,,
Cities: Skylines,,,,,1,,,,,,,,,,,,
Cities: Skylines,-1,,-1,,,,,,,,,,,-1,,,
Cities: Skylines,,,,,1,,,,,,,,,,,,
Cities: Skylines,,,,,,,,,,,,,,,,,
Cities: Skylines,,,,,1,,1,,0,-1,,,,,,-1,
Cities: Skylines,,,,,1,,1,,,,,,-1,-1,,,
Cities: Skylines,,,,,1,,1,1,,,,,,,,,
Cities: Skylines,,,,,,,,,,,,,,,,,
Cities: Skylines,,,,,1,,,,,,,,,,,,
Cities: Skylines,-1,,-1,1,1,-1,0,0,,0,,0,-1,-1,-1,-1,-1
Cities: Skylines,,,,,,,,,,,,,,,,,
Cities: Skylines,,,,,1,,,,,,,,,,,,
Cities: Skylines,,,,,1,,,,,,,,,,,,
Cities: Skylines,,,,,,,,,,,,,,,,,
Cities: Skylines,,,,,,,,,,,,,,,,,
Cities: Skylines,,,,,,,,,,,,,,,,,
Cities: Skylines,,,,,1,,,,,,,,,,,,
Cities: Skylines,,,,,,,,,,,,,,,,,
Cities: Skylines,,,,,1,,,,,,,,,,,1,
Cities: Skylines,,,,,,,,,,,,,,,,,
Cities: Skylines,,,,,1,,,,,,,,,,,,
Cities: Skylines,,,,,,,,,,,,,,,,,-1
Cities: Skylines,,,,,1,,,,,,,,,,,,
Cities: Skylines,,,,,1,,,,,,,,,,,,
Cities: Skylines,,,,1,1,,,,,,,,,,,,
Cities: Skylines,,,,,,,,,,,,,,,,,
Cities: Skylines,,,,,,,,,,,,,,,,,
Cities: Skylines,,,,,1,,,,1,1,,,,,,,
Cities: Skylines,,,,-1,-1,,,,,,,,,,,,-1
Cities: Skylines,,,,,1,,,,,,,,,,,,
Cities: Skylines,-1,,-1,,,,,,,,,,,-1,,,
Cities: Skylines,-1,,-1,-1,-1,-1,-1,-1,,,,,,-1,-1,-1,-1
Cities: Skylines,,,,1,0,-1,1,-1,,,,-1,,-1,-1,-1,-1
Cities: Skylines,,,-1,1,1,-1,1,1,,,,1,-1,-1,-1,-1,-1
Cities: Skylines,,,-1,-1,1,-1,,,,,,,,-1,,,-1
Cities: Skylines,,,,-1,,,,-1,,,,,,-1,,,
Cities: Skylines,,,,,1,-1,1,1,,,,,,-1,,-1,
Mount & Blade II: Bannerlord,,,,,1,,,,,,,,,,,,
Mount & Blade II: Bannerlord,,,,-1,,,,0,,,,,,,,,
Mount & Blade II: Bannerlord,-1,,-1,1,-1,-1,-1,-1,,,,-1,-1,-1,-1,-1,-1
Mount & Blade II: Bannerlord,-1,,-1,,-1,,,,,,,,,-1,,,
Mount & Blade II: Bannerlord,,,,,1,,,,,,,,,,-1,-1,
Mount & Blade II: Bannerlord,,,,,,,,,,,,,,,,,
Mount & Blade II: Bannerlord,,,,1,1,,1,,,,,,,,,1,-1
Mount & Blade II: Bannerlord,,,,,1,,1,,,,,,,,,,
Mount & Blade II: Bannerlord,,,,,-1,,,,,,,,,,,,
Mount & Blade II: Bannerlord,,,,,,,,,,,,,,,,,
Mount & Blade II: Bannerlord,,,,,,,,,,,,,,,,,
Mount & Blade II: Bannerlord,,,,,1,-1,,,,,,,-1,,-1,-1,-1
Mount & Blade II: Bannerlord,,,,,1,-1,-1,-1,,,,,,,,,
Mount & Blade II: Bannerlord,,,,,1,,,,,,,,,,,,
Mount & Blade II: Bannerlord,,,,,,,,,,,,,,,-1,,-1
Mount & Blade II: Bannerlord,,,-1,,,-1,,,,,,,-1,-1,,,
Mount & Blade II: Bannerlord,-1,-1,,,1,,,,-1,,,,,,,,
Mount & Blade II: Bannerlord,,,,,,,,,,,,,,,,,
Mount & Blade II: Bannerlord,,,-1,,,,,,,,,,,-1,,,-1
Mount & Blade II: Bannerlord,,,,,,,,,,,,,,,,,
Mount & Blade II: Bannerlord,,,,,,,,,,,,,,,,,
Mount & Blade II: Bannerlord,,,,,,,,,,,,,,,,,
Mount & Blade II: Bannerlord,,,,,1,,,,,,,,,,,,
Mount & Blade II: Bannerlord,,,,,1,,,,,,,,,,,,
Mount & Blade II: Bannerlord,,,,,,,,,,1,,,,,,,
Mount & Blade II: Bannerlord,,,,,1,,1,1,,,,,,,,,
Mount & Blade II: Bannerlord,,,,,1,,,,,,,,,,,,
Mount & Blade II: Bannerlord,,,,1,1,,,,,,,,,,,,
Mount & Blade II: Bannerlord,,,,,1,,-1,,,,,,,,,,
Mount & Blade II: Bannerlord,-1,,-1,,1,,,,,,,,,-1,,,
Mount & Blade II: Bannerlord,,,,,,,1,,,,,,,1,,,
Mount & Blade II: Bannerlord,,,,,1,,,,,,,,,,,,
Mount & Blade II: Bannerlord,,,,,,-1,,,,,,,,,,,
Mount & Blade II: Bannerlord,,,,,1,,,,,,,,,,,,
Mount & Blade II: Bannerlord,,,,1,1,,,1,,,,,,,,,
Mount & Blade II: Bannerlord,,,,,1,,1,,,,,0,,,,,
Mount & Blade II: Bannerlord,,,,,,,,,,,,,,,,,
Mount & Blade II: Bannerlord,,,,,1,,,,,,,,,,-1,,
Mount & Blade II: Bannerlord,,,,,1,,,,,,,,,,,,
Mount & Blade II: Bannerlord,,,,,,-1,,,,,,,,-1,,,
Mount & Blade II: Bannerlord,,,,,,,,,,,,,,,,,
Mount & Blade II: Bannerlord,,,,,,,,,,,,,,,,,
Mount & Blade II: Bannerlord,,,,,,,,,,,,,,,,,
Mount & Blade II: Bannerlord,,,,,1,,,,,,,,,,,,
Mount & Blade II: Bannerlord,-1,-1,,,1,,,,,,,,,,,,
Mount & Blade II: Bannerlord,,,,,1,,,,,,,,,,,,
Mount & Blade II: Bannerlord,,,,,1,,,,,,,,,,,,
Mount & Blade II: Bannerlord,,,,,1,,,,,,,,,,,,
Mount & Blade II: Bannerlord,,,,,,,,,,,,,,,,,
Mount & Blade II: Bannerlord,-1,,-1,,1,,,,,,,,,,,,
Mount & Blade II: Bannerlord,,,,,1,,,,,,,,,,,,
Mount & Blade II: Bannerlord,,,,,,,,,,,,,,,,,
Mount & Blade II: Bannerlord,,,,,-1,,,,,,,,,,,,-1
Mount & Blade II: Bannerlord,,,,1,1,,,,,,,,,,,,1
Mount & Blade II: Bannerlord,,,,,1,,1,,,,,,,,,,
Mount & Blade II: Bannerlord,,,,,,,,,,,,,,,,,
Mount & Blade II: Bannerlord,,,,,,,,,,,,,-1,,,,
Mount & Blade II: Bannerlord,,,,,,,,,,,,,,,,,
Mount & Blade II: Bannerlord,,,,,,-1,,,,,,,,,,,
Mount & Blade II: Bannerlord,,-1,,-1,,,,,-1,,-1,,,,,,
Mount & Blade II: Bannerlord,,,,,,,,,,,,,,,,,
Mount & Blade II: Bannerlord,,,,,1,,,,,,,,,,1,-1,
Mount & Blade II: Bannerlord,,,,,1,,,,,,,,,,,,
Mount & Blade II: Bannerlord,,,,1,1,,,,,,,,,,,-1,-1
Mount & Blade II: Bannerlord,,,,,1,1,,,,,,,,,,,
Mount & Blade II: Bannerlord,,,,1,1,,,,,,,,,,,,
Mount & Blade II: Bannerlord,,,,,1,,,,,,,,,,,,
Mount & Blade II: Bannerlord,,,,,,,,,,,,,,,,,
Mount & Blade II: Bannerlord,,,,,,,,,,,,,,,,,
Mount & Blade II: Bannerlord,,,,,1,,,,,,,,,,,,
Mount & Blade II: Bannerlord,,,,,,,,,,,,,,,,,
Mount & Blade II: Bannerlord,,,,1,1,-1,1,1,,,,,,1,,-1,
Mount & Blade II: Bannerlord,,,,,,,,,,,,,,,,,
Mount & Blade II: Bannerlord,,,,,1,,,,,,,,,,-1,,-1
Mount & Blade II: Bannerlord,,,,,1,,,,,,,,,,,,
Mount & Blade II: Bannerlord,,,,-1,0,,,,,,,,,,,,
Mount & Blade II: Bannerlord,,,,,,,,,,,,,,,,,
Mount & Blade II: Bannerlord,,,,,1,,,,,,,,,,,,
Mount & Blade II: Bannerlord,,,,,,,,,,,,,,,,,
Mount & Blade II: Bannerlord,,,,,1,,,,,,,,,,,,
Mount & Blade II: Bannerlord,,,,,,,,,,,,,,,,,
Mount & Blade II: Bannerlord,,,,,1,,,,,,,,,,,,
Mount & Blade II: Bannerlord,,,,,1,-1,,,,,,,,-1,,,
Mount & Blade II: Bannerlord,,,,0,1,-1,,-1,,,,-1,,,-1,-1,-1
Mount & Blade II: Bannerlord,,,,1,1,,1,1,1,1,,,,1,,,
Mount & Blade II: Bannerlord,,,,,,,,,,,,,,,,,
Mount & Blade II: Bannerlord,,,,,,,,,,,,,,,,,
Mount & Blade II: Bannerlord,,,,,1,,,,,,,,,,,,
Mount & Blade II: Bannerlord,,,,,1,-1,,,,,,,,1,,,
Mount & Blade II: Bannerlord,,,,1,1,,1,,,,,,,,,,
Mount & Blade II: Bannerlord,,,,,,,,,,,,,,,,,
Mount & Blade II: Bannerlord,,,,,1,,,,,,,,,,,,
Mount & Blade II: Bannerlord,,,,,-1,,,1,,,,1,,,,,-1
Mount & Blade II: Bannerlord,,,,,1,-1,,-1,1,-1,,1,,,-1,,-1
Mount & Blade II: Bannerlord,,,,,1,,,,,,,,,,0,,
Mount & Blade II: Bannerlord,,,,,1,,-1,,,,,,,,,,
Mount & Blade II: Bannerlord,,,,0,1,,,0,,,,,,,,,
Mount & Blade II: Bannerlord,,,,,-1,,,,,,,,,,-1,,-1
Mount & Blade II: Bannerlord,,,,,0,-1,,,,,,,,0,-1,-1,
Mount & Blade II: Bannerlord,,,,,,-1,,,,,,,,,-1,,
Darkest Dungeon®,,,,,,,,,,,,,,,,,
Darkest Dungeon®,,,,-1,1,,,,,,,,,,,,
Darkest Dungeon®,,,,,1,,,,,,,,,,-1,,-1
Darkest Dungeon®,,,,,1,,,,1,,,1,,,,,
Darkest Dungeon®,,,,,1,,,,,,,,,,-1,,-1
Darkest Dungeon®,,,,,,,,,,,,,,,1,,0
Darkest Dungeon®,,,,,-1,,,,,,,,,,-1,-1,
Darkest Dungeon®,,1,,1,1,,1,1,1,1,1,1,,1,,,
Darkest Dungeon®,,,,,1,-1,,,,,,,,,-1,-1,
Darkest Dungeon®,,,,,1,,,,,,,,,,,,
Darkest Dungeon®,,,,,1,,,,,,,,,,,,
Darkest Dungeon®,,,,,1,,,,,,,,,,,,
Darkest Dungeon®,,,,1,1,-1,1,1,1,1,,1,,1,1,-1,-1
Darkest Dungeon®,,,,,,,1,1,,,,1,,,,,
Darkest Dungeon®,,,,,1,-1,,,,,,,,,-1,-1,-1
Darkest Dungeon®,,,,1,1,,,1,,,,,,,1,,-1
Darkest Dungeon®,,,,,1,-1,,1,,,,,,,-1,-1,-1
Darkest Dungeon®,,,,,,,,,,,,,,,,,
Darkest Dungeon®,,,,,1,,,,,,,,,,-1,,
Darkest Dungeon®,,-1,,,1,-1,,,,,,,,,-1,-1,-1
Darkest Dungeon®,,,,,,,,,,,,,,,,,
Darkest Dungeon®,,,,,,,,,,,,,,,-1,,
Darkest Dungeon®,,,,,,-1,,,,,,,,,,,
Darkest Dungeon®,,,,,1,,,,,,,,,,,,
Darkest Dungeon®,,,,,1,,,,,,,,,,,,
Darkest Dungeon®,,,,1,1,,,,,,,,,,,,
Darkest Dungeon®,,,,,1,,,,,,,,,,,,
Darkest Dungeon®,,,,,1,,-1,,-1,,,-1,,,,,
Darkest Dungeon®,,,,1,1,,,,,,,,,,,,
Darkest Dungeon®,,,,,,,,,,,,,,,,,-1
Darkest Dungeon®,,,,,1,,,,,,,,,,,,
Darkest Dungeon®,1,1,,,,,,1,1,,,,,,1,,
Darkest Dungeon®,,,,,,,,,,,,,,,,,
Darkest Dungeon®,,,,,1,,,,,,,,,,,,
Darkest Dungeon®,,,,,1,,,,,,,,,,,,
Darkest Dungeon®,,,,,,,,,,,,,,,,,
Darkest Dungeon®,,,,,1,,,,,,,,,,,,
Darkest Dungeon®,,,,,,,,,,,,,,,,,
Darkest Dungeon®,,,,,1,,,,,,,,,,,,
Darkest Dungeon®,,,,,1,,,,,,,,,,-1,,-1
Darkest Dungeon®,,,,,,,,,,,,,,,,,
Darkest Dungeon®,,,,,,,,,,,,,,,,,
Darkest Dungeon®,,,,,,,,,,,,,,,,,-1
Darkest Dungeon®,,,,,,,,,,,,,,,,,
Darkest Dungeon®,,,,,1,,,,,,,,,,,,
Darkest Dungeon®,,,,,,,,,,,,,,,,,
Darkest Dungeon®,,,,,1,,,,,,,,,,,,
Darkest Dungeon®,,,,,1,,,,,,,,,,,,
Darkest Dungeon®,,,,,1,,,,,,,,,,,,
Darkest Dungeon®,,,,,,,,,,,,,,,,,
Darkest Dungeon®,,,,,-1,,,,,,,,,,,,
Darkest Dungeon®,,,,,1,,,,,,,,,,,,
Darkest Dungeon®,,,,,1,,,,,,,,,,,,
Darkest Dungeon®,,,,,,,,,,,,,,,1,,
Darkest Dungeon®,,,,,1,,,,,,,,,,,,
Darkest Dungeon®,,,,,,,,,,,,,,,,,
Darkest Dungeon®,,,,,1,,,,,,,,,,,,
Darkest Dungeon®,,,,,1,,,,,,,,,,,,
Darkest Dungeon®,,,,,1,,,,,,,,,,,,-1
Darkest Dungeon®,,,,,,,,,,,,,,,,,
Darkest Dungeon®,,,,,,-1,,,,,,,,,,,
Darkest Dungeon®,,,,,1,,,,,,,,,,,,-1
Darkest Dungeon®,,,,,,,,,,,,-1,,,,,
Darkest Dungeon®,,,,,1,,,,,,,,,,,,-1
Darkest Dungeon®,,,,,,,-1,,,,,,,,,,
Darkest Dungeon®,,,,,1,,,,,,,,,,,,
Darkest Dungeon®,,,,,1,,,,-1,-1,,,,,,,
Darkest Dungeon®,,,-1,,1,,,,,,,,,,,,-1
Darkest Dungeon®,,,,,,,,,,,,,,,,,
Darkest Dungeon®,,,,,1,,,,,,,,,,,,
Darkest Dungeon®,,,,,1,,,,,,,,,,,,
Darkest Dungeon®,,,,,,,,,,,,,,,,,
Darkest Dungeon®,,,,,1,,,,,,,,,,-1,-1,
Darkest Dungeon®,,,,,,-1,,-1,,,,,,,-1,-1,-1
Darkest Dungeon®,,,,,1,,,,1,0,,,,,,,
Darkest Dungeon®,,,,,,-1,,,,,,,,,,,-1
Darkest Dungeon®,,,,,,,,,,,,,,,,,
Darkest Dungeon®,,,,,1,,,,,,,,,,,,
Darkest Dungeon®,,,,,,,,,,,,,,,,,
Darkest Dungeon®,,,,,1,,,,,,,,,,,,
Darkest Dungeon®,,,,,1,,,,,,,,,,-1,,
Darkest Dungeon®,,,,,,,,,,,,,,,,,
Darkest Dungeon®,,,,,1,,,,,,,,,,,,-1
Darkest Dungeon®,-1,,-1,-1,-1,-1,,-1,,,,,-1,-1,-1,-1,-1
Darkest Dungeon®,,,,,1,,,,,,,,,,,,
Darkest Dungeon®,,,,,1,,,,,,,,,,-1,-1,-1
Darkest Dungeon®,,,,,,,,,,,,,,,,,
Darkest Dungeon®,,,,,1,,,,,,,,,,,,
Darkest Dungeon®,,,,,,,,,,,,,,,,,
Darkest Dungeon®,-1,-1,,,,,,1,,,,,,,,,
Darkest Dungeon®,,,,,,,,,,,,,,,,,
Darkest Dungeon®,,,,,1,,,,,,,,,,-1,,
Darkest Dungeon®,,,,,1,,,,,,,,,,,,
Darkest Dungeon®,,,,,,,,,,,,,,,,,
Darkest Dungeon®,,,,,,,,,,,,,,,,,
Darkest Dungeon®,,,,1,1,,,1,,,,,,,-1,-1,-1
Darkest Dungeon®,,,,,1,-1,1,1,,,,,,,-1,-1,-1
Darkest Dungeon®,,,,,1,,1,1,,,,1,,,,,
Darkest Dungeon®,,,,,1,,1,,,,,,,1,,,
Darkest Dungeon®,,,,1,1,-1,1,1,,,,1,,0,-1,-1,-1
XCOM® 2,,,,,1,,,,,,,,,1,,,
XCOM® 2,,,,,1,-1,1,1,,,,,,,-1,,-1
XCOM® 2,,,,,1,,,,,,,,,,,,
XCOM® 2,,,,,0,-1,-1,0,0,0,,,,1,-1,-1,
XCOM® 2,,,,1,1,,,,,,,,,,,1,-1
XCOM® 2,,,,,1,,,,,,,,,,,,
XCOM® 2,,,,,1,-1,,,,,,,,,,,
XCOM® 2,,,,,,,,,,,,,,,0,,
XCOM® 2,,,,,1,,,,0,0,,,,,,,
XCOM® 2,,,,,1,,,,,,,,,,,,
XCOM® 2,,,,,,,,,,,,,,,,,
XCOM® 2,,,,,,-1,,1,,,,,,,-1,,
XCOM® 2,-1,-1,-1,,1,,,,,,,,,,-1,-1,
XCOM® 2,,,,,1,,,,,,,,,,,,
XCOM® 2,,,,,1,,,,,,,,,,,,
XCOM® 2,,,,,1,,1,,,,,,,,,,
XCOM® 2,,,,-1,0,-1,,-1,,,,-1,,,-1,,-1
XCOM® 2,,,-1,1,1,,1,1,,,,1,,,-1,,-1
XCOM® 2,,,,,1,,,,,,,,,,,,
XCOM® 2,,,,,,,,,,,,,,,,-1,
XCOM® 2,,,,,1,,,,,,,,,,,,
XCOM® 2,,,,,,,,,,,,,,,-1,,
XCOM® 2,,,,,,,,,,,,,,,,,
XCOM® 2,,,,,1,,,,,,,,,,,,
XCOM® 2,,,,,1,-1,1,,,,,,,-1,,,
XCOM® 2,,,,,,0,,,,,,,,,0,,-1
XCOM® 2,,,,,1,-1,,,,,,,,,,-1,
XCOM® 2,,,,,1,,,1,,,,,,,-1,,-1
XCOM® 2,,,,,-1,,,,,,,,,,,,
XCOM® 2,,,-1,,1,-1,,,,,,,,-1,,,
XCOM® 2,,,,,1,,,,,,,,,,,,
XCOM® 2,,,,,,,,,,,,,,,,,
XCOM® 2,,,,-1,1,,-1,,,,,,,-1,,,
XCOM® 2,-1,,-1,,1,,,,,,,,,,-1,,-1
XCOM® 2,,,,,,,,,,,,,,,,,
XCOM® 2,,,,1,1,,,1,,,,,,,,,
XCOM® 2,,,,,,,,,,,,,,,,,
XCOM® 2,,,,,1,,,,,,,,,,,,
XCOM® 2,,,,,1,,,,,,,,,,,,
XCOM® 2,,,,,1,,,,,,,,,,,,
XCOM® 2,,,,,1,,1,1,,,,,,,-1,,
XCOM® 2,,,,,1,,,,,,,,,,,,
XCOM® 2,,,,,,,,,,,,,,,,,
XCOM® 2,,,,,1,,,,,,,,,,,,
XCOM® 2,,,,,,,,,,,,,,,,,
XCOM® 2,,,,,,,,,,,,,,,,,
XCOM® 2,,,,1,1,,,1,,,,,,,-1,-1,-1
XCOM® 2,,,,,1,,,,,,,,,,,,
XCOM® 2,,,,,,,,,,,,,,,,,
XCOM® 2,,,,,,-1,,,,,,,,,0,,
XCOM® 2,,,,1,1,,1,1,,,,1,,,,,
XCOM® 2,,,-1,,,,,,,,,,,0,,,
XCOM® 2,,,,,,,,,,,,,,,,,
XCOM® 2,,,,,1,,,,,,,,,,,,
XCOM® 2,,,,,1,,,,,,,,,,,,
XCOM® 2,,,,,,,,,,,,,,,,,
XCOM® 2,,,,,,,,,,,,,,,,,
XCOM® 2,,,,1,1,-1,0,1,0,-1,,0,,0,0,-1,-1
XCOM® 2,,,,,0,,-1,,,,,,,,,,
XCOM® 2,,,,,1,,,,,,,,,,,,
XCOM® 2,,,,,,,,,,,,,,,-1,,
XCOM® 2,,,-1,,,-1,,,,,,,,,,,
XCOM® 2,,,,,1,,,,,,,,,,-1,-1,
XCOM® 2,,,,,1,,,,,,,,,,,,
XCOM® 2,,,,,1,,,,,,,,,,,,
XCOM® 2,,,,,,,,,,,,,,,,,
XCOM® 2,,,,,1,,,,,,,,,,,,
XCOM® 2,,,,,1,,,,,,,,,,,,
XCOM® 2,,,,0,,,,,,,,,,0,,,
XCOM® 2,,,,,,,,,,,,,,,,,
XCOM® 2,,,,-1,1,,,,,,,,,,,,
XCOM® 2,,,,,,,,,,,,,,,,,
XCOM® 2,,,,,1,,,,,,,,,,-1,,
XCOM® 2,,,,,,,,,,,,,,,,,
XCOM® 2,,,,,1,,,,,,,,,,,,
XCOM® 2,,,,,1,,,,,,,,,,,,
XCOM® 2,,,,,1,,1,,,,,,,,,,
XCOM® 2,,,,,1,,,,,,,,,,,,
XCOM® 2,,,,1,,,,,,,,,,,,,
XCOM® 2,,,,,1,,,,,,,,,,,,
XCOM® 2,,,,,,-1,,,,,,,,,,,
XCOM® 2,,,,,,,,,,,,,,,,,
XCOM® 2,,,,,,,,,,,,,,-1,,,
XCOM® 2,,,,,,,,,,,,,,,,,
XCOM® 2,,,,,1,,,,,,,,,,,,
XCOM® 2,,,,,1,,,,,,,,,,,,
XCOM® 2,,,,,,,,,,,,,,,,,
XCOM® 2,,,,,,,,,,,,,,,,,
XCOM® 2,,,,,,,,,,,,,,,,,
XCOM® 2,,,,,1,,,1,,,,,,,,,
XCOM® 2,,,,1,1,,,1,,,,,,1,,,
XCOM® 2,,,,1,1,,,,,,,,,1,,,
XCOM® 2,,,,,,,,,,,,,,,,,
XCOM® 2,,,,0,1,-1,1,0,,,,0,,,-1,-1,-1
XCOM® 2,,,,,1,,,,,,,,,,,,-1
XCOM® 2,,,,1,0,,,,1,,,,,,,,
XCOM® 2,,,,1,1,,,,,,,,,,,,
XCOM® 2,-1,-1,-1,1,1,-1,,0,,,,,,-1,-1,-1,-1
XCOM® 2,,,,,,,-1,,,,,,,-1,,,
XCOM® 2,,,,,,-1,,-1,,,,,,-1,,-1,
Stellaris,,,,1,1,-1,1,1,,,,,,1,-1,-1,-1
Stellaris,,,,,1,,,,,,,,,,,-1,
Stellaris,,,,1,1,,,,,,,,,,,,
Stellaris,,,,1,1,,1,,,,,,,1,,,
Stellaris,,,,-1,,-1,,-1,,,,,,-1,,,
Stellaris,,,,,1,,,,,,,,,,,,
Stellaris,,,,,,,,,,,,,,,,,
Stellaris,,,,,,,,,,,,,,,-1,,
Stellaris,1,1,,,1,,,1,,,,,,,,,
Stellaris,,,,0,,,,1,,,,,,0,,,
Stellaris,,,,,1,,,,,,,,,,,-1,
Stellaris,,,,,,,,,,,,,,,,,
Stellaris,,,,,1,,,,,,,,,,,,
Stellaris,,,,,,-1,,-1,,,,,,,,,-1
Stellaris,,,,1,1,,,,,,,,,,,1,
Stellaris,-1,-1,,,1,,,,-1,,,,,,,-1,
Stellaris,,,,1,1,,,1,,,,,,,,,
Stellaris,,,,1,1,,1,,,,,1,,,,,
Stellaris,,,,,,,,,,,,,,,,,
Stellaris,,,,,,1,,,,,,,,,,,
Stellaris,,,,,1,,,,,,,,,,,,
Stellaris,,,,,,,,,,,,,,,,,
Stellaris,,,,,,,,,,,,,,,,,
Stellaris,,,,-1,1,,,,,,,,,,,,
Stellaris,,,,,-1,-1,,,,,,,,,-1,-1,-1
Stellaris,,,,-1,1,-1,,,,,,,,-1,,,
Stellaris,-1,,,,1,,,,,,,,,,,,
Stellaris,,,,,,,1,,,,,1,,,,,
Stellaris,,,,,,,,,,,,,,-1,,,
Stellaris,,,-1,,1,,1,1,,,,,,-1,,,
Stellaris,,,,1,1,-1,,0,,,,-1,,,-1,-1,-1
Stellaris,,,,,,,,,,,,,,,,,
Stellaris,,,,,,-1,,,,,,,,-1,,,
Stellaris,,,,1,1,,,,,,,,,,,-1,
Stellaris,,,,,1,,,,,,,,,,,,
Stellaris,,,,1,1,,1,,,,,,,,0,-1,
Stellaris,,,,,,-1,,,,,,,,,-1,,
Stellaris,,,,,1,,,,,,,,,,,,
Stellaris,,,,,,,,,,,,,,,,,
Stellaris,,,,-1,,-1,,-1,,,,,,-1,-1,-1,-1
Stellaris,,,,1,1,,,,,,,,,1,,,
Stellaris,,,,1,1,,1,1,,,,,,,,,
Stellaris,,,,,,,,,,,,,,,,,
Stellaris,,,,,,-1,,,,,,,,,-1,,
Stellaris,,,,0,0,,,,,,,,,,-1,-1,
Stellaris,,,,,1,,,1,,,,1,,,,,
Stellaris,,,,0,1,,,,,,,,,,,,
Stellaris,,,,,,,,,,,,,,,,,
Stellaris,,,,,,,,,,,,,,,-1,-1,
Stellaris,,,,-1,,,-1,1,,,,,,-1,,,
Stellaris,,,,,1,,,,,,,,,,,,
Stellaris,,,,,1,,,,,,,,,,,,
Stellaris,,,,,1,,,,,,,,,,,,
Stellaris,,,,,1,,1,1,,,,1,,,,,
Stellaris,,,,,,,,,,,,,,,,,
Stellaris,,,,,1,-1,,,,,,,,0,,,
Stellaris,,,,-1,1,,,,,,,,,-1,,,
Stellaris,,,,,1,-1,,,,,,,,,-1,,-1
Stellaris,,,,,1,,,,,,,,,,,,
Stellaris,,,,,,,,,,,,,,,,,
Stellaris,,,,,,,,,,,,,,,,,
Stellaris,,,,-1,,,,,,,,,,,,,
Stellaris,,,,,,,,,,,,,,,,,
Stellaris,,,,,1,,,,,,,,,,,,
Stellaris,,,,,,,,,,,,,,,,,
Stellaris,,,,,1,,,,,,,,,,,,
Stellaris,,,,,,,,,,,,,,,,,
Stellaris,,,,,1,,,,,,,,,,-1,,
Stellaris,,,,,,,,,,,,,,,,,
Stellaris,,,,,1,,,1,,,,,,,,,
Stellaris,,,,,,,,,,,,,,,,,
Stellaris,,,,,,,,,,,,,,,,,
Stellaris,,,,,1,,1,,,,,,,,,,
Stellaris,-1,-1,-1,,,,,,,,,,,,,,
Stellaris,,,,,1,,,,1,,,,,,,,
Stellaris,,,,,,,,,,,,,,,,,
Stellaris,,,,,1,,,,,,,,,,,,
Stellaris,,,,,1,,,,,,,,,,,,
Stellaris,,,,,,,,,,,,,,,,,
Stellaris,,,,,,,,,,,,,,,,,
Stellaris,,,,,,,,,,,,,,,,,
Stellaris,,,-1,,1,,-1,,,,,,-1,-1,,,
Stellaris,,,,,1,,0,,,,,,,,,,
Stellaris,,,,,1,,,,,,,,,,,,
Stellaris,,,,,1,,,,,,,,,,0,,
Stellaris,,,,0,0,,,,,,,,,,,,
Stellaris,,,,,,,,,,,,,,,,,
Stellaris,,,,,,,,,,,,,,,,,
Stellaris,,,,,1,,,,,,,,,,,,
Stellaris,,,,,,-1,,,,,,,,-1,,,
Stellaris,,,-1,,,,,,,,,,,,,,
Stellaris,,,,,1,,1,,,,,0,,,,,
Stellaris,,,,1,1,,1,1,,,,0,,,-1,-1,-1
Stellaris,,,,,1,,,,,,,,,,,,
Stellaris,,,,,1,-1,1,1,,,,1,,,-1,-1,-1
Stellaris,,,,,,,0,,,,,,,,,,
Stellaris,,,,,1,,1,,,,,,,,,,
Stellaris,,,,,1,,,1,1,,,1,,,-1,-1,-1
Stellaris,,,,,-1,,1,-1,,,,,,,-1,,
Stellaris,,,,,0,-1,,,,,,,,,-1,-1,-1
This War of Mine,,,,,,,,,,,,,,,,,
This War of Mine,,,-1,,1,-1,-1,,,-1,,,-1,-1,,,
This War of Mine,-1,-1,,,,-1,,,,,,,,,-1,,
This War of Mine,,,,,,,,,,,,,,,0,,
This War of Mine,,,,1,1,,1,1,,,,0,,,-1,-1,
This War of Mine,,,,,1,,,,,,,,,,,,
This War of Mine,,,,,-1,,,,,,,,,,,,
This War of Mine,,,,1,1,-1,1,1,,,,1,,,-1,-1,-1
This War of Mine,,,,,,-1,,,,,,,,,-1,-1,
This War of Mine,,,,,1,,,,,,,,,,,,
This War of Mine,,,,,,,,,,,,,,,,,
This War of Mine,,,,,1,,,,,,,,,,,,
This War of Mine,,,,,1,,,,,,,,,,,,
This War of Mine,,,,,1,,,,,,,,,,,,
This War of Mine,,,,0,1,,,,,,,,,,,,
This War of Mine,-1,,-1,,,,,,,,,,,-1,,,
This War of Mine,,,,,1,-1,1,1,,,,,,,-1,-1,
This War of Mine,,,-1,,1,,,,,,,,,,,,
This War of Mine,,,,,1,,,,,,,,,,,,
This War of Mine,,,,,1,,,,,,,,,,,,
This War of Mine,,,,,1,,,,,,,,,,,,
This War of Mine,,,,,1,,,,,,,1,,,,,
This War of Mine,,,,,1,-1,,,,,,,,,,,
This War of Mine,,,,,,,1,,,,,,,-1,,,
This War of Mine,,,,,1,,,,,,,,,,,,
This War of Mine,,,,,1,,,,,,,,,,,,
This War of Mine,,,,,1,,,,,,,,,,,,
This War of Mine,,,,,1,,,,,,,,,,,,
This War of Mine,,,,,,,,,,,,,,,,,
This War of Mine,,,,,,,,,,,,,,,,,
This War of Mine,,,,,0,,,0,,,,0,,,,,
This War of Mine,,,,,1,,,,,,,,,,,,
This War of Mine,,,,,,,,,,,,,,,,,
This War of Mine,,,,,,,,,,,,,,,,,
This War of Mine,,,,,,,,,,,,,,,,,
This War of Mine,,,,,1,,,,,,,,,,,,
This War of Mine,,,,,,,,,,,,,,,,,
This War of Mine,,,,,1,,,,,,,,,,,1,
This War of Mine,,,,,1,,,,,,,,,,,,
This War of Mine,,,,,1,,,,,,,,,,,,
This War of Mine,0,1,0,1,1,-1,1,1,0,0,1,1,,1,0,-1,-1
This War of Mine,,,,,1,,,,,,,,,,,,
This War of Mine,,,,,1,,,,,,,,,,,,
This War of Mine,,,,,0,,,,,,,1,,,,,
This War of Mine,,,,1,1,,1,1,,,,,,,,,
This War of Mine,,,,,1,,1,,,,,,,,,,
This War of Mine,,,,,1,,,1,,,,1,,,1,-1,
This War of Mine,,,,,1,-1,,,,,,,,,,,
This War of Mine,-1,,-1,,1,,,-1,,,,1,,,,,
This War of Mine,,,,,,,,,,,,,,,,,
This War of Mine,,,,1,1,,,,,,,,,,,1,
This War of Mine,-1,-1,,,,,,,-1,,-1,,,,,,
This War of Mine,,,,1,1,,1,1,,,,,,,,,
This War of Mine,,,,,1,,1,,,,,,,,,,
This War of Mine,,,,,,,1,,,,,1,,,,,
This War of Mine,,,,,,,,,,,,,,,,,
This War of Mine,1,1,-1,1,1,,1,1,1,,1,1,,,,,
This War of Mine,,,,,,,0,0,,,,,,,,,
This War of Mine,,,,,,,,,,,,,,,,,
This War of Mine,,,,,1,,1,,,,,,,,,,
This War of Mine,,,,,,,,,,,,,,,,,
This War of Mine,,,,,,,,,,,,,,,,,
This War of Mine,,,,,,,,,,,,,,,,,
This War of Mine,,,,,1,,1,,,,,,,,,-1,
This War of Mine,,,,,,,,,,,,,,,,,
This War of Mine,,,,,,,,,,,,,,,,,
This War of Mine,,,,,,,,,,,,,,,,,
This War of Mine,,,,,,,,,,,,,,,,,
This War of Mine,,,,,1,,,,,,,,,,,,
This War of Mine,,,,,,,,-1,,,,,,,,,
This War of Mine,,,,,,,,,,,,,,,,,
This War of Mine,,,,,1,,,,,,,,,,,,
This War of Mine,,,,,1,,,,,,,,,,,,
This War of Mine,,,,,1,,,,,,,,,,,,
This War of Mine,,,,,1,,,,,,,,,,,,
This War of Mine,,,,-1,0,,,,,,,,,,-1,-1,
This War of Mine,,,,,,,,,,,,,,,,,
This War of Mine,,,,,1,,,,,,,,,,-1,,
This War of Mine,,,,,1,,,,,,,,,,,,
This War of Mine,,,,,,,,,,,,,,,,,
This War of Mine,,,,,,-1,,-1,,,,,,,-1,,-1
This War of Mine,,,,,,,,,,,,,,,,,
This War of Mine,,,,,,,,,,,,,,,-1,,
This War of Mine,,,,,1,,,,,,,,,,1,,
This War of Mine,,,,,,,,,,,,,,,,1,
This War of Mine,,,,,1,,,,,,,,,,,,
This War of Mine,,,,,,,,,,,,,,,,,
This War of Mine,-1,-1,,,1,,,,1,,1,,,,,,
This War of Mine,,,,,,,,,,,,,,,,,
This War of Mine,,,,,,,,,,,,,,,,,
This War of Mine,,,,,1,,-1,,-1,,,,,,,,
This War of Mine,,,-1,,,-1,,,,,,,,-1,,,
This War of Mine,,,,,1,,,,1,-1,,,,,,,
This War of Mine,-1,-1,-1,1,1,,1,1,1,1,1,0,,-1,-1,-1,-1
This War of Mine,,,,,-1,,,,,,,,,,,,
This War of Mine,,,,,1,,,,,,,,,,,,
This War of Mine,,,,,-1,,,,,,,,,,,,
This War of Mine,,,,,-1,,,,,,,,,,,,
This War of Mine,,,-1,0,0,-1,-1,0,,-1,,0,-1,-1,-1,-1,-1
This War of Mine,,,,,,,,,,,,,,,,,
"Warhammer 40,000: Dawn of War III",-1,,-1,-1,-1,,,,,,,,,-1,,,
"Warhammer 40,000: Dawn of War III",,,,,,,,,,,,,,-1,,,
"Warhammer 40,000: Dawn of War III",-1,,-1,,1,,,,,,,,,0,,,
"Warhammer 40,000: Dawn of War III",-1,,-1,,1,,0,-1,,,,0,-1,-1,,,
"Warhammer 40,000: Dawn of War III",,,,,1,,,,,,,,,,,,
"Warhammer 40,000: Dawn of War III",,,,,1,,,,,,,,,,,,
"Warhammer 40,000: Dawn of War III",,,,,,,,,,,,,,,,,
"Warhammer 40,000: Dawn of War III",,,,,,,,,,,,,,,,,
"Warhammer 40,000: Dawn of War III",,,,-1,1,-1,1,1,,,,0,,0,,-1,-1
"Warhammer 40,000: Dawn of War III",-1,,-1,,1,,,,,,,,,-1,,-1,
"Warhammer 40,000: Dawn of War III",,,,,-1,,-1,,,,,-1,,,,,
"Warhammer 40,000: Dawn of War III",,,,,,-1,,,,,,,,-1,,,
"Warhammer 40,000: Dawn of War III",,,,,1,,,,,,,,,,,,
"Warhammer 40,000: Dawn of War III",,,,1,1,,,1,,,,,,1,,,
"Warhammer 40,000: Dawn of War III",,,,,,,,,,,,,,,,,
"Warhammer 40,000: Dawn of War III",,,,,1,-1,,,,,,,-1,1,-1,-1,-1
"Warhammer 40,000: Dawn of War III",,,,,0,,-1,,,,,,,-1,,,
"Warhammer 40,000: Dawn of War III",,,,,1,,1,,,,,,,,,,
"Warhammer 40,000: Dawn of War III",,,,,-1,-1,,,,,,,,-1,-1,-1,
"Warhammer 40,000: Dawn of War III",,,,1,1,,-1,,,,,,,-1,,-1,
"Warhammer 40,000: Dawn of War III",,,,-1,,,-1,,,,,,,-1,,,
"Warhammer 40,000: Dawn of War III",,,,,,,,,,,,,,,,,
"Warhammer 40,000: Dawn of War III",,,,,0,,,,,,,,,,,,
"Warhammer 40,000: Dawn of War III",,,,,1,,,,,,,,,,,,
"Warhammer 40,000: Dawn of War III",,,,,,,,,,,,,,,,,
"Warhammer 40,000: Dawn of War III",,,,,,-1,,,,,,,,,,,
"Warhammer 40,000: Dawn of War III",,,,,1,-1,,,,,,,,-1,,-1,
"Warhammer 40,000: Dawn of War III",,,,,,,,,,,,,,,,,
"Warhammer 40,000: Dawn of War III",,,,,-1,-1,,,,,,,,-1,-1,-1,
"Warhammer 40,000: Dawn of War III",,,,,0,,,,,,,,,,,,
"Warhammer 40,000: Dawn of War III",,,,,,,,,,,,,,1,,,
"Warhammer 40,000: Dawn of War III",,,,0,1,-1,1,0,,-1,,0,,-1,-1,-1,-1
"Warhammer 40,000: Dawn of War III",,,,,-1,,,,,,,,,,,,
"Warhammer 40,000: Dawn of War III",,,,,1,-1,,1,,,,,,,-1,,-1
"Warhammer 40,000: Dawn of War III",-1,-1,,,-1,,-1,,-1,-1,-1,,,,,,
"Warhammer 40,000: Dawn of War III",,,,,,,,,1,1,,,,,,,
"Warhammer 40,000: Dawn of War III",,,,1,0,-1,-1,-1,,,,-1,-1,-1,-1,-1,-1
"Warhammer 40,000: Dawn of War III",,,,,1,,1,,1,,,,,,,,
"Warhammer 40,000: Dawn of War III",,,,-1,1,,-1,0,,,,-1,,,,,
"Warhammer 40,000: Dawn of War III",,,,,1,,,,,,,,,,,,
"Warhammer 40,000: Dawn of War III",-1,,-1,,,,,,,,,,,-1,,,
"Warhammer 40,000: Dawn of War III",,,,,,,,,,,,,,,,,
"Warhammer 40,000: Dawn of War III",,,,,,,,,,,,,,,,,
"Warhammer 40,000: Dawn of War III",,,,-1,1,,,,,,,,,,,,
"Warhammer 40,000: Dawn of War III",,,,,-1,-1,,-1,,,,,,,-1,-1,-1
"Warhammer 40,000: Dawn of War III",,,,1,0,-1,-1,-1,,-1,,-1,-1,-1,,,
"Warhammer 40,000: Dawn of War III",,,,,,,,,,,,,,,,,
"Warhammer 40,000: Dawn of War III",-1,,-1,,1,,,,,,,,,,,,
"Warhammer 40,000: Dawn of War III",,,,-1,1,,,,,,,,,,,,
"Warhammer 40,000: Dawn of War III",,,,,1,,,,,,,,,,,,
"Warhammer 40,000: Dawn of War III",,,,-1,0,,-1,-1,,,,,,,-1,,-1
"Warhammer 40,000: Dawn of War III",-1,,-1,-1,0,-1,-1,-1,,,,-1,-1,-1,-1,,-1
"Warhammer 40,000: Dawn of War III",,,-1,,,-1,,,,,,,,,,,
"Warhammer 40,000: Dawn of War III",-1,,-1,,,,,,,,,,,,,,
"Warhammer 40,000: Dawn of War III",,,,,,,,,,,,,,,,,
"Warhammer 40,000: Dawn of War III",,,,,-1,,,,,,,,,,,,
"Warhammer 40,000: Dawn of War III",,,,,,,,,,,,,,,,,
"Warhammer 40,000: Dawn of War III",,,,,,,,,,,,,,,,,
"Warhammer 40,000: Dawn of War III",-1,,-1,,1,-1,-1,0,,,,,,-1,-1,,
"Warhammer 40,000: Dawn of War III",,,,,,,,,,,,,,,,,
"Warhammer 40,000: Dawn of War III",,,-1,-1,-1,-1,-1,-1,,,,,,-1,-1,-1,-1
"Warhammer 40,000: Dawn of War III",,,,-1,1,,,,,,,,,,,,-1
"Warhammer 40,000: Dawn of War III",,,,-1,,,,,,,,,,,,,
"Warhammer 40,000: Dawn of War III",,,,,,,,,,,,-1,,,,,
"Warhammer 40,000: Dawn of War III",,,,1,1,,,,,,,,,1,,,
"Warhammer 40,000: Dawn of War III",,,,,1,-1,-1,1,1,-1,,,,,-1,-1,-1
"Warhammer 40,000: Dawn of War III",-1,,,,0,,,,,,,,,,-1,-1,
"Warhammer 40,000: Dawn of War III",,,,,1,,1,,1,1,,,,,,,
"Warhammer 40,000: Dawn of War III",,,,,,,,,,,,,,,,,
"Warhammer 40,000: Dawn of War III",,,,,,,,,,,,,,,,,
"Warhammer 40,000: Dawn of War III",,,,,,,,,,,,,,,,,
"Warhammer 40,000: Dawn of War III",,,,,-1,,,,,,,,,-1,,,
"Warhammer 40,000: Dawn of War III",,,,,,,,,,,,,,,,,
"Warhammer 40,000: Dawn of War III",,,,,,,,,,,,,,-1,,,
"Warhammer 40,000: Dawn of War III",,,,,-1,-1,-1,,-1,,,,,-1,-1,-1,
"Warhammer 40,000: Dawn of War III",,,,1,1,-1,1,1,1,1,,,,-1,-1,-1,-1
"Warhammer 40,000: Dawn of War III",1,1,,1,1,,1,1,1,1,1,1,,1,-1,-1,
"Warhammer 40,000: Dawn of War III",,,,,-1,,,,,,,,,,,,
"Warhammer 40,000: Dawn of War III",,,,,,,,,,,,,,,,,
"Warhammer 40,000: Dawn of War III",,,,,,,,,,,,,,,,,
"Warhammer 40,000: Dawn of War III",,,,,-1,,,,,,,,,,,,
"Warhammer 40,000: Dawn of War III",-1,-1,-1,-1,-1,-1,-1,-1,-1,,-1,-1,,,-1,-1,-1
"Warhammer 40,000: Dawn of War III",,,,,1,,,1,,,,,,,-1,-1,
"Warhammer 40,000: Dawn of War III",,,,,,,,,,,,,,,,,
"Warhammer 40,000: Dawn of War III",,,,,1,-1,-1,-1,-1,-1,-1,-1,-1,-1,,,
"Warhammer 40,000: Dawn of War III",,,,,-1,,,,,,,,,,,,
"Warhammer 40,000: Dawn of War III",-1,,,,,,,,,,,,,,,,
"Warhammer 40,000: Dawn of War III",,,,,,,-1,,,,,,,-1,,,
"Warhammer 40,000: Dawn of War III",,,,,,,,,,,,,,,,,
"Warhammer 40,000: Dawn of War III",,,,,,,,,,,,,,,,,
"Warhammer 40,000: Dawn of War III",,,,,1,,,,,,,,,,,,
"Warhammer 40,000: Dawn of War III",-1,,-1,1,1,,,1,,,,,,-1,,-1,-1
"Warhammer 40,000: Dawn of War III",,,,-1,1,,,,,,,,,,,,
"Warhammer 40,000: Dawn of War III",,,,,1,,,,,,,,,,,,
"Warhammer 40,000: Dawn of War III",,,,,1,-1,,,,,,,,,,,
"Warhammer 40,000: Dawn of War III",,,,,,-1,,,,,,,,,,,
"Warhammer 40,000: Dawn of War III",,,,-1,,,,,,,,,,,,-1,
"Warhammer 40,000: Dawn of War III",,,,1,1,,,,,,,,,,,-1,
"Warhammer 40,000: Dawn of War III",,,,0,1,,,,,,,,,,,,
"Warhammer 40,000: Dawn of War III",,,,,1,,,,,,,,,,,,
Tabletop Simulator,,,,,,,,,,,,,,,,,
Tabletop Simulator,,,,,,,,,,,,,,,,,
Tabletop Simulator,,,,,1,,,,,,,,,,,,
Tabletop Simulator,,,,1,1,,,1,,,,,,,,,
Tabletop Simulator,-1,,-1,1,1,,,1,,,,,,,,,
Tabletop Simulator,,,,,,,,,,,,,,,,,
Tabletop Simulator,,,,1,1,,,,,,,,,-1,,,
Tabletop Simulator,,,,,0,,,,,,,,,,,,
Tabletop Simulator,,,,,1,-1,,,,,,,,,-1,-1,
Tabletop Simulator,,,,,,,,,,,,,,,,,
Tabletop Simulator,,,,,1,,,,,,,,,,,,
Tabletop Simulator,,,,,1,,,,,,,,,,,-1,
Tabletop Simulator,,,,,1,,,,,,,,,,,,
Tabletop Simulator,,,,,1,,,,,,,,,,,,
Tabletop Simulator,,,,,1,,,,,,,,,,,,
Tabletop Simulator,,,,,1,,,,,,,,,,,,
Tabletop Simulator,,,,1,1,,,,,,,,,,,,
Tabletop Simulator,-1,1,,1,1,,1,1,1,,,,,,,,
Tabletop Simulator,,,,-1,,,,,,,,,,,,-1,
Tabletop Simulator,-1,-1,,,,,,,,,,,,,,,
Tabletop Simulator,,,,,,,,,,,,,,,,,
Tabletop Simulator,,,,,1,,,,,,,,,,,-1,
Tabletop Simulator,,,,,1,-1,,,,,,,,,-1,-1,-1
Tabletop Simulator,,,,,1,,,,,,,,,,,,
Tabletop Simulator,0,1,0,,1,,,,,,,,,0,,-1,
Tabletop Simulator,,,,,1,,,1,,,,,,,,,
Tabletop Simulator,,,,1,1,,,,,,,,,,,,
Tabletop Simulator,,,,,1,,,,,,,,,,,,
Tabletop Simulator,,,,0,1,,,,,,,,,,,-1,
Tabletop Simulator,,,,,,,,,,,,,,,,,
Tabletop Simulator,,,,,,,,,,,,,,,,,
Tabletop Simulator,,,,,,,,,,,,,,,,,
Tabletop Simulator,,,,,1,,,,,,,,,,,,
Tabletop Simulator,,,,,1,,,,,,,,,,,,
Tabletop Simulator,,,,,1,,,,,,,,,,-1,-1,
Tabletop Simulator,,,,,1,,,,1,,,,,,,,
Tabletop Simulator,,,,,,,,,,,,,,,,,
Tabletop Simulator,,,,,1,,,,,,,,,,,,
Tabletop Simulator,,,,1,1,,,,,,,,,,,,
Tabletop Simulator,,,,,1,1,,,,,,,,1,,,
Tabletop Simulator,,,,,1,,,,,,,,,,,,
Tabletop Simulator,,,,,,,,,,,,,,,,,
Tabletop Simulator,,,-1,,,,,,,,,,,-1,,,
Tabletop Simulator,,,,,,,,,,,,,,,,,
Tabletop Simulator,,,,,,,,,,,,,,,,,
Tabletop Simulator,,,,,1,,,,,,,,,,,,
Tabletop Simulator,,,,,1,,1,1,,,,,,,1,,
Tabletop Simulator,,,,,1,,,,,,,,,,,,
Tabletop Simulator,,,,,,,,,,,,,,,,-1,
Tabletop Simulator,,,,,1,,0,,,,,,,,,,
Tabletop Simulator,,,,,1,,,,,,,,,,-1,,
Tabletop Simulator,,,,,1,,,,,,,,,,,,
Tabletop Simulator,,,,,1,,,,,,,,,,,,
Tabletop Simulator,,,,,1,,,,,,,,,,,,
Tabletop Simulator,,,,,,,,,,,,,,,,,
Tabletop Simulator,,,,,,,,,,,,,,,,,
Tabletop Simulator,,,,,1,,,,,,,,,,,,
Tabletop Simulator,-1,,-1,,,,,,,,,,,,,,
Tabletop Simulator,,,,,1,,,,,,,,,,,,
Tabletop Simulator,,,,,1,,,,,,,,,,,,
Tabletop Simulator,,,,,1,,,,,,,,,,,,
Tabletop Simulator,,,,1,1,,,1,,,,,,,,,
Tabletop Simulator,,,,,,,,,,,,,,,,,
Tabletop Simulator,,,,,,,,,,,,,,,,,
Tabletop Simulator,,,,1,1,,,1,,,,1,,,,,
Tabletop Simulator,,,,-1,1,,,,,,,,,,,-1,
Tabletop Simulator,,,,1,1,,,1,,,,,,,,,
Tabletop Simulator,,,,0,1,,,1,,,,,,,,,
Tabletop Simulator,,,,,,,,,,,,,,,,,
Tabletop Simulator,,,,,,-1,,,,,,,,-1,,,
Tabletop Simulator,,,,,1,,,,,,,,,,,,
Tabletop Simulator,,,,,,,,,,,,,,,,,
Tabletop Simulator,,,,,,,,,,,,,,,,,
Tabletop Simulator,,,,,,-1,,,,,,,,,-1,,
Tabletop Simulator,,,,,,,,,,,,,,,,1,
Tabletop Simulator,,,,1,1,,,,,,,,,,,,
Tabletop Simulator,,,,,,,,,,,,,,,,,
Tabletop Simulator,,,,,1,,,,,,,,,,,,
Tabletop Simulator,,,,,1,,,,,,,,,,,,
Tabletop Simulator,,,,,-1,,,,,,,,,,,,
Tabletop Simulator,,,,,,,,,,,,,,,,-1,
Tabletop Simulator,,,,1,,,,1,,,,,,,,1,
Tabletop Simulator,,,,,,,,,,,,,,,,,
Tabletop Simulator,,,,0,,,,,,,,,,,,,
Tabletop Simulator,,,,,1,,,,,,,,,,,,
Tabletop Simulator,,,,,,,,,,,,,,,,,
Tabletop Simulator,,,,,,,,,,,,,,,,,
Tabletop Simulator,,,,,,,,,,,,,,,-1,-1,
Tabletop Simulator,,,,,1,,,,,,,,,,,,
Tabletop Simulator,,1,,,1,-1,0,0,,,,,,,-1,-1,
Tabletop Simulator,,,,,,,,,,,,,,,,,
Tabletop Simulator,,,,,,,,,,1,,,,,,,
Tabletop Simulator,,,,,,-1,,,,,,,-1,-1,,-1,
Tabletop Simulator,,,,,,,,,,,,,,,,,
Tabletop Simulator,,,,,,,,,,,,,,,,,
Tabletop Simulator,,,,,,,,,,,,,,1,,,
Tabletop Simulator,,,,,,,,,,,,,,,,,
Tabletop Simulator,,,,,,,,,,,,,,-1,,,
Tabletop Simulator,,,,,,,,,,,,,,,,,
Tabletop Simulator,,,,,1,,1,,,,,,,,,,
Mini Metro,,,,,,,,,,,,,,,,,
Mini Metro,,,,,-1,,,,,,,,,,,,
Mini Metro,,,,,,,,-1,,,,,,,,,
Mini Metro,,,,,,,,,,,,,,,,,
Mini Metro,,1,,1,1,,1,1,1,,,,,,0,-1,
Mini Metro,-1,-1,,,,,,,-1,,,,,,,,-1
Mini Metro,,,,1,1,,1,,,,,,,1,,,
Mini Metro,,,,,1,,,,,,,,,,,,
Mini Metro,,,-1,,1,-1,,-1,,,,,,,-1,-1,-1
Mini Metro,,,,,,-1,,,,,,,,,-1,-1,
Mini Metro,,,,0,,,0,,,,,,,,,,
Mini Metro,,,,,,,1,1,,,,,,,,,
Mini Metro,,,,,1,,,,,,,,,,,,
Mini Metro,1,,1,,1,,,,,,,,,1,,,
Mini Metro,,,,,,,,,,,,,,,-1,,
Mini Metro,,,,,1,,,,,,,,,,,1,
Mini Metro,,,,,1,-1,,,,,,,,,-1,-1,
Mini Metro,,,,,,,,,,,,,,,,,
Mini Metro,,,,,1,,,,,,,,,,,,
Mini Metro,,,,,1,,,,,,,,,,0,-1,
Mini Metro,-1,1,,1,1,-1,1,1,1,,1,,,,-1,-1,-1
Mini Metro,,,,,,,1,,,,,,,,,,
Mini Metro,,,,,,,,,,,,,,,,,
Mini Metro,,,-1,,1,-1,,,,,,,,-1,,,
Mini Metro,,,,,1,,,,,,,,,,,,
Mini Metro,,,,,1,,,,,,,,,,1,1,
Mini Metro,1,1,,1,1,1,1,,1,,1,1,,,,1,
Mini Metro,,,,,1,,1,,,,,,,,,,
Mini Metro,,,,,1,-1,,,,,,,,,-1,-1,-1
Mini Metro,,,,,,,,,,,,,,,,,
Mini Metro,1,,,1,1,,,,,,,,,,,1,
Mini Metro,,,,,1,,,,,,,,,,,,
Mini Metro,,-1,,,,,,,-1,,-1,,,,,,
Mini Metro,,,,,1,,,,,,,,,,,1,
Mini Metro,,,,,1,,,,,,,,,,0,-1,
Mini Metro,,,,,,,,,,,,,,,,,
Mini Metro,,,,,,,,,,,,,,,,,
Mini Metro,,,,,-1,,,,,,,,,,,,
Mini Metro,,,-1,,1,-1,,1,,,,,,,-1,,-1
Mini Metro,,,,,,,,,,,,,,,,,
Mini Metro,,,,,,,,,,,,,,,,,
Mini Metro,,,,,1,,1,,,,,,,,,,
Mini Metro,,,,,,,,,,,,,,,,,
Mini Metro,,,,,1,,,,,,,,,,,,
Mini Metro,,,,,,,,,,,,,,,,,
Mini Metro,,,,,,,,,,,,,,,,,
Mini Metro,,,,,1,,,,,,,,,,,,
Mini Metro,,,,,,,,,,,,,,,,,
Mini Metro,,,,,1,,,,,,,,,,,,-1
Mini Metro,,-1,,,,,,,,,,,,,-1,,-1
Mini Metro,,,,,,,,,,,,,,,,,-1
Mini Metro,,,,,1,,,,,,,,,,,,
Mini Metro,,,,1,,,,,,,,,,,1,-1,
Mini Metro,,,,-1,1,,,,,,,,,,,,-1
Mini Metro,,,,,1,,,,,,,,,,,,
Mini Metro,,,,,1,,,,,,,,,,,,
Mini Metro,,,,,0,,,,,,,,,,,-1,
Mini Metro,,,,,1,,,,1,1,,,,,,,
Mini Metro,,,,,-1,,,,,,,,,,,,
Mini Metro,,,,,,,,,,,,,,,,,
Mini Metro,,,,,1,,,,,,,,,,-1,-1,
Mini Metro,,,,,,,,,,,,,,,,,
Mini Metro,,,,,1,-1,-1,1,1,-1,,0,,,-1,-1,-1
Mini Metro,,,,,0,,,,,,,,,,-1,,-1
Mini Metro,-1,-1,-1,-1,1,-1,-1,-1,,,,,,-1,,,
Mini Metro,,,,,,,,,,,,,,,,,
Mini Metro,,,,,,,,,,,,,,,,,
Mini Metro,,,,,1,,,,,,,,,,,,
Mini Metro,,,,,1,,,,,,,,,,1,,1
Mini Metro,-1,,-1,,,,,,,,,,,-1,,,
Mini Metro,,,,,,,,,,,,,,,,,
Mini Metro,,,,1,1,,,1,1,1,,,,,1,,
Mini Metro,,,,,1,,,,,,,,,,1,1,
Mini Metro,1,,,,1,,,,,,,,,,,,
Mini Metro,,,,1,1,,,1,,,,,,,,,
Mini Metro,,,,,1,,,,,,,,,-1,,,
Mini Metro,,,,,1,,,,,,,,,,1,,
Mini Metro,,,,,1,,,,,,,,,,,,
Mini Metro,,,,,,,,,,,,,,,,,
Mini Metro,,,,-1,1,,1,,,,,,,-1,,,
Mini Metro,,,,,1,,,,,,,,,,,,
Mini Metro,,,,,,,,,,,,,,-1,,,
Mini Metro,,,,,,,,,,,,,,,,,
Mini Metro,,,,,,,,,,,,,,,,,
Mini Metro,,,,1,1,-1,,1,,,,,,,,-1,-1
Mini Metro,,,,,1,,,,,,,,,,,,
Mini Metro,,,,,1,,,,,,,,,,,,
Mini Metro,,,,,,,,,,,,,,,,,
Mini Metro,,,,,1,,,,,,,,,,,,
Mini Metro,0,0,0,1,1,,1,1,0,0,0,1,,,0,0,0
Mini Metro,,,,,-1,,,,,,,,,,,-1,
Mini Metro,,,,,1,,,,,,,,,0,,,
Mini Metro,,,,,1,,,,,,,,,,,,
Mini Metro,,,,0,1,,,,,,,,,,,,-1
Mini Metro,,,,,-1,,,,,,,,,,-1,,
Mini Metro,,,,,1,,,,,,,,,,,,
Mini Metro,,-1,,-1,1,-1,-1,1,-1,-1,-1,-1,,,-1,-1,-1
Mini Metro,,,,,,,,,,,,,,,,,
Mini Metro,,,,-1,-1,,-1,,,,,,,-1,,,
Mini Metro,,,,,,,,,,,,0,,,,,
Sid Meier’s Civilization® VI,,,,,1,,,,,,,,,,,,
Sid Meier’s Civilization® VI,,,,,1,0,,,,,,,,,,,
Sid Meier’s Civilization® VI,,,,,,,,,,,,,,,-1,,
Sid Meier’s Civilization® VI,,,,1,1,,,,,,,,,,,,
Sid Meier’s Civilization® VI,,,,,1,,,,,,,,,,,-1,
Sid Meier’s Civilization® VI,,,,,1,,,,,,,,,,,,
Sid Meier’s Civilization® VI,,,,,,,,,,,,,,,,-1,
Sid Meier’s Civilization® VI,,,,,1,,,,,,,,,0,,,
Sid Meier’s Civilization® VI,,,,0,1,,,,,,,,,,,-1,
Sid Meier’s Civilization® VI,,,,,1,,,,,,,,,,,,
Sid Meier’s Civilization® VI,,,,,1,,,,,,,,,,,,
Sid Meier’s Civilization® VI,,,,,1,,,,,,,,,,,,
Sid Meier’s Civilization® VI,,,,,1,,,,,,,,,,,,
Sid Meier’s Civilization® VI,,,,,1,-1,,,,,,,,,,-1,
Sid Meier’s Civilization® VI,,,,,,,,,,,,,,,,,
Sid Meier’s Civilization® VI,,,,,1,,,,,,,,,,,,
Sid Meier’s Civilization® VI,,,,,1,-1,,,,,,,,-1,,,
Sid Meier’s Civilization® VI,,,-1,,,,,,,,,,,,,,
Sid Meier’s Civilization® VI,,,,,1,,,,,,,,,,,,
Sid Meier’s Civilization® VI,,,,,1,,,,,,,,,,,,
Sid Meier’s Civilization® VI,,,,,,,,,,,,,,,,,
Sid Meier’s Civilization® VI,,,,1,1,,,,,,,,,,,,
Sid Meier’s Civilization® VI,,,,,,,,,,,,,,,-1,-1,
Sid Meier’s Civilization® VI,,,,,,,,,,-1,,,,-1,,,
Sid Meier’s Civilization® VI,,,,,,,,,,,,,,,,,
Sid Meier’s Civilization® VI,,,,,1,,,,,,,,,,,,
Sid Meier’s Civilization® VI,,,,,,-1,,,,,,,,,-1,-1,
Sid Meier’s Civilization® VI,,,,,,,,,,,,,,,,,
Sid Meier’s Civilization® VI,,,,,,-1,,,,,,,-1,-1,,,
Sid Meier’s Civilization® VI,,,,,,,,,,,,,,,,,
Sid Meier’s Civilization® VI,,,,,1,,,,,,,,,,,,
Sid Meier’s Civilization® VI,,,,,1,,,,,,,,,,,,
Sid Meier’s Civilization® VI,,,,,,,,,,,,,,,,,
Sid Meier’s Civilization® VI,,,,,1,,,,,,,,,,,,
Sid Meier’s Civilization® VI,,,,,,,,,,,,,,,,,
Sid Meier’s Civilization® VI,,,,,0,,,,,,,,,,,,
Sid Meier’s Civilization® VI,,,,1,1,,,,,,,,,,,,
Sid Meier’s Civilization® VI,,,,,-1,,,,,,,,,,,,
Sid Meier’s Civilization® VI,,,,-1,,,,,,,,,,,,,
Sid Meier’s Civilization® VI,,,,,,,,,,,,,,,,,
Sid Meier’s Civilization® VI,,,,,,,,,,,,,,,,,
Sid Meier’s Civilization® VI,,,,,1,,,,,,,,,,,,
Sid Meier’s Civilization® VI,,,,,1,,,,,,,,,,,,
Sid Meier’s Civilization® VI,,,,,,,,,,,,,,,-1,,
Sid Meier’s Civilization® VI,,,,,,,,,,,,,,,,,
Sid Meier’s Civilization® VI,,,,,1,,,,,,,,,,,,
Sid Meier’s Civilization® VI,,,,,1,,,,,,,,,,,,
Sid Meier’s Civilization® VI,,,,,,,,,,,,,,,,,
Sid Meier’s Civilization® VI,,,,,1,,,,,,,,,,,,
Sid Meier’s Civilization® VI,,,,,1,,,,,,,,,,,0,
Sid Meier’s Civilization® VI,,,,,,,,,,,,,,,,,
Sid Meier’s Civilization® VI,,,,,,,,,,,,,,,,,
Sid Meier’s Civilization® VI,,,,,1,,,,,,,,,,,,
Sid Meier’s Civilization® VI,,,,,1,,,,,,,,,,,,
Sid Meier’s Civilization® VI,,,-1,,1,1,1,1,,1,,1,1,1,1,1,1
Sid Meier’s Civilization® VI,,,,,1,,,,,,,,,,,-1,
Sid Meier’s Civilization® VI,,,,,1,,,,,,,,,,1,,
Sid Meier’s Civilization® VI,,,,,,,,,,,,0,,,,,
Sid Meier’s Civilization® VI,,,,,1,,,,,,,,,,,,
Sid Meier’s Civilization® VI,,,,,0,,,,,,,,,,,,
Sid Meier’s Civilization® VI,,,,,,,,,,,,,,,,,
Sid Meier’s Civilization® VI,,,,,,,,,,,,,,,,,
Sid Meier’s Civilization® VI,,,,,1,,,,,,,,,,,,
Sid Meier’s Civilization® VI,1,,,,1,,,,,,,,,,,,
Sid Meier’s Civilization® VI,,,,,1,,,,,,,,,,,,
Sid Meier’s Civilization® VI,,,,1,1,,,,,,,,,,,,
Sid Meier’s Civilization® VI,,,,,,,,,,,,,,,,,
Sid Meier’s Civilization® VI,,,,,1,,,,,,,,,,,,
Sid Meier’s Civilization® VI,,,,,,,,,,,,,,,,,
Sid Meier’s Civilization® VI,,,,,1,,,,,,,,,,,,
Sid Meier’s Civilization® VI,,,,,,,,,,,,,,,,,
Sid Meier’s Civilization® VI,,,,,,,,,,,,,,,,,
Sid Meier’s Civilization® VI,,,,,,,,,,,,,,,,,
Sid Meier’s Civilization® VI,,,,-1,-1,,,,,,,,,,,,
Sid Meier’s Civilization® VI,,,,,1,,,,,,,,,,,,
Sid Meier’s Civilization® VI,,,,,,,,,,,,,,,,,
Sid Meier’s Civilization® VI,,,,,1,,,,,,,,,,,,
Sid Meier’s Civilization® VI,,,,,1,,,,,,,,,,,,
Sid Meier’s Civilization® VI,,,,,1,,,,,,,,,,,,
Sid Meier’s Civilization® VI,,,,,1,,,,,,,,,,,,
Sid Meier’s Civilization® VI,,,,,,,,,,,,,,,,-1,
Sid Meier’s Civilization® VI,,,,,1,,,,,,,,,,,,
Sid Meier’s Civilization® VI,,,,,,,,,,,,,,,,,
Sid Meier’s Civilization® VI,,,,,1,,,,,,,,,,,,
Sid Meier’s Civilization® VI,,,,,,,,,,,,,,,0,0,-1
Sid Meier’s Civilization® VI,,,,,,,,,,1,,,,,,,
Sid Meier’s Civilization® VI,,,,,1,,,,,,,,,,,,
Sid Meier’s Civilization® VI,,,,0,1,,,,,,,,,,,,
Sid Meier’s Civilization® VI,,,,,,,,,,,,,,,,,
Sid Meier’s Civilization® VI,,,,,1,,,,,,,,,,,,-1
Sid Meier’s Civilization® VI,,,,,1,,,,,,,,,,,,
Sid Meier’s Civilization® VI,,,,,1,,,,,,,,,,,,-1
Sid Meier’s Civilization® VI,,,,,1,,,,,,,,,,,,
Sid Meier’s Civilization® VI,,,,,1,,,,,,,,,,,,
Sid Meier’s Civilization® VI,-1,,,1,1,,1,1,,,,,,0,,0,
Sid Meier’s Civilization® VI,,,,1,0,,,,,,,,,,,,-1
Sid Meier’s Civilization® VI,,,,-1,,,,,,,,,,,,,
Sid Meier’s Civilization® VI,,,,,,,,,,,,,,,,,
Sid Meier’s Civilization® VI,,,,,,,,,,,,,,,,,
Sid Meier’s Civilization® VI,,,,-1,1,,,,,,,,,,,,
RimWorld,,,,-1,1,,,-1,,,,,,,-1,-1,-1
RimWorld,,,,-1,1,,1,1,,,,,,,-1,-1,-1
RimWorld,,,,1,1,,,,,,,,,,,1,
RimWorld,,,,,1,,,,,,,,,,,,
RimWorld,,,,,1,,,,,,,,,,,,
RimWorld,,,,1,1,,,,,,,1,,,,,
RimWorld,,,,,1,,1,,,,,,,,,,
RimWorld,,,,,1,,,,,,,,,,,,
RimWorld,,,,,-1,,,,,,,,,,,,
RimWorld,,,,,1,,,,,,,,,,,,
RimWorld,,,,,,,,1,,,,,,,1,,
RimWorld,,,,,,,,,,,,,,,,,
RimWorld,,,,,,,,,,,,,,,,,
RimWorld,,,,,1,,,,,,,,,,,,
RimWorld,,,,,-1,,,,,,,,,,,,
RimWorld,,,,,,,,,,,,,,,,,
RimWorld,,,,,,,,,,,,,,,,,
RimWorld,,,,,1,,,,,,,,,,,,
RimWorld,,,-1,,-1,,,,,,,,,,,,
RimWorld,,,,,1,,,,,,,,,,,,
RimWorld,,,,,,,,,,,,,,,,,
RimWorld,,,,,0,,,,,,,,,,,,
RimWorld,,,,,1,,,,,,,,,,,,
RimWorld,,,,,1,,1,1,,,,,,,,,
RimWorld,,,,,-1,,,,,,,,,,,,
RimWorld,,,,,1,,,,,,,,,,-1,-1,
RimWorld,,,,1,1,,,,,,,,,,,,
RimWorld,,,,,1,,,1,,,,,,,,,
RimWorld,,,,,1,,,,,,,,,,,,
RimWorld,,,,1,1,,,1,,,,,,,,,
RimWorld,,,,,,,,1,,,,,,,,,
RimWorld,,,,,,,,,,,,,,,,,
RimWorld,,,,,,,,,,,,,,,,,
RimWorld,,,,,1,,,,,,,,,,,,
RimWorld,,,,,1,,,,,,,,,,,,
RimWorld,,,,,,,,,,,,,,,,,
RimWorld,,,,0,,,,,,,,,,,,,
RimWorld,,,,,,,,,,,,,,,,,-1
RimWorld,,,,,,,,,,,,,,,,,
RimWorld,,,,,-1,,,,,,,,,,,,-1
RimWorld,,,,,1,,,,,,,,,,,,
RimWorld,,,,,,,,,,,,,,,,,
RimWorld,,,,,,,,,,,,,,,,,
RimWorld,,,,,1,,,,,,,,,,,,
RimWorld,,,,,1,,,,,,,,,,,,
RimWorld,,,,1,1,,1,1,1,,,1,,,1,1,1
RimWorld,,,,,1,,,,,,,,,,,1,
RimWorld,,,,,1,,,,,,,,,,,,
RimWorld,,,,,,,,,,,,,,,,,
RimWorld,,,,,1,,,,,,,,,,,,
RimWorld,,,,,1,,,,,,,,,,,,
RimWorld,,,,,1,-1,,1,,,,,,,1,-1,-1
RimWorld,,,,,,,,,,,,,,0,,,
RimWorld,,,,,,,,,,,,,,,,-1,
RimWorld,,,,,,,,,,,,,,,,,
RimWorld,,,,,,,,,,,,0,,,,,
RimWorld,,,,,,,,,,,,,,,-1,-1,
RimWorld,,,,,,,,,,,,,,,,,
RimWorld,,,,,1,,,,,,,,,,,,
RimWorld,,,,,1,,,,,,,,,,,,
RimWorld,,,,,-1,,-1,,,,,,,,,,
RimWorld,,,,,1,,,,,,,,,,,,
RimWorld,,,,,1,,,,,,,,,,,,
RimWorld,-1,,-1,,,,,,,,,,,,,,
RimWorld,,,,,,,,,,,,,,,,,-1
RimWorld,,,,1,1,,,,,,,,,,,,
RimWorld,,,,,1,,,,,,,,,,,,
RimWorld,,,,,,,,,,,,,,,,,
RimWorld,,,,0,,,,,,,,,,,,,
RimWorld,,,,,,,,,,,,,,,0,,
RimWorld,,,,,,,,,,,,,,,,,
RimWorld,,,,,0,,,,,,,,,,,,
RimWorld,,,,,1,,,,,,,,,,,,
RimWorld,,,,,,,,,,,,,,,,,
RimWorld,,,,,1,,,,,,,,,,,,
RimWorld,,,,-1,,,,,,,,,,,,,
RimWorld,,,,1,1,,,,,,,,,,,-1,
RimWorld,,,,-1,1,,,,,,,,,,,,
RimWorld,,,,,1,,,,,,,,,,,,
RimWorld,,,,,1,,,,,,,,,,,,-1
RimWorld,,,,1,1,,,,,,,,,,,,-1
RimWorld,,,,,,,,,,,,,,,,,
RimWorld,,,,1,1,,,1,,,,,,,,,
RimWorld,,,,,1,,,,,,,,,,,,
RimWorld,,,,,,,,,,,,,,,,,
RimWorld,,,,,-1,,,,,,,,,,,,
RimWorld,,,,,1,,,,,,,,,,,,
RimWorld,,,,,,,,,,,,,,,,,
RimWorld,,,,1,,,,,,,,,,,,,
RimWorld,-1,,-1,,,,,,,,,,-1,-1,,,
RimWorld,,,,,1,,,,,,,,,,,,
RimWorld,,,,,,,,,,,,,,,,-1,
RimWorld,,,,1,1,0,1,1,0,,,1,,,0,-1,-1
RimWorld,,,,,-1,,,,,,,,,,,,
RimWorld,,,,,1,-1,,,,,,,,,-1,-1,
RimWorld,,,-1,,,,,,,,,,,,,,
RimWorld,,,,-1,-1,-1,-1,,,,,,,-1,-1,-1,
RimWorld,,,,,-1,-1,-1,,,-1,,-1,-1,-1,,-1,
RimWorld,,,,,1,-1,,,,,,,,,-1,,
RimWorld,,,,,,,,,,,,,,,,,
FOR HONOR™,,,,,,-1,,,,,,,,-1,,-1,
FOR HONOR™,,,,,-1,-1,,,,,,,,-1,,,
FOR HONOR™,1,1,,1,1,-1,1,,1,,1,,,,1,-1,
FOR HONOR™,,,,,,,,,,,,,,,,,
FOR HONOR™,,,,,,,,,,,,,,,,,
FOR HONOR™,,,,,,-1,,,,,,,,,0,,
FOR HONOR™,,,,,,-1,,,,,,,-1,-1,,,
FOR HONOR™,,,,,1,,,,,,,,,,,,
FOR HONOR™,,,,,,-1,,,,,,,,,,,
FOR HONOR™,,,,,1,,1,,,,,,,,-1,-1,
FOR HONOR™,,,,,,-1,,,,,,,,,,,
FOR HONOR™,,,,1,1,,,1,,,,1,,,,,
FOR HONOR™,-1,,-1,,1,,,,1,,,,,,,,
FOR HONOR™,,,-1,,,,,,,,,,,,,,
FOR HONOR™,,,,,,,,,,,,,,,,,
FOR HONOR™,0,,-1,1,1,-1,1,1,1,1,1,1,-1,0,-1,-1,-1
FOR HONOR™,,,,,,-1,-1,-1,,,,,,-1,,,
FOR HONOR™,,,,,,,,,,,,,,,,,
FOR HONOR™,,,,,1,-1,,,,,,,,,-1,-1,-1
FOR HONOR™,,,,,,,,,,,,,,,,-1,
FOR HONOR™,,,,,,,,,,,,,,,,,
FOR HONOR™,,,,,1,-1,,,,,,,,,,,
FOR HONOR™,,,,,1,-1,1,,,,,,,-1,-1,-1,
FOR HONOR™,,,,,1,,,,,,,,,-1,,,
FOR HONOR™,,,-1,,,-1,,,,,,,,-1,,,
FOR HONOR™,,,,,,,,,,,,,,,,,
FOR HONOR™,,,,,,-1,,,,,,,,-1,,,
FOR HONOR™,,,,,,,,,,,,,,,,-1,
FOR HONOR™,,,,,-1,,,,,,,,,,,,
FOR HONOR™,,,,,,,,,,,,,,,,,
FOR HONOR™,,,,,,,,,,,,,,,,,
FOR HONOR™,0,,0,,1,,1,,,,,,-1,1,,-1,
FOR HONOR™,,,,,,-1,,,,,,,,,,-1,
FOR HONOR™,,,,,1,,,,,,,,,,,1,
FOR HONOR™,,,,,,,,,,,,,,,,,
FOR HONOR™,,,,,,-1,,,,,,,,-1,,,
FOR HONOR™,,,,,1,-1,,,,,,,,,-1,-1,-1
FOR HONOR™,,,,,1,,,,,,,,,,,,
FOR HONOR™,,,,,,,,,,,,,,,,,
FOR HONOR™,,,,,,,,,,,,,,,-1,,
FOR HONOR™,,,,,,-1,,,,,,,,,-1,,-1
FOR HONOR™,,,,,1,,,,,,,,,,,-1,
FOR HONOR™,,,-1,,1,-1,1,1,,-1,,-1,-1,-1,,-1,-1
FOR HONOR™,,,,,1,,,,,,,,,,,,
FOR HONOR™,,,,-1,1,,,,,,,,,,,,
FOR HONOR™,,,,,0,,,0,,,,,,,-1,,-1
FOR HONOR™,,,,,1,-1,,,,,,,,,,,
FOR HONOR™,,,,,,,,,,,,,,,,,
FOR HONOR™,,,,,1,,,,,,,,,,,,
FOR HONOR™,,,,,,,,,,,,,,,,,
FOR HONOR™,,,,,,-1,,,,,,,,,,,
FOR HONOR™,,,,,,,,,,,,,,,,,
FOR HONOR™,0,1,,,1,-1,1,,1,,1,,,,0,-1,
FOR HONOR™,,,,,,,,,,,,,,,,,
FOR HONOR™,,,,,,-1,,,,,,,,,,,
FOR HONOR™,,,,,,,,,,,,,,,,,
FOR HONOR™,,,,,1,,,,,,,,,1,,,
FOR HONOR™,,,,,,,,,,,,,,,,,
FOR HONOR™,,,,,,-1,,,,,,,,,,-1,
FOR HONOR™,,,,1,1,,,,,,,,,,,,
FOR HONOR™,,,,,,,,,,,,,,,,,
FOR HONOR™,,,,,,,,,,,,,,,,,
FOR HONOR™,,,,1,1,,,,,,,,,,,,
FOR HONOR™,,,,,,,,,,,,,,,-1,,
FOR HONOR™,,,,,1,,,,,,,,,,,,
FOR HONOR™,-1,,-1,,,,,,,,,,,,,,
FOR HONOR™,,,,,,,,,,,,,,,,,
FOR HONOR™,-1,,-1,,,,,,,,,,,,,,
FOR HONOR™,,,,,1,,,,,,,,,,,,
FOR HONOR™,,,,,,,,,,,,,,,,,
FOR HONOR™,,,,,,-1,,,,,,,,,,-1,
FOR HONOR™,1,,,1,1,,1,1,1,1,,1,1,1,,1,
FOR HONOR™,,,,,1,,,,,,,,,,,-1,
FOR HONOR™,,,,,1,,,,,,,,,,,,
FOR HONOR™,,,,,,,,,,,,,,,,,
FOR HONOR™,,,,,1,,,,,,,,,,,,
FOR HONOR™,,,,,1,-1,,,,,,,,,-1,-1,
FOR HONOR™,,,,,,,,,,,,,,,,,
FOR HONOR™,,,,,,,,,,,,,,,,,
FOR HONOR™,,,,,,,,,,,,,,,,,
FOR HONOR™,,,,,1,,,,,,,,,,-1,,
FOR HONOR™,,,,,,,,,,,,,,,,,
FOR HONOR™,,,,,,,,,,,,,,,-1,,
FOR HONOR™,,,,,1,-1,,,,,,,,,,,
FOR HONOR™,,,,,,-1,,,,,,,,,,,
FOR HONOR™,,,,,,,,,,,,,,,,,
FOR HONOR™,,,,,,,,,,,,,,,,,
FOR HONOR™,,,,,1,,,,,,,,,,,,
FOR HONOR™,,,,,,-1,,,,,,,,,,,
FOR HONOR™,-1,,-1,-1,-1,,,-1,,,,-1,,,,,
FOR HONOR™,,,-1,-1,1,,,1,,,,-1,,,,,-1
FOR HONOR™,,,,,1,,,,-1,-1,,-1,,,,,
FOR HONOR™,,,,1,,,1,,,,,,,1,,,
FOR HONOR™,,,,1,1,,,1,,,,,,,,,
FOR HONOR™,,-1,,,,,,,-1,,,,,,,,-1
FOR HONOR™,,1,,1,1,,1,1,1,,1,1,,,-1,-1,-1
FOR HONOR™,-1,,-1,-1,-1,,-1,-1,,,,-1,,-1,,,-1
FOR HONOR™,,,-1,,-1,-1,,,,,,,,-1,,,
FOR HONOR™,,,,1,0,,1,1,,,,1,,,-1,-1,-1
FOR HONOR™,,,,1,1,,,1,,,,1,,,,,
The Long Dark,,,,,1,,,,,,,,,,,,
The Long Dark,,,,,,,,,,-1,,-1,,,,,
The Long Dark,-1,,-1,1,0,,-1,1,0,1,,0,-1,-1,,,-1
The Long Dark,,,,,1,,,,,,,-1,,,,,-1
The Long Dark,-1,,-1,,1,,1,1,-1,-1,-1,-1,,,,,-1
The Long Dark,,,,,-1,-1,,,,,,,,-1,,,
The Long Dark,,,,1,0,-1,1,-1,0,-1,,-1,,,-1,-1,-1
The Long Dark,-1,,-1,,1,,-1,-1,,,,-1,,,,,-1
The Long Dark,-1,,-1,1,-1,,,-1,,,,-1,-1,,,,-1
The Long Dark,,,,,,,,,,,,,,-1,,,
The Long Dark,-1,-1,-1,-1,0,,,,0,,-1,-1,-1,,,,-1
The Long Dark,-1,,-1,,,-1,-1,-1,,,,-1,-1,-1,-1,-1,-1
The Long Dark,,,,-1,0,,,-1,,,,-1,,,,,
The Long Dark,,,-1,1,1,-1,-1,1,,,,1,-1,-1,,,-1
The Long Dark,,,,,,,,,,,,,,,,,
The Long Dark,,,,-1,1,,-1,-1,,,,-1,,,,,
The Long Dark,0,,0,1,1,,,1,,,,1,,0,0,-1,
The Long Dark,,,,,,,,,,,,,,,,,
The Long Dark,,,,1,1,,1,,,,,,,,,,
The Long Dark,,,,,,-1,,,,,,,,,,,
The Long Dark,,,,,1,,,,,,,,,,,,
The Long Dark,,,,,,-1,,,,,,,,0,,,
The Long Dark,,,,,1,,,0,,,,,,,0,,
The Long Dark,,,,,,,,,,,,,,,-1,,-1
The Long Dark,-1,-1,-1,1,1,-1,-1,-1,-1,-1,-1,-1,-1,-1,-1,-1,-1
The Long Dark,,,,-1,,,,-1,,,,-1,,,,,-1
The Long Dark,,,,,1,-1,,1,,,,,,,-1,,
The Long Dark,,,,,,,,,,,,,,-1,,,
The Long Dark,,,,,,,,,,-1,,,,-1,,,
The Long Dark,,,-1,,1,,,-1,,,,1,,,,,
The Long Dark,,,-1,1,1,-1,1,1,,-1,1,1,-1,,,,-1
The Long Dark,,,-1,1,0,-1,1,-1,,-1,,-1,-1,-1,,-1,-1
The Long Dark,,,,,,,,,,,,,,,,,
The Long Dark,,,,-1,,,,,,,,,,,,,-1
The Long Dark,-1,-1,,-1,-1,-1,-1,-1,-1,-1,-1,,-1,-1,-1,-1,
The Long Dark,,,,,,,,,,,,,,,,,
The Long Dark,,,,0,0,-1,-1,-1,,-1,,-1,,-1,,,
The Long Dark,,,,,1,,,,1,,,,,,1,1,
The Long Dark,,,,,1,,1,,,,,,,,,,
The Long Dark,,,,,,,,,,,,,,-1,,,
The Long Dark,,,,-1,,,,,,,,,,,,,-1
The Long Dark,-1,1,,,1,,,,,,,,,,-1,-1,
The Long Dark,-1,-1,-1,,,,,,-1,,-1,,,,,,
The Long Dark,,,,,1,,,,,,,,,,-1,,
The Long Dark,,1,,,1,,,,1,,1,,,,,,
The Long Dark,,,,,1,,,,,,,,,,,,
The Long Dark,,,,,,,,,,,,,,,,,
The Long Dark,,,,,,,,,,,,,,,,,
The Long Dark,,,,,,,,,,,,,,,,,
The Long Dark,,,,,,,,,,,,,,,,,
The Long Dark,,,,0,1,,1,0,,,,0,,,,,
The Long Dark,,,,,1,,,,,,,,,,,,
The Long Dark,,,,,,,,,,,,,,,-1,,
The Long Dark,,,,,,,,,,,,,,,,,
The Long Dark,,,,,,,,,,,,,,,,,
The Long Dark,-1,,-1,,,,,-1,,,,-1,,-1,,,
The Long Dark,,,,,,,,,,,,1,,,,,
The Long Dark,-1,,,,,,,,,,,,,,,,
The Long Dark,,,,,1,,,,,,,,,,,,
The Long Dark,,,,,1,,,1,,,,,,,-1,-1,-1
The Long Dark,,,,,1,,,,,,,,,,,-1,
The Long Dark,,,,-1,-1,,-1,-1,-1,-1,,-1,,,,,-1
The Long Dark,,,,,,,,,,,,,,,,,
The Long Dark,-1,,-1,,,,,,,,,,,-1,,,
The Long Dark,,,,0,1,,,0,,,,-1,,,-1,,-1
The Long Dark,,,,0,1,,,,,,,,,,,-1,
The Long Dark,,,,,,,,,,,,,,,,,
The Long Dark,,,,,1,,,,,,,,,,,,
The Long Dark,,,,,1,,,,,,,,,1,,,
The Long Dark,,,,,1,,,,,,,-1,,,,,
The Long Dark,,,,,,,,,,,,,,,,,
The Long Dark,,-1,,-1,1,-1,-1,-1,-1,-1,-1,-1,,,-1,-1,-1
The Long Dark,,,-1,,1,,,,,,,1,,,,,
The Long Dark,,,,,,,,,,,,,,,,,
The Long Dark,,,,,1,,,,,,,,,,,,-1
The Long Dark,,,,,1,,,,,,,,,,1,-1,
The Long Dark,,,,,1,-1,,,,,,,,,-1,-1,
The Long Dark,,,,0,0,,,-1,,,,,,,-1,-1,-1
The Long Dark,,,,-1,-1,,,-1,,,,-1,,,,,-1
The Long Dark,-1,,-1,,,,,1,,,,-1,,-1,,,
The Long Dark,,,,,1,,-1,-1,,,,-1,,-1,,,
The Long Dark,,,,-1,-1,,,,,,,-1,-1,,,-1,-1
The Long Dark,-1,,-1,-1,,,,-1,,,,-1,,,,,-1
The Long Dark,,,,,1,,,,1,,,,,,,,
The Long Dark,,,,,,,,,,,,,,,,,
The Long Dark,,,,,1,,,,,,,,,,,-1,
The Long Dark,-1,-1,-1,-1,-1,,-1,-1,-1,-1,-1,-1,-1,-1,,,-1
The Long Dark,,,-1,-1,1,,,-1,,-1,,-1,,,,,-1
The Long Dark,,,,,1,,,,,,,,,,,,
The Long Dark,,,,,,,,,,,,,,0,,,
The Long Dark,,,,-1,1,,,1,,,,,,,,,-1
The Long Dark,,,,,,,,,,,,,,-1,,,
The Long Dark,,,,1,1,,1,1,1,,,1,,,,-1,
The Long Dark,,,-1,,,,,,,,,,,-1,,,
The Long Dark,,,,,,,,,,,,,,-1,,,
The Long Dark,,,,,1,,,,,,,,,-1,,,
The Long Dark,,,,-1,,,,,,,,,,,,-1,-1
The Long Dark,,,,,,,,,,,,,,-1,,,
The Long Dark,,,,,,,1,,,,,,,1,,,
The Long Dark,,,,,,,,,,,,,,,,,
Stranded Deep,,,,,,,,,,,,,,-1,,,
Stranded Deep,,,,,,,,,,,,,,-1,,,
Stranded Deep,-1,,-1,,,,,,,,,,,-1,,,
Stranded Deep,,,,,,,,,,,,,,,,,
Stranded Deep,,,,,,,1,,,,,,,0,,,
Stranded Deep,,,-1,,,,,,,,,,,,,,
Stranded Deep,,,-1,,1,,,,,,,,,0,,,
Stranded Deep,,,,,,,,,,,,,,-1,,,
Stranded Deep,,,,,,,,,,,,,,,,,
Stranded Deep,,,,,1,,,,,,,,,,,,
Stranded Deep,,,,,,,,,,,,,,,,,
Stranded Deep,,,,,1,,,,,,,,,,-1,,
Stranded Deep,,,,1,1,,1,1,,,,1,,,1,1,-1
Stranded Deep,,1,,1,1,,1,,0,1,1,1,,,-1,-1,-1
Stranded Deep,,,,,,,,,,,,,,,,,
Stranded Deep,-1,,-1,,,,,,,,,,,,,,
Stranded Deep,,,,-1,1,,1,0,0,0,-1,-1,,,-1,-1,-1
Stranded Deep,,,,1,1,,1,1,,,,1,,,-1,-1,-1
Stranded Deep,-1,,-1,,,,,,,,,,,,,,
Stranded Deep,,,,,,,,,,,,,,-1,-1,-1,
Stranded Deep,,,,,,,,,,,,,,,,,
Stranded Deep,,,,,1,,,,,,,,,,,,
Stranded Deep,,,,,1,,,,,,,,,,,,
Stranded Deep,,,,-1,,,,,,,,,,,,,-1
Stranded Deep,-1,,-1,,,,,,,,,,,-1,,,
Stranded Deep,,,,,,,,,,,,,,-1,,,
Stranded Deep,,,,,,,,,,,,,,-1,,,
Stranded Deep,,,-1,,,,,,,,,,,-1,,,
Stranded Deep,,,-1,-1,1,-1,,-1,,,,,-1,,-1,-1,-1
Stranded Deep,-1,,-1,,,,,,,,,,,,,,
Stranded Deep,,,,,1,,,,,,,,,-1,,,
Stranded Deep,,,,,1,,,,,,,,,,,,-1
Stranded Deep,,,,,,,,,,,,,,,-1,-1,
Stranded Deep,,,-1,,,,,,,,,,,,,,
Stranded Deep,,,,-1,1,,,-1,,,,,,,,,-1
Stranded Deep,,,,,,,,,,,,,,,,,
Stranded Deep,-1,,-1,,,,,,,,,,-1,,,,
Stranded Deep,,,,,-1,,,,,,,,,,,,
Stranded Deep,-1,-1,,,,,,,,,,,,,,,
Stranded Deep,,,,,1,,,,,,,,,,,,
Stranded Deep,,,,,1,,,,,,,,,-1,,,
Stranded Deep,,,,,1,,,0,0,,,,,,-1,-1,-1
Stranded Deep,,,,,,,,,,,,,,,,,
Stranded Deep,-1,,-1,,-1,,,,,,,,,-1,,,
Stranded Deep,,,,,1,,,,,,,,,,,,
Stranded Deep,,,,,1,,,,,,,,,,,,
Stranded Deep,,,,,,,,,,,,,,,,,
Stranded Deep,-1,-1,-1,,,-1,,-1,,,,,,-1,-1,-1,
Stranded Deep,,,,,1,,,,,,,,,,,,
Stranded Deep,,,,,1,,,,,,,,,,,,
Stranded Deep,,,-1,,,,,,,,,,,-1,,,
Stranded Deep,,,,,1,,,,,,,,,,,,
Stranded Deep,,,,,,,,,,,,,,,,,
Stranded Deep,-1,,-1,-1,1,,,1,,,,-1,,-1,,,-1
Stranded Deep,,,,,-1,,,,,,,,,,,,
Stranded Deep,,,,,,,,,,,,,,,,,
Stranded Deep,,,-1,,,-1,,,,,,,-1,-1,,,
Stranded Deep,,,,-1,1,,,,,,,,,,,-1,-1
Stranded Deep,-1,,-1,-1,,,,,,,,,,-1,-1,-1,
Stranded Deep,,,,,-1,,,,,,,,,,,,
Stranded Deep,,,,,,,1,,,,,,,,,,
Stranded Deep,-1,,-1,,,,,,,,,,,,,,
Stranded Deep,,,-1,,,,,,,,,,,-1,,,
Stranded Deep,,,,1,1,,,1,,,,1,,,,,
Stranded Deep,,,,,0,,0,,,,,,,,,,
Stranded Deep,-1,,-1,,,,,,,,,,,-1,,-1,
Stranded Deep,,,,,1,,,,,,,1,,,,,
Stranded Deep,-1,,-1,,,,,,,,,,,-1,,,
Stranded Deep,,,,,,-1,,0,,,,,,,-1,-1,-1
Stranded Deep,,,,,,,,,,,,,,,-1,-1,
Stranded Deep,,,,,1,,,,,,,,,,,,
Stranded Deep,,,,,,,,,,,,,,,,,
Stranded Deep,,,,,1,,,,,,,,,,,,
Stranded Deep,,,,1,1,,,,1,,,,,,,1,
Stranded Deep,1,1,,,1,,,1,,,,,,,,,
Stranded Deep,,,,,,,,,,,,,,,,,
Stranded Deep,,,,,1,,,,,,,,,1,,,
Stranded Deep,,,,,1,,,,,,,,,,-1,,-1
Stranded Deep,,,,,1,,,,,,,,,,,,
Stranded Deep,,,,,1,,,-1,,,,-1,,,,,
Stranded Deep,-1,-1,-1,1,0,,,,,,,,,-1,-1,-1,-1
Stranded Deep,,,,,,,,,,,,,,,,,
Stranded Deep,,,,,-1,,,,,,,,,,,,-1
Stranded Deep,-1,,-1,1,,,1,-1,,,,,,1,,-1,
Stranded Deep,,,,,,,,,,,,,,,,,
Stranded Deep,-1,,-1,-1,-1,,,,,,,,,-1,-1,-1,
Stranded Deep,,,-1,,,,,,,,,,,,,,
Stranded Deep,-1,,-1,,,,,,,,,,,-1,,,
Stranded Deep,,,,1,1,,,1,,,,,,,,,
Stranded Deep,,,,1,1,,,1,,,,,,,0,-1,
Stranded Deep,,,,,,,,,,,,,,,,,
Stranded Deep,,,,,,,,,,,,,,,,,
Stranded Deep,,,,,1,,,,,,,,,,,,
Stranded Deep,,,,,1,,,,,,,,,,,,
Stranded Deep,,,,,,,,,,,,,,,,,
Stranded Deep,,,,1,1,-1,1,1,,,,,,0,,-1,
Stranded Deep,,,,,1,,,,,,,,,,,,
Stranded Deep,,,,,,,,,,,,,,,,,
Stranded Deep,,,,,1,,,,,,,,,,-1,-1,
Stranded Deep,,,,,1,,,,,,,,,,,,-1
Geometry Dash,,,,,,,,,,,,,,,,,
Geometry Dash,,,,,,,,,,,,,,,,,
Geometry Dash,,,,,1,,,,,,,,,,,,
Geometry Dash,,,,,,,,,,,,,,,,,
Geometry Dash,,,,,0,,,,,,,,,,,,
Geometry Dash,,,,,,,,,,,,,,,-1,,
Geometry Dash,,,,,1,,,,,,,,,,,,
Geometry Dash,,,,,,,,,,,,,,,,,
Geometry Dash,,,,,1,,,,,,,,,,-1,,-1
Geometry Dash,,,,,,,,,,,,,,,,,
Geometry Dash,,,,,,,,,,,,,,,,,
Geometry Dash,,,,,,,,,,,,,,,0,,
Geometry Dash,,,,,1,,,,,,,,,,,,
Geometry Dash,,,,,1,,,,,,,,,,,,
Geometry Dash,,,,1,1,,,1,,,,,,1,,,
Geometry Dash,,,,,1,,,,,,,,,,,,
Geometry Dash,,,,,,,,,,,,,,,,,
Geometry Dash,,,,,1,,,,,,,,,,,,
Geometry Dash,,,,,,,,,,,,,,,,,
Geometry Dash,,,,,1,,,,,,,,,,,,
Geometry Dash,,,,,1,,,,,,,,,-1,,,
Geometry Dash,,,,0,1,,,,,,,,,,,,
Geometry Dash,-1,1,-1,1,1,-1,1,1,1,-1,-1,1,,-1,-1,-1,-1
Geometry Dash,,,,,,,,,,,,,,,,,
Geometry Dash,,,,,1,,,,,,,,,,,,
Geometry Dash,,,,,1,,,,,,,,,,,,
Geometry Dash,,,,,1,,,,,,,,,,,,
Geometry Dash,,,,,,,,,,,,,,,,,
Geometry Dash,,,,,1,,,,,,,,-1,,,,
Geometry Dash,-1,,-1,,1,,,,,,,,,,,,
Geometry Dash,,,,,,,,,,,,,,,,,
Geometry Dash,,,,,,,,,,,,,,,,,
Geometry Dash,,,,,1,,,,,,,,,,,,
Geometry Dash,,,,,,,,,,,,,,,,,
Geometry Dash,,-1,,,1,,,,1,,,,,,-1,,
Geometry Dash,,,,,,,,,,,,,,,,,
Geometry Dash,,,,,1,,,,,,,,,,,,
Geometry Dash,,,,,,,,,,,,,,,,,
Geometry Dash,,,,,,,,,,,,,,,-1,,
Geometry Dash,,,,,,,,,,,,,,,,,
Geometry Dash,,,,,,,,,,,,,,,,,
Geometry Dash,,,,,,,,,,,,,,,,,
Geometry Dash,,,,,1,-1,,,,,,,,,,,
Geometry Dash,,,,,,,,,,,,,,,,,
Geometry Dash,,,,,1,,,1,,,,,,,,,
Geometry Dash,,,,,1,,,,,,,,,,-1,,
Geometry Dash,,,,,1,,,,,,,,,,,,
Geometry Dash,,,,,,,,,,,,,,,,,
Geometry Dash,,,,,,,,,,,,,,,,,
Geometry Dash,,,,,1,,,,,,,,,,,,
Geometry Dash,,,,,,,,,,,,,,,,,
Geometry Dash,,,,,-1,,,,,,,,,,,,
Geometry Dash,,,,,1,,,,,,,,,,,,
Geometry Dash,,,,,,,,,,,,,,-1,,,
Geometry Dash,,,,,,-1,,,,,,,,0,-1,,
Geometry Dash,,,,,,,,,,,,,,,,,
Geometry Dash,,,,1,1,,,,,,,,,,,,
Geometry Dash,,,,0,,,,,,,,,,,,,
Geometry Dash,,,,,1,,,,,,,,,,,,
Geometry Dash,,,,,1,,,,,,,,,,,,
Geometry Dash,,,,,,,,,,,,,,,,,
Geometry Dash,,,,,,,,,,,,,,,-1,,-1
Geometry Dash,-1,1,-1,,1,,,,,,,,,1,,,
Geometry Dash,,,,,,,,,,,,,,,,,
Geometry Dash,,,,,,,,,,,,,,,,,
Geometry Dash,,,,,,,,,,,,,,,,,
Geometry Dash,,,,,,-1,,,,,,,,,,-1,
Geometry Dash,,,,,,,,,,,,,,,,,
Geometry Dash,,,,,1,,,,,,,,,,,,
Geometry Dash,,,,,1,,,,,,,,,,,,
Geometry Dash,,,,,,,,,,,,,,,,,
Geometry Dash,,,,,1,,,,,,,,,,,,
Geometry Dash,,,,,,,,,,,,,,,0,-1,
Geometry Dash,,,,,,,,,,,,,,,,,
Geometry Dash,,,,,1,,,,,,,,,,,,
Geometry Dash,,,,,1,,,,,,,,,,,,
Geometry Dash,,,,,1,,,,,,,,,,,,
Geometry Dash,,,,,1,,,,,,,,,,,,
Geometry Dash,,,,,,,,,,,,,,,-1,,
Geometry Dash,,,,,,,,,,,,,,,,,
Geometry Dash,,,,,,,,,,,,,,,,,
Geometry Dash,,,,,,,,,,,,,,,,,
Geometry Dash,,,,,,,,,,,,,,,,,
Geometry Dash,,,,,,,,,,,,,,,,,
Geometry Dash,,,,,,,,,,,,,,,,,
Geometry Dash,,,,,1,,,,,,,,,,,,
Geometry Dash,,,,,1,,0,,,,,,,,,,
Geometry Dash,,,,,,,,,,,,,,,,,
Geometry Dash,,,,,1,,,,,,,,,,,,
Geometry Dash,,,,,1,-1,,1,,,,,,,0,,-1
Geometry Dash,,,,,,-1,,,,,,,,,-1,,
Geometry Dash,,,,-1,1,,,-1,,,,,,,,,-1
Geometry Dash,,,,1,1,,,,,,,,,,,,-1
Geometry Dash,,,,,1,,,,,,,,,,,,
Geometry Dash,,,,1,1,,,,,,,,,,,,
Geometry Dash,,,,,1,,,,,,,,,,,,
Geometry Dash,,,,,1,,,,,,,,,,,,
Geometry Dash,,,,1,1,,,1,,,,,,1,-1,-1,
Geometry Dash,,,,,1,,,,-1,,,,,,-1,,-1
Geometry Dash,,,,,,,,,,,,,,,,,
Don't Starve Together,,,,,,,,,,,,,,,,,
Don't Starve Together,,,,,,,,,,,,,,,-1,,-1
Don't Starve Together,,,,,,,,,,,,,,,,,
Don't Starve Together,-1,,-1,,1,,,,,,,,,,-1,-1,
Don't Starve Together,,,,,1,,,,,,,,,,,-1,
Don't Starve Together,,,,,,,,,,,,,,,-1,-1,
Don't Starve Together,,,,,1,,,,,,,,,,,,
Don't Starve Together,,,,,,,,,,,,,,,,,
Don't Starve Together,,,,,,,,,,,,,,,,,
Don't Starve Together,,,,,1,,,,,,,,,-1,,,
Don't Starve Together,,,,,,,,,,,,,,,,,
Don't Starve Together,,,,,,,,,,,,,,,,,
Don't Starve Together,,,,-1,1,,1,1,,,,,,,-1,-1,-1
Don't Starve Together,,,,,1,,,,,,,,,,,,-1
Don't Starve Together,,,,,,,,,,,,,,,,,
Don't Starve Together,,,,,,,,,,,,,,,-1,,
Don't Starve Together,,,,1,1,1,1,1,,,,,,1,1,1,-1
Don't Starve Together,,,,1,1,,,1,1,1,,1,,,1,,-1
Don't Starve Together,,1,,1,1,,1,1,1,,1,1,,,,,
Don't Starve Together,,,,,,,,,,,,,,,,,
Don't Starve Together,,,-1,0,0,-1,,1,,,,1,,,-1,,-1
Don't Starve Together,,,,-1,1,,,,,,,,,,,-1,
Don't Starve Together,,,,,1,,,,,,,,,,,,
Don't Starve Together,,,,,1,-1,,,,,,,,,-1,-1,-1
Don't Starve Together,,,,,1,,,,,,,,,,-1,,
Don't Starve Together,,,,,,,,,,,,,,,,,
Don't Starve Together,,,,,,,,,,,,,,,,,
Don't Starve Together,,,,,,,,,,,,,,,,,
Don't Starve Together,,,,,1,,,,,,,,,,,,
Don't Starve Together,,,,,,,,,,,,,,,,,
Don't Starve Together,,,,,,,,,,,,,,,,,
Don't Starve Together,,,,,,,,,,,,,,,,,
Don't Starve Together,,,,,1,,,,0,,,,,,,,
Don't Starve Together,,,,,1,,,,,,,,,,,,
Don't Starve Together,,,,,1,,,,,,,,,,,,
Don't Starve Together,,,,,,,,,,,,,,,-1,,-1
Don't Starve Together,,,,,,,,,,,,,,,,,
Don't Starve Together,,,,,1,,1,,1,,,,,,,,
Don't Starve Together,,,,,1,,,,,,,,,,-1,-1,
Don't Starve Together,,,,,,,,,,,,,,,,-1,
Don't Starve Together,,,,,,,,,,,,,,,,,
Don't Starve Together,,,,,,,,,,,,,,,,,
Don't Starve Together,,,,,1,,,,,,,,,,,-1,
Don't Starve Together,,,,,1,,,,,,,,,,,,
Don't Starve Together,,,,,1,,,,,,,,,,,,
Don't Starve Together,,,,,1,,,,,,,,,,,,
Don't Starve Together,,,,,,,,,,,,,,,,,
Don't Starve Together,,,,1,1,,,,,,,,,,,,
Don't Starve Together,,,,,,,,,,,,,,,,,
Don't Starve Together,,,,1,1,-1,1,1,1,1,1,1,,,-1,-1,-1
Don't Starve Together,,,,,0,,,,,,,,,,,,
Don't Starve Together,,,,,1,,,,,,,,,1,,,
Don't Starve Together,,,,,1,,,,,,,,,,,,-1
Don't Starve Together,-1,,,,1,,,,,,,,,,,,
Don't Starve Together,,,,,0,,,,,,,,,,-1,,
Don't Starve Together,,,,,1,-1,,,,,,,,,-1,,
Don't Starve Together,,,,,1,,,,,,,,,,,,
Don't Starve Together,,,,,1,-1,,,,,,,,,,-1,
Don't Starve Together,,,,,1,,,,,,,,,,,,
Don't Starve Together,,,,,1,-1,,1,,,,-1,,,,,-1
Don't Starve Together,,,,,1,,,,,,,,,,,,
Don't Starve Together,,,,,1,,,,,,,,,,-1,,-1
Don't Starve Together,,,,,1,,,,,,,,,,,,
Don't Starve Together,,,,1,1,,,,,,,,,,,,1
Don't Starve Together,,,,,,,,,,,,,,,,,
Don't Starve Together,,,,,1,,,,,,,,,,,,
Don't Starve Together,,,,-1,1,,,,,,,,,,-1,-1,-1
Don't Starve Together,,,,,,,,,,,,,,,,,
Don't Starve Together,,,,,1,,,,,,,,,,,,-1
Don't Starve Together,1,1,,1,1,-1,1,,1,1,1,1,-1,1,0,1,-1
Don't Starve Together,,,,,-1,,,,,,,,,,,,
Don't Starve Together,,,,,1,,,,,,,,,,,,
Don't Starve Together,,,,,1,,,,,,,,,,,,
Don't Starve Together,,,,,,,,,,,,,,,,,
Don't Starve Together,,,,,,,,,,,,,,,,,
Don't Starve Together,,,,,,,,,,,,,,,,,
Don't Starve Together,,,,,,,,,,,,,,,,,
Don't Starve Together,,,,,1,,,,,,,,,,,,
Don't Starve Together,,,,,1,,,,,,,,,,,,
Don't Starve Together,,,,,,,,,,,,,,,,-1,
Don't Starve Together,,,,,1,,,,,,,,,,,-1,-1
Don't Starve Together,,,,,1,,,,,,,,,,,,
Don't Starve Together,,,,1,1,,,,1,1,,,,1,,,
Don't Starve Together,,,,1,1,,,,,,,,,1,,,
Don't Starve Together,,,,,,,,,,1,,,,,,,
Don't Starve Together,,,,,1,,,,,,,,,,,,
Don't Starve Together,,,,,1,,,,,,,,,,-1,,
Don't Starve Together,,,,,,,,,,,,,,,,,
Don't Starve Together,,,,,1,,,,,,,,,,,,
Don't Starve Together,,,,,,-1,,,,,,,,,,,
Don't Starve Together,,,,,1,,1,1,1,,,,,,-1,-1,
Don't Starve Together,,,,,1,,,,,,,,,,,,
Don't Starve Together,-1,,-1,,1,,,,,,,,,1,,-1,
Don't Starve Together,,,-1,,1,,-1,1,,,,1,,,-1,-1,-1
Don't Starve Together,,,,,1,,,,,,,,,,,,
Don't Starve Together,,,,,,-1,,,,,,,,-1,,,
Don't Starve Together,,,,1,1,,1,1,,,,1,,,0,,-1
Don't Starve Together,,,,,1,,,,,,,,,,-1,,
Don't Starve Together,,,,,,,,,,,,,,,,,
Don't Starve Together,,,,,,,,,,,,,,-1,,,
Frostpunk,,,,,1,,,,,,,,,,,,
Frostpunk,,,,,1,-1,,-1,,,,,,,-1,,-1
Frostpunk,,,,,1,-1,,,,,,,,,1,,
Frostpunk,,,,,1,,1,1,1,,,1,,,,,
Frostpunk,,,,,,,,,,,,,,,,,
Frostpunk,,,,,1,,,,,,,,,,,,
Frostpunk,,,,,1,,,,,,,,,,,,
Frostpunk,,,,,1,,,,,,,,,,,,
Frostpunk,,,,,,,,,,,,,,,,,
Frostpunk,,,,,1,,1,1,,,,1,,,-1,,-1
Frostpunk,,,,,0,,,,,,,,,,,,
Frostpunk,,,,,,-1,,,,,,,,,,,
Frostpunk,,,,,-1,-1,,,,,,,,,,,-1
Frostpunk,,,,,1,,1,1,0,,,0,,,-1,-1,
Frostpunk,,,,-1,1,,,,,,,,,,,-1,
Frostpunk,,,,,,,,,,,,,,,,,
Frostpunk,,,,,1,,,,,,,,,,,,
Frostpunk,,,,,1,,,1,1,,,1,,,1,,
Frostpunk,,,,1,1,,1,1,,,,1,,,-1,-1,-1
Frostpunk,,,,1,0,,,1,,,,0,,,-1,,-1
Frostpunk,,,,,0,,,,,,,,,,,,
Frostpunk,,,,,1,,1,1,,,,,,,1,-1,
Frostpunk,,,,,0,,,,,,,,,,,,-1
Frostpunk,,,0,,1,,,,,,,,,,,,0
Frostpunk,,,,,,,,,,,,,,,1,,
Frostpunk,,,,,,-1,,-1,,,,,,-1,-1,-1,
Frostpunk,,,,,1,,,,,,,,,,,,
Frostpunk,,,,,1,,,,,,,,,,,,
Frostpunk,,,,,1,-1,,,,,,,,,-1,-1,-1
Frostpunk,,,,,,-1,,,,,,,,,-1,,
Frostpunk,,,,,1,,,,,,,,,,,,
Frostpunk,,,,,1,,,,,,,,,,,,
Frostpunk,,,,1,1,,,1,,,,,,,,,-1
Frostpunk,,,,,1,,,,,,,,,,,,
Frostpunk,,,,,1,,,,,,,,,,-1,-1,
Frostpunk,-1,-1,-1,,1,,,0,,,,,,,,,
Frostpunk,,,,,1,,,,,,,,,,,,
Frostpunk,,,,,,,,,,,,,,,,,
Frostpunk,,,,,,,,,,,,,,,,,
Frostpunk,,,,1,,,,,,,,,,1,,,
Frostpunk,,,,,,-1,,,,,,,,,,,
Frostpunk,,,,,1,,,,,,,,,,,,
Frostpunk,,,,,1,,,,,,,,,,-1,-1,-1
Frostpunk,,,,,1,,0,,,,,,,,,,
Frostpunk,,,,,,,,,,,,,,,,,
Frostpunk,,,,,,,,,,,,,,,,,
Frostpunk,,,,0,1,,,,,,,,,,,-1,
Frostpunk,,,,,1,,,,,,,,,,,,
Frostpunk,,,,,1,,,,,,,,,,,,
Frostpunk,-1,1,-1,,1,,,,,,,,,,,,
Frostpunk,,,,,,,,,,,,,,,,,
Frostpunk,,,,,1,,,,,,,,,,,,
Frostpunk,,,,,1,,,,,,,,,,,,
Frostpunk,,,,,,,,,,,,,,,,,
Frostpunk,,,,,1,,,,,,,,,,,,
Frostpunk,,,,,1,,,,,,,,,,,,
Frostpunk,,,,,,,,,,,,,,,,,
Frostpunk,,,,,1,,,,,,,,,,,,
Frostpunk,,,,,,,,,,,,,,,,,
Frostpunk,,,,1,1,,,,,,,,,,,,
Frostpunk,,,,,1,,,,,,,,,,,,
Frostpunk,-1,1,-1,1,1,-1,-1,1,-1,,1,1,,-1,,-1,
Frostpunk,,,,,1,,,,,,,,,,,,
Frostpunk,,,,,1,,,,,,,,,,,,
Frostpunk,,,,,1,,,,,,,1,,,,,
Frostpunk,,,,,1,,,,,,,,,,,,
Frostpunk,,,,,,,,,,,,,,,,,
Frostpunk,,,,,1,,,,,,,,,,,,
Frostpunk,,,,,1,,,,,,,,,,,,
Frostpunk,,,,,1,,,,,,,,,,,,
Frostpunk,,,,,,,,,,,,,,,,,
Frostpunk,,,,,1,,,,,,,,,,,,
Frostpunk,,,,,1,,,1,,,,-1,,,,,
Frostpunk,,,,,1,,,,,,,,,,,,
Frostpunk,,,,,1,,,,,,,,,,,,-1
Frostpunk,,,,,1,,,,,,,,,,,,
Frostpunk,,,,,1,,,,,,,,,,,,
Frostpunk,,,,,1,,0,,,,,,,,,,
Frostpunk,,,,,,,,,,,,,,,,,
Frostpunk,,,,,1,,1,,1,1,,,,,-1,-1,
Frostpunk,,,,,1,,,,,,,,,,,,
Frostpunk,,,,,1,,,,,,,,,,,,
Frostpunk,,,,,1,,,,,,,,,,,,
Frostpunk,,,,,1,,,,,,,,,,,,
Frostpunk,,,,,1,,,,,,,,,,,,
Frostpunk,,,,,,,,,,,,,,,,,
Frostpunk,,,,,,,,,,,,,,,,,
Frostpunk,,,,,1,,,,,,,,,,1,1,
Frostpunk,,,,,,,,,,,,,,,,,
Frostpunk,,,,,,,,,,,,0,,,,,
Frostpunk,,,,1,1,,1,1,,,,1,,,,,
Frostpunk,,,,,,,,,,,,,,,,,-1
Frostpunk,,,,,1,,1,,1,,,0,,,,,
Frostpunk,-1,,-1,,1,-1,-1,,,,,,,-1,,-1,
Frostpunk,,,,,1,-1,1,1,,,,,,1,,,
Frostpunk,,,,,1,,,,,,,,,,,,
Frostpunk,,,,,,,,,,,,,,,,,
Frostpunk,-1,1,-1,,1,,,,,,,,,,,,
Frostpunk,,,,,,,,,,,,,,,,,
Frostpunk,,,,,1,,,,,,,,,,,,
Total War: ATTILA,,,,,1,,,,,,,,,,,,
Total War: ATTILA,,,,1,1,-1,1,1,,,,,,1,0,1,
Total War: ATTILA,,,,,,,,,,,,,,,,,
Total War: ATTILA,,,,-1,0,,,,,,,,,,,,
Total War: ATTILA,,,,,1,,1,,1,,,1,,,,,
Total War: ATTILA,,,,,1,,,,,,,,,,,,
Total War: ATTILA,,,,,,,,,,,,,,,-1,-1,
Total War: ATTILA,,,,,,,,,,,,,,,,,
Total War: ATTILA,-1,,-1,,,,,,,,,,,,,,
Total War: ATTILA,,,,-1,,,,,,,,,,,-1,-1,-1
Total War: ATTILA,,,,,,,1,1,,,,,,,,,
Total War: ATTILA,,,,,,-1,,,,,,,,,,,
Total War: ATTILA,,,,-1,0,-1,1,-1,-1,-1,,-1,,,-1,-1,-1
Total War: ATTILA,,,,,1,,,1,,,,,,,,,
Total War: ATTILA,,,,,,,,,,,,,,,,,
Total War: ATTILA,,,,,1,,1,,,,,1,,,-1,-1,
Total War: ATTILA,,,,,1,-1,1,1,,,,,,1,,,
Total War: ATTILA,,,,,,,,0,,,,,,,,,
Total War: ATTILA,,,,,,,,,1,,,1,,,,,
Total War: ATTILA,,,-1,,1,,,0,,,,,,0,,,
Total War: ATTILA,,,,,1,,,,,,,,,,,,
Total War: ATTILA,,,,,,,,,,,,,,,,,
Total War: ATTILA,,,,,1,,1,,,,,,,1,,,
Total War: ATTILA,-1,,-1,,,,,,,,,,,,,,
Total War: ATTILA,,,,,,,,,,,,1,,,,,
Total War: ATTILA,,,,,1,,,,,,,,,,,,
Total War: ATTILA,,,,,,,,,,,,,,,,,
Total War: ATTILA,,,,0,1,,,,,,,,,,,,
Total War: ATTILA,-1,,,,,,,,,,,,,,,,
Total War: ATTILA,,,,,,-1,,,,,,,,,-1,,
Total War: ATTILA,,-1,,-1,-1,,,,-1,,-1,-1,,,-1,-1,
Total War: ATTILA,-1,,-1,,,,,,,,,,,,,,
Total War: ATTILA,,,,,,,,,,,,,,,,,
Total War: ATTILA,,,,,,,,,,,,,,,,,
Total War: ATTILA,,,,,,,,,,,,,,-1,,,
Total War: ATTILA,,,,,,,,,,,,,,,,,
Total War: ATTILA,,,,,,,,,,,,,,,,,
Total War: ATTILA,,,,,,,,,,,,,,,,,
Total War: ATTILA,,,,,,,,,,,,,,,,,
Total War: ATTILA,,,,,1,,,,,,,,,,,,
Total War: ATTILA,,,,,-1,,,,,,,,,,,,
Total War: ATTILA,,,,,1,,,,,,,0,,,,,
Total War: ATTILA,,,,,,,,,,,,,,,,,
Total War: ATTILA,,,,,1,,,,,,,,,,,,
Total War: ATTILA,,,,,1,,,,,,,,,,,,
Total War: ATTILA,,,,,1,,,1,,,,,,,,,
Total War: ATTILA,,,,,1,,,,,,,,,,,,
Total War: ATTILA,,,,-1,,,,,,,,,,,,,
Total War: ATTILA,-1,,-1,,,,,,,,,,,,,,
Total War: ATTILA,,,,,,,,,,,,,,,,,
Total War: ATTILA,,,,,1,,0,1,1,,,1,,,,,
Total War: ATTILA,,,,,1,,,,,,,,,,,,-1
Total War: ATTILA,,,,,1,,,,,,,,,,,,
Total War: ATTILA,,,,,,,,,,,,,,,,,
Total War: ATTILA,,,,,,,,,,,,,,,,,
Total War: ATTILA,,,,,0,-1,-1,0,1,,,0,,0,0,-1,
Total War: ATTILA,,,,1,1,,,,,,,,,,,-1,
Total War: ATTILA,,,,,,,,,,,,,,,,,
Total War: ATTILA,,,,,,,1,,,,,,,,,,
Total War: ATTILA,,,,,,,,,,,,,,,,,
Total War: ATTILA,,,,1,1,-1,1,1,1,,-1,1,,,0,-1,-1
Total War: ATTILA,,,,,1,,1,,,,,,,,,,
Total War: ATTILA,,,,,1,,,,,,,,,,,,
Total War: ATTILA,,,,,1,,,,1,,,0,,,,,
Total War: ATTILA,-1,-1,,,1,,,,-1,,,,,,,,
Total War: ATTILA,,,,,1,,,,,,,,,,,,
Total War: ATTILA,-1,1,,1,1,,1,1,1,,1,,,1,,-1,
Total War: ATTILA,,,,,1,,1,,,,,,,,,,
Total War: ATTILA,,,,,,,,,,,,,,,,,
Total War: ATTILA,,,,,1,,,,,,,,,,,,
Total War: ATTILA,,,,,,,,,,,,,,,,,
Total War: ATTILA,,,,,1,-1,,,,,,,-1,,,-1,-1
Total War: ATTILA,,,,,1,,,,1,,,,,,,,
Total War: ATTILA,,,,,,,,,,,,,,,,,
Total War: ATTILA,,,,,,,,,,,,,,,,,
Total War: ATTILA,,,-1,-1,-1,-1,,-1,,,,,-1,,-1,-1,-1
Total War: ATTILA,,,,,1,-1,,,,,,,,,-1,,
Total War: ATTILA,-1,,-1,,,,,,,,,,,-1,,,
Total War: ATTILA,,,,,1,,,,,,,,,,,,
Total War: ATTILA,,,,,1,,1,,,,,,,,-1,-1,
Total War: ATTILA,,,,,,,,,,,,,,,,,
Total War: ATTILA,,,,,,,,,,,,,,,,,
Total War: ATTILA,,,,,,,,,,,,,,,,,
Total War: ATTILA,,,,,1,,,,,,,,,,,,
Total War: ATTILA,,,,,,,,,,,,,,,,,
Total War: ATTILA,,,,,1,,,,,,,,,,,,
Total War: ATTILA,,,,,1,,,,,,,,,,,,
Total War: ATTILA,,,,,,,,,,,,,,,,,
Total War: ATTILA,,,,,,,,,,,,,,,,,
Total War: ATTILA,,,,,1,-1,,,,,,,,,,,
Total War: ATTILA,,,-1,,,-1,,,,,,,,,,,
Total War: ATTILA,,,,,,-1,,,,,,,,,-1,,
Total War: ATTILA,,,,,1,-1,,,,,,,,,,,
Total War: ATTILA,,,,,,,,,,,,,,,,,
Total War: ATTILA,,,,,,,,,,,,,,,,,
Total War: ATTILA,,,,,,-1,,,,,,,,,,,
Total War: ATTILA,,,,,,,,,,,,,,,,,
Total War: ATTILA,,,,,,,,,,,,,,,,,
Total War: ATTILA,,,,,,,,,,,,,,,,,
Total War: ATTILA,,,,,,,,,,,,,,,,,
Five Nights at Freddy's 2,-1,,-1,,1,,,,,,,,,,,,
Five Nights at Freddy's 2,,,-1,,,-1,,,,,,,-1,,,,
Five Nights at Freddy's 2,,,,,,-1,,,,-1,,,,,,,
Five Nights at Freddy's 2,,,,,1,,,,,,,,,,,,
Five Nights at Freddy's 2,,,,,,,,,,,,,,,,,
Five Nights at Freddy's 2,,,,,,,,,,,,,,,,,
Five Nights at Freddy's 2,,,,,1,,,,,,,,,,,,
Five Nights at Freddy's 2,,,,,1,,,,,,,,,,,,
Five Nights at Freddy's 2,,,,,,,,,,,,,,,,,
Five Nights at Freddy's 2,-1,,-1,,1,,-1,-1,1,1,,,,-1,,,
Five Nights at Freddy's 2,,,,,,,,,,,,,,,,,
Five Nights at Freddy's 2,,,,,,,,,,,,,,,,,
Five Nights at Freddy's 2,,,,,,,,,,,,,,,,,
Five Nights at Freddy's 2,,,,,,-1,,,,,,,,,,,
Five Nights at Freddy's 2,,,,,,,,,,,,,,,,,
Five Nights at Freddy's 2,,,,,1,,,,1,1,,,,,,,
Five Nights at Freddy's 2,,,,,,,,,,,,,,,,,
Five Nights at Freddy's 2,-1,-1,-1,,1,-1,,,,,,,,,-1,-1,-1
Five Nights at Freddy's 2,,,,,,,,,,,,,,,,,
Five Nights at Freddy's 2,,,,,1,,,,,,,,,,,,
Five Nights at Freddy's 2,,,,,,,,,,,,,,,,,
Five Nights at Freddy's 2,,,,,,,,,,,,,,,,,
Five Nights at Freddy's 2,,,,,1,-1,1,,,,,,,-1,-1,-1,
Five Nights at Freddy's 2,,,,,1,1,1,1,,,,,,,,,
Five Nights at Freddy's 2,,,,,,,,,,,,,,,-1,,
Five Nights at Freddy's 2,,,,,,,,,,,,,,,,,
Five Nights at Freddy's 2,,,,,,-1,,,,,,,,,0,,
Five Nights at Freddy's 2,,,,,,,-1,,,,,,,,,,
Five Nights at Freddy's 2,,,,,,,,,,,,,,,,,
Five Nights at Freddy's 2,,,,,,,,,,,,,,,,,
Five Nights at Freddy's 2,,,,,,-1,,-1,,,,,,-1,,,
Five Nights at Freddy's 2,,,,,1,,,,,,,,,,,,
Five Nights at Freddy's 2,,,,,1,,,,,,,,,,,,
Five Nights at Freddy's 2,,,,,1,-1,,0,,,,,,,-1,-1,-1
Five Nights at Freddy's 2,,,,,,,,,,,,,,,,,
Five Nights at Freddy's 2,,,,,,,,,,,,,,,-1,,
Five Nights at Freddy's 2,,,,,1,,,,,,,,,,-1,,
Five Nights at Freddy's 2,,,,,,,,,,,,,,,,,
Five Nights at Freddy's 2,,,,,,,,,,,,,,,,,
Five Nights at Freddy's 2,,,,,,,,,,,,,,,-1,,
Five Nights at Freddy's 2,,,,,1,,,,,,,,,,,,
Five Nights at Freddy's 2,,,,,,,,,,1,,,,,,,
Five Nights at Freddy's 2,,,,,1,,,,,,,,,,,,
Five Nights at Freddy's 2,,,,,,,,,,,,,,,,,
Five Nights at Freddy's 2,,,,,,,,,,,,,,,,,
Five Nights at Freddy's 2,,,,,,,,,,,,,,,,,
Five Nights at Freddy's 2,,,,,,-1,,,,,,,,,,,
Five Nights at Freddy's 2,,,,,1,,,,,,,,,,-1,,-1
Five Nights at Freddy's 2,,,,,,,,,1,1,,,,,,,
Five Nights at Freddy's 2,,,,,,,,,,,,,,,,,
Five Nights at Freddy's 2,,,,,1,,,,,,,,,,,,
Five Nights at Freddy's 2,,,,,1,,,,,,,,,,,,
Five Nights at Freddy's 2,,,,,,,,,,,,,,,,,
Five Nights at Freddy's 2,,,,,1,,1,,,,,,,,,,
Five Nights at Freddy's 2,,,,,1,-1,,,,,,,,-1,,,
Five Nights at Freddy's 2,,,,,,,,,,,,,,,,,
Five Nights at Freddy's 2,,,,,,,,,,,,,,,,,
Five Nights at Freddy's 2,,,,,1,,,,,,,,,,,,
Five Nights at Freddy's 2,,,,,,,,,,,,,,,,,
Five Nights at Freddy's 2,,,,,,,,,,,,,,,,,
Five Nights at Freddy's 2,,,,,1,,,,1,,,,,,,,
Five Nights at Freddy's 2,,,,,1,,,,,,,,,,,,
Five Nights at Freddy's 2,,,,,1,,1,,,,,,,,,,
Five Nights at Freddy's 2,,,,,,,,,,,,,,,,,
Five Nights at Freddy's 2,,,,,,,,,,,,,,,,,
Five Nights at Freddy's 2,,,,,1,,,,,,,,,,-1,,
Five Nights at Freddy's 2,,,,,1,,,,,,,,,,,,
Five Nights at Freddy's 2,,,,,0,,,,,,,,,,,,
Five Nights at Freddy's 2,,,,,1,,,,,,,,,,-1,-1,
Five Nights at Freddy's 2,,,,,,,,,,,,,,,,,
Five Nights at Freddy's 2,,,,,,-1,,,,,,,,,,,
Five Nights at Freddy's 2,,,,,1,,,,,,,,,,1,,
Five Nights at Freddy's 2,,,,,1,,,,,,,,,,,,
Five Nights at Freddy's 2,,,,,,,,,,,,,,,1,,
Five Nights at Freddy's 2,,,,,1,,1,,,,,,,,,,
Five Nights at Freddy's 2,-1,,,,1,,,,,,,,,,,,
Five Nights at Freddy's 2,,,,,,,,,,,,,,,,,
Five Nights at Freddy's 2,,,,,,-1,,,,,,,,,-1,,
Five Nights at Freddy's 2,,,,,0,,,,,,,,,,-1,,
Five Nights at Freddy's 2,,,,,,-1,,,,,,,,,-1,,
Five Nights at Freddy's 2,,,,,1,,,,,,,,,,,,
Five Nights at Freddy's 2,,,,,1,,,,,,,,,,,,
Five Nights at Freddy's 2,,,,,1,,,,,,,,,,,,
Five Nights at Freddy's 2,,,,,1,,,,,,,,,,-1,,
Five Nights at Freddy's 2,,,,,1,-1,,,,,,,,,-1,-1,
Five Nights at Freddy's 2,-1,,-1,,,,,,,,,,,,,,
Five Nights at Freddy's 2,,,,,,,,,,,,,,,,,
Five Nights at Freddy's 2,,,,,1,,,,,,,,,,,,
Five Nights at Freddy's 2,,,,1,1,,1,1,1,,,1,,,-1,-1,
Five Nights at Freddy's 2,,-1,,,,,,0,,,,,,,,,-1
Five Nights at Freddy's 2,,,,,1,,,,,,,,,,,,
Five Nights at Freddy's 2,,,,,,,,,,,,,,,,,
Five Nights at Freddy's 2,,,,,,,,,,,,,,,,,
Five Nights at Freddy's 2,,,,,,,,,,,,,,,,-1,
Five Nights at Freddy's 2,,,,,,-1,,,,,,,,,,,
Five Nights at Freddy's 2,,,,,,,1,,,,,,,,,,
Five Nights at Freddy's 2,,1,,,,,,,,,,,,,,,
Five Nights at Freddy's 2,,,,,,,,,,,,,,,,,
Five Nights at Freddy's 2,,,,,1,,,,,,,,,,,,
Five Nights at Freddy's 2,,,,,,0,,,,,,,,,,,
Keep Talking and Nobody Explodes,,,,,,,,,,,,,,,,,
Keep Talking and Nobody Explodes,,,,,,,,,,,,,,,0,,
Keep Talking and Nobody Explodes,,,,,1,,,,1,,,,,,,,
Keep Talking and Nobody Explodes,-1,-1,-1,1,1,,1,1,1,,1,1,,,-1,-1,-1
Keep Talking and Nobody Explodes,,,,,,,,,,,,,,,,,
Keep Talking and Nobody Explodes,,,,,,,,,,,,,,,,,
Keep Talking and Nobody Explodes,,,,,1,0,,,,,,,,,0,,
Keep Talking and Nobody Explodes,,,,,,,,,,,,,,,-1,,
Keep Talking and Nobody Explodes,,,,,,,,,,,,,,,,-1,
Keep Talking and Nobody Explodes,,,,1,1,-1,,,,,,,,,-1,-1,-1
Keep Talking and Nobody Explodes,,,,,,,,,,,,,,,,,
Keep Talking and Nobody Explodes,,,,,,,,,,,,,,,,,
Keep Talking and Nobody Explodes,,,,,1,,,,,,,,,,-1,-1,
Keep Talking and Nobody Explodes,-1,-1,-1,,,,,,,,,,,,,,-1
Keep Talking and Nobody Explodes,,,,,,,,,,,,,,,,,
Keep Talking and Nobody Explodes,,,,,1,,,,,,,,,,,,
Keep Talking and Nobody Explodes,,,,,,,,,,,,,,,,,
Keep Talking and Nobody Explodes,,,,,,,,,,,,,,,,-1,
Keep Talking and Nobody Explodes,,,,,,,,,,,,,,,,-1,
Keep Talking and Nobody Explodes,,,,-1,1,,,,,,,,,,,-1,
Keep Talking and Nobody Explodes,,,,-1,1,,,,,,,,,,,-1,
Keep Talking and Nobody Explodes,,,,,1,,,,,,,,,,-1,-1,
Keep Talking and Nobody Explodes,,-1,-1,,,,,,,,,,,,,,
Keep Talking and Nobody Explodes,,,,,,,,,-1,-1,,,,,,,
Keep Talking and Nobody Explodes,,,,,1,,,,,,,,,,,,
Keep Talking and Nobody Explodes,-1,-1,-1,,,,,,-1,,-1,,,,,,
Keep Talking and Nobody Explodes,,,,,,-1,,,,,,,,,,,
Keep Talking and Nobody Explodes,,,,1,1,,,1,,,,,,,-1,1,-1
Keep Talking and Nobody Explodes,,,,,1,,,,,,,,,,1,,
Keep Talking and Nobody Explodes,,,,,,,,,,,,,,,,,
Keep Talking and Nobody Explodes,,,,,1,,,,1,,,1,,,,,
Keep Talking and Nobody Explodes,,-1,,,,,,,-1,-1,-1,,,,,,
Keep Talking and Nobody Explodes,,,,,1,,,,,,,,,,,-1,
Keep Talking and Nobody Explodes,,,,,1,,,,1,,,1,,,,,
Keep Talking and Nobody Explodes,,,,,,,,,,,,,,,,,
Keep Talking and Nobody Explodes,,,,,1,,,,,,,,,,-1,-1,
Keep Talking and Nobody Explodes,,,,-1,1,,,-1,,,,,,,-1,-1,-1
Keep Talking and Nobody Explodes,,,,1,1,,1,,,,,,,1,,-1,
Keep Talking and Nobody Explodes,,,,,1,,,,,,,,,,,,
Keep Talking and Nobody Explodes,,,,,,,,,,,,,,,,,
Keep Talking and Nobody Explodes,0,0,-1,,,,,0,,,,,,,,,
Keep Talking and Nobody Explodes,-1,-1,-1,,,,,,,,,,,,,,
Keep Talking and Nobody Explodes,,,,,1,,,,,,,,,,,,
Keep Talking and Nobody Explodes,,,,,,,,-1,,,,,,,-1,,
Keep Talking and Nobody Explodes,,,,,,,,,,,,,,,,,
Keep Talking and Nobody Explodes,,,,0,1,,,1,,,,,,,-1,-1,-1
Keep Talking and Nobody Explodes,,,,,,,,,,,,,,,,-1,
Keep Talking and Nobody Explodes,,,,,,-1,,,,,,,,,-1,,
Keep Talking and Nobody Explodes,,,,,1,-1,,,,,,,,,,,-1
Keep Talking and Nobody Explodes,,,,,1,-1,,,,,,,,,-1,-1,
Keep Talking and Nobody Explodes,,,,-1,1,,,,,,,,,,,,
Keep Talking and Nobody Explodes,-1,1,,,,,,,1,,1,,,,,,
Keep Talking and Nobody Explodes,,,-1,,,,,,,,,,,,,,-1
Keep Talking and Nobody Explodes,,,,,1,,,,,,,,,,,,
Keep Talking and Nobody Explodes,,,,,,,,,0,0,,,,,,,
Keep Talking and Nobody Explodes,,,-1,,,,,,,,,,,,,,
Keep Talking and Nobody Explodes,,,,,1,,,,,,,,,,,-1,
Keep Talking and Nobody Explodes,,,,,1,,,,,,,,,,,,
Keep Talking and Nobody Explodes,,,,,,,,,,,,,,,,,
Keep Talking and Nobody Explodes,,,,,1,,,,,,,,,,,,
Keep Talking and Nobody Explodes,,1,,1,1,,1,,1,,1,,,,,,
Keep Talking and Nobody Explodes,,,,,,-1,,0,,,,,,,-1,,-1
Keep Talking and Nobody Explodes,,,,,1,,,,,,,,,,,,
Keep Talking and Nobody Explodes,,,,-1,,,,1,,,,,,,-1,-1,
Keep Talking and Nobody Explodes,,,,,-1,,,,,,,,,,,,
Keep Talking and Nobody Explodes,,1,-1,1,1,-1,,1,1,1,1,0,1,,,,-1
Keep Talking and Nobody Explodes,,,,,,,,,,,,,,,,,
Keep Talking and Nobody Explodes,,,,,1,,1,1,,,,,,,,,
Keep Talking and Nobody Explodes,,,,,1,,,,,,,,,,,,-1
Keep Talking and Nobody Explodes,,,,,,,,,-1,-1,,,,,,,
Keep Talking and Nobody Explodes,,,,,,,,,,,,,,,,,
Keep Talking and Nobody Explodes,,,,-1,,,,,,,,,,,,-1,
Keep Talking and Nobody Explodes,,,,,1,,,,,,,,,,,,
Keep Talking and Nobody Explodes,,,,,,,,,,,,,,,,,
Keep Talking and Nobody Explodes,,,,,,,,,,,,,,,,,
Keep Talking and Nobody Explodes,,,,,,,,,,,,,,,,,
Keep Talking and Nobody Explodes,,,,,1,-1,,1,,,,,,,-1,-1,-1
Keep Talking and Nobody Explodes,,,,,,,,,1,,,,,,,,
Keep Talking and Nobody Explodes,,,,,,,,,,,,,,,,,
Keep Talking and Nobody Explodes,,,,,,,,,,,,,,,-1,-1,
Keep Talking and Nobody Explodes,,,,,1,,,,,,,,,,,,
Keep Talking and Nobody Explodes,,,,,,,,,,,,,,-1,,,
Keep Talking and Nobody Explodes,,,,,1,,1,1,,,,,,,1,-1,
Keep Talking and Nobody Explodes,,,,,,,,,,,,,,,,,
Keep Talking and Nobody Explodes,,,,,1,-1,1,,,,,,,,-1,-1,
Keep Talking and Nobody Explodes,,,,,1,,1,,,,,,,,,,
Keep Talking and Nobody Explodes,,-1,-1,,,-1,,-1,,,,,,,-1,,-1
Keep Talking and Nobody Explodes,,,,,,,1,,,,,,,,,,
Keep Talking and Nobody Explodes,,,,,,,,,,,,,,,,,
Keep Talking and Nobody Explodes,,,,,1,-1,-1,,,,,,-1,,,-1,
Keep Talking and Nobody Explodes,,,,,,,,,,,,,,,,,
Keep Talking and Nobody Explodes,,,,,1,,1,,,,,,,,,,
Keep Talking and Nobody Explodes,,,,,,,,,,,,,,,-1,-1,
Keep Talking and Nobody Explodes,,,-1,,,-1,,,,,,,,,,,
Keep Talking and Nobody Explodes,,,,,1,,,,,,,,,,1,1,
Keep Talking and Nobody Explodes,,,-1,,1,,,-1,,-1,,,,,,,-1
Keep Talking and Nobody Explodes,,,,,,,,,,,,,,,,,
Keep Talking and Nobody Explodes,,,,,1,,1,,,,,,,0,,,
Keep Talking and Nobody Explodes,,,,,1,,1,1,,,,,,,,,
Keep Talking and Nobody Explodes,-1,,-1,,1,-1,,,,,,,,-1,-1,-1,
Besiege,,,,1,1,,,,,,,,,,,,
Besiege,,,,,1,,,,,,,,,,,,
Besiege,,,-1,,1,-1,1,1,,1,,1,,,1,,-1
Besiege,,,,,1,,,,,,,,,,,,
Besiege,0,1,,,1,0,,1,0,0,1,,,,0,0,-1
Besiege,,-1,-1,,,-1,,1,,,,,,,,,
Besiege,-1,,,,,,,,,,,,,,,,
Besiege,,,,,1,,,,,,,,,,,,
Besiege,,,,,1,,,,,,,,,,,,
Besiege,,,,,,-1,,0,,,,,,,-1,,-1
Besiege,,,,,1,,,,,,,,,,,,
Besiege,,,,,1,-1,,,,,,,,,,-1,
Besiege,,,,,,,,,,,,,,,,,
Besiege,,,,,1,,-1,,,,,,,,,,
Besiege,,,,,1,,,,,,,,,,,,
Besiege,,,-1,,,,,,,,,,,,,,
Besiege,,,-1,,1,,1,1,1,1,,,,-1,,,
Besiege,,,,,,,,,,,,,,,,,
Besiege,,,,,1,,,,,,,,,,,,
Besiege,,,,,-1,,,,,,,,,,,,
Besiege,,,,,,,,,,,,,,,,,
Besiege,-1,-1,-1,-1,,-1,,1,-1,,-1,,,,,,-1
Besiege,,,,,,,,,,,,,,,,,
Besiege,,,,,1,,,,,,,,,,,,
Besiege,,,,,1,,,,,,,,,,,,
Besiege,,,,,,,,,,,,,,,,-1,
Besiege,,,,,,,0,,,,,,,,,,
Besiege,,,,,1,,,,,,,,,,,,
Besiege,,,,,,,,,,,,,,,-1,-1,
Besiege,,,,,1,,,,,,,,,,,,
Besiege,,,,,1,,,,,,,,,,,,
Besiege,,,,,1,,,,,,,,,,,,
Besiege,,,,,1,,,,,,,,,,,,
Besiege,,,,,1,,,,,,,,,,,,
Besiege,,,,1,1,,1,1,,,,,,,,-1,
Besiege,,,,1,1,,,1,,,,,,,,,
Besiege,,,,,1,,,,,,,,,,,-1,
Besiege,,,,,,,,,,,,,,,-1,,
Besiege,,,,,-1,,,,,,,,,,,-1,
Besiege,,,,,,,,,,,,,,,-1,,
Besiege,,,,,1,,0,,,,,0,,,,,
Besiege,,,,,,0,1,1,,,,,,,0,0,
Besiege,,,,,1,-1,1,1,1,1,,,,,,,
Besiege,-1,-1,-1,,1,,,1,1,,-1,,,,,,-1
Besiege,,,,,,,,,,,,,,,,,
Besiege,,,,,1,,,,,,,,,,,,
Besiege,,,,,1,,,,,,,,,,,,
Besiege,,,,,,,,,,,,,,,,,
Besiege,,,,,,,,,,,,,,,,,
Besiege,,,,,0,,,,,,,,,,,,
Besiege,,,,,,,,,,,,,,,,,
Besiege,,,,,,,,,,,,,,,,,
Besiege,,,,,,,,0,,,,-1,,,,,
Besiege,,,,,1,,,,,,,,,,,,
Besiege,,,,,1,,,,,,,,,,,,
Besiege,,,,,1,,,,,,,,,,,-1,
Besiege,,,,,,,,,,,,,,,,,
Besiege,,,,,,,,,,,,,,,,,
Besiege,,,,,1,,,,,,,,,,-1,-1,
Besiege,,,,,,,,,,,,,,,,,
Besiege,,,,,1,,,,,,,,,,-1,,-1
Besiege,,,,,,,,,,,,,,,-1,,
Besiege,,,,,,,,,,,,,,,,,
Besiege,-1,,-1,,,,,,,,,,,,,,
Besiege,,,,,,,,,,,,,,,,,
Besiege,,,,,1,,,,,,,,,,-1,,
Besiege,,,,,1,,,,,,,,,,,,
Besiege,,,,,1,,,,,,,,,,,,
Besiege,,,,,,,,,,,,,,,,,
Besiege,,,,,1,,0,,,,,0,,,,,
Besiege,,,,,,,,,,,,,,,-1,,
Besiege,,,,,-1,-1,,,,,,,,-1,,,
Besiege,,,,,1,,,,,,,,,,,,-1
Besiege,,,,,,,0,0,,,,,,,,,
Besiege,,,-1,,,-1,,-1,,,,,,,-1,,-1
Besiege,,,,,,,,,,,,,,,,,
Besiege,,,,,,,1,,,,,,,,,,
Besiege,,,,,,,,,,,,,,,,,
Besiege,,,,,1,,,1,,,,,,,,,
Besiege,,,,,,,,,,,,,,,,,
Besiege,,,,,,,,,,,,,,,,,
Besiege,,,,,0,,,,,,,,,,-1,,
Besiege,,,,,,,,,,,,,,,,,
Besiege,,,,,1,,,,1,1,,,,,,,
Besiege,,,,,,,,,,,,,,,,,
Besiege,,,,,1,,1,,,,,,,,,,
Besiege,,,,,,,,,,,,,,,,,
Besiege,,,,,,,-1,,,,,,,,,,
Besiege,,,,,1,,,,1,,,-1,,,,,
Besiege,-1,0,-1,0,1,-1,1,0,0,0,0,0,,,-1,-1,-1
Besiege,,,,,1,-1,,,,,,,,,-1,-1,
Besiege,,-1,,,,,,,-1,-1,-1,-1,,,,,
Besiege,,,,,1,1,,1,,,,,,,0,,
Besiege,,,-1,,,,,,,,,,,-1,,,
Besiege,,,,,1,-1,,,,,,,,,,-1,-1
Besiege,,,,,-1,-1,-1,-1,-1,-1,,,,,,,
Besiege,,,,,,-1,,,,,,,,,,,
Besiege,,,,1,0,,,,,,,,,,,,-1
Besiege,,,,,,,,,,,,,,,,,
Besiege,,,-1,,,-1,,0,,,,,,,-1,,-1
Middle-earth™: Shadow of War™,-1,,-1,,,-1,,,,,,,,-1,-1,,
Middle-earth™: Shadow of War™,-1,-1,-1,1,1,-1,-1,1,-1,-1,-1,-1,-1,-1,-1,-1,-1
Middle-earth™: Shadow of War™,,,,1,1,-1,,,,,,,,,-1,-1,-1
Middle-earth™: Shadow of War™,,1,,1,1,,1,,1,1,1,1,,,,,
Middle-earth™: Shadow of War™,,,,,-1,-1,,,,,,,,-1,-1,-1,
Middle-earth™: Shadow of War™,,,,1,1,-1,1,1,1,1,1,1,,1,0,-1,-1
Middle-earth™: Shadow of War™,,,,,1,-1,,,,,,,,,,-1,
Middle-earth™: Shadow of War™,,,,,1,-1,,,,,,,,,,,
Middle-earth™: Shadow of War™,,,-1,,,-1,,-1,,-1,,-1,,-1,,,-1
Middle-earth™: Shadow of War™,,,,,,,,,,,,,,,,,
Middle-earth™: Shadow of War™,,,,,1,,,,,,,,,-1,,,
Middle-earth™: Shadow of War™,,,,,1,,1,1,,,,1,,,-1,,
Middle-earth™: Shadow of War™,,,,-1,0,,,,-1,-1,,,,,-1,,-1
Middle-earth™: Shadow of War™,,,,1,1,,1,,1,1,,,,1,,,
Middle-earth™: Shadow of War™,,,,,,,,,,-1,,,,,,,
Middle-earth™: Shadow of War™,,,,,,,,,,,,,,,,,
Middle-earth™: Shadow of War™,,,,,1,,,,,,,,,,,,
Middle-earth™: Shadow of War™,,,,,1,,,,,,,,,,,,
Middle-earth™: Shadow of War™,-1,1,-1,1,1,-1,1,1,1,1,1,1,-1,1,-1,-1,-1
Middle-earth™: Shadow of War™,,,,,,,,,-1,-1,,-1,,,,,
Middle-earth™: Shadow of War™,,,,,,,,,,,,,,,,,-1
Middle-earth™: Shadow of War™,,,,,,,-1,,,,,,,,,,
Middle-earth™: Shadow of War™,,0,,,1,,,,1,,1,0,,,,,
Middle-earth™: Shadow of War™,,,,-1,1,,,,,,,,,,,,-1
Middle-earth™: Shadow of War™,0,0,-1,-1,1,,,,0,0,1,,,,,-1,
Middle-earth™: Shadow of War™,,,,0,0,,,0,,,,0,,,,,-1
Middle-earth™: Shadow of War™,,,,-1,1,-1,-1,-1,-1,-1,,-1,,-1,-1,-1,-1
Middle-earth™: Shadow of War™,,,,,1,,,,,,,,,,,,
Middle-earth™: Shadow of War™,,,,,1,,,,,,,,,,,,
Middle-earth™: Shadow of War™,,,,,,,,,,,,,,,,,
Middle-earth™: Shadow of War™,,,,,1,,,,,,,,,,,,
Middle-earth™: Shadow of War™,,,,,1,,,,,,,,,,-1,,-1
Middle-earth™: Shadow of War™,,,,,,,,,,,,,,,,,
Middle-earth™: Shadow of War™,,,,,1,,,,,,,-1,,,,,
Middle-earth™: Shadow of War™,,,,,1,,,,,,,,,,,,
Middle-earth™: Shadow of War™,,,,1,1,,1,,1,1,,,,,,,
Middle-earth™: Shadow of War™,,,,1,1,,,,,,,,,,,,
Middle-earth™: Shadow of War™,,,,0,0,,,,,,,,,,,,
Middle-earth™: Shadow of War™,,,,1,1,-1,1,1,,,,1,-1,,,-1,-1
Middle-earth™: Shadow of War™,,,,,1,,,,,,,-1,,,-1,-1,
Middle-earth™: Shadow of War™,,,,1,1,-1,1,1,1,1,,1,,1,-1,1,
Middle-earth™: Shadow of War™,1,1,,,,1,,1,1,1,,,,1,1,,
Middle-earth™: Shadow of War™,,,,,,,,,,,,,,,,,
Middle-earth™: Shadow of War™,,,,-1,0,-1,,-1,,,,-1,,,,,-1
Middle-earth™: Shadow of War™,,-1,-1,-1,0,-1,-1,-1,0,-1,-1,-1,,-1,-1,-1,-1
Middle-earth™: Shadow of War™,,,-1,,1,,,,,,,,,,,,
Middle-earth™: Shadow of War™,,,,,1,,,,,,,,,,,,
Middle-earth™: Shadow of War™,,,,,,,,,,,,,,,,,
Middle-earth™: Shadow of War™,,,,-1,1,,,-1,,-1,,-1,,,-1,-1,-1
Middle-earth™: Shadow of War™,,,,,1,,,,,,,,,,,,
Middle-earth™: Shadow of War™,,,,,,,,,,,,,,,,,
Middle-earth™: Shadow of War™,,,,,,,,,,,,,,,,,
Middle-earth™: Shadow of War™,,,,,,,,,,,,,,,,,
Middle-earth™: Shadow of War™,,-1,,,,,,,-1,-1,-1,-1,,,,,
Middle-earth™: Shadow of War™,,,,,1,-1,,,,,,,,,-1,-1,-1
Middle-earth™: Shadow of War™,,,,,,,,,,,,,,,,,
Middle-earth™: Shadow of War™,,,,0,0,,1,,,,,,,,,,
Middle-earth™: Shadow of War™,,,-1,,-1,-1,,,,,,,,,-1,-1,-1
Middle-earth™: Shadow of War™,,,,,1,,0,,,,,,,,,,
Middle-earth™: Shadow of War™,,,,-1,1,-1,,,,,-1,-1,-1,,,,-1
Middle-earth™: Shadow of War™,,,,,,,,,,,,,,,,,
Middle-earth™: Shadow of War™,,,,,1,,,,-1,-1,,-1,,,,,-1
Middle-earth™: Shadow of War™,,,,,,,,,,,,,,,,,
Middle-earth™: Shadow of War™,,,,,,,,,,,,,,,,,
Middle-earth™: Shadow of War™,,,,,1,,,,,,,,,,,,
Middle-earth™: Shadow of War™,,,,,,,,,,,,,,,,,
Middle-earth™: Shadow of War™,,,,,1,,,,,,,,,,,,
Middle-earth™: Shadow of War™,,,,-1,1,,,,1,-1,-1,-1,-1,,,,-1
Middle-earth™: Shadow of War™,,,,,1,-1,,,,,,,,,,,-1
Middle-earth™: Shadow of War™,,,,,1,,1,1,,,,,,,,,
Middle-earth™: Shadow of War™,-1,-1,,,-1,-1,-1,-1,-1,,-1,,,,-1,-1,-1
Middle-earth™: Shadow of War™,,,,,,,,,,,,,,,,,
Middle-earth™: Shadow of War™,,,,-1,1,,,,,,,,,,,,-1
Middle-earth™: Shadow of War™,,,,,1,,,,1,1,,,,,,,
Middle-earth™: Shadow of War™,,,,0,1,,,,,0,,0,,,,,
Middle-earth™: Shadow of War™,,,,1,1,,,,,,,,,,,,
Middle-earth™: Shadow of War™,,,,,,,,,,,,,,,,,
Middle-earth™: Shadow of War™,,,,,1,-1,,0,,,,0,,,-1,,-1
Middle-earth™: Shadow of War™,,,,,1,,,,,,,,,,,,
Middle-earth™: Shadow of War™,,,,,1,,,,,,,,,,,,
Middle-earth™: Shadow of War™,,,,,1,,,,,,,,,,-1,,
Middle-earth™: Shadow of War™,,,,,1,,,,,,,1,,,,,
Middle-earth™: Shadow of War™,,,,,,,,,,-1,,,,-1,,,
Middle-earth™: Shadow of War™,,,,,1,,,,,,,,,,,,
Middle-earth™: Shadow of War™,-1,,-1,,1,,,,,,,,,-1,,,
Middle-earth™: Shadow of War™,,,,,0,,,,,,,,,,,,
Middle-earth™: Shadow of War™,,,-1,1,1,-1,-1,1,1,1,1,1,-1,1,-1,-1,-1
Middle-earth™: Shadow of War™,,1,,1,1,-1,1,1,1,1,1,1,,,-1,-1,-1
Middle-earth™: Shadow of War™,,,,,,,,,,,,,,,0,-1,
Middle-earth™: Shadow of War™,,,,1,1,0,1,1,1,1,,1,,1,0,0,-1
Middle-earth™: Shadow of War™,1,1,-1,1,1,-1,1,1,1,,1,1,,1,0,-1,-1
Middle-earth™: Shadow of War™,,,,,,,,,,,,,,-1,,,
Middle-earth™: Shadow of War™,,,,1,1,,1,1,1,,,1,,,-1,-1,-1
Middle-earth™: Shadow of War™,,,,-1,1,,,,,,,,,,,,
Middle-earth™: Shadow of War™,,,,,,,,,,,,,,,,,
Middle-earth™: Shadow of War™,,,,,1,,,,,,,,,,,,-1
Middle-earth™: Shadow of War™,,,,,,,,,,,,,,,,,
Middle-earth™: Shadow of War™,-1,-1,-1,-1,0,-1,,,-1,-1,-1,,-1,-1,-1,-1,-1
Middle-earth™: Shadow of War™,-1,,-1,1,1,,-1,-1,-1,-1,,-1,-1,-1,-1,-1,
Middle-earth™: Shadow of War™,,,,,,,,,,,,,,,,,
Elite Dangerous,,,,,1,,,,,,,,,,,,
Elite Dangerous,,,,,1,-1,,,,,,,,,-1,-1,-1
Elite Dangerous,-1,,-1,,,,,,,,,,-1,-1,,-1,
Elite Dangerous,,,,,1,,,1,,,,1,,,,,
Elite Dangerous,,,,,,,,,,,,,,,,,
Elite Dangerous,,,,,,,,,,,,,,,,,
Elite Dangerous,,,,,,,,,,,,,,,,1,
Elite Dangerous,,,,-1,,,,,,,,,,-1,,,
Elite Dangerous,,,,,0,-1,,,,,,,,,,,-1
Elite Dangerous,,,,1,0,-1,-1,1,0,-1,-1,-1,,,-1,-1,-1
Elite Dangerous,,,,1,0,,,,1,-1,,,,,,,-1
Elite Dangerous,,,,-1,,,-1,,,,,-1,,,,,
Elite Dangerous,,,,0,1,,-1,0,0,-1,,,,-1,,-1,
Elite Dangerous,,,,,,,,,,,,,,,,,
Elite Dangerous,,,,,,,,,,,,,,,,,
Elite Dangerous,,,,,1,,,,,,,,,,,-1,
Elite Dangerous,,,,1,1,,,,,,,,,,,,
Elite Dangerous,,,,-1,1,-1,-1,-1,0,,-1,-1,-1,,-1,-1,-1
Elite Dangerous,,,,,1,,,,,,,,,,,,
Elite Dangerous,0,1,-1,,,,1,1,,,,,,1,,,
Elite Dangerous,,,,,,-1,,,,,,,,-1,,,
Elite Dangerous,,,,-1,1,,,0,,,,,,,,-1,-1
Elite Dangerous,-1,,-1,0,1,,,1,,,,,,0,-1,-1,
Elite Dangerous,0,1,-1,1,1,,1,1,1,0,1,,,,,,
Elite Dangerous,,,,-1,1,,-1,1,,,,,,,,,
Elite Dangerous,,,,1,,,,,,,,,,,-1,-1,-1
Elite Dangerous,,,,,1,,1,,,,,,,,,,
Elite Dangerous,,,,,,,,,,,,,,,,,
Elite Dangerous,,,,,,,,,,,,,,-1,,,
Elite Dangerous,,,,,1,,,,,,,,,,,,-1
Elite Dangerous,,,,-1,-1,-1,-1,-1,-1,-1,,-1,,-1,-1,-1,-1
Elite Dangerous,,,,,1,,,,1,,,,,,,,
Elite Dangerous,-1,,,1,1,,0,,1,,,1,,,-1,-1,
Elite Dangerous,,,,,,,,,,,,,,,,,
Elite Dangerous,,,,,,,,,,,,,,,,-1,
Elite Dangerous,,,,-1,,,,,,,,,,-1,,,
Elite Dangerous,,,,,,,,,,,,,,,,,
Elite Dangerous,,,-1,,,-1,,,,,,,,,-1,,-1
Elite Dangerous,,,,1,-1,,-1,,,,,,,,,,
Elite Dangerous,,,,,,,,,,,,,,,,,
Elite Dangerous,,,,,1,,,,,,,,,,-1,-1,
Elite Dangerous,,,,0,1,,0,,,,,,,0,,,
Elite Dangerous,,,,,1,,,,,,,,,,,,
Elite Dangerous,,,,,,-1,,,,,,,,-1,,,
Elite Dangerous,,,,,,,,,,,,,,-1,,,
Elite Dangerous,-1,1,,1,1,,-1,,1,,-1,,,-1,,-1,
Elite Dangerous,,,,-1,1,,1,1,,,,,,-1,-1,-1,
Elite Dangerous,,,-1,,1,,,,,,,,-1,-1,,,
Elite Dangerous,,,,,,,,,,,,,,,,,
Elite Dangerous,,,,,1,,,-1,,,,-1,,,,,
Elite Dangerous,-1,,,1,1,,,1,1,1,,,,1,0,-1,
Elite Dangerous,,,,1,1,,1,1,,,,,,1,,-1,
Elite Dangerous,,,,,,,,,,,,,,,,,
Elite Dangerous,,,,,1,-1,,,,,,,,,,-1,
Elite Dangerous,,,,1,1,,,1,,,,,,,,,
Elite Dangerous,,,-1,,,,,,,,,,,-1,,,
Elite Dangerous,,,,1,1,,1,1,,,,,,,,,
Elite Dangerous,,,,,,,,,,,,,,,,,
Elite Dangerous,,,,,1,-1,-1,-1,,,,,,-1,,-1,
Elite Dangerous,,,,1,1,,,1,,,,,,,1,1,-1
Elite Dangerous,,,,,,,,,,,,,,,,,
Elite Dangerous,-1,,-1,,1,-1,-1,-1,1,-1,,,,-1,-1,,-1
Elite Dangerous,,,-1,,,,,,,,,,,,,,
Elite Dangerous,,,,,,,,,,,,,,,,,
Elite Dangerous,,,,,1,,1,,,,,,,,,,
Elite Dangerous,,,,,,,,,,,,,,,,,
Elite Dangerous,,,,,,,,,,,,,,,,,
Elite Dangerous,,,,,1,,,,,,,,,,,,
Elite Dangerous,,,,,1,,,,,,,,,,,,
Elite Dangerous,-1,,-1,-1,1,,1,0,,,,0,,-1,-1,-1,-1
Elite Dangerous,,,,1,1,,1,1,,,,,,-1,,-1,
Elite Dangerous,,,,1,1,,,,,,,,,,-1,-1,-1
Elite Dangerous,,,,,1,,,,,,,,,,,,-1
Elite Dangerous,,-1,,,1,,,,0,,-1,,,,,,
Elite Dangerous,-1,1,,1,1,,1,0,1,,1,1,,-1,-1,-1,-1
Elite Dangerous,,,,,,,,,,,,,,-1,,,
Elite Dangerous,,,,,1,-1,,,,,,,,-1,,,
Elite Dangerous,,,,,,,,,,,,,,,,,
Elite Dangerous,-1,1,,1,1,-1,1,,1,,1,,,,-1,-1,
Elite Dangerous,,,,,,,,,,,,,,-1,,,
Elite Dangerous,-1,-1,,,-1,,,,-1,,-1,,,,,-1,
Elite Dangerous,,,,,1,-1,,,,,,,,,,-1,
Elite Dangerous,,,-1,,,,,,,,,,,,,,
Elite Dangerous,,,,1,1,,,,,,,,,-1,-1,-1,-1
Elite Dangerous,,,,1,1,,,,,,,,,,,,
Elite Dangerous,,,,,1,,,,,,,,,,-1,,
Elite Dangerous,,,,,,,,,,,,,,,-1,,-1
Elite Dangerous,,,,,,,,,,,,,,,,,
Elite Dangerous,-1,,-1,,,-1,,,,,,,-1,-1,,,
Elite Dangerous,,,,,,,,,,,,,-1,,,,
Elite Dangerous,,,,,1,-1,,,,,,,-1,-1,-1,-1,-1
Elite Dangerous,,,,,0,,,,,,,,,,,,-1
Elite Dangerous,,,-1,,-1,,,,,,,,,,,,
Elite Dangerous,,,,,,,,,,,,,,,,,
Elite Dangerous,,,,,,-1,,,,,,,-1,-1,,,
Elite Dangerous,,,,,,,,,,,,,,,,,
Elite Dangerous,,,,,1,,,,,,,,,,,-1,
Elite Dangerous,,,,,1,1,,,,,,,,1,,,
Elite Dangerous,,,,,1,,,,,,,,,,,,
Elite Dangerous,,,,,,-1,-1,,,,,,,,-1,-1,
Tom Clancy's Rainbow Six Siege,,,,,,-1,,,,,,,,-1,,-1,
Tom Clancy's Rainbow Six Siege,,,,,,,,,,,,,,,,,
Tom Clancy's Rainbow Six Siege,,,,,,,,,,,,,,,,,
Tom Clancy's Rainbow Six Siege,,1,,,1,-1,1,1,,,,,,,-1,-1,-1
Tom Clancy's Rainbow Six Siege,,,,,,,,,,,,,,,,,
Tom Clancy's Rainbow Six Siege,,,,,-1,,,,,,,,,,,,
Tom Clancy's Rainbow Six Siege,-1,,-1,,,,,,,,,,,,,,
Tom Clancy's Rainbow Six Siege,,,,,1,-1,,,,,,,,,-1,,-1
Tom Clancy's Rainbow Six Siege,,,,0,,,,,,,,,,,,,
Tom Clancy's Rainbow Six Siege,,,,,,,0,,,,,,,,,,
Tom Clancy's Rainbow Six Siege,,,,,,,,,,,,,,,,,
Tom Clancy's Rainbow Six Siege,,,,1,1,1,1,,,,,,,1,,-1,
Tom Clancy's Rainbow Six Siege,,,,,,,,,,,,,,,,,
Tom Clancy's Rainbow Six Siege,,,,,,,,,,,,,,,,,
Tom Clancy's Rainbow Six Siege,,,,,1,,,,1,,,1,,,,,
Tom Clancy's Rainbow Six Siege,,,,,,,,,,,,,,,,,
Tom Clancy's Rainbow Six Siege,,,,0,1,,,,,,,,,,,,
Tom Clancy's Rainbow Six Siege,,,,,1,,,,,,,,-1,,,,
Tom Clancy's Rainbow Six Siege,,,,,,,,,,,,,,,,,
Tom Clancy's Rainbow Six Siege,,,,,,,,,,,,,,,,,
Tom Clancy's Rainbow Six Siege,,,,,,-1,,,,,,,,,,,
Tom Clancy's Rainbow Six Siege,,,,1,1,,,,,,,,,,,1,
Tom Clancy's Rainbow Six Siege,,,,,,-1,,,,,,,,-1,,,
Tom Clancy's Rainbow Six Siege,,,,,1,,1,,,,,,,,,,
Tom Clancy's Rainbow Six Siege,,,,,,,,,,,,,-1,,,,
Tom Clancy's Rainbow Six Siege,,,,,1,,,,,,,,,,0,,
Tom Clancy's Rainbow Six Siege,,-1,-1,,1,-1,1,1,-1,-1,-1,,-1,-1,-1,,-1
Tom Clancy's Rainbow Six Siege,,,-1,,,,,,,,,,,,,,
Tom Clancy's Rainbow Six Siege,,,,,,,,,,,,,,,,,
Tom Clancy's Rainbow Six Siege,,,,,1,,,,,,,,,,,,
Tom Clancy's Rainbow Six Siege,,,,,,,,,,,,,,,,,
Tom Clancy's Rainbow Six Siege,,,,,,,,,,,,,,,,,
Tom Clancy's Rainbow Six Siege,,,,,,,,,,,,,,,,,
Tom Clancy's Rainbow Six Siege,,,,,,,,,,,,,,,,,
Tom Clancy's Rainbow Six Siege,,,,,,,,,,,,,,,-1,,
Tom Clancy's Rainbow Six Siege,,,,,,,,,,,,,,,,-1,
Tom Clancy's Rainbow Six Siege,,,,,1,,,,,,,,,,,,
Tom Clancy's Rainbow Six Siege,,,,,,,,,,,,,,,,,
Tom Clancy's Rainbow Six Siege,,,,,1,,,,,,,,,,,,
Tom Clancy's Rainbow Six Siege,,,,,1,,,,1,1,,1,,,,,
Tom Clancy's Rainbow Six Siege,,,,,0,,,,,,,,,,,,
Tom Clancy's Rainbow Six Siege,,,,,,,,,,,,,,,,,
Tom Clancy's Rainbow Six Siege,,,,,,,,0,,,,0,,,,,
Tom Clancy's Rainbow Six Siege,,,,,,,,,,,,,,,,,
Tom Clancy's Rainbow Six Siege,,,,,1,,,,1,1,,,,,,,
Tom Clancy's Rainbow Six Siege,-1,-1,-1,,1,,,,,,,,,,,,
Tom Clancy's Rainbow Six Siege,,,,,,-1,,,,,,,-1,,,,
Tom Clancy's Rainbow Six Siege,,,,,1,,,,,,,,,,,,
Tom Clancy's Rainbow Six Siege,,,,,,,,,,,,,,,,,
Tom Clancy's Rainbow Six Siege,,,,,,,,,,,,,,,,,
Tom Clancy's Rainbow Six Siege,,,-1,,,,,,,,,,,,,,
Tom Clancy's Rainbow Six Siege,,,,,1,,,,,,,,,,,-1,
Tom Clancy's Rainbow Six Siege,,,,,,,,,,,,,,,,,
Tom Clancy's Rainbow Six Siege,,,-1,,,,,,,,,,,-1,,,
Tom Clancy's Rainbow Six Siege,,,,,,,,,,,,,,,,,
Tom Clancy's Rainbow Six Siege,,,,,,,,,,,,,-1,,,,
Tom Clancy's Rainbow Six Siege,,,,,,,,,,,,,,,,,
Tom Clancy's Rainbow Six Siege,,,,,,-1,,,,,,,,-1,,,
Tom Clancy's Rainbow Six Siege,,,,,,-1,,,,,,,,-1,,,
Tom Clancy's Rainbow Six Siege,,,,,,,,,,,,,,,,,
Tom Clancy's Rainbow Six Siege,,,,,1,-1,,,,,,,,,,,
Tom Clancy's Rainbow Six Siege,,,,,,,,,,,,,,,-1,,
Tom Clancy's Rainbow Six Siege,,,,,1,,,,,,,,,,,,
Tom Clancy's Rainbow Six Siege,,,,,,,,,,,,,,,1,1,
Tom Clancy's Rainbow Six Siege,,,,,,,,,,,,,,,,,
Tom Clancy's Rainbow Six Siege,,,,,1,,,,,,,,,,,,
Tom Clancy's Rainbow Six Siege,,,,,,,,,,,,,,,,,
Tom Clancy's Rainbow Six Siege,,,,,0,,,,,,,,,,,,
Tom Clancy's Rainbow Six Siege,,,,,,,,,,,,,,,,,
Tom Clancy's Rainbow Six Siege,,,,,,,,,,,,,,,,,
Tom Clancy's Rainbow Six Siege,,,,,1,,,,,,,,,,,,
Tom Clancy's Rainbow Six Siege,,,,,,,,,,,,,,,,,
Tom Clancy's Rainbow Six Siege,,,,,,,,,,,,,,,,,
Tom Clancy's Rainbow Six Siege,,,-1,,,,,,,,,,-1,,,,-1
Tom Clancy's Rainbow Six Siege,,,,,1,-1,1,1,,,,,,,,,
Tom Clancy's Rainbow Six Siege,,,,,,,,,,,,,,,,,
Tom Clancy's Rainbow Six Siege,,,,,1,,,,,,,,,,,,
Tom Clancy's Rainbow Six Siege,,,,,,,,,,,,,,,,,
Tom Clancy's Rainbow Six Siege,,,,,1,,,,,,,,,,,,
Tom Clancy's Rainbow Six Siege,,,,,,,,,,,,,,,,,
Tom Clancy's Rainbow Six Siege,,,,,1,,,,,,,,,,,,
Tom Clancy's Rainbow Six Siege,,,,,1,,,,,,,,,,,,
Tom Clancy's Rainbow Six Siege,,,,,,,,,,,,,,,,,
Tom Clancy's Rainbow Six Siege,,,,,,,,,,,,,,,,,
Tom Clancy's Rainbow Six Siege,,,,,-1,,,,,,,,,,,-1,
Tom Clancy's Rainbow Six Siege,,,,,,,,,,,,,,,,,
Tom Clancy's Rainbow Six Siege,,,,,1,,,,,,,,,,,,
Tom Clancy's Rainbow Six Siege,,,,1,1,-1,1,1,,,,1,,,-1,-1,-1
Tom Clancy's Rainbow Six Siege,-1,-1,-1,1,0,-1,-1,-1,-1,-1,-1,-1,-1,,,-1,-1
Tom Clancy's Rainbow Six Siege,,,,,0,,,,,,,,,,,,
Tom Clancy's Rainbow Six Siege,,,-1,1,1,-1,1,0,0,0,,0,,-1,-1,-1,-1
Tom Clancy's Rainbow Six Siege,,,,,1,-1,1,1,1,,,,,,-1,-1,
Tom Clancy's Rainbow Six Siege,,,,,1,,,,,,,,,,,,
Tom Clancy's Rainbow Six Siege,,,,1,1,,1,1,,,,,,1,,1,
Tom Clancy's Rainbow Six Siege,,,,,1,,,,,,,,,,,,
Tom Clancy's Rainbow Six Siege,,,,1,1,,,,,,,-1,,,,,
Tom Clancy's Rainbow Six Siege,,,,,1,,1,,,,,,,-1,,,
Tom Clancy's Rainbow Six Siege,,,,,,,,,,,,,,,,,
Tom Clancy's Rainbow Six Siege,,,,,1,,,,,,,,,,,,
Tom Clancy's Rainbow Six Siege,,,,,,,,,,,,,,-1,,,
Romance of the Three Kingdoms XIII,,,,,1,,1,1,,,,,,,-1,-1,
Romance of the Three Kingdoms XIII,,,,,0,-1,,,,,,,,,,-1,
Romance of the Three Kingdoms XIII,,,,,1,-1,1,1,,,,1,,,-1,-1,-1
Romance of the Three Kingdoms XIII,,,,,1,,1,,,,,,,,,,
Romance of the Three Kingdoms XIII,,,,,,,,,,,,,,,,,
Romance of the Three Kingdoms XIII,,,,,1,-1,,,,,,,,,-1,,-1
Romance of the Three Kingdoms XIII,,,,0,0,,,,,,,,,,,,
Romance of the Three Kingdoms XIII,,,,,-1,,,,,,,,,,,,
Romance of the Three Kingdoms XIII,,,,,1,,,,,,,,,,,,
Romance of the Three Kingdoms XIII,,,,,,,,,,,,,,,,,
Romance of the Three Kingdoms XIII,,,,,1,,,,,,,,,,,,
Romance of the Three Kingdoms XIII,,,,,,-1,,,,,,,,-1,-1,-1,-1
Romance of the Three Kingdoms XIII,,,,,1,,,,,,,,,,,,
Romance of the Three Kingdoms XIII,,,,1,1,,,,,,,,,,,,
Romance of the Three Kingdoms XIII,,,,,,,,,,,,,,,,,
Romance of the Three Kingdoms XIII,,,,,0,,,-1,-1,-1,,,,-1,,,
Romance of the Three Kingdoms XIII,,,,0,1,,,0,,,,0,,,-1,,-1
Romance of the Three Kingdoms XIII,,,,,,,,,,,,,,,,,
Romance of the Three Kingdoms XIII,,,,,,,,,,,,,,,,,
Romance of the Three Kingdoms XIII,,,,,,,1,,,,,,,,,,
Romance of the Three Kingdoms XIII,,,,,-1,,,,,,,,,,,,
Romance of the Three Kingdoms XIII,,,-1,,,-1,,,,,,,,-1,,,
Romance of the Three Kingdoms XIII,,,,,0,-1,-1,,,,,,,-1,,,
Romance of the Three Kingdoms XIII,,,-1,,,,,,,,,,,-1,,,
Romance of the Three Kingdoms XIII,,,,1,1,,,,,,,,,,,,
Romance of the Three Kingdoms XIII,,,,,1,-1,,,,,,,,,,,
Romance of the Three Kingdoms XIII,,,,,1,,,,,,,,,,,,
Romance of the Three Kingdoms XIII,,,,,,,,,,,,,,-1,,,
Romance of the Three Kingdoms XIII,,,,,1,,,,,,,,,,,,
Romance of the Three Kingdoms XIII,,,,1,1,-1,1,-1,,,,,,-1,,,
Romance of the Three Kingdoms XIII,,,,,,,,,,,,,,,,,
Romance of the Three Kingdoms XIII,,,,,1,,,,,,,,,,,,
Romance of the Three Kingdoms XIII,,,,,1,,,,,,,,,,,,
Romance of the Three Kingdoms XIII,,,,,1,-1,,,,,,1,,,,,
Romance of the Three Kingdoms XIII,,,-1,1,1,-1,1,1,,,,0,,-1,,,
Romance of the Three Kingdoms XIII,,,,,,,,,,,,,,,,,
Romance of the Three Kingdoms XIII,,,,,,,,,,,,,,,,,
Romance of the Three Kingdoms XIII,,,,,1,,,,,,,,,,,,
Romance of the Three Kingdoms XIII,,,,,,,,,,,,,,,,,
Romance of the Three Kingdoms XIII,,,,,1,,,,,,,,,,,,
Romance of the Three Kingdoms XIII,,,,,,,,,,,,,,,,,
Romance of the Three Kingdoms XIII,,,,,,,,,,,,,,,,,
Romance of the Three Kingdoms XIII,,,,,1,,,,,,,,,,,,
Romance of the Three Kingdoms XIII,,,,,1,,,1,,,,,,,,,
Romance of the Three Kingdoms XIII,,,,1,0,,,,,,,,,,,-1,
Romance of the Three Kingdoms XIII,,,,,,,,,,,,,,-1,,,
Romance of the Three Kingdoms XIII,,,,,1,,,,,,,,,,,,
Romance of the Three Kingdoms XIII,,,,,,,,,,,,,,,,,
Romance of the Three Kingdoms XIII,,,,,,,,,,,,,,,,,
Romance of the Three Kingdoms XIII,,,,,1,,,,,,,,,,,,
Romance of the Three Kingdoms XIII,,,,,,,,,,,,,,,,,
Romance of the Three Kingdoms XIII,,,,,1,,,,,,,,,,,,
Romance of the Three Kingdoms XIII,,,,,,,,,,,,,,,,,
Romance of the Three Kingdoms XIII,,,,,1,,,,,,,,,,,,
Romance of the Three Kingdoms XIII,,,,,1,,,,,,,,,,,,
Romance of the Three Kingdoms XIII,,,,,1,,,,,,,,,,,,
Romance of the Three Kingdoms XIII,,,,,,,,,,,,,,,,,
Romance of the Three Kingdoms XIII,,,,,-1,,,,,,,,,,,,
Romance of the Three Kingdoms XIII,,,-1,,,,,,,,,,,,,,
Romance of the Three Kingdoms XIII,,,,,1,,,,,,,,,,,,
Romance of the Three Kingdoms XIII,,,,,1,,1,,,,,,,1,,,
Romance of the Three Kingdoms XIII,,,,,1,,,,,,,,,,,,
Romance of the Three Kingdoms XIII,,,,1,1,-1,,,,,,,,1,-1,-1,-1
Romance of the Three Kingdoms XIII,,,-1,,0,,,,,,,,,,,,
Romance of the Three Kingdoms XIII,,,,,1,,,,,,,,,,,,
Romance of the Three Kingdoms XIII,,,,,1,,,,,,,,,,,,
Romance of the Three Kingdoms XIII,,,,,1,,,,,,,,,,,,
Romance of the Three Kingdoms XIII,,,,,,,,,,,,,,,,,
Romance of the Three Kingdoms XIII,,,,,-1,,,,,,,,,,,,
Romance of the Three Kingdoms XIII,,,-1,,,,,,,,,,,,,,
Romance of the Three Kingdoms XIII,,,,,1,,,,,,,,,,,,
Romance of the Three Kingdoms XIII,,,,,,,,,,,,,,,,,
Romance of the Three Kingdoms XIII,,,,,,,,,,,,,,,,,
Romance of the Three Kingdoms XIII,,,,,,,,,,,,,,,,,
Romance of the Three Kingdoms XIII,,,,,1,,,,,,,,,,,,
Romance of the Three Kingdoms XIII,,,,,1,,,,,,,,,,,,
Romance of the Three Kingdoms XIII,,,,-1,1,,,1,,,,,,,-1,-1,-1
Romance of the Three Kingdoms XIII,,,,,1,,,,,,,,,,,,
Romance of the Three Kingdoms XIII,,,,-1,1,,,,,,,,,,,,
Romance of the Three Kingdoms XIII,,,,,1,,,,,,,,,,,,
Romance of the Three Kingdoms XIII,,,,,,,,,,,,,,,,,
Romance of the Three Kingdoms XIII,,,,,1,,,,,,,,,,,,
Romance of the Three Kingdoms XIII,,,,,0,-1,-1,0,,,,,,-1,-1,-1,
Romance of the Three Kingdoms XIII,,,,,,,,,,,,,,,,,
Romance of the Three Kingdoms XIII,,,,,1,,,,,,,,,,,,
Romance of the Three Kingdoms XIII,,,,,1,,,,,,,,,,,,
Romance of the Three Kingdoms XIII,,,,,,,,,,,,,,,,,
Romance of the Three Kingdoms XIII,,,,1,1,,1,1,,,,,,0,,-1,
Romance of the Three Kingdoms XIII,0,0,0,1,1,,0,1,0,0,1,1,0,1,,,0
Romance of the Three Kingdoms XIII,,,,1,1,-1,1,1,,,,1,,,-1,-1,-1
Romance of the Three Kingdoms XIII,,,,1,1,,1,,,,,,,1,,,
Romance of the Three Kingdoms XIII,,,,,1,,,,,,,,,,,,
Romance of the Three Kingdoms XIII,,,,,,,,,,,,,,,,,
Romance of the Three Kingdoms XIII,,,,,-1,,,,,,,,,,,,
Romance of the Three Kingdoms XIII,,,,,1,,,,,,,,,,,,
Romance of the Three Kingdoms XIII,,,,,1,,1,,1,,,,,,,,
Romance of the Three Kingdoms XIII,,,,,,,,,,,,,,,,,
Romance of the Three Kingdoms XIII,,,,1,1,,1,1,,,,,,,,,
Romance of the Three Kingdoms XIII,,,,,,,,,,,,,,,,,
Romance of the Three Kingdoms XIII,,,,,,,,,,,,,,,,,
Total War: WARHAMMER,,,,1,1,,1,0,,,,0,,,,-1,
Total War: WARHAMMER,-1,0,-1,1,1,,0,1,1,0,1,1,,0,,-1,
Total War: WARHAMMER,,,,-1,1,,-1,-1,,,,,,-1,,,
Total War: WARHAMMER,,,,,,,,,,,,,,,,,
Total War: WARHAMMER,,,,,1,,,,,,,,,,,,
Total War: WARHAMMER,,,,,1,,-1,,,,,,,-1,,,
Total War: WARHAMMER,,,,,1,,,,,,,,,,,,
Total War: WARHAMMER,,,,,1,,,,,,,,,,,,
Total War: WARHAMMER,-1,,-1,,1,,,,,,,,,,,,
Total War: WARHAMMER,,,,,,,,,,,,,,,,,
Total War: WARHAMMER,,,,,1,,,,,,,,,,,,
Total War: WARHAMMER,0,1,,1,1,-1,1,1,,,,,,1,,,
Total War: WARHAMMER,,,,,,,,,,,,,,,,,
Total War: WARHAMMER,,,,,,,,,,,,,,,,,
Total War: WARHAMMER,,,-1,,,,,,,,,,,,,,-1
Total War: WARHAMMER,,,,,,-1,,,,,,,,-1,,,
Total War: WARHAMMER,,,,,,,,,,,,,,,,,
Total War: WARHAMMER,,,,1,1,,1,,,,,,,1,,1,
Total War: WARHAMMER,,,,,1,,,,,,,,,,,,
Total War: WARHAMMER,,,,,1,,1,,,,,,,,,,
Total War: WARHAMMER,,,,,1,,,,,,,,,,,,
Total War: WARHAMMER,,,,,,,,,,,,,,,,,
Total War: WARHAMMER,,,,,,,,,,,,,,,1,,
Total War: WARHAMMER,,,-1,-1,0,,,-1,,,,-1,,,,,
Total War: WARHAMMER,,,,,,,,,,,,,,,,,
Total War: WARHAMMER,,,,,,,,,,,,,,,-1,-1,
Total War: WARHAMMER,,,,,,,,,,,,,,,,,
Total War: WARHAMMER,,1,,,1,,1,,1,,1,1,,,,,
Total War: WARHAMMER,,,,,,,,,,,,,,,,-1,
Total War: WARHAMMER,,,,,1,,,,,,,,,,,-1,
Total War: WARHAMMER,,,,,1,,,,,,,,,,-1,-1,
Total War: WARHAMMER,,,,1,1,,,1,,,,,,,1,1,1
Total War: WARHAMMER,,,,1,1,,1,1,,,,,,,,,
Total War: WARHAMMER,,,,,,,,,,,,,,,,,
Total War: WARHAMMER,,,,,,,,,,,,,,,,,
Total War: WARHAMMER,,,,,1,,,,,,,,,,,,
Total War: WARHAMMER,,,,,0,,0,,,,,,,,,,
Total War: WARHAMMER,,,,,,,,,,,,,,,,,
Total War: WARHAMMER,,,,,1,,,,,,,,,,,,
Total War: WARHAMMER,,,,,,,,,,,,,,,,,
Total War: WARHAMMER,,,,1,,,,,,,,,,,,,
Total War: WARHAMMER,,,,,,,,,,,,,,,,,
Total War: WARHAMMER,,,,,0,,,,,,,,,,,,
Total War: WARHAMMER,,,,,1,,,,,,,,,,,,
Total War: WARHAMMER,,,,,1,,,,,,,,,,,,
Total War: WARHAMMER,-1,-1,,,,,,,,,,,,,,,
Total War: WARHAMMER,,,,,,,,,,,,,,,,,
Total War: WARHAMMER,,,,,1,,1,1,,,,1,,,,,
Total War: WARHAMMER,,,,,1,,,,,,,,,,,,
Total War: WARHAMMER,,,,,,-1,,,,,,,,-1,,-1,
Total War: WARHAMMER,,,,,,,,,,,,,,-1,,,
Total War: WARHAMMER,-1,,-1,,1,,,,,,,,,,,,
Total War: WARHAMMER,,,,,,-1,,,,,,,,-1,,,
Total War: WARHAMMER,,,,,,,,,,,,,,,,,
Total War: WARHAMMER,,,,,1,,,,,,,,,,,,
Total War: WARHAMMER,,,-1,,,,,,,,,,-1,,,,
Total War: WARHAMMER,,,,,1,,,,,,,,,,,,
Total War: WARHAMMER,,,-1,,-1,-1,,,,,,,-1,-1,-1,-1,-1
Total War: WARHAMMER,,,-1,,1,-1,,,,,,,,-1,,,
Total War: WARHAMMER,,,,,1,,,,,,,,,,,1,
Total War: WARHAMMER,,,,,1,,,,,,,,,,,,
Total War: WARHAMMER,,,,,,,-1,,,,,,,,,,
Total War: WARHAMMER,,,,,,,,,,,,,,,,,
Total War: WARHAMMER,,,,,1,,,,,,,,,,,,
Total War: WARHAMMER,,,,,,,,,,,,,,,,,
Total War: WARHAMMER,,,,,,,,,,,,,,,,,
Total War: WARHAMMER,,,,,,,,,,,,,,,,,
Total War: WARHAMMER,,,,,1,,1,,,,,,,,,,
Total War: WARHAMMER,,,,,,,,,,,,,,,,,
Total War: WARHAMMER,-1,1,,1,1,,0,,1,,1,,,,,-1,
Total War: WARHAMMER,,,,,1,,,,,,,,,,,-1,
Total War: WARHAMMER,,,,,1,,,,,,,,,,,,
Total War: WARHAMMER,-1,,-1,,1,,,,,,,,,,,,
Total War: WARHAMMER,,,,,1,,,,,,,,,,,,
Total War: WARHAMMER,,,,,1,,,,,,,,,,,,
Total War: WARHAMMER,,,,,1,,1,,,,,,,1,,,
Total War: WARHAMMER,,,,,,,,,,,,,,,,,
Total War: WARHAMMER,-1,,-1,,1,,,,,,,,,0,,,
Total War: WARHAMMER,,,,,1,,,,,,,,,,,,
Total War: WARHAMMER,,,,,,,,,,,,,,,,,
Total War: WARHAMMER,,,,,,,,,,,,,,,,,
Total War: WARHAMMER,,,,1,1,,1,1,,,,,,1,,-1,
Total War: WARHAMMER,,,,,,,,,,,,,,,,,
Total War: WARHAMMER,,,,,1,,,,,,,,,,,,
Total War: WARHAMMER,,,,,,,,,,,,,,,,,
Total War: WARHAMMER,,,,,,-1,,,,,,,,,-1,,
Total War: WARHAMMER,,,,1,1,,1,,,,,,,1,,,
Total War: WARHAMMER,,,,,,-1,,,,,,,,,,,
Total War: WARHAMMER,,,,,1,,,,,,,,,,,,-1
Total War: WARHAMMER,,,,,,,,,,,,,,-1,,,
Total War: WARHAMMER,,,,-1,,,,,,,,,,,,,
Total War: WARHAMMER,,,,,1,,-1,,,,,,,,,,
Total War: WARHAMMER,,,,0,1,,,1,,,,0,-1,,-1,-1,-1
Total War: WARHAMMER,-1,,-1,,,,,,,,,,,-1,,,
Total War: WARHAMMER,,,,,,,,,,,,,,-1,,,
Total War: WARHAMMER,,,,,1,,,,,,,,,,,,
Total War: WARHAMMER,,,-1,1,1,,,1,,,,,,1,,,
Total War: WARHAMMER,,,,,,,,,,,,,,-1,,,
Total War: WARHAMMER,,,,1,1,,,,,,,,,,,,
Total War: WARHAMMER,,,,0,1,,,,,,,,,,,,
Battle Brothers,,,,,1,,,,,,,,,1,,,
Battle Brothers,,,,,,-1,,,,,,,,,,,
Battle Brothers,,,,1,1,-1,1,0,,,,,,-1,-1,-1,-1
Battle Brothers,,-1,,-1,0,-1,-1,-1,-1,-1,-1,-1,,-1,-1,-1,-1
Battle Brothers,,,,,,,,,,,,,,,,,
Battle Brothers,,,,,0,-1,-1,-1,,-1,,-1,,,,,-1
Battle Brothers,,,-1,,0,-1,,,,,,,,,,,-1
Battle Brothers,,1,,1,1,,1,1,1,,1,1,,,0,1,-1
Battle Brothers,,,,1,0,,1,,,,,,,0,-1,-1,
Battle Brothers,,,,,,-1,,,,,,,,,-1,,
Battle Brothers,,,,,1,-1,,,,,,,-1,-1,,,
Battle Brothers,,,,,,,,,,,,,,-1,,,
Battle Brothers,,,,,1,,1,,,,,0,,,,,
Battle Brothers,-1,1,,1,1,,1,1,0,1,1,1,,,-1,-1,-1
Battle Brothers,,,,-1,1,,-1,1,,,,-1,,,,-1,
Battle Brothers,,,,,1,,,,,,,,,,,,
Battle Brothers,,,,,,,,,,,,,,,-1,,
Battle Brothers,,,,1,1,,,,,,,,,,,,
Battle Brothers,,,,,1,,1,,1,,,,,,-1,-1,
Battle Brothers,-1,1,-1,,1,,,,,,,,,,,,
Battle Brothers,,-1,,-1,0,-1,-1,0,0,-1,-1,-1,-1,-1,-1,-1,-1
Battle Brothers,,,,,1,,,,,,,,,,-1,-1,
Battle Brothers,,,,,,,,,,,,,,,,,
Battle Brothers,-1,1,-1,1,1,-1,1,1,0,,1,,,,1,-1,1
Battle Brothers,,,,,,,,,,,,,,,,,
Battle Brothers,,,,,1,,,,,,,,,,,,
Battle Brothers,,,,-1,-1,,,,,,,,,,,,
Battle Brothers,,,,,1,,,,,,,,,1,,,
Battle Brothers,,-1,-1,,1,-1,,,,,,,-1,,,-1,-1
Battle Brothers,,,,,0,,,,,,,,,,,,
Battle Brothers,,,,-1,,,,-1,,,,,,-1,,,
Battle Brothers,,,,,1,-1,1,1,,,,,,,0,-1,
Battle Brothers,,,,,,-1,,,,,,,,,-1,,
Battle Brothers,,,,0,1,,,,,,,,,,,,
Battle Brothers,,,,,1,,,,,,,,,,-1,,-1
Battle Brothers,,,,,-1,,,,,,,,,,,,
Battle Brothers,,,,,,,,,,,,,,,,,
Battle Brothers,,,,1,1,,,1,,,,,,1,,,
Battle Brothers,,,,1,1,,,,,,,,,,,,
Battle Brothers,,,,,1,,,,,,,,,,,,
Battle Brothers,,,,,,,,,,,,,,,,,
Battle Brothers,,,,1,1,,1,,,,,,,-1,,-1,
Battle Brothers,,,,1,1,,,1,,,,,,,1,,
Battle Brothers,,,,,,,,,,,,,,,1,,
Battle Brothers,,,,,,,,,,,,,,,,,
Battle Brothers,,,,,,,,,,,,,,,,,
Battle Brothers,,,,,1,,,,,,,,,,,,
Battle Brothers,,1,,,1,,,,1,,1,,,,,,
Battle Brothers,,,,,1,-1,,,,,,,,,,-1,-1
Battle Brothers,,,,,1,,-1,,1,1,,,,,,,
Battle Brothers,,,,,,-1,,,,,,,,,,,
Battle Brothers,,,,,1,,,,,,,,,,,,
Battle Brothers,,,,,1,,,,,,,,,-1,,,
Battle Brothers,,,,,1,,,,,,,,,,,,
Battle Brothers,,,,,1,,,,,,,,,,,,-1
Battle Brothers,-1,1,,1,1,-1,1,,1,1,1,1,1,-1,-1,-1,-1
Battle Brothers,,,,1,1,,,,,,,,,,,-1,
Battle Brothers,,,,1,1,,1,1,,,,,,,1,1,
Battle Brothers,,,,1,1,-1,1,1,0,-1,,,,-1,,,
Battle Brothers,,,,,,,,,,,,,,,,,
Battle Brothers,,,,-1,0,-1,-1,-1,,,,,,-1,-1,-1,
Battle Brothers,,,,-1,,,,,,,,,,-1,,,
Battle Brothers,,,,,1,,,,,,,,,,,,
Battle Brothers,-1,,-1,,0,,,,,,,,,,,,
Battle Brothers,,,,,1,,1,,,,,,,,,,
Battle Brothers,,,,-1,1,,,,,,,,,-1,,,
Battle Brothers,,,,,,,,,,,,,,,,,
Battle Brothers,,,,,,,,,,,,,,,,,
Battle Brothers,,,,1,1,-1,,1,,,,,,1,-1,-1,-1
Battle Brothers,,,,0,1,,,,,,,,,,,,
Battle Brothers,,,,,1,-1,,,,,,,,1,,,
Battle Brothers,,,,,1,-1,1,-1,,,,,,-1,-1,-1,
Battle Brothers,,,,,,,,,,,,,,,,,
Battle Brothers,,,,,1,,,,,,,,,,,,
Battle Brothers,,,,,1,,-1,0,-1,-1,,,,,,,
Battle Brothers,,,,,1,,,,,,,,,,,,
Battle Brothers,,,,,1,,,,,,,,,,,,
Battle Brothers,-1,,-1,,-1,,,,,,,,,-1,,,
Battle Brothers,0,1,,1,1,,1,,1,,1,,,1,,1,
Battle Brothers,,,,,,-1,,,,,,,,,,,
Battle Brothers,,,,,1,,,,,,,,,,,-1,
Battle Brothers,,,,1,0,,,,0,,,,,,,,
Battle Brothers,,,,,,,,,,,,,,,,,
Battle Brothers,,,,,,,,,,,,,,,,,
Battle Brothers,,,,,,,,,,,,,,,,,
Battle Brothers,,,,,1,,,,,,,,,,-1,,
Battle Brothers,,,,-1,,,,,,,,,,,,-1,
Battle Brothers,1,1,-1,1,1,,1,1,1,1,1,1,,0,-1,,-1
Battle Brothers,-1,1,-1,1,1,,1,1,1,,1,1,,,-1,0,-1
Battle Brothers,-1,1,-1,0,,-1,0,0,0,,1,,,-1,,-1,
Battle Brothers,-1,,-1,,,,,,,,,,,,,,
Battle Brothers,-1,,-1,,,,,,,,,-1,,,,,
Battle Brothers,,,,,1,,,,,,,1,,,,,
Battle Brothers,,1,,1,1,-1,1,1,1,1,1,1,,,-1,-1,-1
Battle Brothers,,,-1,1,1,-1,-1,1,,,,,,-1,-1,-1,-1
Battle Brothers,-1,1,,0,0,-1,0,,0,-1,-1,,,0,-1,-1,
Battle Brothers,,,,,1,,,,,,,-1,,,,,
Battle Brothers,,,,,,,,,,,,,,,,,
Battle Brothers,,0,,1,0,,1,1,0,0,1,1,,1,,,
Battle Brothers,1,1,,1,1,,1,1,1,,1,,,,1,-1,-1
Assassin's Creed® Syndicate,,,,-1,1,,1,,,,,,,,,,
Assassin's Creed® Syndicate,0,0,-1,1,1,,1,1,1,,1,1,,,0,-1,
Assassin's Creed® Syndicate,,,,,1,,1,,,,,,,,,,
Assassin's Creed® Syndicate,,,-1,,,,,,,,,,,,,,
Assassin's Creed® Syndicate,,,,,,,,,,,,,,,-1,-1,
Assassin's Creed® Syndicate,0,1,0,1,1,0,1,1,0,0,1,0,0,0,0,0,0
Assassin's Creed® Syndicate,,,,1,1,-1,1,1,1,1,,1,,,0,0,-1
Assassin's Creed® Syndicate,,,,,,,,0,,,,,,,-1,,
Assassin's Creed® Syndicate,-1,,-1,,,-1,,,,,,,-1,-1,,,
Assassin's Creed® Syndicate,,,,,1,,1,1,1,1,,,,,,,
Assassin's Creed® Syndicate,,,,0,0,-1,-1,0,,,,0,,,-1,,-1
Assassin's Creed® Syndicate,-1,-1,-1,-1,0,,-1,-1,-1,,-1,-1,,,,,-1
Assassin's Creed® Syndicate,1,1,-1,1,1,-1,1,1,1,1,1,1,,1,0,-1,-1
Assassin's Creed® Syndicate,-1,,-1,,1,,,,,,,,,,,,
Assassin's Creed® Syndicate,,,,,1,,,,,,,,,,,-1,-1
Assassin's Creed® Syndicate,,,,,1,,,,1,,,,,,1,1,
Assassin's Creed® Syndicate,-1,-1,-1,-1,1,-1,-1,1,-1,,-1,,,-1,-1,-1,-1
Assassin's Creed® Syndicate,,,,,1,,-1,,0,,,,,,,,
Assassin's Creed® Syndicate,,,,,1,,,,,,,,,,,,
Assassin's Creed® Syndicate,-1,1,-1,0,1,,-1,1,0,,0,0,,,,,
Assassin's Creed® Syndicate,,,,1,0,-1,1,1,0,-1,-1,-1,-1,,-1,-1,-1
Assassin's Creed® Syndicate,,,,,,,,1,1,1,,,,,,,
Assassin's Creed® Syndicate,,,,,1,,,,,,,,,,,,
Assassin's Creed® Syndicate,,1,,1,0,,1,1,1,0,1,1,,,1,,-1
Assassin's Creed® Syndicate,,,,,,,,,,,,,,,,,
Assassin's Creed® Syndicate,,,,,1,,,,,,,,,,,,
Assassin's Creed® Syndicate,,,,,1,,,,,,,,,,,,
Assassin's Creed® Syndicate,-1,-1,,,1,,,,1,,-1,,,,,,
Assassin's Creed® Syndicate,,,,,,,,,,,,,,,,,
Assassin's Creed® Syndicate,-1,-1,,1,0,,0,1,0,,1,1,,,,,
Assassin's Creed® Syndicate,,,,,1,,,,,,,,,,,,
Assassin's Creed® Syndicate,-1,,-1,,,,,,,,,,,-1,,,
Assassin's Creed® Syndicate,,,,,,,,,,,,,,,,,
Assassin's Creed® Syndicate,1,1,1,1,1,1,1,1,1,1,1,1,1,1,1,1,1
Assassin's Creed® Syndicate,,,,,,,,,,,,,,,,,
Assassin's Creed® Syndicate,-1,,-1,,,,,,,,,,,,,,
Assassin's Creed® Syndicate,,,,,-1,,,,,,,,,,,,
Assassin's Creed® Syndicate,-1,0,-1,,1,,,0,,,,,,,,,
Assassin's Creed® Syndicate,,,,1,1,-1,1,-1,0,1,,1,,,-1,-1,-1
Assassin's Creed® Syndicate,,,-1,-1,0,,-1,-1,-1,-1,-1,-1,,,-1,-1,-1
Assassin's Creed® Syndicate,-1,,-1,1,1,-1,1,0,,,,0,-1,-1,,-1,-1
Assassin's Creed® Syndicate,,,,,1,,,,,,,,,,,,
Assassin's Creed® Syndicate,,,-1,,0,-1,,,,,,,,-1,,,
Assassin's Creed® Syndicate,,,,,1,,,,,,,,,,,,
Assassin's Creed® Syndicate,-1,,-1,,-1,,,,,,,,,,,,
Assassin's Creed® Syndicate,-1,1,-1,,1,,,,1,1,,,,,,,
Assassin's Creed® Syndicate,,,,,,,,,,,,,,,,,
Assassin's Creed® Syndicate,,,,1,1,,,1,1,1,,1,,,1,,1
Assassin's Creed® Syndicate,,,,,1,,,,,,,,,,,,
Assassin's Creed® Syndicate,-1,1,-1,1,1,,,,1,,1,,1,-1,,-1,
Assassin's Creed® Syndicate,,,,,1,,,,,,,,,,,,
Assassin's Creed® Syndicate,0,1,-1,1,1,0,1,1,0,,1,,,1,,-1,
Assassin's Creed® Syndicate,,,,,,,,,,,,,,,,,
Assassin's Creed® Syndicate,,,,,,,,,,,,,,,,,
Assassin's Creed® Syndicate,,,,,1,,,,,,,,,,,,
Assassin's Creed® Syndicate,-1,-1,-1,-1,-1,,-1,-1,-1,-1,-1,-1,,-1,,,-1
Assassin's Creed® Syndicate,,,,,1,,,,,,,,,,,,
Assassin's Creed® Syndicate,,,-1,,,,,,,,,,,,,,
Assassin's Creed® Syndicate,,,,,,,,,,,,,,,,,
Assassin's Creed® Syndicate,,1,,,1,,,,1,,1,,,,,,
Assassin's Creed® Syndicate,,,,,1,,,,,,,,,,,,
Assassin's Creed® Syndicate,,,,,,,,,,,,,,,,,
Assassin's Creed® Syndicate,,,,-1,-1,,,,,,,-1,,,,,-1
Assassin's Creed® Syndicate,-1,-1,,,,,,,-1,,-1,,,,,,
Assassin's Creed® Syndicate,,,,,1,,1,1,,,,,,,,,
Assassin's Creed® Syndicate,,,,,1,,,,,,,,,,,,
Assassin's Creed® Syndicate,,,,,1,,1,1,1,,,1,,,,,
Assassin's Creed® Syndicate,,,,,1,,,,,,,1,,,,,
Assassin's Creed® Syndicate,0,1,-1,1,1,-1,1,1,1,1,1,0,-1,,-1,-1,-1
Assassin's Creed® Syndicate,-1,-1,-1,,-1,-1,-1,-1,-1,,-1,,,-1,,-1,-1
Assassin's Creed® Syndicate,,,,,,,,,,,,,,,,,
Assassin's Creed® Syndicate,,,,,,,0,,,,,0,,,,,
Assassin's Creed® Syndicate,1,1,,1,1,,1,1,1,1,1,1,,,,,
Assassin's Creed® Syndicate,,,,,,,,,,,,,,,,,
Assassin's Creed® Syndicate,,,,,,,,,,,,,,,,,
Assassin's Creed® Syndicate,,,,,,,,,,,,,,,,,
Assassin's Creed® Syndicate,,,,,,,0,1,,,,,,,,,
Assassin's Creed® Syndicate,,,,,1,,,,1,1,,,,,1,1,
Assassin's Creed® Syndicate,,,,,1,,,,,,,,,,,,
Assassin's Creed® Syndicate,,,,,1,,,1,,,,,,,,,
Assassin's Creed® Syndicate,,,,0,1,,0,,,,,,,,,,
Assassin's Creed® Syndicate,,,,-1,0,-1,-1,-1,0,-1,,-1,,,,,
Assassin's Creed® Syndicate,,1,,1,1,-1,1,1,1,1,1,1,,,0,-1,-1
Assassin's Creed® Syndicate,,,,,,,,,,,,,,,,,
Assassin's Creed® Syndicate,,,,,1,,1,,,,,,,,,,
Assassin's Creed® Syndicate,,,-1,,,,,,,,,,-1,-1,,,
Assassin's Creed® Syndicate,,,,,,,,,,,,,,,,,
Assassin's Creed® Syndicate,,,,1,1,,1,1,0,-1,,1,-1,,,,
Assassin's Creed® Syndicate,,,,,1,,1,1,1,0,,1,,,-1,,
Assassin's Creed® Syndicate,,,,,1,,,,,,,,,,,,
Assassin's Creed® Syndicate,,,,,1,,,,,,,,,,,,
Assassin's Creed® Syndicate,-1,,-1,,,-1,,,,,,,,-1,,,
Assassin's Creed® Syndicate,,,,,1,,,,,,,,,,,,
Assassin's Creed® Syndicate,,,,1,1,,1,1,1,,1,1,,,,,
Assassin's Creed® Syndicate,,,,1,1,-1,1,1,1,1,1,1,,,-1,-1,-1
Assassin's Creed® Syndicate,,,,,1,,,,,,,,,,,,
Assassin's Creed® Syndicate,,,,,1,,1,1,1,1,,1,,,,,
Assassin's Creed® Syndicate,,,,0,1,,-1,1,0,0,0,0,,,,,-1
Assassin's Creed® Syndicate,,,,,,,,,,,,,,,,,
Assassin's Creed® Syndicate,-1,,-1,,1,,,,,,,,,-1,,-1,
Far Cry® Primal,,,,,1,,,,,,,,,,,,
Far Cry® Primal,,,,,1,,,,,,,,,,,,
Far Cry® Primal,,,,,1,,,1,,,,1,,,,,
Far Cry® Primal,,,,,1,,,,,,,,,,,,
Far Cry® Primal,,,-1,,1,-1,1,1,,,,,,-1,,,
Far Cry® Primal,,,,,1,,,,,,,,,,,,
Far Cry® Primal,,,,,,,,,,,,,,,,,
Far Cry® Primal,,,,,1,-1,,1,,,,1,,,-1,,1
Far Cry® Primal,,,,,,,1,,,,,,,,,,
Far Cry® Primal,,,,1,1,,,,,,,,,,,,
Far Cry® Primal,,,,,1,,,,,,,,,,,,
Far Cry® Primal,,,,,1,,,,1,,1,1,,,,,
Far Cry® Primal,,,,,1,,,,,,,,,,,,
Far Cry® Primal,,,,,1,,,,,,,,,,,,
Far Cry® Primal,,,,,1,,,,,,,,,,-1,,-1
Far Cry® Primal,,,,,,,,,,,,,,,,,
Far Cry® Primal,,1,,,1,,1,,1,,1,,,,,,
Far Cry® Primal,,1,-1,1,1,,1,1,1,0,1,1,,,-1,-1,-1
Far Cry® Primal,,,,,1,,1,1,,,,,,,,,
Far Cry® Primal,,,,,1,,1,1,0,0,,0,,,,,
Far Cry® Primal,,,,,1,,1,,,,,,,,,,
Far Cry® Primal,,,,,-1,-1,-1,0,1,-1,,-1,,,-1,-1,-1
Far Cry® Primal,-1,-1,0,1,1,-1,1,1,0,-1,1,1,,1,-1,1,-1
Far Cry® Primal,,,,,1,-1,1,0,0,-1,,,-1,0,-1,-1,-1
Far Cry® Primal,,,,,1,,,,,,,1,,,,,
Far Cry® Primal,,,,,1,-1,,,,,,,,,,,-1
Far Cry® Primal,,,,,0,-1,1,0,,,,,,,-1,-1,
Far Cry® Primal,,,,,,,,,,,,,,,,,
Far Cry® Primal,,,,1,1,,,,,,,-1,,,,,
Far Cry® Primal,,,,1,1,,,1,,,,,,,,,-1
Far Cry® Primal,,,,,,,,,,,,,,,,,
Far Cry® Primal,,,,,,,,,,,,,,,,,
Far Cry® Primal,,,,,,,,,,,,,,,,,
Far Cry® Primal,,,-1,,,,,,,,,,-1,-1,,,
Far Cry® Primal,,,,,,,,,,,,,,,,,
Far Cry® Primal,,,,,1,,,,,,,,,,,,
Far Cry® Primal,,,,,1,,,,,,,,,,,,
Far Cry® Primal,,,,,,,,,,1,,,,,,,
Far Cry® Primal,,,,,,,,,,,,,,,,,
Far Cry® Primal,,,,,,,,,,,,,,,,,
Far Cry® Primal,,,,,1,,,,,,,,,,,,
Far Cry® Primal,,,,,1,,,,,,,,,,,,
Far Cry® Primal,-1,-1,,-1,0,,,,-1,,-1,,,,,-1,
Far Cry® Primal,-1,1,,-1,1,,1,1,0,0,1,,,,,,
Far Cry® Primal,,,,,1,,,,,,,,,,,,
Far Cry® Primal,,,-1,,,,,,,,,,,-1,,,
Far Cry® Primal,,,-1,,,-1,,,,,,,-1,-1,,-1,
Far Cry® Primal,-1,,-1,,,,,,,,,,,,,,
Far Cry® Primal,,,,,,,,,,,,,,,,,
Far Cry® Primal,-1,,-1,,,,,,,,,,,,,,
Far Cry® Primal,,,,,1,,,,,,,,,,,,
Far Cry® Primal,,,,,1,,,,1,,,,,,,,
Far Cry® Primal,,,,,1,,,,,,,,,,,,
Far Cry® Primal,,,,,,,,,,,,,,,,,
Far Cry® Primal,,,,,,,,,,,,,,,,,
Far Cry® Primal,,,,,,-1,,,,,,,,,-1,-1,
Far Cry® Primal,,,,,1,-1,,,,,,,,,-1,-1,-1
Far Cry® Primal,,,,,1,,,,,,,,,,,,
Far Cry® Primal,,,,,-1,,,,,,,,,,,,
Far Cry® Primal,,,,,,,,,-1,,,,,,,,
Far Cry® Primal,,,,,1,,,,,,,,,,,,
Far Cry® Primal,,,,,1,,,,,,,,,,,,
Far Cry® Primal,,,,,1,,,,,,,,,,1,1,
Far Cry® Primal,,,,1,1,,1,,,,,,,,,,
Far Cry® Primal,,,,,,,,,,,,,,,,,
Far Cry® Primal,-1,-1,,-1,-1,-1,-1,-1,-1,,-1,,,,,-1,
Far Cry® Primal,,,,,-1,,,,,,,,,,,,-1
Far Cry® Primal,,,,,1,,,,,,,,,,,,
Far Cry® Primal,,,,,,,,,,,,,,,,,
Far Cry® Primal,,,,,,,0,,,,,,,,,,
Far Cry® Primal,,-1,,,0,,,,-1,,-1,,,,,,
Far Cry® Primal,,,,,1,,,,,,,,,,,,
Far Cry® Primal,,,,,,,,,,,,,,,,,
Far Cry® Primal,,,-1,,,,,,,,,,,,,,
Far Cry® Primal,,,-1,,,,,,,,,,,,,,-1
Far Cry® Primal,,,,,,,,,,1,,,,,,,
Far Cry® Primal,,,,,1,,,,,,,,,,,,
Far Cry® Primal,,,,,1,,,,,,,,,,0,,
Far Cry® Primal,,,,,,,,,,,,,,,,,
Far Cry® Primal,,,,-1,1,,,,,,,,,,,,-1
Far Cry® Primal,,,,,,,,,,1,,,,,,,
Far Cry® Primal,,,,,1,,1,,,,,,,,,,
Far Cry® Primal,,,,,,,,,,,,,,,,,
Far Cry® Primal,,,,,,,,,,,,,,,,,
Far Cry® Primal,,,,,1,,,,,,,,,,,,
Far Cry® Primal,,,,,1,,0,1,0,0,,0,,,,,
Far Cry® Primal,,,,,1,,,,0,1,,1,,,,,
Far Cry® Primal,,,,,1,-1,,,,,,,,,-1,-1,-1
Far Cry® Primal,-1,,-1,-1,1,-1,,-1,,,,-1,-1,-1,-1,-1,-1
Far Cry® Primal,,,,,1,,1,1,1,,,1,,,,,
Far Cry® Primal,,,,,1,-1,-1,1,-1,-1,,-1,,-1,-1,,
Far Cry® Primal,,,,,1,,,,,,,,,,,,-1
Far Cry® Primal,,,,-1,1,,,-1,,,,-1,,,-1,-1,-1
Far Cry® Primal,,,,1,1,-1,1,0,1,-1,,1,,,-1,-1,-1
Far Cry® Primal,1,1,-1,,,,1,1,,,,,,,,,
Far Cry® Primal,,,,1,1,-1,,1,,,,1,,,-1,-1,-1
Far Cry® Primal,0,1,0,1,1,0,1,0,1,0,1,0,,0,0,0,-1
Far Cry® Primal,,,,,1,,,,,,,,,,,,
Far Cry® Primal,,,,1,1,-1,1,-1,,,,0,,,-1,-1,-1
Far Cry® Primal,,,-1,,1,-1,,,,,,,,-1,-1,,
Divinity: Original Sin - Enhanced Edition,-1,-1,,1,1,-1,1,-1,-1,-1,-1,-1,,,0,-1,-1
Divinity: Original Sin - Enhanced Edition,,,,1,1,,,,,,,,,,,,
Divinity: Original Sin - Enhanced Edition,-1,,-1,,1,,,,,,,-1,,,,,-1
Divinity: Original Sin - Enhanced Edition,,,,1,0,-1,1,1,0,,,0,,,-1,-1,-1
Divinity: Original Sin - Enhanced Edition,,,,,1,,,,,,,,,,,-1,
Divinity: Original Sin - Enhanced Edition,,,,1,1,-1,1,-1,,,,-1,-1,-1,-1,-1,-1
Divinity: Original Sin - Enhanced Edition,,,,,1,,,1,,,,,,,,,
Divinity: Original Sin - Enhanced Edition,-1,,-1,-1,1,,,1,1,,,-1,,,-1,-1,-1
Divinity: Original Sin - Enhanced Edition,,,,,1,-1,,,,,,,,-1,,-1,
Divinity: Original Sin - Enhanced Edition,-1,-1,-1,1,1,-1,1,1,1,,-1,,,-1,-1,-1,
Divinity: Original Sin - Enhanced Edition,,,,,,,,,,,,,,,,,
Divinity: Original Sin - Enhanced Edition,,,,1,0,,1,1,,,,1,,,,,
Divinity: Original Sin - Enhanced Edition,,,,,,-1,,,,,,,,,,-1,
Divinity: Original Sin - Enhanced Edition,,,,,,,-1,-1,,,,,,-1,,,
Divinity: Original Sin - Enhanced Edition,,,,,,,,,,,,,,,,,
Divinity: Original Sin - Enhanced Edition,,,-1,-1,-1,-1,,-1,,,,-1,-1,,-1,-1,-1
Divinity: Original Sin - Enhanced Edition,,,,,,,,,,,,,,,,,
Divinity: Original Sin - Enhanced Edition,,,-1,-1,-1,-1,,-1,,,,-1,,,-1,,-1
Divinity: Original Sin - Enhanced Edition,,,,,,,,,,,,,,,,,-1
Divinity: Original Sin - Enhanced Edition,,,,,,,,,,,,,,,,,
Divinity: Original Sin - Enhanced Edition,,,,,,,,,,,,,,,,,
Divinity: Original Sin - Enhanced Edition,,,,,1,,,,,,,,,,,,
Divinity: Original Sin - Enhanced Edition,,,,,1,-1,1,,,,,,,,0,,
Divinity: Original Sin - Enhanced Edition,,,,,,,,,,,,,,,,,
Divinity: Original Sin - Enhanced Edition,-1,-1,,1,0,,1,0,0,-1,-1,-1,,,,,-1
Divinity: Original Sin - Enhanced Edition,,,-1,1,1,-1,,1,,,,1,,0,-1,-1,-1
Divinity: Original Sin - Enhanced Edition,,,,,,,,-1,,,,-1,,,-1,-1,-1
Divinity: Original Sin - Enhanced Edition,,,,1,1,,,1,,,,1,,,-1,-1,-1
Divinity: Original Sin - Enhanced Edition,,1,,,1,,,,1,,1,,,,,,
Divinity: Original Sin - Enhanced Edition,,,,,1,,,,,,,,,,,,
Divinity: Original Sin - Enhanced Edition,,,,,,,,,,,,,,,-1,-1,
Divinity: Original Sin - Enhanced Edition,,,,,1,,,,,,,,,,,,
Divinity: Original Sin - Enhanced Edition,,,,1,0,,0,0,0,,,0,,,,-1,-1
Divinity: Original Sin - Enhanced Edition,,,,,1,,,,,,,,,,,,
Divinity: Original Sin - Enhanced Edition,,,,,1,-1,-1,1,,,,,,-1,,,
Divinity: Original Sin - Enhanced Edition,,,,,,,,,,,,,,,,,
Divinity: Original Sin - Enhanced Edition,,,,,,,,,,,,,,,,,
Divinity: Original Sin - Enhanced Edition,,,,1,1,-1,0,1,,,,0,,0,-1,-1,-1
Divinity: Original Sin - Enhanced Edition,,,,,1,,,,,,,,,,,,
Divinity: Original Sin - Enhanced Edition,,,,,1,,1,,,,,,,,,,
Divinity: Original Sin - Enhanced Edition,,,,1,1,,1,1,,,,0,,,-1,-1,
Divinity: Original Sin - Enhanced Edition,-1,,-1,,1,,1,1,,,,,,1,,,
Divinity: Original Sin - Enhanced Edition,,,,,-1,,,,,,,,,,,,
Divinity: Original Sin - Enhanced Edition,-1,,-1,,1,,,,,,,,,-1,,,
Divinity: Original Sin - Enhanced Edition,,,,,,,,,,,,,,,,,
Divinity: Original Sin - Enhanced Edition,,,,,-1,,,,,,,,,,,,
Divinity: Original Sin - Enhanced Edition,,,,,1,,1,,,,,,,,,,
Divinity: Original Sin - Enhanced Edition,,,,,1,,,,,,,,,,,,
Divinity: Original Sin - Enhanced Edition,-1,-1,-1,,0,-1,,,-1,,,,,-1,,-1,
Divinity: Original Sin - Enhanced Edition,-1,,-1,,,,,,,,,,,,,,
Divinity: Original Sin - Enhanced Edition,,,,,,,,,,,,,,,,,
Divinity: Original Sin - Enhanced Edition,,,,,1,,,,,,,0,,,,-1,
Divinity: Original Sin - Enhanced Edition,,,,,,,0,,,,,,,,,,
Divinity: Original Sin - Enhanced Edition,,,,,,,,,,,,,,,,,
Divinity: Original Sin - Enhanced Edition,-1,,-1,,-1,-1,,-1,,,,,,-1,,,
Divinity: Original Sin - Enhanced Edition,,,,,1,,,,,,,,,,,,
Divinity: Original Sin - Enhanced Edition,,,,,1,,,,,,,,,,,,
Divinity: Original Sin - Enhanced Edition,,,,,1,,,,,,,,,,,,
Divinity: Original Sin - Enhanced Edition,,,,,1,,,,,,,,,,,,
Divinity: Original Sin - Enhanced Edition,,,,1,1,,,,,,,,,,,,-1
Divinity: Original Sin - Enhanced Edition,,,,,1,,1,,,,,,,,,,
Divinity: Original Sin - Enhanced Edition,,,,,1,,,,,,,,,,,,
Divinity: Original Sin - Enhanced Edition,,,,,1,,,,,,,,,,,,
Divinity: Original Sin - Enhanced Edition,,,,,1,,,,,,,,,,,,
Divinity: Original Sin - Enhanced Edition,,,,,1,,-1,,,,,,,,,,
Divinity: Original Sin - Enhanced Edition,-1,,,1,1,-1,,,,,,,,-1,,-1,
Divinity: Original Sin - Enhanced Edition,,,,,1,,,,,,,,,,,,
Divinity: Original Sin - Enhanced Edition,,,,,1,,,1,,,,,,,,,
Divinity: Original Sin - Enhanced Edition,,,,,1,,,,1,,,1,,,,,
Divinity: Original Sin - Enhanced Edition,,,,,,,,,,,,,,,,,
Divinity: Original Sin - Enhanced Edition,,,,1,1,-1,1,1,,,,1,,0,0,-1,-1
Divinity: Original Sin - Enhanced Edition,,,,,1,,,,,,,,,,,-1,
Divinity: Original Sin - Enhanced Edition,,-1,,,1,-1,1,1,1,,-1,1,,,-1,-1,-1
Divinity: Original Sin - Enhanced Edition,,,,1,1,,,1,,,,1,,,-1,-1,-1
Divinity: Original Sin - Enhanced Edition,,,,,,,,,,,,,,,,,
Divinity: Original Sin - Enhanced Edition,,,,,,,,,,,,,,,,,
Divinity: Original Sin - Enhanced Edition,-1,-1,-1,-1,1,,,-1,,,,,,,-1,-1,-1
Divinity: Original Sin - Enhanced Edition,,,,1,1,,1,1,,,,1,,,1,-1,
Divinity: Original Sin - Enhanced Edition,,,,,0,,,,,,,,,,-1,,-1
Divinity: Original Sin - Enhanced Edition,,,,1,0,,1,1,0,,,0,,,-1,-1,-1
Divinity: Original Sin - Enhanced Edition,-1,1,-1,1,1,,,1,1,,,1,,,-1,-1,-1
Divinity: Original Sin - Enhanced Edition,,,,,,,,,,,,,,,,-1,
Divinity: Original Sin - Enhanced Edition,,,,-1,1,,,,,,,,,,-1,-1,-1
Divinity: Original Sin - Enhanced Edition,,,,-1,1,-1,,-1,,,,,,,-1,-1,-1
Divinity: Original Sin - Enhanced Edition,,,,,1,,,,,,,,,,,,
Divinity: Original Sin - Enhanced Edition,,,,,1,,,,,,,,,,,,
Divinity: Original Sin - Enhanced Edition,-1,,-1,,1,-1,,,,,,,,,-1,-1,
Divinity: Original Sin - Enhanced Edition,,,,,,,,,,,,,-1,,,,
Divinity: Original Sin - Enhanced Edition,,,,,1,,1,,,,,,,-1,,,
Divinity: Original Sin - Enhanced Edition,,,,,,,,,,,,,,,,,
Divinity: Original Sin - Enhanced Edition,-1,,-1,,,,,,,,,,,-1,,,
Divinity: Original Sin - Enhanced Edition,-1,1,-1,1,1,-1,1,1,0,-1,1,1,,,-1,-1,-1
Divinity: Original Sin - Enhanced Edition,-1,,-1,,,,,,,,,,,,,,
Divinity: Original Sin - Enhanced Edition,1,1,-1,1,1,-1,1,1,,,,,-1,1,-1,-1,-1
Divinity: Original Sin - Enhanced Edition,,,,,1,,,,,,,,,,,-1,
Divinity: Original Sin - Enhanced Edition,,,,1,1,-1,-1,1,,,,1,,-1,-1,-1,-1
Divinity: Original Sin - Enhanced Edition,-1,1,-1,,0,-1,,,,,,,-1,-1,,-1,
Divinity: Original Sin - Enhanced Edition,,,,,,,,,,,,,,,,,
Divinity: Original Sin - Enhanced Edition,-1,,-1,,-1,,,,,,,,-1,-1,,,
Divinity: Original Sin - Enhanced Edition,,,,,,,,,,,,,,,,,
The Isle,,,,,1,,,,,,,,,,,,
The Isle,,,,,,,,,,,,,-1,,,,
The Isle,,,,,1,,,,,,,,,,,,
The Isle,,,-1,,,,,,,,,,,-1,,,
The Isle,,,,,1,,,,,,,,,,,,
The Isle,,,,,,-1,,,,,,,,,,,
The Isle,,,,1,1,,,,,,,,-1,,,-1,-1
The Isle,,,,1,1,,,,,,,,,,,,
The Isle,,,,,1,,,,,,,,,,,,
The Isle,,,,,,,,,,,,,,,,,
The Isle,0,,0,,1,,,1,,,,,,0,,,
The Isle,,,,,,,,,,,,,,,,,
The Isle,,,,,1,,1,,1,,,,,,,,
The Isle,,,,,,,,,,,,,,,,,
The Isle,,,,1,1,,,1,1,1,,,,,1,1,
The Isle,,,,1,1,,1,,,,,,-1,1,,,
The Isle,,,,,,,,,,,,,,,,,
The Isle,,,,,1,,,,,,,,,,-1,,
The Isle,,,,,1,,,,,,,,,,,,
The Isle,,,,1,1,0,1,,,,,,-1,,,0,
The Isle,,,,,1,,,,,,,,,,,,
The Isle,,,,,,,,,,,,,,,,,
The Isle,,,,,,-1,,,,,,,,,-1,-1,-1
The Isle,,,,,,,,,,,,,,,,,
The Isle,-1,-1,-1,1,1,-1,1,1,,,1,,-1,-1,-1,-1,-1
The Isle,,,,,1,,,,,,,,,,,,
The Isle,,,,,,,,,,,,,,,,,
The Isle,,,,,1,,,,,,,,,,-1,-1,
The Isle,,,,,,,,,,,,,,,,,
The Isle,,,,,1,,,,,,,,,,,,-1
The Isle,,,,,1,,,,,,,,,,,,
The Isle,,,,,,,,,,,,,,,,,
The Isle,-1,,-1,-1,1,-1,1,1,0,,,-1,-1,-1,-1,-1,
The Isle,,,,,,,,,,,,,,,,,
The Isle,,,,,,,,,,,,,,,,,-1
The Isle,,,-1,,1,,,0,,,,-1,,,,,
The Isle,,,,,,,,,,,,,,,,,
The Isle,,,,,1,,,,,,,,,,,,
The Isle,,,,,1,,,,,,,,,,,,
The Isle,1,1,,,,,,,,,,,,,,,
The Isle,,,,,,,,,,,,,,,,,
The Isle,,,,,1,,,,,,,,,,,,
The Isle,,,,,1,,,,,,,,,,-1,,-1
The Isle,-1,,-1,1,1,,,,1,1,1,,-1,-1,,-1,
The Isle,,,,,,-1,,,,,,,,,,,
The Isle,,,,,,,,,,,,,,,,,
The Isle,,,,,,,,,,,,,,,-1,,
The Isle,,,,,1,,,,,,,,,,,,
The Isle,,,,,,,,,,,,,,,,,
The Isle,-1,,-1,,,,,,,,,,,,,,
The Isle,,,,,1,,,,,,,,,,,,
The Isle,,,,,1,,,,,,,,,,,,
The Isle,,,,,1,,,,,,,,,,,-1,
The Isle,,,,,,-1,,,,,,,,-1,-1,,
The Isle,,,,,,,,,,,,,,,,,
The Isle,,,,,1,,,,,,,,,,-1,-1,-1
The Isle,,,,,,,,,,,,,,,,,
The Isle,,,,,,-1,,,,,,,,,,,
The Isle,,,,1,1,,,,,,,,,,,,
The Isle,,,,,1,,,,,,,,,,,,
The Isle,,,,,,,,,,,,,,,,,
The Isle,,,,,,,,,,,,,,,,,
The Isle,,,-1,,,,,,,,,,,,,,
The Isle,,,,,1,,,,,,,,,,,-1,
The Isle,,,,,,,,,,,,,,,,,
The Isle,-1,,-1,,-1,,,,,,,,-1,-1,,,
The Isle,,,-1,,1,,-1,-1,,,,-1,,,,,
The Isle,,,,,,,,,,,,,,,,,
The Isle,,,,,,,,,,,,,,,,,
The Isle,-1,-1,,,,,,,,,,,,,,,
The Isle,,,-1,,1,-1,-1,1,,,,,,-1,,,
The Isle,,,,,1,,,,,,,,,,,,
The Isle,,,,,,,,,,,,,,,,,
The Isle,,,,,1,-1,,,,,,,-1,,,-1,-1
The Isle,,,,,,,,,,,,,,,,,
The Isle,,,,,,,,,,,,,,,,,
The Isle,,,,,,,,,,,,,,,,,
The Isle,,,-1,,,,,,,,,,,,,,
The Isle,,,,,,,,,,,,,,,,,
The Isle,,,,,,,,,,,,,,,,,
The Isle,,,,,,,,,,,,,,,,,
The Isle,,,,1,1,,,,,,,,,,,,
The Isle,,,,,,,,,,,,,,,,,
The Isle,-1,,-1,,,,,,,,,,,,,,
The Isle,,,,,,,,,,,,,,,,,
The Isle,,,,,1,,,,,,,,,,,,
The Isle,,,,,,,,,,,,,,,,,
The Isle,-1,,,,1,-1,,,,,,,,,-1,-1,
The Isle,,,,1,1,,,,,,,,,,-1,-1,-1
The Isle,,,,1,1,-1,1,,,,,,,1,-1,-1,
The Isle,,,,1,1,,,,,,,,,,,-1,-1
The Isle,-1,,-1,,-1,,-1,,,,,,-1,-1,,,
The Isle,,,,-1,0,-1,-1,-1,,,,,-1,-1,,-1,-1
The Isle,,,,,-1,-1,,,,,,,,-1,,,
The Isle,,,,1,1,,1,,,,,1,-1,1,,,
The Isle,,,,,1,,,,,,,,,,,,
The Isle,,,,,,-1,,,,,,,,,,,
The Isle,,,,,1,1,,,,,,,,,,,
The Isle,,,-1,,1,,,,,,,,-1,,,,-1
The Isle,,,,,1,,,,,,,,,,,,
Dead by Daylight,,,,,,,,,,,,,,,,,
Dead by Daylight,,,,,,,,,,,,,,,,,
Dead by Daylight,,,,,-1,,,,,,,,,,,,
Dead by Daylight,,,,,,,,,,,,,,,,,
Dead by Daylight,,,,,1,-1,,,,,,,,-1,,-1,
Dead by Daylight,,,-1,,-1,-1,-1,,,,,,-1,-1,,-1,
Dead by Daylight,,,,,,-1,,,,,,,,,,,
Dead by Daylight,,,,,-1,,,,,,,,,,,,
Dead by Daylight,-1,,-1,,,,,,,,,,,,,,
Dead by Daylight,,,,,1,,,,,,,,,-1,,,
Dead by Daylight,,,,,,,,,,,,,,,,,
Dead by Daylight,,,,1,1,-1,,1,,,,,,1,1,-1,1
Dead by Daylight,,,,,1,-1,-1,1,,,,,,-1,-1,,
Dead by Daylight,,,,,-1,-1,,,,,,,-1,-1,,,
Dead by Daylight,,,,,1,,,1,,,,,,,-1,,
Dead by Daylight,,,,,1,,,,,,,,,,,,
Dead by Daylight,,,,,0,,,,,,,,,,,,
Dead by Daylight,,,,,,,,,,,,,,,,,
Dead by Daylight,-1,,-1,,,,,,,,,,,,,,
Dead by Daylight,,,,,,,,,,,,,,,,,
Dead by Daylight,,,,,,,,,,,,,,,,,
Dead by Daylight,,,,,,,,,,,,,,,,,
Dead by Daylight,,,,,,-1,,,,,,,,,,,
Dead by Daylight,,,,,1,,,,,,,,,,,,
Dead by Daylight,,,,,1,,,,,,,,,,-1,,
Dead by Daylight,,,,,,,,,,,,,,,,,
Dead by Daylight,,,,,,,,,,,,,,,,,
Dead by Daylight,,,,,1,,,,,,,,,,,,
Dead by Daylight,,,,,,-1,,,,,,,,,-1,,-1
Dead by Daylight,,,,,,,,,,,,,,,,,
Dead by Daylight,,,,,1,-1,,,,,,,,,,,
Dead by Daylight,,,,,,,,,,,,,-1,,,,
Dead by Daylight,,,,,,,,,,,,,,,,,
Dead by Daylight,,,,,1,,,,,,,,,,-1,,-1
Dead by Daylight,,,,,,,,,,,,,,,,,
Dead by Daylight,,,,,,,,,,,,,,,,,
Dead by Daylight,,,,,1,,,,,,,,-1,,,-1,
Dead by Daylight,,,,,,,,,,1,,,,,,,
Dead by Daylight,,,,,1,,,,,,,,,,,,
Dead by Daylight,,,,1,1,,,,,,,,,,,-1,
Dead by Daylight,,,,,,,,,,,,,,,,,
Dead by Daylight,,,,,1,,,,,,,,,,,,-1
Dead by Daylight,,,,,0,,,,,,,,,,,,
Dead by Daylight,,,,,,,,,,,,,,,,,
Dead by Daylight,,,,,,,,,,,,,,,,,
Dead by Daylight,,,,,,,,,,,,,,,,,
Dead by Daylight,,,,1,1,-1,,1,,,,,,,-1,-1,-1
Dead by Daylight,,,,,,,,,,,,,,,,,
Dead by Daylight,,,,,,,,,,,,,,-1,,,
Dead by Daylight,,,,,1,,,,,,,,,,,,
Dead by Daylight,,,,,,,,,,,,,,,,,
Dead by Daylight,,,,,,,,,,,,,,,,,
Dead by Daylight,,,,,1,,1,,,,,,,1,,,
Dead by Daylight,,,,,,-1,,,,,,,,-1,,,
Dead by Daylight,,,,,,,,,,,,,,,,,
Dead by Daylight,,,,,1,-1,,,,,,,-1,,,-1,-1
Dead by Daylight,,,,,,,,,,,,,,,,,
Dead by Daylight,,,-1,,,,,,,,,,-1,,,,
Dead by Daylight,,,,,1,,,,,,,,,,,,
Dead by Daylight,,,,,,-1,,,,,,,,,,,
Dead by Daylight,,,,,-1,-1,,,,,,,,,-1,-1,-1
Dead by Daylight,-1,,-1,,,-1,,,,,,,,-1,,,
Dead by Daylight,,,,,,-1,,,,,,,,,,-1,
Dead by Daylight,,,,,,,,,,,,,,,,,
Dead by Daylight,,,,,,,,,,,,,,,,,
Dead by Daylight,,,,,1,,,,,,,,,,,,
Dead by Daylight,,,,,,,,,,,,,-1,,,,
Dead by Daylight,-1,-1,-1,,1,-1,,,,,,,,-1,-1,-1,
Dead by Daylight,,,,,,,,,,,,,,,,,
Dead by Daylight,,,,,1,,,,,,,,,,,,
Dead by Daylight,,,,,,-1,,,,,,,,,,,
Dead by Daylight,,,,,1,,,,,,,,,,,,
Dead by Daylight,,,,-1,1,,,,,,,,,,,-1,-1
Dead by Daylight,,,,,1,,,,,,,,,,,-1,
Dead by Daylight,,,,,,,,,,,,,,,-1,-1,
Dead by Daylight,,,,,,,,,,,,,,,,,
Dead by Daylight,,,,,-1,-1,,,,,,,,-1,,,
Dead by Daylight,,,,,,,,,,,,,,,,,
Dead by Daylight,,,,,,,,,,,,,,,,,
Dead by Daylight,,,,,1,,,,,,,,,,,,
Dead by Daylight,,,,,1,,,,,,,,,,,,
Dead by Daylight,,,,,-1,,,,,,,,,,,,
Dead by Daylight,,,,,1,,,,,,,,,,,,
Dead by Daylight,,,,,,,,,,,,,,,,-1,
Dead by Daylight,,,,,,,,,,,,,,,,,
Dead by Daylight,,,,,,,,,,,,,,,,,
Dead by Daylight,-1,,-1,,1,-1,,,,,,,,-1,,,
Dead by Daylight,-1,,-1,1,1,-1,1,0,,,,,,0,-1,-1,-1
Dead by Daylight,-1,,-1,,1,-1,1,-1,,,,,,-1,-1,-1,-1
Dead by Daylight,-1,-1,,-1,1,-1,1,-1,,,-1,-1,,,-1,-1,-1
Dead by Daylight,,-1,,-1,1,-1,-1,-1,,,,,,,-1,-1,-1
Dead by Daylight,,,,1,1,,1,1,,,,1,,,,-1,-1
Dead by Daylight,-1,1,-1,1,1,-1,1,1,,,,1,-1,,-1,-1,-1
Dead by Daylight,-1,,-1,1,1,-1,1,1,,,,0,,-1,-1,-1,-1
Dead by Daylight,-1,,-1,-1,,-1,,,,,,,-1,,-1,-1,-1
Dead by Daylight,,,,,1,,,,,,,,,,,,
Dead by Daylight,,,,,,,,,,,,,,,,-1,
Dead by Daylight,-1,,-1,1,0,-1,,-1,,,,-1,-1,-1,-1,-1,-1
Dead by Daylight,,,,,1,,,1,,,,,,,-1,,
Dead by Daylight,,,,-1,1,-1,-1,-1,,,,1,,-1,-1,-1,-1
X4: Foundations,0,,-1,1,1,,1,1,1,1,1,1,-1,0,,-1,-1
X4: Foundations,,,,,1,,,,,,,,,,,,
X4: Foundations,-1,0,-1,0,1,-1,,1,1,,1,,,,-1,-1,-1
X4: Foundations,-1,1,-1,1,1,-1,1,1,0,1,1,-1,,1,-1,-1,-1
X4: Foundations,,,,,1,,,,,,,,,,,,
X4: Foundations,,,,,1,,1,1,,,,,,,,,
X4: Foundations,,,-1,1,1,0,1,1,1,1,,1,,1,,,-1
X4: Foundations,,,,1,1,,,,,,,,,,-1,-1,-1
X4: Foundations,,,,,1,,,,,,,,,,,,
X4: Foundations,-1,,-1,,1,-1,,,,,,,,0,,,
X4: Foundations,,,,,1,,,,,,,,,,,,
X4: Foundations,,,,1,1,,1,,,,,,,,-1,-1,
X4: Foundations,,,,,,,,,,,,,,,,-1,
X4: Foundations,0,1,0,,,-1,,,1,,1,,,1,,,
X4: Foundations,-1,,-1,1,1,,,1,0,,1,1,,,-1,,-1
X4: Foundations,-1,,,1,1,,1,1,,,,,,1,-1,-1,
X4: Foundations,1,,,1,1,,,,,,,,,1,,,
X4: Foundations,,,,,1,,,,,,,,,,,,
X4: Foundations,,,0,1,1,-1,1,1,,,,,,1,,,
X4: Foundations,,,,,,,1,,,,,,,,,,
X4: Foundations,,,,1,1,,1,1,,,,,,,,,
X4: Foundations,,,,-1,1,,,-1,,,,,,,,-1,-1
X4: Foundations,,,,-1,1,,,,,,,-1,-1,-1,,-1,-1
X4: Foundations,,,,1,1,-1,1,-1,,,,1,-1,,-1,-1,-1
X4: Foundations,,,,,,,,,,,,,,,,,
X4: Foundations,,,,,,,,,,,,,,,-1,,
X4: Foundations,,,,,1,-1,,1,,,,,,,-1,,-1
X4: Foundations,-1,,-1,-1,1,-1,,-1,,,,-1,,-1,-1,-1,-1
X4: Foundations,,,,,1,,1,,,,,1,,,,,
X4: Foundations,,,,1,0,-1,,1,,,,0,,,-1,-1,-1
X4: Foundations,,,,1,1,-1,1,1,1,1,,1,,,-1,-1,-1
X4: Foundations,,,,-1,-1,,,,,,,,,,,-1,-1
X4: Foundations,,,,1,1,,1,1,,,,-1,,,-1,-1,
X4: Foundations,,,,,1,,1,,,,,,,,,,
X4: Foundations,,,,,,,,,,,,,,,,,
X4: Foundations,,,,-1,-1,,,,,,,,,,-1,-1,-1
X4: Foundations,,,,,1,,,,,,,,,,,1,
X4: Foundations,-1,,-1,,1,-1,-1,-1,,,,,-1,-1,,,
X4: Foundations,,,-1,,,,,,,,,,,,,,
X4: Foundations,,,,1,1,,,1,,,,,,,0,-1,-1
X4: Foundations,,,,,,,,,,,,-1,,,,,
X4: Foundations,,-1,-1,,-1,-1,-1,-1,-1,-1,,,,-1,-1,,-1
X4: Foundations,,,,,,,,,,,,,,,,,
X4: Foundations,,,,,,-1,-1,-1,,,,,,-1,,,
X4: Foundations,,,,,1,,,,,,,,,,,,
X4: Foundations,-1,-1,-1,-1,,-1,,-1,,,-1,,,,-1,-1,-1
X4: Foundations,,,,,1,,,,1,1,,,,,,,
X4: Foundations,,,,,1,,1,,,,,,,,,,
X4: Foundations,,,,,-1,,,,,,,,,,,,
X4: Foundations,,,,1,1,,,,,,,,,,,,
X4: Foundations,,,,,1,,,,,,,,,,,,
X4: Foundations,,,,1,1,,1,1,1,,,1,,,1,,-1
X4: Foundations,,,,,,1,,,,,,,,,1,1,
X4: Foundations,,,,,,,,,,,,,,,,,
X4: Foundations,,,,,,,1,1,,,,,,,,,
X4: Foundations,1,1,,,1,,1,,1,,1,,,,,,
X4: Foundations,,,,1,1,-1,1,1,1,0,1,1,,,-1,-1,-1
X4: Foundations,,,,,,,,,,,,,,,-1,,
X4: Foundations,,,,1,1,,,1,,,,1,,,,-1,-1
X4: Foundations,,,-1,,1,-1,1,1,1,,,,,,-1,,-1
X4: Foundations,,,,,,,,,,,,,,,,,
X4: Foundations,,,,,,,,,,,,,,,,,
X4: Foundations,-1,-1,-1,,,-1,,-1,,,,,,,-1,-1,-1
X4: Foundations,,,,1,1,,,,,,,,,,-1,-1,-1
X4: Foundations,,,,1,1,,1,,,,,,,,-1,-1,
X4: Foundations,,,,,1,,0,,,,,,,1,,,
X4: Foundations,-1,-1,-1,,1,-1,,,,,,,,-1,,,
X4: Foundations,,,,1,1,,,,,,,,,,-1,-1,
X4: Foundations,,,,,1,,,1,,,,,,,,,
X4: Foundations,,,,,1,,1,,,,,,,,,,
X4: Foundations,,,,-1,1,,,,,,,,,,-1,-1,-1
X4: Foundations,,,,,1,,,,,,,,,,,-1,
X4: Foundations,,,,,,,,,,,,,,,,,
X4: Foundations,,,,,1,,,,,,,,,,,,
X4: Foundations,,,,,,,,,,,,,,,-1,,
X4: Foundations,,,,,,,,,,,,,,,,,
X4: Foundations,,,,,1,,,,,,,,,,,-1,
X4: Foundations,,,,,1,,1,,,,,,,,,,
X4: Foundations,,,,,,,,,,,,,,,,,
X4: Foundations,,,,1,1,,1,1,,,,,,,,,
X4: Foundations,,,,,,,,,,,,,,,,,
X4: Foundations,,,,,1,,,,,,,,,,,,-1
X4: Foundations,,,,-1,1,,,-1,,,,,,,-1,-1,-1
X4: Foundations,,,,,1,,,,,,,,,,,-1,
X4: Foundations,-1,-1,,,,,,,,,,,,,,,
X4: Foundations,,,,,1,,,,,,,,,,,,
X4: Foundations,,,,,1,,,,,,,,,,,,
X4: Foundations,,,,,1,-1,,,,,,,,,,-1,
X4: Foundations,,,,,1,,1,,,,,,,,,-1,
X4: Foundations,-1,1,-1,,1,-1,,,,,,,-1,0,,-1,
X4: Foundations,,,,,1,-1,,,,,,,,,-1,-1,
X4: Foundations,,,,0,1,-1,1,1,,,,,,,-1,-1,-1
X4: Foundations,-1,,-1,1,1,-1,1,1,,,,,,0,-1,-1,
X4: Foundations,-1,-1,-1,1,1,-1,1,1,,,,,,-1,-1,-1,-1
X4: Foundations,-1,-1,,,1,-1,1,,,,,,,-1,-1,-1,-1
X4: Foundations,,,,,1,,,,,,,,,,,,
X4: Foundations,0,1,,,1,-1,0,1,1,1,,,,,0,-1,
X4: Foundations,,,,,1,-1,,,,,,,,,-1,-1,-1
X4: Foundations,0,1,0,1,1,0,1,1,1,0,1,1,-1,1,0,-1,-1
X4: Foundations,,,,,1,,,,,,,,,,,,
Squad,-1,0,-1,,1,-1,,,,,,,,,-1,-1,-1
Squad,,,,1,1,,1,,,,,,-1,,,1,
Squad,,,,1,1,-1,,,,,,,,1,,-1,-1
Squad,,,,,,,,,,,,,,,,,
Squad,,,,,,,,,,,,,,,,,
Squad,,,,,,,,,,,,,,,,,
Squad,,1,,1,1,,1,1,1,,1,1,,,-1,-1,
Squad,,,,,-1,,,,,,,,,,,,
Squad,,,,,0,,,,,,,,,,,-1,
Squad,-1,-1,,,-1,,,,-1,,,,,,,,
Squad,,,,,,,,,,,,,,,,,
Squad,-1,,-1,,-1,,,,-1,-1,,,,-1,,,
Squad,,,,,1,,,,,,,,,,,,
Squad,-1,,-1,,-1,,-1,,,,,-1,,-1,,,
Squad,,,,,1,,,,,,,,,,,,
Squad,,,-1,,1,-1,,,,,,,,,,,
Squad,,,,,1,-1,,,,,,,-1,,,-1,
Squad,-1,-1,-1,,1,-1,,,,,,,,,-1,-1,
Squad,,,,,,,,,,,,,,,-1,,
Squad,,,,1,1,,,,,,,,,,,,-1
Squad,-1,,,,1,,,,,,,,,,,,
Squad,,,,,1,,,,,,,,,,,,
Squad,,,,,1,,,,,,,,,,,,
Squad,,,,,1,,,,,,,,,,,,
Squad,-1,,,,,,,,,,,,,,,,
Squad,,,-1,,,,,,,,,,,,,,
Squad,,,,,1,,,,,,,,,,,-1,
Squad,-1,,,,1,-1,,,1,,,,,,-1,-1,
Squad,-1,-1,,,1,-1,,,1,,,,,-1,,-1,
Squad,,,,,-1,-1,,,,,,,,,-1,-1,-1
Squad,,,,,,,,,,,,,,,,,
Squad,,,,,1,-1,1,1,,,,,,,0,-1,
Squad,,,,,,-1,,,,,,,,,-1,,
Squad,,,,,,,,,,,,,,,,,
Squad,,,,,0,,,,,,,,,,,,
Squad,,,,,,,,,,,,,,,,,
Squad,,,,,,,,,,,,,,,,,
Squad,,,,,,,,,,,,,,,,,
Squad,-1,-1,,,,,,,-1,,,,,,,,
Squad,,,,,1,-1,1,,1,1,,,-1,1,,,
Squad,,,,,1,,,,,,,,,,,-1,
Squad,1,,,,1,,1,,1,,,,,1,,-1,
Squad,,,,,1,,,,,,,,,,,,
Squad,,,,,,,,,,,,,,,,,
Squad,,,,,1,,,,,,,,,,,,
Squad,,,,,1,,,,,,,,,,,,
Squad,,,,,,,0,,,,,,,,,,
Squad,,,,,1,,,,,,,,,,,,
Squad,-1,,-1,1,1,,1,1,,,,1,,1,-1,-1,
Squad,,,,,1,,,,,,,,,,,,-1
Squad,,,-1,-1,1,,,,,,,,,-1,,-1,
Squad,,,,,,,,,,,,,,,,,
Squad,,,,,,,,,,,,,,,,,
Squad,,,,,1,,,,,,,,,,,,
Squad,,,,0,,-1,,1,,,,,,,-1,-1,-1
Squad,,,,,1,,,1,,,,,,,,,
Squad,,,,,,,,,,,,,,,,,
Squad,,,,,1,1,,,,,,,,1,,,
Squad,,,,,1,,,,-1,,,-1,,,,,
Squad,,,,,1,,1,,,,,,,,,-1,
Squad,,,,,,,,,,,,,,,-1,,
Squad,,,-1,,,,,,,,,,,,,,
Squad,,,,,,,,,,,,,,,,,
Squad,,,,,,,,,,,,,,,,,
Squad,,,,,1,,,,,,,,,,-1,,
Squad,,,,,,,,,,,,,,,,,
Squad,,,,,1,,,,,,,,,,,,
Squad,-1,,-1,,,,,,,,,,,,,,
Squad,,,,,1,,,,1,,,,,,-1,,
Squad,,,,,1,,,,,,,,,,,,
Squad,,,,,,,,,,,,,,,,,
Squad,,,,-1,1,,,1,,,,,,,,,-1
Squad,-1,,-1,,,,,,,,,,,-1,,,
Squad,,,,,1,,,,,,,,,,,,
Squad,,,,,1,,,,,,,,,,,,
Squad,,,,,-1,-1,,,,,,,-1,-1,,-1,-1
Squad,,,,,,,,,,,,,,,,,
Squad,,,,,1,-1,,,,,,,-1,,-1,-1,-1
Squad,,,,,1,,,,,,,,,,,,
Squad,,,,,,,,,,,,,,,,,
Squad,,,,,,,,,,,,,,,,,
Squad,,,,,,,,,,,,,,,,,
Squad,-1,,,,,,,,,,,,,,,,
Squad,,,,,,,,,,,,,,,,,
Squad,,,,,1,,,,,,,,,,,,-1
Squad,,-1,,,,,,,,,,,,,-1,,-1
Squad,,,,,,,,,,,,,,,,,
Squad,-1,-1,-1,,1,,,,,,,,,,-1,,-1
Squad,,,,,1,-1,,,,,,,,-1,,,
Squad,,,,,1,,,,,,,,,,,-1,
Squad,,,,,,,,,,,,,,,,,
Squad,,,,,,,,,,,,,,,,,
Squad,,,,,,,,,,,,,,,,-1,
Squad,,,,,1,,,,,,,,,,,,
Squad,,,,,1,,,,,,,,,,,,
Squad,,,,,1,,,,,,,,,,-1,-1,
Squad,,,,,1,,-1,-1,-1,,,-1,,,-1,-1,
Squad,,,,,,,1,,,,,,,,,,
Squad,-1,,-1,,,,,,,,,,,,,,
Squad,,,,,,,,,,,,,,,,,
Hearts of Iron IV,,,,,,-1,,,,,,,,-1,,,
Hearts of Iron IV,,,,1,1,,,,,,,,,,,,
Hearts of Iron IV,,,,,,-1,,,,,,,,-1,,,
Hearts of Iron IV,,,,,1,,,,,,,,,,,,
Hearts of Iron IV,-1,-1,-1,,1,,,,-1,,,,,-1,,,
Hearts of Iron IV,,,,,,,,,,,,,,,,,
Hearts of Iron IV,,,,,1,,,,,,,,,,,,
Hearts of Iron IV,0,,-1,,1,,,,,,,,,0,,,
Hearts of Iron IV,,,,,0,-1,,,,,,,,,,,
Hearts of Iron IV,-1,,-1,,1,-1,,,,,,,,-1,,-1,
Hearts of Iron IV,,,,,1,,,,,,,,,,-1,,
Hearts of Iron IV,,,,,,-1,,,,,,,,,-1,,
Hearts of Iron IV,,,,,1,,,,,,,,,,,,
Hearts of Iron IV,,,,,,,,,,,,,,,,,
Hearts of Iron IV,,,,,,,1,,,,,,,,,,
Hearts of Iron IV,-1,,,,,,,,,,,,,,,,
Hearts of Iron IV,,,,,-1,,,,,,,,,,,,
Hearts of Iron IV,,,,,,,,,,,,,,,,,
Hearts of Iron IV,,,,,,,,,,,,,,,,,
Hearts of Iron IV,1,,,,,,,,,,,,,,,,
Hearts of Iron IV,,,,,1,,,,,,,,,,-1,-1,
Hearts of Iron IV,,,,,,,,,,,,,,,,,
Hearts of Iron IV,,,,,,,,,,,,,,,,,
Hearts of Iron IV,,,,,,-1,,,,,,,,-1,,,
Hearts of Iron IV,,,,,1,,,,,,,,,,,,
Hearts of Iron IV,,,,,-1,,,,,,,,,,,,
Hearts of Iron IV,,,,,1,,,,,,,,,,,-1,
Hearts of Iron IV,,,,,1,,,,,,,,,,,,
Hearts of Iron IV,,,,,,,,,,,,,,,,,
Hearts of Iron IV,,,,-1,,,,,,,,,,,,-1,
Hearts of Iron IV,,,,,,,,,,,,,,,,,
Hearts of Iron IV,,,,,1,,,,,,,,,,,,
Hearts of Iron IV,,,,,,,,,,,,,,,,,
Hearts of Iron IV,,,,-1,1,,,,,,,,,,,,-1
Hearts of Iron IV,,,,,,,,,,,,,,,,,
Hearts of Iron IV,,,,,-1,,,,,,,,,,,,
Hearts of Iron IV,,,,,1,,,,,,,,,,-1,,
Hearts of Iron IV,,,,,,,,,,,,,,,,,
Hearts of Iron IV,,,,,1,-1,,,,,,,,-1,,,
Hearts of Iron IV,,,,,,,,,,,,,,,,,
Hearts of Iron IV,,,,,0,,,,,,,,,,,,
Hearts of Iron IV,,,,,,,,,,,,,,,,,
Hearts of Iron IV,,,,,1,,,,,,,,,,,,
Hearts of Iron IV,,,,,,,,,,,,,,,,,
Hearts of Iron IV,,,,,1,,,,,,,,,,,,
Hearts of Iron IV,,,,,1,,,,,,,,,,,,
Hearts of Iron IV,,,,,1,,,,,,,,,,,,
Hearts of Iron IV,,,,,1,,1,1,,,,,,,,,
Hearts of Iron IV,-1,,-1,,1,,,,,,,,,,,,
Hearts of Iron IV,,,,,1,,,,,,,,,,,-1,
Hearts of Iron IV,,,,,,,,,,,,,,,,,
Hearts of Iron IV,,,-1,,,,,,,,,,,,,,
Hearts of Iron IV,,,,,1,,,,,,,,,,,,
Hearts of Iron IV,,,,,,,,,,,,,,,-1,,
Hearts of Iron IV,,,,,1,,,,,,,,,,,,
Hearts of Iron IV,,,,,1,,,,,,,,,,,,
Hearts of Iron IV,,,,,,,,,,,,,,,-1,,-1
Hearts of Iron IV,,,,,1,,,,,,,,,,,,
Hearts of Iron IV,,,,1,1,,,1,,,,,,,,,
Hearts of Iron IV,,,,,1,,,,,,,,,,,,
Hearts of Iron IV,,,,,1,,,,,,,,,,,,
Hearts of Iron IV,,,,,1,,,,,,,,,,,,
Hearts of Iron IV,,,,,1,,,,,,,,,,,,
Hearts of Iron IV,,,,,1,,,,,,,,,,,,
Hearts of Iron IV,,,,0,,,,,,,,,,-1,,,
Hearts of Iron IV,,,,,1,,,,,,,,,,,,
Hearts of Iron IV,,,,,,,,,,,,,,,-1,,
Hearts of Iron IV,,,,,,-1,,,,,,,,-1,,,
Hearts of Iron IV,,,,,,,,,,,,,,,-1,,
Hearts of Iron IV,,,,,1,,,,,,,,,,,,
Hearts of Iron IV,,,,,1,,,,,,,,,,,,
Hearts of Iron IV,,,,,1,,,,,,,,,,,,
Hearts of Iron IV,,,,,,,,,,,,1,,,,,
Hearts of Iron IV,,,,,,,,,,,,,,,,,
Hearts of Iron IV,,,,,,,,,,,,,,,,,
Hearts of Iron IV,,,,,1,,,,,,,,,,,,
Hearts of Iron IV,-1,,,,1,,,,,,,,,,,,
Hearts of Iron IV,,,,,1,,1,,,,,1,,,,,
Hearts of Iron IV,,,,,1,,1,1,,,,1,,,,,
Hearts of Iron IV,,,,,,,,,,,,,,,,,
Hearts of Iron IV,,,,,,,,,,,,,,,,,
Hearts of Iron IV,,,,,1,,,,,,,,,,,,
Hearts of Iron IV,,,,,,,,,,,,,,,,,
Hearts of Iron IV,,,,,1,,,,,,,,,,,,
Hearts of Iron IV,,,,1,1,,,,,,,,,,,,
Hearts of Iron IV,,,,,,,,,,,,,,,,,
Hearts of Iron IV,,,,0,1,,,,,,,,,,,,
Hearts of Iron IV,,,,,1,,,,,,,,,,,,
Hearts of Iron IV,,,,,1,,,,,,,,,,,,
Hearts of Iron IV,,,,1,1,,1,,,,,,,0,,0,
Hearts of Iron IV,-1,-1,-1,,-1,,,-1,-1,,,-1,,,-1,,-1
Hearts of Iron IV,,,,,,,,,,,,,,,,-1,
Hearts of Iron IV,,,,,,,,,,,,,,,,,
Hearts of Iron IV,,,,0,1,,,1,,,,,,-1,-1,-1,
Hearts of Iron IV,,,,,,,,,,,,,,,-1,-1,
Hearts of Iron IV,,,,,-1,,,,,,,,,,,,
Hearts of Iron IV,-1,1,,1,1,,,1,0,,1,,,,,,
Hearts of Iron IV,,,,,1,,,,,,,,,,,,
Hearts of Iron IV,,,,,1,,,,,,,,,,,,
Hearts of Iron IV,,,,,1,,,,,,,-1,,,,,
Factorio,,,,,-1,,,,,,,,,,,,
Factorio,,,,,1,,1,,,,,,,,,,
Factorio,,,,,1,,,,,,,,,,,,
Factorio,,,,1,1,,,1,,,,1,,1,,,-1
Factorio,,,,-1,1,,,,,,,-1,,,,,
Factorio,,,,,,,,,,,,,,,,,
Factorio,,,,,1,,,,,,,,,,,,
Factorio,,,,,1,,,,,,,,,,,,
Factorio,,,,-1,1,,,,,,,,,,,,
Factorio,,,,,,-1,,,,,,,,,-1,,
Factorio,,,,,0,,,,,,,,,,,,-1
Factorio,,,,,-1,,,,,,,,,,,,
Factorio,1,1,-1,1,1,-1,,1,,,,,,,,-1,1
Factorio,,,,,1,,,,,,,,,,,,
Factorio,,,,,,-1,,,,,,,,,,,
Factorio,,,,,-1,,,,,,,,,,,,
Factorio,,,,1,1,,,,,,,,,,,,
Factorio,,,,0,1,,,,,,,,,,,,
Factorio,,,,,1,,,,,,,,,0,,,
Factorio,,,,,,,,,,,,,,,,,
Factorio,,,,,1,,,,,,,,,,,,
Factorio,,,,1,1,,1,1,,,,1,,,-1,-1,-1
Factorio,,,,,,,,,,,,,,,,,
Factorio,,,,1,1,,,,,,,,,,,,
Factorio,,,,,,,,,,,,,,,-1,,
Factorio,,,,,1,,,,,,,,,,,,
Factorio,,,,,,,,,,,,,,,-1,,
Factorio,,,,,,,,,,,,,,,,,
Factorio,,,,-1,,,,,,,,,,,,,
Factorio,,,,,1,-1,,,,,,,,0,,,
Factorio,,,,1,1,,,,,,,,,,,,
Factorio,,,,,1,,1,1,,,,,,,,,
Factorio,,,,,,,,,,,,,,,,,
Factorio,,,,1,1,,,,,,,,,,,,
Factorio,,,,,,,,,,,,,,,,,
Factorio,,,,,1,,1,,,,,,,,,,
Factorio,,,,,,,,,,,,,,,-1,,
Factorio,,,,1,1,-1,1,1,,,,,,-1,-1,,-1
Factorio,,,,,,,,,,,,,,,-1,,
Factorio,,,,,,,,,,,,,,,,,
Factorio,,,,,1,,,,,,,,,,,,
Factorio,,,,,1,,,,,,,,,,,,
Factorio,,,,,-1,,,,,,,,,-1,-1,,
Factorio,,,,,1,,,,,,,,,,,,
Factorio,,,,,,,,,,,,,,,,,
Factorio,,,,,,-1,,,,,,,,,,,
Factorio,,,,,,,,,,,,,,,,,
Factorio,,,,,1,,,,,,,,,,,,
Factorio,,,,,1,,,,,,,,,,,,
Factorio,,,,,1,,,,,,,,,,,,
Factorio,,,,,,,,,,,,,,,,,
Factorio,,,,,,,,,,,,,,,,,
Factorio,,,,,,,,,,,,,,,,,
Factorio,,,,-1,1,,,,,,,,,,,,
Factorio,,,,,,,-1,,,,,,,,,,
Factorio,,,,,,,,,,,,,,,,,-1
Factorio,,,,,1,,,,,,,,,,,,
Factorio,,,,,1,,0,1,,,,,,,,,
Factorio,,,,-1,,-1,,,,,,,,,-1,-1,-1
Factorio,,,,,1,,,,,,,,,,,,
Factorio,,,,,,,,,,,,,,,,,
Factorio,,,,,,,,,,,,,,,-1,,
Factorio,,,,,1,,,,,,,,,,,1,
Factorio,,,,,0,,,,,,,,,,,,
Factorio,,,,,1,,1,,,,,,,,,,
Factorio,,,,,1,,,,,,,,,,,,
Factorio,,,,,1,,,,,,,,,,,,
Factorio,,,,1,1,,,1,1,1,,,,,1,,1
Factorio,,,,,1,,,,,,,,,,,,
Factorio,,,,,,,,,,,,,,,,,
Factorio,,,,,1,,,,,,,,,,,,
Factorio,,,,-1,1,,,,,,,,,,,,-1
Factorio,,,,-1,,,,,,,,,,,,,
Factorio,,,,1,,,,,,,,,,1,,,
Factorio,,,,,1,,,,,,,,,,,,
Factorio,,,,,1,,,,,,,,,,,,
Factorio,,,,,,,,,,,,,,,,,
Factorio,,,,-1,1,,,,,,,,,,,,
Factorio,,,,,1,,1,,,,,,,,,,
Factorio,,,,1,1,,,,,,,,,,,,
Factorio,,,,1,1,,,1,,,,,,,1,-1,-1
Factorio,,,,0,1,,,,,,,,,0,,,
Factorio,,,,,,,,,,,,,,,,,
Factorio,,,,,1,,,,,,,,,,,,
Factorio,,,,1,1,-1,,0,,,,,,,,,-1
Factorio,,,,,1,,,,,,,,,,,,-1
Factorio,,,,,1,-1,,1,,,,,,1,-1,-1,-1
Factorio,-1,,-1,,1,,,,,,,,,-1,,-1,
Factorio,,,,,-1,,,,,,,,,,,,
Factorio,,,,,1,-1,1,1,1,,,1,,,0,-1,-1
Factorio,,,,,-1,,,,,,,,,,,-1,
Factorio,,,,,,,,,,,,,,,,,
Factorio,,,,,,,,,,,,,,,,,
Factorio,,,,1,0,,,,,,,,,,,,
Factorio,-1,-1,-1,,0,,,,,,,,,,,-1,
Factorio,-1,-1,-1,,-1,,,,-1,,,,,,,,
Factorio,,,,,,,,,,,,,,,,,
Factorio,,,,,0,,,,,,,,,,,,
Factorio,,,,,1,,,,,,,,,,,-1,
Factorio,,,,,,,,,,,,,,-1,,,
Who's Your Daddy?!,-1,,-1,,-1,,,,,,,,,,,,
Who's Your Daddy?!,,,,,,,,,,,,,,,,,
Who's Your Daddy?!,,,-1,,1,-1,,1,,,,0,-1,,-1,-1,-1
Who's Your Daddy?!,,,,,,,,,,,,,,,,,
Who's Your Daddy?!,,,,,,,,,,,,,,,,-1,
Who's Your Daddy?!,,,-1,,,,,,,,,,,,,,
Who's Your Daddy?!,,,,,,,,,,,,,,,,,
Who's Your Daddy?!,,,,,1,,,,,,,,,,,-1,
Who's Your Daddy?!,,,,,,,,,,,,,,,,,
Who's Your Daddy?!,,,,,,,,,,,,,,,,,
Who's Your Daddy?!,,,,,,-1,,,,,,,,,,,
Who's Your Daddy?!,,,,,,,,,,,,,,,,,
Who's Your Daddy?!,,,,-1,-1,-1,,,,,,,,-1,-1,-1,
Who's Your Daddy?!,-1,,-1,,,,,,,,,,,,,,
Who's Your Daddy?!,,,-1,,-1,,,,,,,,-1,,,,
Who's Your Daddy?!,,,,,1,,,,-1,,,,,,,,
Who's Your Daddy?!,,,,,,,,,,,,,,,,-1,
Who's Your Daddy?!,,,,,,,,,,,,,,,,,
Who's Your Daddy?!,,,,,,,,,,,,,,,,-1,
Who's Your Daddy?!,,,,,,,,,,,,,,,,,
Who's Your Daddy?!,,,,,,-1,,,,,,,,,,,-1
Who's Your Daddy?!,-1,,-1,,1,,,,,,,,,,,,
Who's Your Daddy?!,,,,,,,,,,,,,,,,,
Who's Your Daddy?!,,,,,,,,,,,,,,,,,
Who's Your Daddy?!,,,,,0,,,,,,,,,,,,
Who's Your Daddy?!,,,,,,,,,1,1,,1,,,,,
Who's Your Daddy?!,,,,,1,,,,,,,,,,,,
Who's Your Daddy?!,-1,,-1,,-1,,,,,,,,,,,,
Who's Your Daddy?!,,,,-1,0,,,,,,,,,,,,
Who's Your Daddy?!,,,,,,,,,,,,,,,,,
Who's Your Daddy?!,,,,,,,,,,,,,,,,,
Who's Your Daddy?!,,,,,,,,,,,,,,,,,
Who's Your Daddy?!,,,,,,,,,,,,,,,,,
Who's Your Daddy?!,,,,,,,,,,,,,,,,,
Who's Your Daddy?!,-1,,-1,,1,,,,,,,,,,,,
Who's Your Daddy?!,,,,,1,,,,,,,,,,,,
Who's Your Daddy?!,,,,,,,,,,,,,,,,,
Who's Your Daddy?!,,,,,,,,,,,,,,,,,
Who's Your Daddy?!,,,,,1,,,,,,,,,,,,-1
Who's Your Daddy?!,,,,,,,,,,,,,,,,,
Who's Your Daddy?!,-1,,-1,,,,,,,,,,,-1,,,
Who's Your Daddy?!,,,,,,,,,,,,,,,,,
Who's Your Daddy?!,,,,,1,,,,,,,,,,,,
Who's Your Daddy?!,,,,,1,,,,,,,,,,,,
Who's Your Daddy?!,,,,,,,,,,,,,,,,,
Who's Your Daddy?!,,,,,,,,,,,,,,,,,
Who's Your Daddy?!,,,,,,,,,,,,,,,,,
Who's Your Daddy?!,,,,,1,,,,,,,,,,-1,-1,
Who's Your Daddy?!,,,,,1,,,,,,,,,,,,
Who's Your Daddy?!,,,,,1,,,,,,,,,,,-1,
Who's Your Daddy?!,,,,,1,,,,,,,,,,,,
Who's Your Daddy?!,,,,,1,,,,,,,,,,,,
Who's Your Daddy?!,,,,,,,,,,,,,,,,,
Who's Your Daddy?!,,,,,1,,,,,,,,,,,,
Who's Your Daddy?!,,,,,,,,,,,,,,,,,
Who's Your Daddy?!,,,,,,,,,,,,,,,-1,,
Who's Your Daddy?!,,,,,1,,,,,,,,,,,-1,
Who's Your Daddy?!,,,,,,,,,,,,,,,,,
Who's Your Daddy?!,,,,,-1,-1,,,,,,,,,-1,-1,
Who's Your Daddy?!,,,,1,1,-1,,,,,,,,,,-1,-1
Who's Your Daddy?!,,,,,-1,,,,,,,,,,,,
Who's Your Daddy?!,,,,,,,,,,,,,,,,,
Who's Your Daddy?!,,,,,,,,,,,,,,,,,
Who's Your Daddy?!,,,,,1,,,,,,,,,,,,
Who's Your Daddy?!,-1,,-1,,1,,,,,,,,,,,,
Who's Your Daddy?!,,,,,,,,,,,,,,,,,
Who's Your Daddy?!,,,,,,,,,,,,,,,,,
Who's Your Daddy?!,-1,,-1,,,,,,,,,,,,,,
Who's Your Daddy?!,,,,,1,,,,,,,,,,,,
Who's Your Daddy?!,,,,,1,,,,,,,,,,0,-1,
Who's Your Daddy?!,,,,,,,,,,,,,,,,,
Who's Your Daddy?!,,,-1,,,,,,,,,,,,,,
Who's Your Daddy?!,-1,-1,-1,,,,,,,,,,,,,,
Who's Your Daddy?!,,,,,,,,,,,,,,,,,
Who's Your Daddy?!,,,,,1,-1,,,,,,,-1,-1,,,
Who's Your Daddy?!,,,,,,,,,,,,,,,,,
Who's Your Daddy?!,,,,,,,,,,,,,,,,,
Who's Your Daddy?!,,,,,1,,,,,,,,,,,,
Who's Your Daddy?!,-1,,-1,,1,-1,,,,,,,-1,,,-1,-1
Who's Your Daddy?!,,,,,,,,,,,,,,,,,
Who's Your Daddy?!,,,,,1,,,,,,,,,,,,
Who's Your Daddy?!,,,,,1,,,,,,,,,,,,
Who's Your Daddy?!,,,,,1,,,,,,,,,,,,
Who's Your Daddy?!,,,,,,,,,,,,,,,,,
Who's Your Daddy?!,,,,,,,,,,,,,,,0,,
Who's Your Daddy?!,,,,,,,,,,,,,,,,,
Who's Your Daddy?!,,,,,1,,,,,,,,,,,,
Who's Your Daddy?!,,,,,1,,,,1,1,,,,1,,,
Who's Your Daddy?!,,,-1,,,,,,,,,,,,,,
Who's Your Daddy?!,,,,,1,,,,,,,,,,,,
Who's Your Daddy?!,,,0,,1,,,,,,,,,0,,,
Who's Your Daddy?!,,,,,,,-1,,,,,,,-1,,,
Who's Your Daddy?!,,,-1,,1,,,,,,,,,,,,-1
Who's Your Daddy?!,-1,,-1,,,,,,,,,,,,,,
Who's Your Daddy?!,,,-1,,,,,,,,,,,,,,
Who's Your Daddy?!,-1,,-1,,,,,,,,,,,-1,,,
Who's Your Daddy?!,,,-1,,,,,,,,,,,,,,-1
Who's Your Daddy?!,,,-1,,,,,,,,,,,,,,
Who's Your Daddy?!,,,-1,,,,,,,,,,,-1,,,
Who's Your Daddy?!,,,,,,,,,,,,,,,,,
Feed and Grow: Fish,,,-1,,,,,,,,,,,,,,
Feed and Grow: Fish,,,-1,,,,,,,,,,,,,,
Feed and Grow: Fish,,,,1,1,,,,,,,,,,,,
Feed and Grow: Fish,,,-1,,,,,,,,,,,,,,
Feed and Grow: Fish,,,,,,,,,,,,,,,,,
Feed and Grow: Fish,,,,,1,,,,,,,,,,,,
Feed and Grow: Fish,,,,,1,-1,,,,,,,,0,,,
Feed and Grow: Fish,,,,,1,,,,,,,,,,,,
Feed and Grow: Fish,,,-1,,,,,,,,,,,,,,-1
Feed and Grow: Fish,,,-1,,,,,,,,,,,,,,
Feed and Grow: Fish,-1,,-1,1,1,-1,1,1,,,,1,,-1,,,-1
Feed and Grow: Fish,,,,,1,,1,1,1,,,,,,,,
Feed and Grow: Fish,-1,,-1,,,,,,,,,,,,,,
Feed and Grow: Fish,-1,,-1,,,,,,,,,,,,,,
Feed and Grow: Fish,,,,0,,,,,,,,,,,,,
Feed and Grow: Fish,,,,,1,,,,,,,,,,,,
Feed and Grow: Fish,,,,,1,,,,,,,,,,,,
Feed and Grow: Fish,,,-1,,,,,,,,,,,,,,
Feed and Grow: Fish,,,,,1,,,,,,,,,,,,
Feed and Grow: Fish,,,,,,,,,,,,,,,,,
Feed and Grow: Fish,,,,,,1,,,,,,,,1,,1,
Feed and Grow: Fish,,,,,,,,,,,,,,,,,
Feed and Grow: Fish,-1,,-1,,,,,,,,,,,,,,
Feed and Grow: Fish,-1,,-1,,1,,,,,,,,,,,,
Feed and Grow: Fish,-1,,-1,,,,,,,,,,,,,,
Feed and Grow: Fish,,,,,1,,,,,,,,,,,,
Feed and Grow: Fish,,,-1,,,,,,,,,,,,,,
Feed and Grow: Fish,,,,,,,,,,,,,,-1,,,
Feed and Grow: Fish,,,-1,,,,,,,,,,,,,,
Feed and Grow: Fish,,,-1,,1,,,-1,,,,,,,-1,,-1
Feed and Grow: Fish,,,,,,,,,,,,,,,,,
Feed and Grow: Fish,,,,,1,,,,,,,,,,,,
Feed and Grow: Fish,,,,,1,,,,,,,,,,,,
Feed and Grow: Fish,,,,,1,-1,,,,,,,,-1,,,
Feed and Grow: Fish,,,,,1,,,,,,,,,,,,
Feed and Grow: Fish,,,,,,,,,,,,,,,,,-1
Feed and Grow: Fish,,,,,,,,,,,,,,,,,
Feed and Grow: Fish,,,,-1,1,-1,,,,,,,,-1,-1,-1,-1
Feed and Grow: Fish,,,-1,,,,,,,,,,,,,,
Feed and Grow: Fish,,,,,,,,,,,,,,,,,
Feed and Grow: Fish,,,,,,,,,,,,,,,,,
Feed and Grow: Fish,,,,,,,,,,,,,,,,,
Feed and Grow: Fish,,,,,1,,,,,,,,,-1,,,
Feed and Grow: Fish,,,,,1,,,,,,,,,-1,,,
Feed and Grow: Fish,,,-1,,,,,,,,,,,,,,
Feed and Grow: Fish,,,,,,,,,,,,,,,,,
Feed and Grow: Fish,,,,,,,,,,,,,,,,,
Feed and Grow: Fish,,,,,1,,,,,,,,,,,-1,
Feed and Grow: Fish,,,,,,,,,,,,,,,,,
Feed and Grow: Fish,,,,,1,,,,,,,,,,,,
Feed and Grow: Fish,,,,,1,,,,,,,,,,,,
Feed and Grow: Fish,,,,,,,,,,,,,,-1,,,
Feed and Grow: Fish,,,,,1,,,,,,,,,,,,
Feed and Grow: Fish,,,,,,,,,,,,,,,,,
Feed and Grow: Fish,,,,,,,,,,,,,,,,,
Feed and Grow: Fish,,,,,,,,,,,,,,-1,,,
Feed and Grow: Fish,,,,,,,,,,,,,,,,,
Feed and Grow: Fish,-1,,-1,,,,,,,,,,,,,,
Feed and Grow: Fish,,,,,,,,,,,,,,,,,
Feed and Grow: Fish,,,-1,,,,,,,,,,,,,,
Feed and Grow: Fish,,,,,1,,,,,,,,,,,,
Feed and Grow: Fish,,,-1,,,,,,,,,,,,,,
Feed and Grow: Fish,,,,,1,,,,,,,,,,,,
Feed and Grow: Fish,,,,,,-1,,,,,,,,0,,,
Feed and Grow: Fish,,,,,,,,,,,,,,,,,
Feed and Grow: Fish,,,,,1,,,,,,,,,,,,
Feed and Grow: Fish,,,,,1,,,,,,,,,,,,
Feed and Grow: Fish,,,,,1,,,,,,,,,,,,
Feed and Grow: Fish,,,,,,,,,,,,,,,,,
Feed and Grow: Fish,,,,,,,,,,,,,,,,,
Feed and Grow: Fish,,,,,,,,,,,,,,,,,
Feed and Grow: Fish,,,,,,,,,,,,,,-1,,,
Feed and Grow: Fish,,,,,,,,,,,,,,,,,
Feed and Grow: Fish,,,-1,,1,,,,,,,,,,,,
Feed and Grow: Fish,,,,,,,,,,,,,,,,,
Feed and Grow: Fish,,,,1,1,,,,,,,,,,,,
Feed and Grow: Fish,,,-1,,,,,,,,,,,,,,
Feed and Grow: Fish,,,,,,,,,,,,,,,,,
Feed and Grow: Fish,,,,,,,,,,,,,,,,,
Feed and Grow: Fish,,,,,,,,,,,,,,,,,
Feed and Grow: Fish,,,,,1,-1,,,,,,,,,-1,-1,-1
Feed and Grow: Fish,,,,,,,,,,,,,,,,,
Feed and Grow: Fish,,,,,0,,,,,,,,,,,,
Feed and Grow: Fish,,,,,,,,,,,,,,,,,
Feed and Grow: Fish,,,,,1,,,,,,,,,,,,
Feed and Grow: Fish,,,,,,,,,,,,,,,,,
Feed and Grow: Fish,,,,,,,,,,,,,,,,,
Feed and Grow: Fish,,,,,1,,1,1,1,,,,,,,,
Feed and Grow: Fish,,,,,1,,1,1,,,,,,,,,
Feed and Grow: Fish,,,,1,1,,1,1,,,,1,,,1,,
Feed and Grow: Fish,,,,,1,,,,,,,,,,,,-1
Feed and Grow: Fish,,,,,,,,,,,,,,,,,
Feed and Grow: Fish,,,,,1,,,1,,,,1,,,,,-1
Feed and Grow: Fish,,,,-1,-1,,-1,-1,-1,-1,,-1,,,-1,-1,-1
Feed and Grow: Fish,,,,,1,,,,,,,,,,,,
Feed and Grow: Fish,,,,,1,,,,,,,,,,,,
Feed and Grow: Fish,-1,-1,,1,1,,,,0,,1,0,,,-1,-1,-1
Feed and Grow: Fish,,,,,,-1,,,,,,,,,-1,,-1
Feed and Grow: Fish,,,,1,1,,,,,,,,,,,,
Feed and Grow: Fish,,,,,1,,1,1,,,,,,,,,
Divinity: Original Sin 2 - Definitive Edition,,,,,1,,,,,,,,,,,,
Divinity: Original Sin 2 - Definitive Edition,,,,,-1,,,,,,,,,,,,
Divinity: Original Sin 2 - Definitive Edition,,1,,,,,,,1,,1,,,,,,
Divinity: Original Sin 2 - Definitive Edition,,,,,1,,,,,,,,,,,,
Divinity: Original Sin 2 - Definitive Edition,,1,,,1,,-1,,1,1,1,,,,,,
Divinity: Original Sin 2 - Definitive Edition,,,,,1,,,,,,,,,,1,,
Divinity: Original Sin 2 - Definitive Edition,,,,,1,,,,,,,,,,,,
Divinity: Original Sin 2 - Definitive Edition,,1,,1,1,-1,1,1,1,1,1,1,,,0,-1,-1
Divinity: Original Sin 2 - Definitive Edition,,,,1,1,,1,1,,,,1,,,1,,-1
Divinity: Original Sin 2 - Definitive Edition,,,,,1,,,,,,,,,,,,
Divinity: Original Sin 2 - Definitive Edition,,,,,,,,-1,,,,,,,-1,-1,
Divinity: Original Sin 2 - Definitive Edition,,,,0,0,,1,0,,,,0,,,-1,,-1
Divinity: Original Sin 2 - Definitive Edition,,,,1,1,,1,1,,,,,,,,,
Divinity: Original Sin 2 - Definitive Edition,,,,1,1,,,,,,,,,,,,
Divinity: Original Sin 2 - Definitive Edition,,,,,1,,,,,,,,,,,,
Divinity: Original Sin 2 - Definitive Edition,,,,,1,,,,,,,,,,,,
Divinity: Original Sin 2 - Definitive Edition,,,,,,,,,,,,,,,,,
Divinity: Original Sin 2 - Definitive Edition,-1,,-1,,,,,,,,,,,,,,
Divinity: Original Sin 2 - Definitive Edition,,,,,,,,,,,,,,,,,
Divinity: Original Sin 2 - Definitive Edition,,,,,1,,,,,,,,,,,,
Divinity: Original Sin 2 - Definitive Edition,,,,-1,1,-1,-1,-1,,,,-1,,,-1,,-1
Divinity: Original Sin 2 - Definitive Edition,,,,,,,,,,,,,,,,,
Divinity: Original Sin 2 - Definitive Edition,,,,,1,,,,,,,,,,,,
Divinity: Original Sin 2 - Definitive Edition,,,,,1,,,,,,,,,,0,-1,
Divinity: Original Sin 2 - Definitive Edition,,,,,1,,,,,,,,,,,,
Divinity: Original Sin 2 - Definitive Edition,,,,,1,,,,,,,,,,,,
Divinity: Original Sin 2 - Definitive Edition,,,,,1,,,,,,,,,,-1,,
Divinity: Original Sin 2 - Definitive Edition,,,,,,,,,,,,,,,,,
Divinity: Original Sin 2 - Definitive Edition,,,,,1,,,,,,,,,,,,
Divinity: Original Sin 2 - Definitive Edition,,,,,1,,,,,,,,,,,,
Divinity: Original Sin 2 - Definitive Edition,,,,,1,,,,,,,,,,,,
Divinity: Original Sin 2 - Definitive Edition,,,,1,1,,,,1,,,1,,,,-1,
Divinity: Original Sin 2 - Definitive Edition,,,,,,,,,,,,,,,,,
Divinity: Original Sin 2 - Definitive Edition,,,,,1,,,,,,,1,,,,,
Divinity: Original Sin 2 - Definitive Edition,,,,1,1,,,,,,,,,,,,
Divinity: Original Sin 2 - Definitive Edition,,,,,1,,,,,,,,,,,,
Divinity: Original Sin 2 - Definitive Edition,,,,,,,,,,,,,,,,,
Divinity: Original Sin 2 - Definitive Edition,,,,1,1,,,,,,,,,,,-1,
Divinity: Original Sin 2 - Definitive Edition,,,,,1,,,,,,,,,,-1,,
Divinity: Original Sin 2 - Definitive Edition,,,,,1,,,,,,,,,,,,
Divinity: Original Sin 2 - Definitive Edition,,,,,,,,,,,,,,,0,,-1
Divinity: Original Sin 2 - Definitive Edition,,,,1,1,,,,,,,,,,1,1,
Divinity: Original Sin 2 - Definitive Edition,,,,,1,,,,,,,,,,1,,
Divinity: Original Sin 2 - Definitive Edition,,,,,1,,,,,,,,,,,,
Divinity: Original Sin 2 - Definitive Edition,,,,,1,,,,,,,,,,,,
Divinity: Original Sin 2 - Definitive Edition,,,,,1,,,,,,,,,,,,
Divinity: Original Sin 2 - Definitive Edition,,,,,1,,,,,,,,,,,,
Divinity: Original Sin 2 - Definitive Edition,,,,,1,,,,,,,,,,,,
Divinity: Original Sin 2 - Definitive Edition,,,,,1,,-1,,,,,,,,,,
Divinity: Original Sin 2 - Definitive Edition,-1,1,-1,1,1,,1,1,1,,1,1,,1,-1,-1,-1
Divinity: Original Sin 2 - Definitive Edition,,,,1,1,,1,1,,,,,,,1,-1,-1
Divinity: Original Sin 2 - Definitive Edition,,,,,1,,,,,,,,,,,,
Divinity: Original Sin 2 - Definitive Edition,,,,1,0,-1,0,0,1,0,,1,,1,,-1,
Divinity: Original Sin 2 - Definitive Edition,,,,0,1,,1,1,,,,,,1,,,
Divinity: Original Sin 2 - Definitive Edition,,,,,1,,-1,,,,,,,,,,
Divinity: Original Sin 2 - Definitive Edition,,,,,0,,,,,,,,,,,,
Divinity: Original Sin 2 - Definitive Edition,,,,,,,,,,,,,,,,,
Divinity: Original Sin 2 - Definitive Edition,,,,,1,,,,,,,,,,,,
Divinity: Original Sin 2 - Definitive Edition,,,,,1,,,1,,,,,,,,,
Divinity: Original Sin 2 - Definitive Edition,,,,1,1,,,,,,,0,,,,,
Divinity: Original Sin 2 - Definitive Edition,,,,,,,,,,,,,,,,,
Divinity: Original Sin 2 - Definitive Edition,,,,1,1,,,1,,,,,,,-1,-1,-1
Divinity: Original Sin 2 - Definitive Edition,,,,-1,1,,,,,,,-1,,,,,-1
Divinity: Original Sin 2 - Definitive Edition,,1,,,1,,0,1,1,0,1,1,,,1,,
Divinity: Original Sin 2 - Definitive Edition,,,,,1,,,,,,,,,,,,
Divinity: Original Sin 2 - Definitive Edition,,,,,1,,,,,,,,,,,,
Divinity: Original Sin 2 - Definitive Edition,,,,,1,,,,,,,,,,,,
Divinity: Original Sin 2 - Definitive Edition,,,,,1,,,,,,,,,,,,
Divinity: Original Sin 2 - Definitive Edition,,,,,,,,,,,,,,,,,
Divinity: Original Sin 2 - Definitive Edition,,,,,,,,,,,,,,,,,
Divinity: Original Sin 2 - Definitive Edition,,,,,,,,,,,,,,,,,
Divinity: Original Sin 2 - Definitive Edition,,,,0,1,,1,1,0,-1,,-1,,,,,
Divinity: Original Sin 2 - Definitive Edition,,,,,1,,,,,,,,,,,,
Divinity: Original Sin 2 - Definitive Edition,,,,1,1,,1,1,,,,1,,,,1,1
Divinity: Original Sin 2 - Definitive Edition,,,,,1,,,,,,,,,,,-1,
Divinity: Original Sin 2 - Definitive Edition,,,,,,,,,,,,,,,,,
Divinity: Original Sin 2 - Definitive Edition,,,,-1,,,,,,,,,,,,,
Divinity: Original Sin 2 - Definitive Edition,,,,,0,,,,,,,-1,,,,,-1
Divinity: Original Sin 2 - Definitive Edition,,,,,1,,,,,,,,,,,-1,
Divinity: Original Sin 2 - Definitive Edition,,,,,1,,,,,,,,,,,,
Divinity: Original Sin 2 - Definitive Edition,,,,1,1,,,,,,,,,,,,
Divinity: Original Sin 2 - Definitive Edition,,,,,1,,,,,,,,,,,,
Divinity: Original Sin 2 - Definitive Edition,,,,-1,1,,,-1,,,,,,,-1,-1,-1
Divinity: Original Sin 2 - Definitive Edition,,,,1,1,,,,,,,,,,,,
Divinity: Original Sin 2 - Definitive Edition,,,,,1,,,1,,,,1,,,,,
Divinity: Original Sin 2 - Definitive Edition,,,,1,1,,,,,,,1,,,,,
Divinity: Original Sin 2 - Definitive Edition,0,1,,1,1,1,1,1,1,,1,,,,1,1,
Divinity: Original Sin 2 - Definitive Edition,,,,,0,,-1,1,,,,,,,,,
Divinity: Original Sin 2 - Definitive Edition,-1,,-1,1,1,-1,,1,,,,,-1,-1,,-1,-1
Divinity: Original Sin 2 - Definitive Edition,,,,,1,,,,,,,,,,,,
Divinity: Original Sin 2 - Definitive Edition,,,,,,,,,,,,,,,,,
Divinity: Original Sin 2 - Definitive Edition,,,,,1,-1,,,,,,,,1,-1,-1,
Divinity: Original Sin 2 - Definitive Edition,,,,,-1,,,,,,,,,,,,
Divinity: Original Sin 2 - Definitive Edition,,,,,,,,,,,,,-1,,,,
Divinity: Original Sin 2 - Definitive Edition,,,,,,-1,,,,,,,,,,,
Divinity: Original Sin 2 - Definitive Edition,,,,,,-1,,,,,,,,-1,,,
Divinity: Original Sin 2 - Definitive Edition,,-1,,,,-1,-1,,-1,,-1,,-1,-1,,-1,
Divinity: Original Sin 2 - Definitive Edition,,,,,,,,,,,,,,,,,
Divinity: Original Sin 2 - Definitive Edition,,,,,0,,,,,,,,,,,,
Divinity: Original Sin 2 - Definitive Edition,,,,,,,,,,,,,,,,,
World of Tanks Blitz,-1,,-1,,,,,,,,,,-1,-1,,,
World of Tanks Blitz,,,,,,-1,,,,,,,,,,,
World of Tanks Blitz,-1,,-1,,0,,,,,,,,,,,,
World of Tanks Blitz,,,,,,,,,,,,,,,,,
World of Tanks Blitz,,,,,,-1,,,,,,,,,,,
World of Tanks Blitz,,,,,-1,-1,,,,,,,,,-1,,-1
World of Tanks Blitz,,,,1,,,,1,,,,,,,-1,-1,-1
World of Tanks Blitz,,,,,1,,,,,,,,,,,,
World of Tanks Blitz,,,,,,,,,,,,,,,,,
World of Tanks Blitz,,,,,,,,,,,,,,,,,
World of Tanks Blitz,-1,-1,,,1,,,,-1,,,,,,,,
World of Tanks Blitz,,,,,-1,,,,,,,,,,,,
World of Tanks Blitz,-1,,-1,,,,,,,,,,,,,,
World of Tanks Blitz,,,,,1,,,,,,,,,,,,
World of Tanks Blitz,,,,,,,,,,,,,,,,,
World of Tanks Blitz,,,,,,,,,,,,,,,,,
World of Tanks Blitz,-1,,-1,1,1,-1,,,,,,,-1,-1,,-1,-1
World of Tanks Blitz,,,,,0,,,,,,,,,,,,-1
World of Tanks Blitz,,,,,-1,,,,,,,,,,,,
World of Tanks Blitz,,,,,,,,,,,,,,,,,
World of Tanks Blitz,,,,,,-1,,,,,,,,,,,
World of Tanks Blitz,,,,,1,-1,,,,,,,,,-1,-1,
World of Tanks Blitz,,,,,,-1,,,,,,,,,-1,,
World of Tanks Blitz,,,,,1,,,,,,,,,,,,
World of Tanks Blitz,,,,,,,,,,,,,,,,,
World of Tanks Blitz,,,,,,,,,,,,,,,,,
World of Tanks Blitz,1,,1,,,,,,,,,,,,,,
World of Tanks Blitz,-1,,-1,,1,-1,-1,,,,,-1,,-1,,,
World of Tanks Blitz,,,,,,-1,,,,,,,,-1,,,
World of Tanks Blitz,,,,,1,,,,,,,,,1,,,
World of Tanks Blitz,,,,,,,,,,,,,,,,,
World of Tanks Blitz,,,,,-1,-1,,,,,,,,,,,
World of Tanks Blitz,,,,,1,,,,,,,,,,-1,,-1
World of Tanks Blitz,,,,,,,,,,,,,,,,,
World of Tanks Blitz,,,,,1,,,,,,,,,,,,
World of Tanks Blitz,,,,,,,,,,,,,,,-1,,-1
World of Tanks Blitz,,,,,-1,-1,,,,,,,,,,,-1
World of Tanks Blitz,,,,,,,,,,,,,,,,,
World of Tanks Blitz,,,,,1,,,,,,,,,,,,
World of Tanks Blitz,,,,,1,,,,,,,,,,,,
World of Tanks Blitz,,,,,,-1,,,,,,,,-1,,,
World of Tanks Blitz,,,,,,,,,,,,,,,,,
World of Tanks Blitz,,,,,1,,-1,,,,,,,-1,,,
World of Tanks Blitz,,,,,,,,,,,,,,,,,
World of Tanks Blitz,,,,,,,,,,,,,,,,,
World of Tanks Blitz,,,,,-1,-1,,,,,,,,-1,,,
World of Tanks Blitz,,,,,,,,,,,,,,,,,
World of Tanks Blitz,,,,,,,,,,,,,,,,,
World of Tanks Blitz,,,,,,,,,,,,,,,,,
World of Tanks Blitz,,,,,,,,,,,,,,,,,
World of Tanks Blitz,,,,,,,,,,,,,,,,,
World of Tanks Blitz,,,,,1,-1,,,,,,,,,0,-1,
World of Tanks Blitz,,,,,,,,,,,,,,,,,
World of Tanks Blitz,,,,,,,,,,,,,,,,,
World of Tanks Blitz,,,,,,,,,,,,,,,,,
World of Tanks Blitz,,,,,1,,,,,,,,,,,,
World of Tanks Blitz,,,,0,1,,,,,,,,,,,,
World of Tanks Blitz,,,,,,,,,,,,,,,,-1,
World of Tanks Blitz,,,,,1,,,,,,,,,,,,
World of Tanks Blitz,,,,,,,0,1,,,,,,,,,
World of Tanks Blitz,,,,,1,-1,,,,,,,,-1,,,
World of Tanks Blitz,,,,,,,,,,,,,,,,,
World of Tanks Blitz,,,,,,,,,,,,,,,,,
World of Tanks Blitz,,,,,1,,,,,,,,,,,,
World of Tanks Blitz,,,,,,,,,,,,,,,,,
World of Tanks Blitz,,,,,,,,,,,,,,,,,
World of Tanks Blitz,,,,,1,,,,,,,,,,,,
World of Tanks Blitz,,,,,1,,,,,,,,,,,,
World of Tanks Blitz,,,,,1,,,,,,,,,,,,
World of Tanks Blitz,,,,,,,,,,,,,,,,,
World of Tanks Blitz,,,,,1,,,,1,,,,,,,,
World of Tanks Blitz,,,,,1,,,,,,,,,,,,
World of Tanks Blitz,,,,,1,,,,,,,,,,,,
World of Tanks Blitz,,,,,,,,,,1,,,,,,,
World of Tanks Blitz,,,,,,,,,,,,,,,,,
World of Tanks Blitz,,,,,1,,,,,,,,,,,,
World of Tanks Blitz,-1,,-1,,,-1,,,,,,,,-1,,,
World of Tanks Blitz,,,,,,,,,,,,,,,,,
World of Tanks Blitz,,,-1,,,,,,,,,,,-1,,,
World of Tanks Blitz,,,,,,,,,,,,,,,,,
World of Tanks Blitz,,,,,,,,,,,,,,,,0,
World of Tanks Blitz,,,,,1,,1,,,,,,,,,,
World of Tanks Blitz,,,,1,1,,,,,,,,,,,,1
World of Tanks Blitz,,,,,,-1,,,,,,,-1,-1,,,
World of Tanks Blitz,,,,,1,,,,,,,,,,,,
World of Tanks Blitz,,,,,1,-1,,,,,,,,,-1,,
World of Tanks Blitz,,,,,1,-1,1,0,,,,0,,,,,-1
World of Tanks Blitz,,,,1,1,-1,1,1,,,,0,,-1,-1,-1,-1
World of Tanks Blitz,,,,,,,,,,,,,,,,,
World of Tanks Blitz,,,,,,,,,,,,,,,-1,-1,
World of Tanks Blitz,,,,1,1,,1,1,,,,1,,,0,-1,-1
World of Tanks Blitz,,,,,1,-1,,-1,,,,,,,-1,,-1
World of Tanks Blitz,,,,,,-1,,,,,,,,,-1,-1,
World of Tanks Blitz,,,,1,1,,,,,,,,,,,,
World of Tanks Blitz,,,,-1,1,,,,,,,,,,,-1,
World of Tanks Blitz,,,,,,,,,,,,,,,,,
World of Tanks Blitz,-1,,-1,,1,-1,-1,1,,,,,,-1,-1,-1,
World of Tanks Blitz,,,,,,,,,,,,,,,,,-1
World of Tanks Blitz,-1,,-1,,1,,,,,,,,,-1,,,
World of Tanks Blitz,,,,1,1,,,,,,,,,,-1,-1,-1
Oxygen Not Included,,,,,,,,,,,,,,,,-1,
Oxygen Not Included,,,,,1,,,,,,,,,,,,
Oxygen Not Included,,,,,,-1,,0,,,,,,,,,-1
Oxygen Not Included,-1,,-1,,1,,,,,,,,-1,0,,,
Oxygen Not Included,,,,,,,,,,,,,,,,,
Oxygen Not Included,,,-1,,1,-1,,,,,,,,1,,,
Oxygen Not Included,,,,,,,,,,,,,,,,,
Oxygen Not Included,,,,,1,,,,,,,,,,,,
Oxygen Not Included,-1,-1,,,1,,,,-1,,,,,,,,
Oxygen Not Included,,,,,,,,,,,,,,,,,
Oxygen Not Included,,,,,,,,,,,,,,,,,
Oxygen Not Included,,,,,1,,,1,,,,1,,,,,-1
Oxygen Not Included,,,,1,1,,,,,,,,,,,,
Oxygen Not Included,,,,,-1,,,,,,,,,,,,
Oxygen Not Included,,,,,1,,1,1,1,0,,1,,,,,-1
Oxygen Not Included,,,,,1,,,,,,,,,,,,
Oxygen Not Included,,,,,1,,,,,,,,,,-1,,
Oxygen Not Included,,,,,,,,,,,,,,,,,
Oxygen Not Included,,,,,,,,,,,,,,,,,
Oxygen Not Included,,,,,1,,,,,,,,,,,,
Oxygen Not Included,,,,,1,,,,,,,,,,-1,-1,
Oxygen Not Included,,,-1,,,-1,,,,,,,,,,,
Oxygen Not Included,,,,,1,,1,1,,,,,,,,,
Oxygen Not Included,,,,,1,,,,,,,,,,,,
Oxygen Not Included,,,,,1,,,,,,,,,,,,
Oxygen Not Included,,,,,1,,,,,,,,,,,-1,
Oxygen Not Included,,,,,1,,,,,,,,,,,,
Oxygen Not Included,,,,,,,,,,,,,,,,,
Oxygen Not Included,,,,,,,,,,,,,,,-1,,
Oxygen Not Included,,,,1,1,,,,,,,,,,,,
Oxygen Not Included,,,,,1,,,,,,,,,,,,
Oxygen Not Included,,,,,1,,,,,,,,,,,,
Oxygen Not Included,,,,,1,,,,,,,,,,,1,
Oxygen Not Included,,,,,1,,,,,,,,,,,,
Oxygen Not Included,,,,,1,-1,,-1,,,,,,-1,-1,-1,-1
Oxygen Not Included,,,,,1,,,,,,,,,,,,-1
Oxygen Not Included,,,,,1,,,,,1,,,,,,,
Oxygen Not Included,,,,0,1,,,,,,,,,,,,
Oxygen Not Included,,,,,1,,,,,,,,,,,,
Oxygen Not Included,,,,,1,,1,,,,,,,,,,
Oxygen Not Included,,,,,1,,,,,,,,,,-1,,
Oxygen Not Included,,,,,,,,,,,,,,-1,,,
Oxygen Not Included,,,,,1,,,,,,,,,,,,
Oxygen Not Included,,,,,,,,,,,,,,,,,
Oxygen Not Included,,,,,1,,,,,,,,,,,,
Oxygen Not Included,,,,,1,,,,,,,,,,,,
Oxygen Not Included,,,,,,,,,,,,,,,,,
Oxygen Not Included,,,,1,1,,,,,,,,,,,1,
Oxygen Not Included,,,,,,,,,,,,,,,-1,-1,
Oxygen Not Included,,,,,1,,,,,,,,,,,,
Oxygen Not Included,,,,0,,,0,0,,,,0,,,,,
Oxygen Not Included,,,,,,,,,,,,,,,,,
Oxygen Not Included,,,,,,,,,,,,,,,,,
Oxygen Not Included,,-1,-1,,,-1,,0,0,,-1,,,,,,-1
Oxygen Not Included,,,,-1,1,,,1,1,1,,1,,,-1,-1,-1
Oxygen Not Included,,,,,1,,,,,,,,,,,,
Oxygen Not Included,,,,,,,,,,,,,,,-1,,
Oxygen Not Included,,,,-1,1,,,,,,,,,,,,
Oxygen Not Included,-1,,-1,,,,,,,,,,,,,,
Oxygen Not Included,,,,,,,,,,,,,,,,,
Oxygen Not Included,,,,,1,,,,,,,,,,,,
Oxygen Not Included,,,,,,,,,,,,,,,,1,
Oxygen Not Included,,,,,1,,,,,,,,,,-1,,
Oxygen Not Included,,,,1,1,,,,,,,,,,,,
Oxygen Not Included,,,,,1,,,,,,,,,,,,
Oxygen Not Included,,,,,,,,,,,,,,,,,
Oxygen Not Included,,,,,,,,,,,,,,,,,
Oxygen Not Included,,,,-1,,,,,,,,,,,,,
Oxygen Not Included,,,,,1,,,,,,,,,,,-1,
Oxygen Not Included,,,,,,,,,,,,,,,-1,,
Oxygen Not Included,,,,,,,,,,,,,,,,,
Oxygen Not Included,,,-1,,,,,,,,,,,,,,
Oxygen Not Included,,,,,1,,,,,,,,,,,,
Oxygen Not Included,,,,,,,,,,,,,,,,,
Oxygen Not Included,,,,,,,,,,,,,,,,,
Oxygen Not Included,,,,,,,,,,,,,,,,,
Oxygen Not Included,,,,,0,,,,,,,,,,-1,,
Oxygen Not Included,,,,,,,,,,,,,,,,,
Oxygen Not Included,,,,,1,-1,-1,-1,,-1,,,,,-1,,-1
Oxygen Not Included,,,,,,,,,,,,,,,,,
Oxygen Not Included,,,,,1,,,,,,,,,,,,
Oxygen Not Included,,,,,1,,,,,,,,,,,,-1
Oxygen Not Included,,,,,,,,,,,,,,,-1,,-1
Oxygen Not Included,,,,1,,,1,1,,,,,,,,,
Oxygen Not Included,,,,,,,,,,,,,,,,,
Oxygen Not Included,,,,,,,,,,,,,,,,,
Oxygen Not Included,-1,-1,-1,,1,-1,0,1,1,,1,1,,0,-1,-1,-1
Oxygen Not Included,,,,1,1,,1,,,,,,,,,,
Oxygen Not Included,,,,-1,-1,-1,-1,-1,,,,,,-1,,-1,-1
Oxygen Not Included,,,-1,1,1,-1,1,1,1,1,1,1,-1,1,-1,-1,-1
Oxygen Not Included,-1,,-1,,1,-1,,,,,,,,-1,,,
Oxygen Not Included,,,,,1,,,,,,,,,,,,
Oxygen Not Included,,,,,,-1,,,,,,,,-1,,,
Oxygen Not Included,,,,,1,,1,1,,,,1,,,1,,
Oxygen Not Included,,,,,,-1,,,,,,,,,-1,-1,
Oxygen Not Included,,,,,1,,,,,,,,,,,,
Oxygen Not Included,,,,0,1,,,,,,,,,,,-1,-1
Oxygen Not Included,1,1,,1,1,,1,1,1,1,1,1,,,,-1,
Oxygen Not Included,,,-1,,,,,,,,,,,-1,,,
Oxygen Not Included,,,-1,,1,,,,,,,,,,,,-1
Tom Clancy's Ghost Recon® Wildlands,,,,,,,,,,,,,,,,,
Tom Clancy's Ghost Recon® Wildlands,-1,-1,-1,1,1,-1,-1,1,1,1,1,1,,-1,-1,-1,-1
Tom Clancy's Ghost Recon® Wildlands,0,0,0,0,1,,0,1,0,0,0,0,,0,0,,
Tom Clancy's Ghost Recon® Wildlands,-1,,-1,,1,,,,,,,,,,-1,,-1
Tom Clancy's Ghost Recon® Wildlands,,,,,1,,,,,,,,,,,,
Tom Clancy's Ghost Recon® Wildlands,,,,,1,,1,,,,,,,,,,
Tom Clancy's Ghost Recon® Wildlands,,,-1,,,,,,,,,,,,,,
Tom Clancy's Ghost Recon® Wildlands,,,,-1,0,-1,1,1,,,,1,,,-1,-1,-1
Tom Clancy's Ghost Recon® Wildlands,,,,,0,,,,,,,,,,,,-1
Tom Clancy's Ghost Recon® Wildlands,,,,,1,,,,,,,,,,,,-1
Tom Clancy's Ghost Recon® Wildlands,,,,,,,,,,,,,,,,,
Tom Clancy's Ghost Recon® Wildlands,,,,,1,,,,,,,,,,,-1,
Tom Clancy's Ghost Recon® Wildlands,0,1,-1,1,1,-1,1,1,0,-1,1,0,,,-1,-1,-1
Tom Clancy's Ghost Recon® Wildlands,,,,,1,,1,,,,,1,,1,,,
Tom Clancy's Ghost Recon® Wildlands,,,-1,,,,,,,,,,,,,,-1
Tom Clancy's Ghost Recon® Wildlands,,,-1,,1,,,,,,,,,,,,
Tom Clancy's Ghost Recon® Wildlands,,,,,1,,1,,1,,,,,,,,
Tom Clancy's Ghost Recon® Wildlands,,,,,1,,,,,,,,,,,,
Tom Clancy's Ghost Recon® Wildlands,,,,,1,,1,,,,,,,,,,
Tom Clancy's Ghost Recon® Wildlands,,,,,1,,,,1,1,,,,,,,
Tom Clancy's Ghost Recon® Wildlands,,,,-1,1,-1,,-1,,,,,,-1,-1,-1,-1
Tom Clancy's Ghost Recon® Wildlands,1,1,,1,1,,,1,,,,,,,,-1,
Tom Clancy's Ghost Recon® Wildlands,,,,,-1,,,,,,,,,,,,
Tom Clancy's Ghost Recon® Wildlands,,,,,0,,,,,,,,,,-1,,-1
Tom Clancy's Ghost Recon® Wildlands,-1,-1,-1,-1,0,-1,-1,-1,1,,-1,,-1,-1,-1,-1,-1
Tom Clancy's Ghost Recon® Wildlands,,,,-1,1,,,1,,,,,,,-1,-1,-1
Tom Clancy's Ghost Recon® Wildlands,,,,,-1,,,,,,,,,,,,
Tom Clancy's Ghost Recon® Wildlands,,,,,,,0,0,,,,,,,-1,,
Tom Clancy's Ghost Recon® Wildlands,,,,,0,,-1,-1,-1,-1,,-1,,,,,
Tom Clancy's Ghost Recon® Wildlands,,,,,,,,,-1,,,-1,,,,,
Tom Clancy's Ghost Recon® Wildlands,,,,,,,,,,,,,,,,,
Tom Clancy's Ghost Recon® Wildlands,,,,1,1,,,,,,,,,1,,-1,
Tom Clancy's Ghost Recon® Wildlands,,,,,1,,,,,,,,,,,,
Tom Clancy's Ghost Recon® Wildlands,,,,,1,,,,,,,,,,,,
Tom Clancy's Ghost Recon® Wildlands,,,,,1,,,,,,,,,,,,
Tom Clancy's Ghost Recon® Wildlands,,,,,,,,,,,,,,,,,
Tom Clancy's Ghost Recon® Wildlands,-1,-1,,,,,,,-1,,-1,,,,,,
Tom Clancy's Ghost Recon® Wildlands,,,,,,,,0,,,,,,,-1,-1,-1
Tom Clancy's Ghost Recon® Wildlands,,,,,,,,,,,,,,,,,
Tom Clancy's Ghost Recon® Wildlands,,,,,,,,,,,,,,,,,-1
Tom Clancy's Ghost Recon® Wildlands,,,,,,-1,,,,,,,,,-1,,
Tom Clancy's Ghost Recon® Wildlands,,,,,1,,1,1,,,,,,,-1,,
Tom Clancy's Ghost Recon® Wildlands,,,,,,,,,,,,,,,,,
Tom Clancy's Ghost Recon® Wildlands,,,,,1,,,,,,,,,,,,
Tom Clancy's Ghost Recon® Wildlands,,,,,1,,,,,,,,,,,,
Tom Clancy's Ghost Recon® Wildlands,,,,,1,,,,1,1,,1,,,,,
Tom Clancy's Ghost Recon® Wildlands,,,,1,1,,,-1,,,,,,,,-1,-1
Tom Clancy's Ghost Recon® Wildlands,,,,,1,,,,,,,,,,,,
Tom Clancy's Ghost Recon® Wildlands,,,,,,,,,,,,,,,,,-1
Tom Clancy's Ghost Recon® Wildlands,-1,,-1,,-1,-1,-1,,-1,-1,,-1,-1,-1,,,
Tom Clancy's Ghost Recon® Wildlands,,,,,1,,,,,,,,,,,,-1
Tom Clancy's Ghost Recon® Wildlands,,,,,1,,,,,,,,,,,,-1
Tom Clancy's Ghost Recon® Wildlands,,,,,,,,,,,,,,,,,
Tom Clancy's Ghost Recon® Wildlands,,,,,,,,,,,,,,,,,
Tom Clancy's Ghost Recon® Wildlands,,,,,,,,,,,,,,,,,
Tom Clancy's Ghost Recon® Wildlands,,,,1,1,,1,,,,,,,,,,
Tom Clancy's Ghost Recon® Wildlands,,,,1,1,-1,1,1,,,,1,,,-1,,-1
Tom Clancy's Ghost Recon® Wildlands,,,,,,,,,,,,,,,,,
Tom Clancy's Ghost Recon® Wildlands,-1,,-1,,1,-1,,,,,,,,-1,-1,-1,
Tom Clancy's Ghost Recon® Wildlands,,,,,,,,,,,,,,,,,
Tom Clancy's Ghost Recon® Wildlands,,,,,1,,,,,,,,,,,,
Tom Clancy's Ghost Recon® Wildlands,,,,1,1,,,1,,,,,,,-1,,-1
Tom Clancy's Ghost Recon® Wildlands,,,-1,,1,-1,,,,,,,-1,,-1,-1,-1
Tom Clancy's Ghost Recon® Wildlands,,,,,1,,,,1,,,,,,,,
Tom Clancy's Ghost Recon® Wildlands,,,,,,,,,,,,,,,,,
Tom Clancy's Ghost Recon® Wildlands,,,,,1,,,,,,,,,,,,
Tom Clancy's Ghost Recon® Wildlands,,,,,,,,,,,,,,,,,
Tom Clancy's Ghost Recon® Wildlands,,,,,1,,,,,,,,,,,,
Tom Clancy's Ghost Recon® Wildlands,,,,,,,,,,,,,,,,,
Tom Clancy's Ghost Recon® Wildlands,,,,,1,,,,,,,,,,,,
Tom Clancy's Ghost Recon® Wildlands,,,,1,1,,1,1,1,1,1,1,,,,,-1
Tom Clancy's Ghost Recon® Wildlands,,,,,1,,,,,,,,,,,,
Tom Clancy's Ghost Recon® Wildlands,,,,,,,,,,,,,,,,,
Tom Clancy's Ghost Recon® Wildlands,,,,1,1,-1,,-1,,,,,,-1,-1,-1,-1
Tom Clancy's Ghost Recon® Wildlands,,,,,1,,,,,,,,,,,,
Tom Clancy's Ghost Recon® Wildlands,-1,-1,,0,0,-1,-1,-1,1,,-1,,,,-1,-1,-1
Tom Clancy's Ghost Recon® Wildlands,,,,,1,,,,,,,,,,,,
Tom Clancy's Ghost Recon® Wildlands,,,,,,-1,-1,-1,,,,,,,-1,,
Tom Clancy's Ghost Recon® Wildlands,,,-1,-1,1,,,1,,,,-1,,,-1,,-1
Tom Clancy's Ghost Recon® Wildlands,,,,,,,,,,,,,,,,,
Tom Clancy's Ghost Recon® Wildlands,,,,,,-1,,,,,,,,,,,
Tom Clancy's Ghost Recon® Wildlands,,,,,1,,,,,,,,,,,,
Tom Clancy's Ghost Recon® Wildlands,,,,,,,,,,,,,,,-1,-1,
Tom Clancy's Ghost Recon® Wildlands,-1,0,,,1,-1,,,1,,,,,,-1,,-1
Tom Clancy's Ghost Recon® Wildlands,,,,,1,,,,,,,,,,,,-1
Tom Clancy's Ghost Recon® Wildlands,-1,,-1,,,,,,,,,,,,,,
Tom Clancy's Ghost Recon® Wildlands,-1,,-1,,0,-1,,,,,,,-1,-1,-1,-1,-1
Tom Clancy's Ghost Recon® Wildlands,-1,,-1,,,,,,,,,,,-1,,,
Tom Clancy's Ghost Recon® Wildlands,,,-1,0,0,-1,1,0,,,,-1,,-1,-1,-1,-1
Tom Clancy's Ghost Recon® Wildlands,,,-1,,,,,,,,,,,,,,
Tom Clancy's Ghost Recon® Wildlands,-1,,-1,,,,,,,,,,,-1,,,
Tom Clancy's Ghost Recon® Wildlands,-1,,-1,,,,,,,,,,,-1,,,
Tom Clancy's Ghost Recon® Wildlands,,,,1,1,,1,1,1,1,,1,,,-1,-1,-1
Tom Clancy's Ghost Recon® Wildlands,-1,,-1,,1,-1,,,,,,,,1,,-1,
Tom Clancy's Ghost Recon® Wildlands,,,,,-1,,,,,,,,,,,,
Tom Clancy's Ghost Recon® Wildlands,1,1,-1,1,1,-1,1,1,1,1,1,1,,1,0,-1,-1
Tom Clancy's Ghost Recon® Wildlands,,,-1,,,,,-1,,,,-1,,,,,
Tom Clancy's Ghost Recon® Wildlands,,,,1,1,,1,1,,,,1,,,-1,-1,-1
Tom Clancy's Ghost Recon® Wildlands,,,,,1,,,,,,,,,,,,
Tom Clancy's Ghost Recon® Wildlands,,,,1,1,-1,1,1,,,,0,,0,0,-1,-1
Northgard: Definitive Edition,,,,0,1,-1,1,0,,,,,,-1,-1,-1,-1
Northgard: Definitive Edition,,1,,,1,,1,1,1,,1,1,,,,,
Northgard: Definitive Edition,-1,,-1,,1,,1,1,1,,,,,1,,,
Northgard: Definitive Edition,-1,,-1,,,,,,,,,,,,,,
Northgard: Definitive Edition,,,,,1,-1,,,,,,,,-1,,,
Northgard: Definitive Edition,-1,,-1,,,,,,,,,,,,,,
Northgard: Definitive Edition,-1,-1,-1,-1,-1,-1,-1,-1,-1,,-1,,,-1,-1,-1,-1
Northgard: Definitive Edition,,,,-1,,,,,,,,,,-1,,,
Northgard: Definitive Edition,,,,0,1,,,,,,,,,,,-1,-1
Northgard: Definitive Edition,,,,,1,,,,,,,,,,,,
Northgard: Definitive Edition,-1,,,,,,,,,,,,,,,,
Northgard: Definitive Edition,,,,0,1,,1,1,,,,,,-1,,-1,
Northgard: Definitive Edition,,,,,1,-1,,-1,,,,,,,-1,-1,-1
Northgard: Definitive Edition,,,,,1,,-1,1,,,,,,,,,
Northgard: Definitive Edition,,,,,1,,-1,,,,,,,,,,
Northgard: Definitive Edition,,,,,,,,,,,,,,,,,
Northgard: Definitive Edition,,,-1,,,,,,,,,,,,,,
Northgard: Definitive Edition,,,,1,1,,,,,,,,,,,0,
Northgard: Definitive Edition,,,,,1,,,,,,,,,,,,
Northgard: Definitive Edition,,,-1,,0,,,,,,,,,,,,
Northgard: Definitive Edition,,,,,1,,,,,,,,,,,,
Northgard: Definitive Edition,-1,,-1,,,,,,,,,,,,,,
Northgard: Definitive Edition,,,,,-1,,,,,,,,,,,-1,
Northgard: Definitive Edition,,,,,-1,,,,,,,,,,,,
Northgard: Definitive Edition,,,,1,1,-1,0,1,,,,1,,1,-1,-1,-1
Northgard: Definitive Edition,,,,,1,,,,,,,,,,,,
Northgard: Definitive Edition,,,,,1,,,,,,,,,,,,
Northgard: Definitive Edition,,,-1,,,,,,,,,,,,,,
Northgard: Definitive Edition,,,,,,-1,,-1,,,,,,-1,,,
Northgard: Definitive Edition,,,,,1,,,,,,,1,,,,,
Northgard: Definitive Edition,,,-1,,,,,,,,,,,-1,,,
Northgard: Definitive Edition,,,,,1,,,,,,,,,,,,
Northgard: Definitive Edition,,,,,,,,,-1,1,,,,,,,
Northgard: Definitive Edition,,,,,1,,,,,,,,,,,-1,
Northgard: Definitive Edition,,,,,,,,,,,,,,,,,
Northgard: Definitive Edition,,,,,1,,,,,,,,,,,,
Northgard: Definitive Edition,,,,0,1,,,,,,,-1,,,,,-1
Northgard: Definitive Edition,,,,,,,,,,,,,,,,,
Northgard: Definitive Edition,,,,,1,,,,,,,,,,,,
Northgard: Definitive Edition,,,,,,,,,,,,,,,,,
Northgard: Definitive Edition,-1,,-1,,1,,,-1,,,,-1,,-1,,,
Northgard: Definitive Edition,,,,,,,,,,,,,,,,,
Northgard: Definitive Edition,,,,,,,,,,,,,,,,,
Northgard: Definitive Edition,0,1,-1,0,1,,1,1,1,,1,0,,0,,,
Northgard: Definitive Edition,,,,1,1,-1,1,-1,,,,,,-1,-1,-1,-1
Northgard: Definitive Edition,,,,,,,,,,,,,,,,,
Northgard: Definitive Edition,0,1,-1,,1,,,,,,,,,,0,,
Northgard: Definitive Edition,-1,,-1,,,,,,,,,,,,,,
Northgard: Definitive Edition,,,,,1,,,,,,,,,,,,
Northgard: Definitive Edition,-1,,-1,,1,,,-1,,,,,,,,,-1
Northgard: Definitive Edition,,,,,,,,,,,,,,,,,
Northgard: Definitive Edition,,,,,1,,1,,,,,,,,,,
Northgard: Definitive Edition,,,,-1,1,,,,,,,,,,,,
Northgard: Definitive Edition,,,,,1,,1,1,,,,,,,-1,-1,
Northgard: Definitive Edition,,,,1,1,,,,,,,,,-1,,-1,
Northgard: Definitive Edition,,,,,,,,,,,,,,,,,
Northgard: Definitive Edition,,,,,1,,,,,,,,,,,,
Northgard: Definitive Edition,,,,,,,,,,,,,,,,,
Northgard: Definitive Edition,,,,-1,,,,,,,,,,,,-1,
Northgard: Definitive Edition,,,,,,,,,,,,,,,,,
Northgard: Definitive Edition,,,,,,,1,1,,1,,,,-1,,,
Northgard: Definitive Edition,,,,,1,-1,,1,,,,,,,0,,-1
Northgard: Definitive Edition,,,,,,,,,,,,,,,,,-1
Northgard: Definitive Edition,,,,,,-1,,,,,,,,,,,
Northgard: Definitive Edition,,,,,1,,,,,,,,,,,,
Northgard: Definitive Edition,,,,,,,,,,,,,,,,,
Northgard: Definitive Edition,,,,,1,,,,,,,,,,,,
Northgard: Definitive Edition,,,,0,1,,,0,,,,,,,,-1,-1
Northgard: Definitive Edition,,,,,1,,,,,,,,,,,,
Northgard: Definitive Edition,,,,1,1,,0,1,,,,,,0,-1,-1,
Northgard: Definitive Edition,,,,,1,,,,,,,,,,,,
Northgard: Definitive Edition,,,,1,1,,,0,,,,,,,-1,-1,-1
Northgard: Definitive Edition,,,,,1,,1,,,,,,,1,,,
Northgard: Definitive Edition,,,,,1,,,,,,,,,,,,
Northgard: Definitive Edition,,,,,,,,,,,,,,,,,
Northgard: Definitive Edition,,,,,1,,,,,,,,,,,,
Northgard: Definitive Edition,,,,,,,,,,,,,,,,,
Northgard: Definitive Edition,,,,,-1,,,,,,,,,,,,
Northgard: Definitive Edition,,,,,1,-1,,,,,,,,0,-1,,
Northgard: Definitive Edition,,,,,1,,,,,,,,,,,,
Northgard: Definitive Edition,,,,,,,,,,,,,,,,,
Northgard: Definitive Edition,,,,,1,,,,,,,,,,,,
Northgard: Definitive Edition,,,,1,1,,-1,1,1,,,1,,,,,
Northgard: Definitive Edition,,,,,1,,,,,,,,,,,,
Northgard: Definitive Edition,,,,,1,,1,1,,,,1,,,-1,,
Northgard: Definitive Edition,0,0,0,0,1,0,1,0,0,0,0,0,,0,0,0,0
Northgard: Definitive Edition,,,-1,,1,-1,1,1,,,,,,0,-1,,-1
Northgard: Definitive Edition,1,1,1,1,1,1,1,1,1,1,1,0,,0,,1,-1
Northgard: Definitive Edition,,,,,1,,,,,,,,,,,,
Northgard: Definitive Edition,,,,,-1,,,,,,,,,,,-1,
Northgard: Definitive Edition,,,,1,1,,,1,,,,,,,,,-1
Northgard: Definitive Edition,,,,,,,,,,,,,,,-1,,
Northgard: Definitive Edition,,,,,1,,,,1,1,,,,,,,
Northgard: Definitive Edition,,,,0,1,,1,0,,,,0,,,0,-1,-1
Northgard: Definitive Edition,,,,,1,,,,,,,,,,,,
Northgard: Definitive Edition,,,,,1,,,,,,,,,,,,
Northgard: Definitive Edition,,,,,0,,,,,,,,,,,,
Northgard: Definitive Edition,,,,,1,,,,,,,,,,,,
Northgard: Definitive Edition,,,,0,,,,,,,,,,,,,
Northgard: Definitive Edition,,,,,,,,-1,,,,,,,-1,,
Planet Coaster,,,,1,1,,,1,,,,,,,-1,-1,-1
Planet Coaster,,,,,1,-1,,1,,,,,,-1,-1,-1,-1
Planet Coaster,,,,-1,1,,,,,,,,,,,,
Planet Coaster,,,,1,1,,,1,1,1,,1,,,1,1,-1
Planet Coaster,,,,,,,,,,,,,,,,,
Planet Coaster,,,,,,,,,,,,,,,,,
Planet Coaster,,,,0,0,,,,,,,,,,,,-1
Planet Coaster,,,,0,0,,,,,,,,,,,,-1
Planet Coaster,,,,,1,,,,,,,,,,,,
Planet Coaster,,,,,1,,,,,,,,,,,,
Planet Coaster,-1,-1,-1,1,1,,1,1,-1,-1,-1,1,,-1,,-1,-1
Planet Coaster,,,,,,,,,,,,,,,-1,,
Planet Coaster,,,,,1,,,,,,,,,,,,
Planet Coaster,-1,,,,1,,,,,,,,,,,-1,
Planet Coaster,,,,,1,-1,,1,,,,,,,-1,,
Planet Coaster,,,,,1,,1,1,,,,,,,,,
Planet Coaster,,,,,1,,,,,,,,,,,,
Planet Coaster,,,,1,1,,,1,,,,,,,,,-1
Planet Coaster,,,,,1,,,,,,,,,,,,
Planet Coaster,,,,,0,,,,,,,,,,-1,-1,
Planet Coaster,,,,,0,,,,,,,,,,,,
Planet Coaster,,,,,1,,,,,,,,,,-1,-1,
Planet Coaster,,,,,1,,1,1,,,,,,,,,
Planet Coaster,-1,,-1,,0,,,0,,,,,,,,,
Planet Coaster,,,,0,0,,1,0,,,,0,,1,,-1,
Planet Coaster,,,,1,1,,1,1,,,,,,1,,-1,
Planet Coaster,,,,,,,,,,,,,,,,,
Planet Coaster,,,,,1,,,,,,,,,,,,
Planet Coaster,,,,,,,,,,,,,,,,,
Planet Coaster,,,,1,1,,1,1,,,,,,1,0,-1,
Planet Coaster,,,,,1,,,,,,,,,,,,
Planet Coaster,,,,,,,,,,,,,,,,,
Planet Coaster,,,,,1,,,,,,,,,,-1,-1,-1
Planet Coaster,,,,,,,,,,,,,,,,,
Planet Coaster,,,,,,,,,,,,,,,,,
Planet Coaster,-1,-1,,,,,,,,,-1,,,,,,
Planet Coaster,,,,,,,,,,,,,,,,,
Planet Coaster,,,,,,,,,,,,,,,,,
Planet Coaster,,,,,,,,,,,,,,,,,
Planet Coaster,,,,,,,,,,,,,,,,,
Planet Coaster,,,,,,,,,,,,,,,,,
Planet Coaster,,,,,0,,,,,,,,,,,,
Planet Coaster,,,,,1,,,,,,,,,,-1,-1,
Planet Coaster,,,,,,,,,,,,,,,,,
Planet Coaster,,,,1,1,-1,1,1,,,,,,1,-1,-1,-1
Planet Coaster,-1,,-1,,1,,,,,,,,,,,,
Planet Coaster,,,,,1,,,,,,,,,,,,
Planet Coaster,,,,,,,,,,,,,,,,,
Planet Coaster,,,,,1,,,,,,,,,,,,
Planet Coaster,-1,,-1,,,,,,,,,,,-1,,,
Planet Coaster,,,,,1,,1,,,,,,,,,,
Planet Coaster,,,,,,,,,,,,,,,,,
Planet Coaster,,,,,1,,,,0,0,,,,,,,
Planet Coaster,,,,1,1,,,1,,,,,,,,,-1
Planet Coaster,,,,,1,,,,,,,,,,,,
Planet Coaster,,,,,,,,,,,,,,,,,
Planet Coaster,,,,,1,,,,,,,,,,,,
Planet Coaster,,,,,1,,,,,,,,,,,,-1
Planet Coaster,,,,,1,,,,,,,,,,,,
Planet Coaster,,,,,,,,,,,,,,,-1,,
Planet Coaster,,,,,,,0,,,,,,,,,,
Planet Coaster,,,,,,,,,,,,,,,,,
Planet Coaster,,,,,0,,1,1,,,,,,,,,
Planet Coaster,,,,,1,,,,,,,,,,,,
Planet Coaster,,,,,,,,,,,,,,,,,
Planet Coaster,,,,,,,,,,,,,,,,,
Planet Coaster,,,,,1,,,,,,,,,,,,
Planet Coaster,,,,,1,,,,,,,,,,-1,,
Planet Coaster,,,,,,,,,,,,,,,,,
Planet Coaster,,,,,-1,-1,-1,-1,,,,,,,,,-1
Planet Coaster,,,,,1,,,,,,,,,,,,
Planet Coaster,,,,,,,,,,,,,,,,,
Planet Coaster,,,,,1,,,,,,,,,,,,
Planet Coaster,,,,,1,-1,,,,,,,,-1,,,
Planet Coaster,,,,-1,1,,,-1,,,,,,,-1,-1,-1
Planet Coaster,,,,,1,-1,,-1,,,,,,,-1,,-1
Planet Coaster,,,,,,,,,,,,,,,,,
Planet Coaster,,,,,-1,,-1,,,,,,,,,,
Planet Coaster,,,,,1,,,,,,,,,,,,
Planet Coaster,,,,1,0,,,,,,,,,,-1,-1,
Planet Coaster,,,,,-1,,,,,,,,,,,,
Planet Coaster,,,,,1,,,,,,,,,,,,
Planet Coaster,,,,,1,,,1,1,,,,,,,,
Planet Coaster,,,,,,,,,,,,,,,,,
Planet Coaster,,,-1,,1,,-1,-1,-1,,,,,,,,
Planet Coaster,,,,1,1,-1,1,,,,,,-1,0,-1,-1,
Planet Coaster,,,,,1,,,,-1,-1,,,,,,,
Planet Coaster,,,,,,-1,,0,,,,,,,-1,-1,-1
Planet Coaster,,,,,1,,,,,,,,,,,,
Planet Coaster,,,,,-1,-1,,,,,,,,,-1,-1,
Planet Coaster,,,,1,1,-1,1,1,,,,0,,,-1,-1,-1
Planet Coaster,,,,,,-1,,,,,,,,,,,
Planet Coaster,,,,,,-1,,,,,,,,0,,,
Planet Coaster,,,,,1,-1,1,,1,1,,,-1,,,-1,
Planet Coaster,,,,-1,1,-1,1,-1,,,,,-1,-1,-1,-1,-1
Planet Coaster,,,,,1,,,,,,,,,1,,,
Planet Coaster,,,,,1,,,,,,,,-1,,,,
Planet Coaster,,,,,,-1,,,,,,,,,-1,,
Planet Coaster,,,,1,1,,,,,,,,,,-1,-1,-1
Planet Coaster,,,,,,-1,,,,,,,,,-1,,
Foxhole,,,,,1,-1,,,,,,,,,,-1,
Foxhole,,,,,,,,1,,,,,,,,,-1
Foxhole,,,,,,,,,,,,,,,,,
Foxhole,,,,,1,,,,1,1,,,,,,,
Foxhole,,,,,1,-1,,,,,,,,,,,
Foxhole,,,,,,,,,,,,,,,,,
Foxhole,-1,,-1,1,1,,,0,,,,0,,-1,,-1,-1
Foxhole,,,,,0,,,,,,,,,,,,
Foxhole,,,,-1,1,,,,,,,,,,,-1,-1
Foxhole,,,,,-1,,,,,,,,,,,,
Foxhole,,,,,,-1,,,,,,,,,,,
Foxhole,,,,,,,,,,,,,,,,,
Foxhole,,,,,1,,,,,,,,,,,,
Foxhole,,,,,1,,,,,,,,,,,,
Foxhole,,,,,1,,,,,,,,,,-1,,
Foxhole,,,,1,1,-1,1,1,,,,1,,,-1,-1,-1
Foxhole,,,,-1,1,,,,,,,,,,-1,-1,-1
Foxhole,,,,,1,-1,1,1,,,,,,,,-1,-1
Foxhole,,,,,1,-1,,,,,,,,,-1,,-1
Foxhole,-1,1,,1,1,,1,1,,,,,,,,-1,
Foxhole,,,,-1,1,,,,,,,,,,,,
Foxhole,,,,,,,,,,,,,,,,,
Foxhole,,,,,1,,,,,,,,,,,,
Foxhole,,,,,,,,,,,,,,,,,
Foxhole,,,,,1,,0,,,,,,,,,,
Foxhole,-1,-1,-1,-1,-1,-1,-1,,-1,,-1,,-1,-1,,-1,
Foxhole,,,,,1,,,,,,,,,,,-1,
Foxhole,,,,,,,,,,,,,,,,,
Foxhole,,,,,1,-1,1,,,,,,,1,,-1,
Foxhole,,,,,,,,,,,,,,,,,
Foxhole,,,,,,,,,,,,,,,,,
Foxhole,,,,,,,,,,,,,,-1,,,
Foxhole,,,,1,1,0,1,1,,,,1,-1,0,,-1,-1
Foxhole,,,,,,-1,,,,,,,,,-1,-1,
Foxhole,,,-1,,,-1,,-1,,,,,,,,,-1
Foxhole,,,,1,,,,1,,,,,,,,,
Foxhole,,,,,,,,,,,,,,,,,
Foxhole,,,,,1,,,,,,,,,,-1,,
Foxhole,,,,,,,,,,,,,,,1,,-1
Foxhole,,,,,1,,,,,,,,,,,-1,
Foxhole,,,,1,1,-1,1,1,,,,1,,,-1,-1,-1
Foxhole,-1,-1,-1,,,-1,,,,,,,,-1,-1,-1,-1
Foxhole,,,,,1,,1,1,1,,,1,,,,,
Foxhole,,,,,1,-1,1,,,,,,,,,,
Foxhole,,,,,-1,,,,,,,,,-1,,,
Foxhole,,,,,,,0,,,,,,,,,,
Foxhole,,,,,0,-1,,,,,,,,-1,,,
Foxhole,,,,,1,,,,,,,,,,,,
Foxhole,,,,,1,,,,,,,,,,,,
Foxhole,,,,,,,,,,,,,,,,,
Foxhole,,,,,,,,0,,,,,,,,,-1
Foxhole,,,,,1,,,,,,,,,,-1,-1,
Foxhole,,,,1,1,,,1,,,,,,,,,-1
Foxhole,-1,,-1,1,1,,,,,,,,,-1,,-1,-1
Foxhole,,,,,1,,,,,,,,,,,,
Foxhole,,,-1,,1,,,,,,,,-1,-1,,,
Foxhole,-1,-1,,1,1,,1,0,0,,-1,0,-1,,-1,-1,-1
Foxhole,,,,,1,-1,,,,,,,,-1,,-1,
Foxhole,,,-1,-1,1,-1,,-1,,,,-1,-1,,-1,-1,-1
Foxhole,,,,,1,,,,,,,,,,,-1,
Foxhole,,,,,1,,,,,,,,,,,,
Foxhole,,,,,1,,,,,,,,,,,,
Foxhole,,,,,0,,,,,,,,,,,,
Foxhole,,,,,1,,,,,,,,,,,,
Foxhole,,,,,,,,,,,,,,,,,
Foxhole,,,,,,,,,,,,,,,-1,,
Foxhole,,,,,,,1,1,,,,0,,,,,
Foxhole,,,,,,,,,,,,,,,,,
Foxhole,,,,,1,,1,1,,,,1,,,,,
Foxhole,,,,,,,,,,,,,,,-1,-1,
Foxhole,,,,,,,,,,,,,,,,,
Foxhole,,,,,1,-1,,,,,,,,,-1,-1,
Foxhole,,,,,,,,,,,,,,,,,
Foxhole,,,,,,,,,,,,,,,,,
Foxhole,,,,,1,-1,1,,,,,,,,,,
Foxhole,,,,,,,,,,,,,,,,,
Foxhole,,,,,1,,,,,,,,,,,-1,
Foxhole,,,,,1,,,,,,,,,,,,1
Foxhole,,,-1,,1,,,,,,,,-1,-1,,,
Foxhole,,,,,1,,-1,,,,,,,-1,,-1,
Foxhole,,,,-1,1,,1,1,-1,-1,,-1,,,-1,-1,-1
Foxhole,,,,,,,,,,,,,,,,,
Foxhole,,,,,,,1,,,,,,,,,,
Foxhole,,,,,0,,,,,,,,,,,-1,
Foxhole,,,,,-1,,,,,,,,,,,,-1
Foxhole,,,,1,1,-1,1,1,1,,,1,,,1,1,-1
Foxhole,,,,1,1,,,,,,,,,,,,
Foxhole,,,,0,1,,,,,,,,,,,,
Foxhole,,,,,1,,,1,,,,,,,,,
Foxhole,,,,,1,1,,,,,,,,,,,
Foxhole,,,,,1,,,,,,,,,,,,
Foxhole,,,,,,-1,1,,,,,,,1,,,
Foxhole,,,,,,,,,,,,,,,,,
Foxhole,,,,1,1,1,1,1,,,,,,-1,,,
Foxhole,,,,,1,,,,,,,,,,,,
Foxhole,,,,,1,,,,,,,,,,,,
Foxhole,,,,,,,,,,,,,,-1,,,
Foxhole,,,,,1,,,,,,,,,,,,
Foxhole,,,,,1,,,,,,,,,,,,
Foxhole,,,,,,,,,,,,,,,,,
Totally Accurate Battle Simulator,,,,,1,,,,,,,,,,,,
Totally Accurate Battle Simulator,,,,,,-1,,,,,,,,,,,
Totally Accurate Battle Simulator,,,,1,1,,1,1,,,,,,,,,
Totally Accurate Battle Simulator,,,,1,1,-1,1,,,,,,,-1,,,
Totally Accurate Battle Simulator,,,,,1,,,,,,,,,,,,
Totally Accurate Battle Simulator,,,,1,1,,,,,,,,,,,,
Totally Accurate Battle Simulator,,,,,,,,,,,,,,,,,
Totally Accurate Battle Simulator,,,,,,,,,,,,,,-1,,,
Totally Accurate Battle Simulator,,,,,1,,0,1,1,,,,,,,,
Totally Accurate Battle Simulator,,,,,1,,,,,,,,,-1,,,
Totally Accurate Battle Simulator,,,,,1,,,,,,,,,,,,
Totally Accurate Battle Simulator,,,,,1,,,,,,,,,,,,
Totally Accurate Battle Simulator,,,,,,,,,,,,,,,,,
Totally Accurate Battle Simulator,,,,,,,,,,,,,,,,,
Totally Accurate Battle Simulator,-1,,-1,,1,,,,,,,,,,,,
Totally Accurate Battle Simulator,0,1,,,1,,,,,,,,,,,,
Totally Accurate Battle Simulator,,,,,,,,,,,,,,,,,
Totally Accurate Battle Simulator,,,,,,,,,,,,,,,,,
Totally Accurate Battle Simulator,,,,,1,,,1,,,,,,,,,
Totally Accurate Battle Simulator,,,,,,,,,,,,,,,,,
Totally Accurate Battle Simulator,,,,,1,,,,,,,,,,,,
Totally Accurate Battle Simulator,,,,,1,,,,,,,,,,,,
Totally Accurate Battle Simulator,,,,,,,,,,,,,,,,,
Totally Accurate Battle Simulator,,,,,1,,,,,,,,,,,,
Totally Accurate Battle Simulator,,,,,,,,,,,,,,,,,
Totally Accurate Battle Simulator,,,,,,,,,,,,,,,,,
Totally Accurate Battle Simulator,,,,,1,,,,,,,,,,,,
Totally Accurate Battle Simulator,,,,,,,,,,,,,,,,,
Totally Accurate Battle Simulator,-1,-1,-1,,,,,,,,,,,,,,
Totally Accurate Battle Simulator,,,,,1,,,,,,,,,,,,
Totally Accurate Battle Simulator,,,,,1,,,,,,,,,,,,
Totally Accurate Battle Simulator,,,,,1,,,,,,,,,,,,
Totally Accurate Battle Simulator,,,,,,,,,,,,,,,,,
Totally Accurate Battle Simulator,,,,,,,,,,,,,,,,,
Totally Accurate Battle Simulator,,,,,1,,,,,,,,,,,,
Totally Accurate Battle Simulator,,,,,1,,,,,,,,,,,,
Totally Accurate Battle Simulator,,,,,,,,,,,,,,,,,
Totally Accurate Battle Simulator,,,,,1,-1,,,,,,,,,,,
Totally Accurate Battle Simulator,,,,,,,,,,,,,,,,,
Totally Accurate Battle Simulator,,,,,,,,,,,,,,,-1,,
Totally Accurate Battle Simulator,,,,1,1,,,,,,,,,,,,-1
Totally Accurate Battle Simulator,-1,,-1,0,1,-1,,,,,,,,-1,,-1,
Totally Accurate Battle Simulator,,,,,1,,,,,,,,,,,,
Totally Accurate Battle Simulator,,,,,,-1,,,,,,,,,,,
Totally Accurate Battle Simulator,,,,,1,,,,,,,,,,,,
Totally Accurate Battle Simulator,,,,,,,,,,,,,,,,,
Totally Accurate Battle Simulator,,,,,,,,,,,,,,,,,
Totally Accurate Battle Simulator,,,,,1,,,,,,,,,,,,
Totally Accurate Battle Simulator,,,,,,,,,,,,,,,,,
Totally Accurate Battle Simulator,,,,,1,,,,,,,,,,,,
Totally Accurate Battle Simulator,,,,-1,,,-1,-1,,-1,,,,,,,
Totally Accurate Battle Simulator,,,,,,,,,,,,,,,,,
Totally Accurate Battle Simulator,,,,,0,,,,,,,,,,,,-1
Totally Accurate Battle Simulator,,,,,,,,,,,,,,,,,
Totally Accurate Battle Simulator,,,,1,1,,,,,,,,,,,,
Totally Accurate Battle Simulator,,,,,1,,,1,,,,,,,,,
Totally Accurate Battle Simulator,,,,,,,,,,,,,,,,,
Totally Accurate Battle Simulator,,,,,,,,,,,,,,,,,
Totally Accurate Battle Simulator,,,,,,,,,,,,,,,,,
Totally Accurate Battle Simulator,,,,,1,,,,,,,,,,,,
Totally Accurate Battle Simulator,,,,,,,,,,,,,,,,,
Totally Accurate Battle Simulator,,,,,,,1,,,,,0,,,,,
Totally Accurate Battle Simulator,,,,,,,,,,,,,,,,,
Totally Accurate Battle Simulator,,,-1,,1,,,,,,,,,,,,-1
Totally Accurate Battle Simulator,,,,,1,,,,,,,,,,,,
Totally Accurate Battle Simulator,,,,,1,,,,,,,,,,,,
Totally Accurate Battle Simulator,,,,,1,,1,1,,,,,,,,,
Totally Accurate Battle Simulator,,,-1,,1,-1,1,,,,,,-1,-1,,,
Totally Accurate Battle Simulator,,,,,1,,,,,,,,,,,,
Totally Accurate Battle Simulator,,,,,1,,,,,,,,,,,,
Totally Accurate Battle Simulator,,,,,,,,,,,,,,,,,
Totally Accurate Battle Simulator,,,,,,,,,,,,,,,,,
Totally Accurate Battle Simulator,,,,,,,,,,,,,,,,,
Totally Accurate Battle Simulator,,,,,-1,,,,,,,,,,,,
Totally Accurate Battle Simulator,,,,,1,,,,,,,,,-1,,,
Totally Accurate Battle Simulator,,,,,,,,,,,,,,,,,
Totally Accurate Battle Simulator,,,,,1,,,,,,,,,,,,
Totally Accurate Battle Simulator,,,,-1,1,,,,,,,,,-1,,,
Totally Accurate Battle Simulator,,,,,1,,,,,,,,,,,,
Totally Accurate Battle Simulator,,,,,,,,,,,,,,,,,
Totally Accurate Battle Simulator,,,,,1,,,,,,,,,,,,
Totally Accurate Battle Simulator,,,,,1,,,,,,,,,,,,
Totally Accurate Battle Simulator,,,,,1,,,,,,,,,,,,
Totally Accurate Battle Simulator,,,,,1,,,,,,,,,,,,
Totally Accurate Battle Simulator,,,,,,,,,,,,,,-1,,,
Totally Accurate Battle Simulator,,,,,,-1,,,,,,,,-1,,,
Totally Accurate Battle Simulator,,,,,-1,-1,,,,,,,,-1,,-1,
Totally Accurate Battle Simulator,,,,,1,,,,1,1,,,,1,-1,-1,
Totally Accurate Battle Simulator,0,0,,1,1,0,0,1,1,1,1,1,,,0,-1,-1
Totally Accurate Battle Simulator,,,,-1,1,,,,,,,,,-1,,,
Totally Accurate Battle Simulator,,,,,,,,,,,,,,-1,,,
Totally Accurate Battle Simulator,-1,,-1,-1,1,,,,,,,,,-1,-1,-1,
Totally Accurate Battle Simulator,,,,,1,,,,,,,,,0,,,
Totally Accurate Battle Simulator,,,,,,,,,,,,,,,,,
Totally Accurate Battle Simulator,-1,,-1,-1,-1,-1,,-1,,,,,,-1,,,
Totally Accurate Battle Simulator,,,,,,,,,,,,,,-1,,,
Totally Accurate Battle Simulator,,,,,,,,,,,,,,,,,
Totally Accurate Battle Simulator,-1,,-1,,,,,,0,-1,,,,-1,,,
Totally Accurate Battle Simulator,,,,,,,,,,,,,,-1,,,
Totally Accurate Battle Simulator,,,,,1,-1,1,,,,,,,-1,-1,-1,
theHunter: Call of the Wild™,,,,1,1,-1,1,1,,,,1,-1,,-1,-1,-1
theHunter: Call of the Wild™,,,,,,,,,,,,,,-1,,,
theHunter: Call of the Wild™,,,,,,,,,,,,,,,,,
theHunter: Call of the Wild™,,,,,,,,,,,,,,-1,,,
theHunter: Call of the Wild™,,-1,-1,,,,,,,,,,,,,,-1
theHunter: Call of the Wild™,,,,,,,,,,,,,,,,,
theHunter: Call of the Wild™,,,,,,1,,,,,,,,1,,,
theHunter: Call of the Wild™,,,,,,,,,,,,,,,,,
theHunter: Call of the Wild™,,,,,,,,,,,,,,-1,,,
theHunter: Call of the Wild™,,,,,1,-1,,,,,,,,-1,,-1,
theHunter: Call of the Wild™,-1,1,,1,1,-1,1,1,1,1,1,1,,,-1,-1,-1
theHunter: Call of the Wild™,,,,,,,,,,,,,,-1,,,
theHunter: Call of the Wild™,,,,,,,,,,,,,,-1,,,
theHunter: Call of the Wild™,,,,,,-1,,,,,,,,-1,,,
theHunter: Call of the Wild™,-1,,-1,,,-1,,,,,,,,-1,,,
theHunter: Call of the Wild™,,,,,,,,,,,,,,,,,
theHunter: Call of the Wild™,,,,,,-1,,,,,,,,,-1,,
theHunter: Call of the Wild™,,,,,,-1,,-1,,,,,,,-1,,
theHunter: Call of the Wild™,-1,,-1,,1,,,,,,,,,-1,,,
theHunter: Call of the Wild™,,,-1,,,,,,,,,,,,,,
theHunter: Call of the Wild™,-1,-1,-1,,,-1,,,,,,,-1,-1,,,
theHunter: Call of the Wild™,,,,-1,,,,,,,,,,-1,,,
theHunter: Call of the Wild™,-1,0,0,1,1,,1,1,1,1,1,1,,,-1,-1,-1
theHunter: Call of the Wild™,,,,1,1,,,,,,,,,,,,
theHunter: Call of the Wild™,,,,,1,,,,1,1,,,,,1,,
theHunter: Call of the Wild™,,,,0,1,,,,,,,,,,,-1,
theHunter: Call of the Wild™,,,,,,,,,,,,,,,,,
theHunter: Call of the Wild™,,,,,1,,,,1,,,,,,,,
theHunter: Call of the Wild™,,,,,,,,,,,,,,-1,,,
theHunter: Call of the Wild™,-1,-1,,,,,,,,,,,,,,,
theHunter: Call of the Wild™,,,,,1,,,,1,1,1,1,,,,,
theHunter: Call of the Wild™,,,,,,,,,,,,,,,,,
theHunter: Call of the Wild™,,,,,,,,,,1,,,,,,,
theHunter: Call of the Wild™,,,,1,1,,,1,,,,,,,,1,1
theHunter: Call of the Wild™,,,,,1,,,,,,,,,,,-1,
theHunter: Call of the Wild™,,,,1,1,,1,,,,,,,-1,,,
theHunter: Call of the Wild™,,,,-1,,-1,,-1,,-1,,,,-1,-1,,
theHunter: Call of the Wild™,,,,,,,,,,,,,,,,,
theHunter: Call of the Wild™,-1,-1,,,0,-1,,,-1,,-1,,,,-1,-1,-1
theHunter: Call of the Wild™,-1,,,1,1,,,,,,,,,,-1,-1,-1
theHunter: Call of the Wild™,0,1,-1,1,1,-1,1,1,1,1,1,0,,0,0,-1,-1
theHunter: Call of the Wild™,,1,,,,,,,1,,1,,,,,,
theHunter: Call of the Wild™,,,,1,1,-1,,,,,,,,,-1,-1,-1
theHunter: Call of the Wild™,,,-1,,,-1,,-1,,,,,,,-1,,-1
theHunter: Call of the Wild™,,,,,1,,,,,,,,,,,-1,
theHunter: Call of the Wild™,,,,-1,-1,,-1,-1,,,,,,-1,,,
theHunter: Call of the Wild™,,,,,1,,,,,,,,,,,,
theHunter: Call of the Wild™,,,,,1,,,,,,,,,,,,
theHunter: Call of the Wild™,,,,,,,,,,,,,,,,,
theHunter: Call of the Wild™,,,,,,,,,,,,,,,,,
theHunter: Call of the Wild™,,,,,1,-1,,,,,,,,,-1,,
theHunter: Call of the Wild™,,,,,-1,,,,,,,,,,,,
theHunter: Call of the Wild™,,,,,,,,,,,,,,,,,
theHunter: Call of the Wild™,,,,-1,1,,,,,,,,,,,,-1
theHunter: Call of the Wild™,,,,,,,,,,,,,,,,,
theHunter: Call of the Wild™,0,,,,,,,,,,,,,,,,
theHunter: Call of the Wild™,,,,,1,,,,,,,,,,,,
theHunter: Call of the Wild™,,,,1,1,,,,,,,,,,-1,-1,-1
theHunter: Call of the Wild™,,,,,,,,,,,,,,,,,
theHunter: Call of the Wild™,,,,,1,-1,,,,,,,,,-1,-1,-1
theHunter: Call of the Wild™,,,,,1,,,,1,,,1,,,,,
theHunter: Call of the Wild™,,,,,,,,,,,,,,,,,
theHunter: Call of the Wild™,,,,,,,,,,,,,,,,,
theHunter: Call of the Wild™,-1,,,1,1,,,,,,,,,1,,-1,
theHunter: Call of the Wild™,,,-1,,,,,,,,,,,,,,
theHunter: Call of the Wild™,,,,1,1,,,,,,,,,,,,
theHunter: Call of the Wild™,,,,,1,,,,,,,,,,,,-1
theHunter: Call of the Wild™,,,,,1,,,,,,,,,,,,
theHunter: Call of the Wild™,,,,,,,,,0,0,,-1,,,,,
theHunter: Call of the Wild™,1,,,1,1,,1,,1,,,,,,,1,
theHunter: Call of the Wild™,,,,-1,1,,,,,,,,,,,,-1
theHunter: Call of the Wild™,,,,,1,,,,,,,,,,,,
theHunter: Call of the Wild™,-1,,-1,,,,,,,,,,,,,,
theHunter: Call of the Wild™,1,1,1,1,1,1,1,1,1,,1,1,,,1,1,1
theHunter: Call of the Wild™,,,,,1,,1,,,,,,,,,,
theHunter: Call of the Wild™,,,,,0,,,,,,,,,,,,
theHunter: Call of the Wild™,,,,,,,,,,,,,,,,,
theHunter: Call of the Wild™,,,-1,,1,-1,,,,,,,,,,-1,
theHunter: Call of the Wild™,,,,,,-1,,,,,,,,-1,,,
theHunter: Call of the Wild™,,,,,1,,,,,,,,,,,,
theHunter: Call of the Wild™,,,,,,,,,,,,,,-1,,,
theHunter: Call of the Wild™,,,,,,,0,,,,,,,,,,
theHunter: Call of the Wild™,,,,1,1,,,,,,,,,,-1,-1,
theHunter: Call of the Wild™,,,,,1,,,,1,,,,,,,,
theHunter: Call of the Wild™,,,,1,1,-1,1,1,,,,,,,-1,-1,-1
theHunter: Call of the Wild™,,,,,,-1,,,,,,,,,,-1,
theHunter: Call of the Wild™,,,,,1,,,,,,,,,,,,
theHunter: Call of the Wild™,1,1,-1,1,1,-1,1,1,1,,1,0,,0,0,-1,-1
theHunter: Call of the Wild™,,,,,,,,,,,,,,,,,
theHunter: Call of the Wild™,,,,1,1,,1,1,1,,,1,,,1,,1
theHunter: Call of the Wild™,,,,,1,,1,1,1,,,,,,1,1,
theHunter: Call of the Wild™,,-1,,,,-1,,0,0,0,-1,,,,-1,,-1
theHunter: Call of the Wild™,-1,-1,,,1,,,-1,1,,,,,,,,
theHunter: Call of the Wild™,,,,-1,1,,,-1,,,,,,,,,-1
theHunter: Call of the Wild™,,,,-1,0,,,,,,,,,,,-1,-1
theHunter: Call of the Wild™,,,,1,1,0,1,1,,,,0,,1,,0,-1
theHunter: Call of the Wild™,,,,,1,,,,,,,,,,,,
theHunter: Call of the Wild™,,,,,,-1,,0,,,,,,,-1,,
theHunter: Call of the Wild™,,,,,1,,1,,,,,,,,,,
theHunter: Call of the Wild™,,,,,1,,,,,,,,,,,,
Satisfactory,-1,,-1,1,1,,,1,,,,1,,0,-1,-1,-1
Satisfactory,,,,,,,,,,,,,,,,,
Satisfactory,,,,,1,,,,,,,,,,,,
Satisfactory,,,,,,,,,,,,,,,,,
Satisfactory,,,,,1,,,,,,,,,,,,
Satisfactory,,,,,1,,,,,,,,,,,0,
Satisfactory,,,,-1,1,,,,,,,,,,,,-1
Satisfactory,,,,,,-1,,,,,,,,-1,,,
Satisfactory,,,,1,1,,,1,,,,,,,0,-1,-1
Satisfactory,,,,,1,,1,1,,,,,,,,,
Satisfactory,,,,1,1,,,,,,,,,,,,
Satisfactory,,,,,1,,,,,,,,,,,,-1
Satisfactory,,,,,,-1,,,,,,,,,-1,,-1
Satisfactory,,,,1,1,,,,,,,,,1,,,
Satisfactory,,,,0,1,,,,,,,,,,,0,
Satisfactory,,,,,,,,,,,,,,,1,,1
Satisfactory,,,,,,,,,,,,,,,,,
Satisfactory,,,,,1,,,,,,,,,,,,
Satisfactory,,,,,,,,,,,,,,,,,
Satisfactory,,,-1,,1,-1,,,-1,-1,,,,,,,-1
Satisfactory,,,,,,,,,,,,,,,,,
Satisfactory,-1,-1,-1,,1,-1,,-1,-1,,,,,,-1,-1,-1
Satisfactory,,,,,1,,,,,,,,,1,,,
Satisfactory,,,,,1,,,,,,,,,,,,
Satisfactory,,,,,1,,,,,,,,,,,,
Satisfactory,,,,1,1,,1,,,,,,,,,,
Satisfactory,,,,,,,,,,,,,,0,,,
Satisfactory,,,,,,,,,,,,,,,-1,-1,
Satisfactory,,,,-1,-1,,,,,,,,,,,-1,
Satisfactory,,,,,1,,,,,,,,,,,,
Satisfactory,,,,0,1,,,,,,,,,,,,
Satisfactory,,,,1,1,-1,,1,,,,,,-1,-1,-1,-1
Satisfactory,,,,1,1,-1,,1,,,,,,0,-1,-1,-1
Satisfactory,-1,-1,-1,-1,-1,-1,-1,-1,-1,,-1,,,-1,-1,-1,-1
Satisfactory,,,,,,,,,,,,,,,,,
Satisfactory,,,,1,1,,,1,,,,,,,,,
Satisfactory,,,,,,,,,,,,,,,,,
Satisfactory,,,,,1,,,,,,,,,,,,
Satisfactory,,,,,1,,,,,,,,,,,,
Satisfactory,,,,1,,,,,,,,,,,,,
Satisfactory,,,,,1,,1,1,,,,,,,,,
Satisfactory,,,,,1,,,,,,,,,,-1,,
Satisfactory,,,-1,,1,-1,,,,,,,,1,,,
Satisfactory,,,,,,,,,,,,,,,,,
Satisfactory,,,,,,,,,,,,,,,,,
Satisfactory,,,,1,1,-1,1,1,,,,,,1,-1,-1,-1
Satisfactory,,,,,1,,,,,,,,,,,,
Satisfactory,,,,,,,,,,,,,,,,,
Satisfactory,,,,1,1,,,1,,,,1,,,0,-1,-1
Satisfactory,,,,,,,,,,,,,,,,,
Satisfactory,,,,,1,,,,,,,,,,,,-1
Satisfactory,,,,,1,,,,,,,,,,,,
Satisfactory,,,,-1,,,,,,,,,,-1,,,
Satisfactory,,,,,1,,,,,,,,,,,,
Satisfactory,,,-1,,,,,-1,,,,-1,,,,,
Satisfactory,,,,,,,,,,,,,,,,,
Satisfactory,1,,,1,1,,,1,,,,,,,1,-1,-1
Satisfactory,,,,,1,,,,1,,,,,,,,
Satisfactory,,,,,1,,,,,,,,,,,,
Satisfactory,,,,1,1,,,,,,,,,,,,-1
Satisfactory,,,,,1,,,,,,,,,,,,
Satisfactory,,,,,1,,,,,,,,,,-1,,-1
Satisfactory,,,,,1,-1,1,1,,,,,,-1,,,
Satisfactory,,,,,1,,,,,,,,,,,,
Satisfactory,,,,,,,,,,,,,-1,,,,
Satisfactory,,,,,1,,,,,,,,,,,1,
Satisfactory,,,,,1,,1,1,,,,,,,,,
Satisfactory,,,,,1,,,,,,,,,,,,
Satisfactory,,,,,,,,,,,,,,,,,-1
Satisfactory,-1,,,-1,1,,,,,,,,,,,-1,
Satisfactory,,,,,1,,,,,,,,,,,,
Satisfactory,,,,,1,,,,,,,,,,,,
Satisfactory,,,,0,1,,,1,,,,,,,,,
Satisfactory,,,,,1,,,,,,,,,,,,
Satisfactory,,,,,1,,,,,,,,,,,,
Satisfactory,0,,0,,1,0,1,1,,,,,,0,,,
Satisfactory,,,,,1,,,,,,,,,,,,
Satisfactory,,,,1,1,,,,,,,,,,,,
Satisfactory,,,,,,,,,,,,,,,,,
Satisfactory,,,,,1,,,,,,,,,,,,
Satisfactory,-1,,,,1,,,,,,,,,,0,-1,
Satisfactory,,,,1,1,-1,,1,,,,,,-1,-1,-1,-1
Satisfactory,,,,,1,,,,,,,,,,,,
Satisfactory,,,,,,-1,,,,,,,,-1,,,
Satisfactory,0,1,,1,1,0,1,1,0,0,1,1,,,0,-1,0
Satisfactory,,,-1,,1,-1,,,,,,,,,,,-1
Satisfactory,,,,,1,,,,,,,,,,-1,-1,
Satisfactory,,,,,,,,,,,,,,,,,
Satisfactory,,,,,-1,,,,,,,,,,,,
Satisfactory,,,,,,-1,,,,,,,,,-1,-1,
Satisfactory,,,,,1,,,,,,,,,,,-1,
Satisfactory,,,,,,-1,,,,,,,,,-1,-1,
Satisfactory,,,,,,-1,,,,,,,,,,,
Satisfactory,,,,,1,,,,,,,,,,,,
Satisfactory,,,,,,,,,,,,,,,-1,-1,
Satisfactory,,,,,,,,,,,,,,,,,
Satisfactory,,,,-1,1,,,,,,,,,,,-1,-1
Satisfactory,,,,,1,,,,,,,,,-1,,,
Satisfactory,,,,,,-1,,,,,,,,-1,,,
Satisfactory,,,,,,,,,,,,,,,,,
For The King,,,,,1,-1,,,,,,,,,-1,,
For The King,,,,,1,,,,,,,,,,,1,
For The King,,,,,1,,,,,,,,,,-1,-1,-1
For The King,,,,,,,,,,,,,,,,,
For The King,,,,1,1,,-1,,,,,,,,,-1,
For The King,,,,,,,,,,1,,,,,,,
For The King,,,,1,1,-1,1,1,,,,,,,1,1,-1
For The King,,,,,,,,,,,,,,,,,
For The King,,,,,-1,,,,,,,,,,,,
For The King,,,,,,,,,,,,,,,,,
For The King,,,,,1,,,,,,,,,,,,
For The King,,,,,1,,,,,,,,,,,,
For The King,,,,,1,-1,,,,,,,,,-1,,
For The King,,,,,1,,,,,,,,,,,,
For The King,,,,,1,,,,,,,,,,,,
For The King,,,,,-1,,,,,,,,,,,-1,
For The King,,,,,1,,,,,,,,,,-1,,
For The King,,,,0,1,-1,1,0,,,,,,,-1,-1,-1
For The King,,,,,,,,,,,,,,,,,
For The King,,,,,,,,,,,,,,,,,
For The King,,,,0,,,,,,,,,,,,-1,
For The King,,,,0,,,,,,,,,,,-1,-1,-1
For The King,,,,,1,,,,,,,,,,,,
For The King,,,,,1,,,,,,,,,,,,
For The King,,,,,,,,,,,,,,,,,
For The King,,,,,1,,,,,,,,,,0,,
For The King,,,,,1,,,,,,,,,,,,
For The King,,,,,1,,,,,,,,,,,,-1
For The King,,,,,,,,,,,,,,,,,
For The King,,,,,,-1,,,,,,,,-1,,,
For The King,,,,,1,,,,,,,,,,-1,,
For The King,,,,,,,,,,,,,,,,,
For The King,,,,,1,,,,,,,,,,,,
For The King,,,,,1,,,,,,,,,,,,
For The King,,,,,,,,,,,,,,,,,
For The King,,,,,1,,,,,,,,,,,,
For The King,,,,,,,,,,,,,-1,-1,,,
For The King,,,,-1,1,,,1,,,,,,,-1,-1,-1
For The King,,,,1,1,,,,,,,,,,,,
For The King,,,,,,,,,,,,,,,,,
For The King,,,,,1,,,,,,,,,,,,
For The King,,,,,,,,,,,,,,,-1,,
For The King,,,-1,,,-1,,,,,,,,-1,,,
For The King,-1,,-1,,1,,,,,,,,,,-1,-1,-1
For The King,,,,,1,,,,,,,,,,,,
For The King,,,,,1,,,,,,,,,,,,
For The King,,,-1,,,-1,,,,,,,-1,-1,,,
For The King,-1,,-1,,,,,,,,,,,,,,
For The King,,,,,1,-1,,,,,,,,-1,,,
For The King,,,,,,,,,,,,,,,,,
For The King,,,,,,,,,,,,,,,,,
For The King,,,,,1,-1,,,,,,,,,,,-1
For The King,,,,,1,,,,,,,,,,,,
For The King,,,,,,,,,,,,,,,,,
For The King,,,,,1,,,,,,,,,,,,
For The King,,,,,,-1,,,,,,,,,0,,
For The King,,,,,1,,,,,,,,,,,,
For The King,,,,,1,-1,,,,,,,,,,,-1
For The King,,,,,,-1,,,,,,,,,,,
For The King,,,,,1,,,,,,,,,,,-1,
For The King,,,,,,-1,,,,,,,,,-1,,
For The King,,,,,1,,,,,,,,,,,,
For The King,,,-1,,,,,,,,,,,,,,
For The King,,,,,,,,,,,,,,,,,
For The King,,,,,1,,,,,,,,,,,,
For The King,,,,,1,-1,,1,,,,,,,0,,-1
For The King,,,,,1,,,,,,,,,,,,
For The King,,,,,,-1,,,,,,,,,-1,,
For The King,,,,-1,0,,,,,,,,,,,,
For The King,,,,,,,,,,,,,,,,,
For The King,-1,-1,,,,-1,-1,-1,,,,,,-1,,,
For The King,,-1,,,1,,1,,0,,,,,,-1,-1,
For The King,,,,1,1,,1,1,,,,,,-1,-1,-1,
For The King,,,,,,,,,,,,,,,,,
For The King,,,,,1,,,,,,,,,,,,
For The King,,,,,1,,,,,,,,,,,,
For The King,,,,,1,,,,,,,,,,,,
For The King,,,,1,1,-1,1,0,,,,0,,,-1,,-1
For The King,,,,,1,,,,,,,,,,,,
For The King,,,,,,,,,,,,,,,,,
For The King,,,,,1,,,,,,,,,,,,
For The King,,,,,,,,,,,,,,,,,
For The King,,,,-1,1,,1,,,,,,,,,,
For The King,,,-1,,,-1,,,,,,,,-1,,,
For The King,,,,,,,,,,,,,,-1,,,
For The King,-1,,-1,,,,,,,,,,,-1,,,
For The King,,,,1,1,,1,1,,,,,,,,-1,
For The King,,,,,,-1,,,,,,,,-1,,,
For The King,,,,,,,,,,,,,,,,,
For The King,,,,,1,,,,,,,,,,,,
For The King,,,,,1,,1,,,,,,,,,,
For The King,,,,,1,,0,,,,,,,,,,
For The King,,,,1,1,0,1,,,,,,,1,,,
For The King,-1,-1,-1,,-1,-1,-1,-1,,,,,,-1,-1,-1,
For The King,,,,,1,-1,,,,,,,,-1,,,
For The King,-1,,-1,,,-1,,,,,,,,-1,,,
For The King,,,-1,,,-1,,,,,,,-1,,,,
For The King,-1,,-1,,-1,-1,,-1,,,,,,-1,-1,-1,
For The King,,,,,,,,,,,,,,,,,
For The King,-1,,-1,,1,,,,,,,,,,,,
Victoria 3,,,,,1,-1,1,,,,,,-1,0,,,
Victoria 3,,,,,,,,,,,,,,,,,
Victoria 3,,,,,,,,,,,,,,,-1,,
Victoria 3,,,,,,,0,,,,,,,,,,
Victoria 3,,,,,,,,,,,,,,,,,
Victoria 3,,,,,1,,,,,,,,,1,,,
Victoria 3,,,,,1,,,,,,,,,,,,
Victoria 3,,,,,,,,,,,,,,,,,-1
Victoria 3,,,,1,1,,,,,,,,,,,,
Victoria 3,,,,,,,,,,,,,,,,,
Victoria 3,,,,-1,1,,,,,,,,,,,-1,-1
Victoria 3,,,,,-1,,,,,,,,,,,,
Victoria 3,-1,,-1,,1,-1,-1,,,,,,,-1,,,
Victoria 3,,,,,,-1,0,,,,,,,-1,,,
Victoria 3,-1,-1,-1,,-1,-1,-1,-1,-1,-1,-1,,-1,-1,,,-1
Victoria 3,,,,,0,-1,,,,,,,,,,,
Victoria 3,,,,,-1,-1,,,,,,,,-1,,,
Victoria 3,,,,,,,,,,,,,,,,,
Victoria 3,,,,,,,,,,,,,-1,-1,,,
Victoria 3,-1,,-1,,,,,,,,,,,,,,
Victoria 3,-1,,-1,-1,,,,,,,,,-1,-1,,-1,
Victoria 3,,,,,1,-1,,,,,,,,,,-1,
Victoria 3,,,,,,,-1,,,,,,,,,,
Victoria 3,,,-1,,,,,,,,,,,-1,,,
Victoria 3,,,,,,-1,,,,,,,,-1,,,
Victoria 3,,,,,1,,,,,,,,,,,,
Victoria 3,,,,,,,0,,,,,,,,,,
Victoria 3,,,,,1,,,,,,,,,,-1,-1,
Victoria 3,-1,1,-1,,1,-1,,,,,,,,,-1,-1,
Victoria 3,-1,,-1,,,-1,,,,,,,,-1,,,
Victoria 3,,,,,,-1,,-1,,,,,,-1,-1,,
Victoria 3,-1,-1,,,1,,,,1,,,,,,-1,-1,
Victoria 3,,,,,-1,-1,,,,,,,,-1,,,
Victoria 3,,,-1,,,-1,,,,,,,,-1,,,
Victoria 3,,,,-1,,,,,,,,,,,,-1,
Victoria 3,,,,,1,-1,,,,,,,,,,,
Victoria 3,,,,,,-1,,,,,,,,-1,,,
Victoria 3,,,,1,1,,,,,,,,,,-1,-1,-1
Victoria 3,-1,,-1,,0,-1,,,,,,,,-1,,,
Victoria 3,,,,,,,,,,,,,,,,,
Victoria 3,,,,1,1,,1,,,,,1,,,,,
Victoria 3,-1,,,-1,1,-1,-1,,,,,,,-1,,-1,
Victoria 3,,,,,1,-1,,,,,,,-1,-1,,-1,-1
Victoria 3,,,,,,,,,,,,,,,,,
Victoria 3,,,,,1,,,,,,,,,,,,
Victoria 3,,,,,,,,,,,,,,,,,
Victoria 3,,,,,1,,,,,,,,,,,,
Victoria 3,,,,1,1,,1,1,,,,,,1,,,
Victoria 3,,,,,,,,,,,,,,,,,
Victoria 3,,,,,1,,,,,,,,,,,,
Victoria 3,,,-1,,,-1,,,,,,,-1,0,,,
Victoria 3,,,,,,,,,,,,,,,,,
Victoria 3,,,,,,,,,,,,,,,,,
Victoria 3,,,,,1,,1,,,,,,,,,-1,
Victoria 3,-1,,-1,,,,,,,,,,,-1,,,
Victoria 3,,,,,,-1,,,,,,,,-1,,,
Victoria 3,-1,,-1,,,,,,,,,,,-1,,,
Victoria 3,,,,,,,,,,,,,,,,,
Victoria 3,,,,,1,,,,,,,,,,-1,-1,
Victoria 3,,,,,,-1,,,,,,,,,,,
Victoria 3,,,,-1,-1,,,,,,,,,,,-1,
Victoria 3,-1,,-1,,,,,,,,,,,,,,
Victoria 3,,,,-1,1,,,0,0,-1,,-1,,,,,-1
Victoria 3,,,,,,,,,,,,,,,,,
Victoria 3,-1,,-1,,1,,,,,,,,,,,,
Victoria 3,,,,,1,-1,,,,,,,,,,,
Victoria 3,,,,,1,,,,,,,,,,,-1,
Victoria 3,,,,,,,,,,,,,,,,,
Victoria 3,,,,,,,,,,,,,,,,,
Victoria 3,,,,,,,,,,,,,,,,,
Victoria 3,,,,,1,,,,,,,,,,,,
Victoria 3,,,,,1,,,,,,,,,,,,
Victoria 3,,,,,1,,,,,,,,,,,,
Victoria 3,,,,,,,,,,,,,,,,,
Victoria 3,,,,,,,,,,,,,,,,,
Victoria 3,,,,,1,,1,,,,,,,,,,
Victoria 3,,,,,1,,,,,,,,,,,-1,
Victoria 3,,,,,1,,,,,,,,,,,,
Victoria 3,,,,,,,,,,,,,,,,,-1
Victoria 3,,,,,1,,,,,,,,,,,,
Victoria 3,-1,-1,-1,-1,1,,,,-1,,,,,,-1,-1,
Victoria 3,,,,,1,,,,,,,,,,,,
Victoria 3,,,,,,,,-1,,,,,,,,,
Victoria 3,,,,,,,,0,-1,,,,,,,,
Victoria 3,,,,,,,,,,,,,,,1,,
Victoria 3,,,,,,,,,,,,,,,,,
Victoria 3,,,,,,,,,,,,,,,,,
Victoria 3,,1,,1,1,,1,,1,,1,1,,,,,
Victoria 3,,,,,1,,1,,1,,,,,,,,
Victoria 3,,,,,,,,,,,,,,,,,
Victoria 3,,,,1,1,,,,,,,,,,,,
Victoria 3,,,,1,1,,,1,,,,1,,,,,
Victoria 3,,,,,1,,,,,,,,,,,,
Victoria 3,,,,,1,,,1,,,,,,,,,-1
Victoria 3,,,,,,,,,,,,,,,,,
Victoria 3,,,,,1,,,,1,,,1,,,,,
Victoria 3,,,,,1,,,,,,,,,,,,
Victoria 3,,,,,1,,,,,,,,,,,,
Victoria 3,,,,,,,,,,,,,,,,,
Victoria 3,,,,,1,,,,1,,,,,,,,
Just Shapes & Beats,-1,,-1,,,,,,,,,,,-1,,,
Just Shapes & Beats,,1,,,1,,-1,,1,,1,1,,,,,
Just Shapes & Beats,,1,,,1,-1,1,1,1,1,1,1,,,0,-1,
Just Shapes & Beats,,,,,,0,,,,,,,,,,,
Just Shapes & Beats,,,,,,,,1,,,,-1,,,,,
Just Shapes & Beats,,1,,,1,,1,,1,,1,1,,,,,
Just Shapes & Beats,,,,,,,,,,,,,,,,,
Just Shapes & Beats,,,,,1,,,,,,,,,,,,
Just Shapes & Beats,,,,,1,-1,,,,,,,,,-1,,-1
Just Shapes & Beats,,,,,,,,,,,,,,,-1,,
Just Shapes & Beats,,,-1,,1,-1,,1,,,,0,,,-1,,-1
Just Shapes & Beats,,,,,1,,,,1,1,,,,,,,
Just Shapes & Beats,,,,1,1,1,1,1,1,1,1,1,,,1,-1,1
Just Shapes & Beats,,,,,1,,,,,,,,,,,,
Just Shapes & Beats,,,,,,,,,,,,,,,,,
Just Shapes & Beats,,,0,,1,1,1,1,1,1,1,1,,,1,,1
Just Shapes & Beats,,,,0,0,,,,,,,,,,,,-1
Just Shapes & Beats,,,,,,,,,1,1,,1,,,,,
Just Shapes & Beats,,,,-1,1,,,,-1,-1,1,1,,,-1,-1,
Just Shapes & Beats,,,,,,,,,,,,,,,,,
Just Shapes & Beats,,,,,,,,,,,,,,,,,
Just Shapes & Beats,,,,,,,,,,,,,,,,,
Just Shapes & Beats,,,,,,,1,,,,,,,,,,
Just Shapes & Beats,,,,,1,,,,,,,,,,,,
Just Shapes & Beats,,1,,,1,-1,1,1,1,,,,,,-1,,
Just Shapes & Beats,,,,,1,,,,,,,,,,,,
Just Shapes & Beats,,,,,1,,,,,,,,,,,,
Just Shapes & Beats,,,,,,,,,,,,,,,,,
Just Shapes & Beats,,,,,,,,,,,,,,,,,
Just Shapes & Beats,,,,,1,,,,,,,,,,,,
Just Shapes & Beats,,,,,,,,,,,,,,,,,
Just Shapes & Beats,,1,,1,1,0,1,1,1,1,1,1,,,1,1,1
Just Shapes & Beats,,,,-1,1,,,,,,,,,,,,-1
Just Shapes & Beats,,,,-1,1,,,,,,,,,,,,
Just Shapes & Beats,,,,,1,,,,,,,,,,,,
Just Shapes & Beats,,,,-1,1,,,,,,,,,,,,
Just Shapes & Beats,,,,,,,,,,,,,,,,,
Just Shapes & Beats,,,,-1,1,,,,,,,-1,,,,,
Just Shapes & Beats,,,,,1,,,,,,,,,,,,0
Just Shapes & Beats,,,,1,1,,,,1,1,1,1,,,,,
Just Shapes & Beats,,,,,1,,,,1,,,,,,,,
Just Shapes & Beats,,,,-1,,,,,,,,-1,,,,,
Just Shapes & Beats,,,,,1,,,,,,,,,,-1,,-1
Just Shapes & Beats,,,,,,,,,,,,,,,,,
Just Shapes & Beats,,,,-1,1,,1,,,,,-1,-1,-1,,,
Just Shapes & Beats,,,,,,,,,,,,,,,,,
Just Shapes & Beats,,,,,,,,,-1,-1,,,,-1,,,
Just Shapes & Beats,,,,,1,,1,,,,,,,,,,
Just Shapes & Beats,,1,,1,1,,1,,1,,1,1,,,,,
Just Shapes & Beats,,,,,1,,,,1,1,,,,,,,
Just Shapes & Beats,,,,1,1,,,1,1,1,1,1,,,0,-1,-1
Just Shapes & Beats,,,,,1,,-1,,,,,-1,,,,,
Just Shapes & Beats,,,,,,,,,,,,,,,,,
Just Shapes & Beats,,,,,1,,,,,,,,,,,,
Just Shapes & Beats,,,,,,,,,,,,,,,,,
Just Shapes & Beats,,,,,1,,,,,,,,,,,,
Just Shapes & Beats,,,,,1,,,,1,,,,,,,,
Just Shapes & Beats,,1,,,1,,,,1,1,1,,,,1,1,
Just Shapes & Beats,,1,,1,1,1,1,1,1,1,1,1,,1,,,
Just Shapes & Beats,,,,,1,,,,,,,,,,,,
Just Shapes & Beats,,1,,1,1,-1,1,1,1,1,1,1,,0,-1,-1,
Just Shapes & Beats,,,,,1,,1,1,1,1,,1,,,-1,,
Just Shapes & Beats,0,0,,1,1,,,1,0,,0,0,,,-1,1,-1
Just Shapes & Beats,,,,,1,,,,,,,,,,-1,-1,
Just Shapes & Beats,,,,,1,,,,,,,,,,,,
Just Shapes & Beats,,,,,,,,,,,,,,,,,
Just Shapes & Beats,,,,1,1,,,1,,,,1,,,,,
Just Shapes & Beats,,,,-1,,,,,,,,,,-1,,,
Just Shapes & Beats,,,,,1,,,1,,,,,,,,,
Just Shapes & Beats,,,,,1,,,,,,,,,-1,,,
Just Shapes & Beats,,,,,,,,,,,,,,,,,
Just Shapes & Beats,,-1,,-1,1,,,-1,-1,,-1,,,,-1,,-1
Just Shapes & Beats,,,,,1,,,,,,,,,,-1,-1,
Just Shapes & Beats,,,,,,,,,,,,,,,,,
Just Shapes & Beats,,,,-1,0,,,,,,,,,,,,
Just Shapes & Beats,,,,,1,,,,,,,,,,1,1,
Just Shapes & Beats,-1,,,-1,1,,,,1,,,,,-1,-1,-1,
Just Shapes & Beats,,,,-1,1,,,1,1,,1,-1,,,,,-1
Just Shapes & Beats,,,,,1,,1,1,,,,1,,,,,
Just Shapes & Beats,,,,,,,,,,,,,,,,,
Just Shapes & Beats,,,,,,,,,,,,,,,,,
Just Shapes & Beats,,,,1,1,-1,1,1,,,,,,0,-1,-1,-1
Just Shapes & Beats,,,,,0,,,,1,-1,,,,,,,-1
Just Shapes & Beats,-1,0,-1,1,1,-1,1,1,,,-1,0,-1,0,-1,-1,-1
Just Shapes & Beats,,,,,,-1,,0,,,,,,,-1,,-1
Just Shapes & Beats,,,,1,1,,,,,,,,,,,,
Just Shapes & Beats,,,,-1,0,,-1,0,,,,1,,,-1,-1,-1
Just Shapes & Beats,,,,,1,-1,-1,1,,,,,-1,1,-1,-1,-1
Just Shapes & Beats,-1,,-1,-1,1,-1,,-1,,,,,-1,-1,-1,-1,-1
Just Shapes & Beats,1,,,1,1,,1,,1,,,1,,1,,-1,
Just Shapes & Beats,,,,,,-1,-1,,,,,,,,,,
Just Shapes & Beats,,,,-1,1,-1,0,0,0,-1,,,-1,0,-1,-1,-1
Just Shapes & Beats,,1,,1,1,-1,1,1,1,1,1,1,,,-1,-1,-1
Just Shapes & Beats,,,,0,0,,-1,-1,,,,0,,,-1,-1,-1
Just Shapes & Beats,,,,-1,1,,1,-1,,,,,,-1,,-1,-1
Just Shapes & Beats,,,,-1,1,,-1,-1,,,,1,,,-1,-1,-1
Just Shapes & Beats,,,,,,-1,,,,,,,,-1,,,
Just Shapes & Beats,,,,,1,,,,,,,,,,,,
Just Shapes & Beats,,,,,0,,,,,,,,,,,,
Just Shapes & Beats,,,,-1,1,,1,-1,,,,,,-1,,,
Two Point Hospital,,,,,,,0,,,,,,,-1,,,
Two Point Hospital,,,,1,1,,,,1,,,,,,,1,
Two Point Hospital,,,,1,1,-1,,,,,,,-1,1,,-1,-1
Two Point Hospital,,,,,,-1,,,,,,,,-1,,,
Two Point Hospital,,,,1,0,-1,-1,0,0,0,,0,,0,-1,-1,-1
Two Point Hospital,,,,1,0,-1,,1,,,,,,,-1,-1,-1
Two Point Hospital,,,,,1,,,,,,,,,,1,1,
Two Point Hospital,,,,1,1,,-1,1,,,,,,1,,,-1
Two Point Hospital,,,,,0,-1,,,,,,,,,-1,-1,-1
Two Point Hospital,,,,,1,,,,,,,,,,-1,-1,-1
Two Point Hospital,,,,,1,,,,,,,,,,,,
Two Point Hospital,,,,,1,,1,,1,,,,,,,,
Two Point Hospital,,,,,1,,,,,,,,,,,1,
Two Point Hospital,,,,,1,,,,,,,,,,,,
Two Point Hospital,,,,1,1,,,1,,,,,,,,,-1
Two Point Hospital,,,,1,1,,,,,,,,,,,,-1
Two Point Hospital,,,,,1,,,,,,,,,,,,-1
Two Point Hospital,,,,,1,,,,,,,,,,,,
Two Point Hospital,,,,1,1,,,1,,,,,,,,,
Two Point Hospital,-1,,-1,,,-1,,,,,,,,-1,,,
Two Point Hospital,,,,,1,,1,1,,,,,,,,,
Two Point Hospital,-1,,-1,1,1,,1,1,,,,,,-1,,-1,-1
Two Point Hospital,,,,1,1,-1,1,0,0,,,0,,,-1,-1,-1
Two Point Hospital,,,,1,1,-1,,0,1,,,1,,,-1,-1,-1
Two Point Hospital,,,,1,1,,,1,,,,,,,1,,
Two Point Hospital,,,,,1,,,,,,,,,,,,
Two Point Hospital,,,,,1,,,,,,,,,,,,
Two Point Hospital,,,,-1,0,,,,,,,,,,,,-1
Two Point Hospital,,,,1,1,,1,1,,,,,,,,,
Two Point Hospital,,,,,1,,,,,,,,,,,,
Two Point Hospital,,,,,,,,,,,,,,,-1,-1,
Two Point Hospital,-1,1,,1,1,,1,1,1,,1,0,,,1,-1,-1
Two Point Hospital,,,,,1,,,,,,,,,,,,
Two Point Hospital,,,,,1,,,,,,,,,,,,
Two Point Hospital,,,,,1,,,,,,,,,,,,-1
Two Point Hospital,,,,,,,,,,,,,,,,,
Two Point Hospital,,,,,1,,,,,,,,,,,,
Two Point Hospital,,,,,1,,,,,,,,,,,,
Two Point Hospital,,,,1,1,,,1,1,1,,1,,,1,,
Two Point Hospital,,,,-1,1,,1,,,,,-1,,,,,
Two Point Hospital,,,,,1,,,,,,,,,,,,
Two Point Hospital,,,,,1,,,,,,,,,,,,
Two Point Hospital,,,,,1,,,,1,1,,1,,,,,
Two Point Hospital,-1,,,1,1,,,,,,,,,0,,-1,
Two Point Hospital,,,,1,1,,,,,,,,,,,,
Two Point Hospital,,,,1,1,,,1,,,,,,1,,,
Two Point Hospital,,,,,,,,,,,,,,,,,
Two Point Hospital,,,,,,,,,,,,,,,,,
Two Point Hospital,,,,,1,,,,,,,,,,,,
Two Point Hospital,,,,1,1,,,1,,,,1,,,-1,,-1
Two Point Hospital,,,,,0,,,,,,,,,,,,-1
Two Point Hospital,1,1,-1,,1,,,1,1,,,,,,,,
Two Point Hospital,,,,,1,,,,,,,,,,,,
Two Point Hospital,,,,,1,,,,,,,,,,,,
Two Point Hospital,,,,1,1,,,,,,,,,,,,
Two Point Hospital,,,,1,1,,,,,,,,,,,,-1
Two Point Hospital,,,,,,,,,,,,,,,,,
Two Point Hospital,,,,,-1,,,,,,,,,,,,
Two Point Hospital,,,,,1,,,,,,,,,,,,
Two Point Hospital,,,,,1,,,,,,,,,,,,
Two Point Hospital,,,,,,,,,,,,,,,,,
Two Point Hospital,,,,,1,,,,,,,,,,,,
Two Point Hospital,,,,1,1,,1,1,,,,,,1,,,
Two Point Hospital,,,,,1,,,,,,,,,,,,
Two Point Hospital,,,,,,,,,,,,,,-1,,,
Two Point Hospital,,,,,1,,,,,,,,,,,,
Two Point Hospital,,,,,,,,,,,,,,,,,
Two Point Hospital,,,,,1,,,,,,,,,,,,
Two Point Hospital,,,,,,,,,,,,,,,,,
Two Point Hospital,,,,-1,1,-1,,-1,,,,,,-1,-1,-1,-1
Two Point Hospital,,,,,,,,,,,,,,,-1,-1,
Two Point Hospital,,,,,1,,,,,,,,,,,,
Two Point Hospital,,,,,1,-1,-1,,,,,,,-1,,,
Two Point Hospital,,,,,,,,,,,,,,,,,
Two Point Hospital,,,,,-1,,,,,,,,,,,,
Two Point Hospital,,,,-1,-1,,-1,,,,,,,-1,,,
Two Point Hospital,,,,,1,,,,,,,,,,-1,,
Two Point Hospital,,,,,1,,0,,,,,,,,-1,,
Two Point Hospital,,,,,1,,,,1,,,1,,,,,
Two Point Hospital,,,,,1,,,,,,,,,,,,
Two Point Hospital,,,,,,,,,,,,,,,,,
Two Point Hospital,,,,,,,,,,,,,,,,,
Two Point Hospital,-1,-1,-1,,,-1,,,,,,,,,,,
Two Point Hospital,,,-1,,1,,,,,,,,,0,,,
Two Point Hospital,,,,,1,-1,,,,,,,-1,-1,,-1,-1
Two Point Hospital,,,,,1,-1,,,,,,,,,,,
Two Point Hospital,,,,,,,,,,,,,,,,,
Two Point Hospital,1,1,,1,1,-1,1,,1,,1,1,,,,-1,
Two Point Hospital,,,,,,,,,,,,,,,,,
Two Point Hospital,-1,,-1,,1,,,,,,,,,,,,
Two Point Hospital,0,1,,1,1,,1,,1,,1,,-1,0,,1,
Two Point Hospital,,,,,,,,,,,,,,-1,,,
Two Point Hospital,,,,,,,,,,,,,,,,,
Two Point Hospital,,,,,,-1,,,,,,,,1,,,
Two Point Hospital,-1,,-1,,1,,,,,,,,,-1,,,
Two Point Hospital,,,,,1,,,,1,1,,,,,,,
Two Point Hospital,,,,0,1,,,,,,,,,-1,,-1,
Two Point Hospital,,,,,,-1,,,,,,,,,1,-1,
Two Point Hospital,-1,-1,-1,,,-1,,,,,,,,-1,,,
Two Point Hospital,,,,,1,,,,,,,,,-1,,,
Black Squad,,,,,,,,,,,,,,,,,
Black Squad,,,,,,-1,,,,,,,,,,,
Black Squad,-1,1,,1,1,-1,0,,1,0,1,,,0,-1,-1,
Black Squad,,,,,1,-1,,,,,,,,-1,,,
Black Squad,,,,,,,,,,,,,,,,,
Black Squad,,,-1,,,,,,,,,,-1,-1,,,
Black Squad,,,,1,1,,1,1,1,1,,,,,1,-1,-1
Black Squad,,,,,1,,,,,,,,,,,,
Black Squad,,,,-1,1,,,-1,,,,,,,-1,-1,-1
Black Squad,,,,,,,,,,,,,,,,,
Black Squad,,,,,,,,,,,,,,,,,
Black Squad,,,,1,1,0,1,1,,,,,,1,,1,
Black Squad,,,,,1,,,,,,,,,,,,
Black Squad,-1,,,,1,,,,,,,,,,,,
Black Squad,,,,,,,,,,,,,,,,,
Black Squad,,,,,,,,,,,,,,,,,
Black Squad,,,-1,,,,,,,,,,-1,-1,,,
Black Squad,,,-1,,,,,,,,,,,,,,
Black Squad,,,,,1,,,,,,,,,,,,
Black Squad,,,,,,,,,,,,,,,,,
Black Squad,,,,,,,,,,,,,,,,,
Black Squad,,,,-1,-1,,,,,,,,,-1,,-1,
Black Squad,,,,,1,,,,,,,,,,,,
Black Squad,,,,,1,,,,,,,,,,,,
Black Squad,-1,1,,1,1,-1,1,,0,,1,,,,-1,-1,
Black Squad,,,,,1,,,,1,,,,,1,,,
Black Squad,,,,,,,,,,,,,,,,,
Black Squad,,,,,,-1,,,,,,,,,-1,,
Black Squad,,,,,,,,,,,,,,,,,
Black Squad,,,,,,,,,,,,,,,,,
Black Squad,,,,,,,,,,,,,,,,,
Black Squad,-1,-1,,,,,,,,,,,,,,,
Black Squad,,,,-1,0,,,,,,,,,,,,
Black Squad,,,,,,,,,,,,,,,,,
Black Squad,,,,,,,,,,,,,,,,,
Black Squad,,,,,,,,,,,,,,,,,
Black Squad,,,,,,-1,,,,,,,,,,,
Black Squad,,,,,,,,,,,,,,,,,
Black Squad,,,,,1,,,,,,,,,,,,
Black Squad,,,,,,,,,,,,,,,,,
Black Squad,,,,,,,,,,,,,,,,,
Black Squad,,,,,,,,,,,,,,,,,
Black Squad,,,,,1,-1,,,,,,,,-1,-1,-1,
Black Squad,,1,,,,,,,1,,1,,,,,,
Black Squad,,,,,,,,,,,,,,,,,
Black Squad,,,,,1,,,,,,,,,,,,
Black Squad,,,,,,,,,,,,,,,,,
Black Squad,,,,,-1,,,,,,,,,,,,
Black Squad,,,,,,,,,,,,,,,,,
Black Squad,,,-1,,1,,,,,,,,,-1,,,
Black Squad,,,,,,,,,,,,,,,,,
Black Squad,,,,,,-1,,,,,,,,,-1,,
Black Squad,,,,,-1,,-1,,,,,,,-1,,,
Black Squad,,,,,1,,,,,,,,,,,,
Black Squad,,,,,,,,,,,,,,,,,
Black Squad,,,,,,,,,,,,,,,,,
Black Squad,,,,,,,,,,,,,,,,,
Black Squad,,,-1,,-1,-1,,,,,,,,-1,,,
Black Squad,,,,,,,0,,,,,,,,,,
Black Squad,,,,,1,,,,,,,,,,,,
Black Squad,,,,,,,,,,,,,-1,,,,
Black Squad,,,,,1,,,1,0,,,,,,,,
Black Squad,,,-1,,1,,,,,,,,-1,,,,
Black Squad,-1,-1,,-1,0,-1,-1,,-1,-1,-1,,-1,-1,,,
Black Squad,,1,,,,,,,1,,1,,,,,,
Black Squad,,,,,1,,,,,,,,,,,,
Black Squad,,,,,,,,,,,,,,,,,
Black Squad,,,-1,,,,,,,,,,-1,-1,,,
Black Squad,-1,-1,-1,1,-1,-1,,,,,-1,,-1,-1,,-1,-1
Black Squad,-1,,,,,,,,,,,,,,,,
Black Squad,,,,,1,,,,,,,,,,,,
Black Squad,,,,,,,,,,,,,,,,,
Black Squad,,,,,,,,,,,,,-1,,,,
Black Squad,,,,,,,,,,,,,,,,,
Black Squad,,,,,,,,,,,,,,,1,1,
Black Squad,,,,,,,,,,,,,,,,,
Black Squad,,,,,,,,,,,,,,,,,
Black Squad,,,,,,,,,,,,,,,,,
Black Squad,,,,,1,,,,,,,,,,,,
Black Squad,,,,,,,,,,,,,,,,,
Black Squad,,,,1,1,,,,,,,,,,,,
Black Squad,,,,,1,-1,,,,,,,,-1,-1,,-1
Black Squad,,,,,1,,1,1,,,,-1,,,,,
Black Squad,,,,1,1,-1,,1,1,,,1,,,-1,-1,-1
Black Squad,,,,,1,,1,1,,,,0,,,,,
Black Squad,,,,,1,-1,1,1,1,1,,,,,-1,,-1
Black Squad,,,-1,,,-1,,,,,,,-1,-1,,,
Black Squad,,,,,1,,,,,,,,,,,,
Black Squad,,,,,,,,,,,,,,,,,
Black Squad,,,,,1,,,1,,,,1,,,1,,
Black Squad,,,,,1,,,,,,,,,,,,
Black Squad,,,,,1,,,,,,,,,,-1,,
Black Squad,,,,,,,,,,,,,,,-1,,
Black Squad,-1,1,-1,0,1,,1,1,0,,1,1,,-1,-1,-1,-1
Black Squad,,,,,,,,,,,,,,,,,
Black Squad,,,,,,,,,,,,,,,,,
Black Squad,,,,,,,,,,,,,,,,,
Black Squad,,,,,1,,1,,,,,,,,,,
Black Squad,,,,,,,,,,,,,,,,,
Black Squad,,,,,,,,,,,,,,,,,
Lobotomy Corporation | Monster Management Simulation,,,,,1,,,,,,,,,,,,
Lobotomy Corporation | Monster Management Simulation,,,,1,1,-1,1,1,1,0,,1,,0,-1,-1,-1
Lobotomy Corporation | Monster Management Simulation,,,,,,,,,,,,,,,,,
Lobotomy Corporation | Monster Management Simulation,,,,,,1,,,,,,,,1,,,
Lobotomy Corporation | Monster Management Simulation,1,1,,,1,,,,1,,,,,,1,1,
Lobotomy Corporation | Monster Management Simulation,,,,,1,-1,1,1,1,1,,,-1,1,-1,-1,-1
Lobotomy Corporation | Monster Management Simulation,,,,,1,-1,-1,1,,,,,,,-1,-1,-1
Lobotomy Corporation | Monster Management Simulation,,,,,1,,,,,,,,,,-1,,-1
Lobotomy Corporation | Monster Management Simulation,,,,1,1,,,,1,1,,1,,,-1,-1,
Lobotomy Corporation | Monster Management Simulation,,,,,,,,,,,,,,,-1,,
Lobotomy Corporation | Monster Management Simulation,,,,,,-1,,,,,,,,,-1,,
Lobotomy Corporation | Monster Management Simulation,,,,1,1,,-1,1,1,,,-1,,,,,-1
Lobotomy Corporation | Monster Management Simulation,,,,,,,,,,,,,,,-1,,
Lobotomy Corporation | Monster Management Simulation,,,,,,,,,,,,,,,,,
Lobotomy Corporation | Monster Management Simulation,,,,,,,,,,,,,,,,,
Lobotomy Corporation | Monster Management Simulation,,,,,1,,,,,,,,,,,,
Lobotomy Corporation | Monster Management Simulation,,,,,,,,,,,,,,,,,
Lobotomy Corporation | Monster Management Simulation,,,,,,,,,,,,,,,,,
Lobotomy Corporation | Monster Management Simulation,-1,,-1,,,,,,,,,,,,,,
Lobotomy Corporation | Monster Management Simulation,,,,,,-1,,,,,,,,0,-1,,
Lobotomy Corporation | Monster Management Simulation,,,,,,,,,,,,,,,,,
Lobotomy Corporation | Monster Management Simulation,,,,,,,,,,,,,,,,,
Lobotomy Corporation | Monster Management Simulation,,,,,1,,,,,,,,,,-1,,
Lobotomy Corporation | Monster Management Simulation,,,,,-1,,,,,,,,,,,,-1
Lobotomy Corporation | Monster Management Simulation,,,,,,,,,,,,,,,,,
Lobotomy Corporation | Monster Management Simulation,,,,,,,,,,,,,,,,,
Lobotomy Corporation | Monster Management Simulation,,,,,1,,,,,,,,,,,,
Lobotomy Corporation | Monster Management Simulation,,,,,,,,,,,,,,,,,
Lobotomy Corporation | Monster Management Simulation,,,,,,,,,,,,,,,-1,,
Lobotomy Corporation | Monster Management Simulation,,,,,,,,,,,,,,,,,
Lobotomy Corporation | Monster Management Simulation,,,,1,1,,,,,,,,,,,1,
Lobotomy Corporation | Monster Management Simulation,,,,,1,,,,,,,,,,-1,-1,
Lobotomy Corporation | Monster Management Simulation,,,,,,,,,,,,,,,,,
Lobotomy Corporation | Monster Management Simulation,,,,,,,,,,,,,,,,,
Lobotomy Corporation | Monster Management Simulation,,,,,1,,,,,,,,,,-1,,
Lobotomy Corporation | Monster Management Simulation,,,,-1,,,,,,,,,,,,,
Lobotomy Corporation | Monster Management Simulation,,,,,,,,,,,,,,,-1,,
Lobotomy Corporation | Monster Management Simulation,,,,,,,,,,,,,,,,,
Lobotomy Corporation | Monster Management Simulation,,,,,,,,,,,,,,,,,
Lobotomy Corporation | Monster Management Simulation,,,,,,-1,-1,1,,,,,,0,,,
Lobotomy Corporation | Monster Management Simulation,,,,,1,,,,,,,1,,,,,
Lobotomy Corporation | Monster Management Simulation,,,,,1,,,,,,,,,,,,
Lobotomy Corporation | Monster Management Simulation,,,,,,,,,,,,,,,,,
Lobotomy Corporation | Monster Management Simulation,,,,,,,,,,,,,,,,,
Lobotomy Corporation | Monster Management Simulation,,,,,1,,,,,,,,,,,,
Lobotomy Corporation | Monster Management Simulation,,,,,1,,,,,,,,,,,,
Lobotomy Corporation | Monster Management Simulation,1,1,,,1,,,,,,,,,,,,
Lobotomy Corporation | Monster Management Simulation,,,-1,,,,,,,,,,,,,,
Lobotomy Corporation | Monster Management Simulation,,,,-1,1,,,1,,,,-1,,,-1,-1,-1
Lobotomy Corporation | Monster Management Simulation,,,,1,1,,,1,,,,1,,,,,-1
Lobotomy Corporation | Monster Management Simulation,,,,,1,-1,,,,,,,-1,,,,-1
Lobotomy Corporation | Monster Management Simulation,,,,,,,1,1,,,,,,,,,
Lobotomy Corporation | Monster Management Simulation,,,,,,,,,,,,,-1,,,,-1
Lobotomy Corporation | Monster Management Simulation,,,,,-1,,,,,,,,,,,,
Lobotomy Corporation | Monster Management Simulation,,,,,,,,,,,,,,,,-1,
Lobotomy Corporation | Monster Management Simulation,,,,,1,,,,0,,,0,,,-1,-1,
Lobotomy Corporation | Monster Management Simulation,,,,,1,-1,,,,,,,,-1,-1,-1,
Lobotomy Corporation | Monster Management Simulation,,,,-1,1,,1,,,,,-1,-1,-1,,,
Lobotomy Corporation | Monster Management Simulation,,,,,,,,,,,,,,,,,
Lobotomy Corporation | Monster Management Simulation,,,,,1,,,,,,,,,,,,
Lobotomy Corporation | Monster Management Simulation,,,,,1,,,,,,,,,,,,
Lobotomy Corporation | Monster Management Simulation,,,,,1,,,,,,,,,,,,
Lobotomy Corporation | Monster Management Simulation,,,,,,,,,,,,,,,,,
Lobotomy Corporation | Monster Management Simulation,,,,,,,,,,,,,,,,,
Lobotomy Corporation | Monster Management Simulation,,,,,1,,,,,,,,,,,,
Lobotomy Corporation | Monster Management Simulation,,,,,,,,,,,,,,,,,
Lobotomy Corporation | Monster Management Simulation,,,,,1,,,,,,,,,,,,-1
Lobotomy Corporation | Monster Management Simulation,,,,,,,,,,,,,,,,,
Lobotomy Corporation | Monster Management Simulation,,,,,,,,,,,,,,,,,
Lobotomy Corporation | Monster Management Simulation,,,,-1,,-1,,,,,,,,,,-1,-1
Lobotomy Corporation | Monster Management Simulation,,,,,,,,,,,,,,,,,
Lobotomy Corporation | Monster Management Simulation,,,,,1,,,,,,,,,,,,
Lobotomy Corporation | Monster Management Simulation,,,,,,,,,,,,,,,,,
Lobotomy Corporation | Monster Management Simulation,,,,,1,-1,,1,,,,,,,-1,,-1
Lobotomy Corporation | Monster Management Simulation,,,,,,,,,,,,,,,,,
Lobotomy Corporation | Monster Management Simulation,,,,,1,,,,,,,,,,,,
Lobotomy Corporation | Monster Management Simulation,,,,,1,,,,,,,,,,1,1,
Lobotomy Corporation | Monster Management Simulation,,,,,,,,,,,,,,,,,
Lobotomy Corporation | Monster Management Simulation,,,,,,,,,,,,,,,,,
Lobotomy Corporation | Monster Management Simulation,,,,,1,,,,,,,,,,-1,,
Lobotomy Corporation | Monster Management Simulation,-1,,-1,,1,,,,,,,,,,,,
Lobotomy Corporation | Monster Management Simulation,,,,,1,,,,,,,,,,,,
Lobotomy Corporation | Monster Management Simulation,,,,-1,,-1,,,,,,,,-1,,-1,
Lobotomy Corporation | Monster Management Simulation,,,-1,,1,-1,,,,,,,,,,,-1
Lobotomy Corporation | Monster Management Simulation,,,,,,,,,,,,,,,,,
Lobotomy Corporation | Monster Management Simulation,,,,,1,,,,,,,,,,,,
Lobotomy Corporation | Monster Management Simulation,,,,,,,,,,,,,,,,,
Lobotomy Corporation | Monster Management Simulation,-1,,-1,,1,-1,,,,,,,-1,-1,,-1,
Lobotomy Corporation | Monster Management Simulation,,,,,1,,,,,,,,,,,,
Lobotomy Corporation | Monster Management Simulation,,,,,,,,,,,,,,,,1,
Lobotomy Corporation | Monster Management Simulation,,,,,,,,,,,,,,,,,
Lobotomy Corporation | Monster Management Simulation,,,,,,,,,,,,,,,,,
Lobotomy Corporation | Monster Management Simulation,,,,,1,,,,,,,,,,,,
Lobotomy Corporation | Monster Management Simulation,,,,,,,,,,,,,,,,,
Lobotomy Corporation | Monster Management Simulation,,,,,,,-1,,,,,,,,,,
Lobotomy Corporation | Monster Management Simulation,,,,,1,,,,,,,,,,,,
Lobotomy Corporation | Monster Management Simulation,,,,,,,,,,,,,,,,,
Lobotomy Corporation | Monster Management Simulation,,,,,,,,,,,,,,,,,
Lobotomy Corporation | Monster Management Simulation,,,,,,,,,,,,,,,,,
Lobotomy Corporation | Monster Management Simulation,,,,,,,,,,,,,,,,,
PUBG: BATTLEGROUNDS,,,,,,,,,,,,,,,,,
PUBG: BATTLEGROUNDS,,,,,1,,,,,,,,,,,,-1
PUBG: BATTLEGROUNDS,,,,,1,,,,,,,,,,,,
PUBG: BATTLEGROUNDS,,,,-1,1,-1,1,,,,,,-1,-1,,-1,
PUBG: BATTLEGROUNDS,,,,,,,,,,,,,,,,,
PUBG: BATTLEGROUNDS,,,,,1,,,,,,,,,,,,
PUBG: BATTLEGROUNDS,,,,,-1,,,,,,,,,,,,
PUBG: BATTLEGROUNDS,,,,,1,,,,,,,,,,,,
PUBG: BATTLEGROUNDS,,,,,,,,,,,,,,,,,
PUBG: BATTLEGROUNDS,,,,,1,,,,,,,,,,,,
PUBG: BATTLEGROUNDS,,,,,,,,,,,,,,,,,
PUBG: BATTLEGROUNDS,,,,,,,,,,,,,,,,,
PUBG: BATTLEGROUNDS,,,,,,,,,,,,,,,,,
PUBG: BATTLEGROUNDS,,,,,1,,,,,,,,,,,,
PUBG: BATTLEGROUNDS,,,,,1,,,,,,,,,,,,
PUBG: BATTLEGROUNDS,,,,,,,,,,,,,,,,,
PUBG: BATTLEGROUNDS,,,,,,,,,,,,,,,,,
PUBG: BATTLEGROUNDS,,,,,,,,,,,,,,,,,
PUBG: BATTLEGROUNDS,,,,,,,,,,,,,,,,,
PUBG: BATTLEGROUNDS,,,,,1,,1,,,,,,,,,,
PUBG: BATTLEGROUNDS,,,,,,,,,,,,,,,,,
PUBG: BATTLEGROUNDS,,,,,,,,,,,,,,,,,
PUBG: BATTLEGROUNDS,,,-1,,,,,,,,,,-1,,,,
PUBG: BATTLEGROUNDS,,,,,1,,,,,,,,,,,,
PUBG: BATTLEGROUNDS,,,,,1,,,,,,,,,,,,
PUBG: BATTLEGROUNDS,,,,,1,,,,,,,,,,,,
PUBG: BATTLEGROUNDS,,,,,1,-1,,,,,,,,,-1,,
PUBG: BATTLEGROUNDS,,,,,1,,,,,,,,,,,,
PUBG: BATTLEGROUNDS,-1,,-1,,,-1,,,,,,,,-1,,,
PUBG: BATTLEGROUNDS,,,,,1,,1,,,,,,,,,,
PUBG: BATTLEGROUNDS,,,,,1,,1,1,1,1,,,,,,,
PUBG: BATTLEGROUNDS,,,,,1,,,,,1,,,,1,,,
PUBG: BATTLEGROUNDS,,,,,,,,,,,,,,,,,
PUBG: BATTLEGROUNDS,,,,,1,,,,,,,,,,,,
PUBG: BATTLEGROUNDS,-1,,-1,,,,,,,,,,-1,-1,,,
PUBG: BATTLEGROUNDS,,,,,1,,,,,,,,,,,,
PUBG: BATTLEGROUNDS,,,,,1,,,,,,,,,,,,
PUBG: BATTLEGROUNDS,,,,,,,,,,,,,,,,,
PUBG: BATTLEGROUNDS,,,,,1,-1,-1,,,,,,,-1,,,
PUBG: BATTLEGROUNDS,,,,,1,,1,1,,,,,,,,,
PUBG: BATTLEGROUNDS,,,,,,,,,,,,,,,,,
PUBG: BATTLEGROUNDS,,,,,1,,,1,,,,,,,,,
PUBG: BATTLEGROUNDS,,,,,1,,0,,,,,,,,,,
PUBG: BATTLEGROUNDS,,,,,,-1,,,,,,,,,,-1,
PUBG: BATTLEGROUNDS,,,,,,,,,,,,,,,,,
PUBG: BATTLEGROUNDS,,,,,,,,,,,,,,,,,
PUBG: BATTLEGROUNDS,,,,,,,,,,,,,,,,,
PUBG: BATTLEGROUNDS,,,,,,,,,,,,,,,,,
PUBG: BATTLEGROUNDS,,,,,,,,,,,,,,,,,
PUBG: BATTLEGROUNDS,,,,,,,,,,,,,,,,,
PUBG: BATTLEGROUNDS,,,,,,,,,,,,,,,,,
PUBG: BATTLEGROUNDS,-1,-1,,,1,,,,,,,,,,,,
PUBG: BATTLEGROUNDS,,,,,,,,,,,,,,,,,
PUBG: BATTLEGROUNDS,,,,,,,,,,,,,,,,,
PUBG: BATTLEGROUNDS,,,,,,,,,,,,,,,,,
PUBG: BATTLEGROUNDS,,,,-1,,,,,,,,,,,,,-1
PUBG: BATTLEGROUNDS,,,,,,,,,,,,,,,,,
PUBG: BATTLEGROUNDS,,,,,,,,,,,,,,,,,
PUBG: BATTLEGROUNDS,,,,,,,,,,,,,,,,,
PUBG: BATTLEGROUNDS,,,,,,,,,,,,,,,,,
PUBG: BATTLEGROUNDS,,,,,,,,,,,,,,,,,
PUBG: BATTLEGROUNDS,,,,,,,,,1,1,,,,,,,
PUBG: BATTLEGROUNDS,,,,,,,,,,,,,,,,,
PUBG: BATTLEGROUNDS,,,,,-1,,,,,,,,,,,,
PUBG: BATTLEGROUNDS,,,,,,,,,,,,,,,,,
PUBG: BATTLEGROUNDS,,,,,,,,,,,,,,,,,
PUBG: BATTLEGROUNDS,,,,,,,,,,,,,,,,,
PUBG: BATTLEGROUNDS,,,,,1,,,,,,,,,,,,
PUBG: BATTLEGROUNDS,,,,,1,,,,,,,,,,,,
PUBG: BATTLEGROUNDS,,,-1,,,,,,,,,,,,,,
PUBG: BATTLEGROUNDS,,,,,1,,,,,,,,,,,,
PUBG: BATTLEGROUNDS,,,,,,,,,,,,,,,,,
PUBG: BATTLEGROUNDS,,,,,,,,,,,,,,,,,
PUBG: BATTLEGROUNDS,,,,,1,,,,,,,,,,,,
PUBG: BATTLEGROUNDS,,,,,,,,,,,,,,,,,
PUBG: BATTLEGROUNDS,,,,,,-1,,,,,,,,,,,
PUBG: BATTLEGROUNDS,-1,,-1,,,,,,,,,,,,,,
PUBG: BATTLEGROUNDS,,,,,,,,,,,,,-1,,,,
PUBG: BATTLEGROUNDS,,,,,1,,,,,,,,,,,,
PUBG: BATTLEGROUNDS,,,,,,,,,,,,,-1,,,,
PUBG: BATTLEGROUNDS,,,,,,,,,,,,,,-1,,,
PUBG: BATTLEGROUNDS,,,,,,,,,,,,,,-1,,,
PUBG: BATTLEGROUNDS,,,,1,1,,,,,,,,,,,-1,-1
PUBG: BATTLEGROUNDS,,,,,,,,,,,,,,-1,,,
PUBG: BATTLEGROUNDS,,,,,,,,,,,,,,-1,,,
PUBG: BATTLEGROUNDS,,,,-1,-1,,-1,-1,,-1,,,,-1,,-1,-1
PUBG: BATTLEGROUNDS,,,,,-1,,,,,,,,,,,,
PUBG: BATTLEGROUNDS,,,,,,,,,,,,,-1,,,,
PUBG: BATTLEGROUNDS,-1,-1,-1,1,1,-1,1,0,,,-1,-1,,-1,-1,-1,-1
PUBG: BATTLEGROUNDS,,,,-1,1,,,,,,,,,-1,,,
PUBG: BATTLEGROUNDS,,,,,1,,,,,,,,,,,,-1
PUBG: BATTLEGROUNDS,,,,,,,,,,,,,,,,,-1
PUBG: BATTLEGROUNDS,,,,-1,,,,,,,,,,-1,,,
PUBG: BATTLEGROUNDS,-1,,-1,,,,,,,,,,,,,,
PUBG: BATTLEGROUNDS,,,,,,,,,,,,,,,,,
PUBG: BATTLEGROUNDS,,,,,,,,,,,,,,,,,
PUBG: BATTLEGROUNDS,,,,,,-1,,,,,,,,,,,
PUBG: BATTLEGROUNDS,,,,,1,,,,,,,,,,,,
PUBG: BATTLEGROUNDS,,,,,-1,,,,,,,,,,-1,-1,
PUBG: BATTLEGROUNDS,,,,-1,,-1,,,,,,,,-1,,,
Fallout Shelter,,,,,,,,,,,,,,,,,-1
Fallout Shelter,,,,,,,,,,,,,,,,,
Fallout Shelter,0,,0,1,1,,,0,,,,1,,,0,0,-1
Fallout Shelter,,,,,1,,,,,,,,,,,,
Fallout Shelter,,,,,,,,,,1,,,,-1,,,
Fallout Shelter,,,,,,,,,,,,,,,-1,,-1
Fallout Shelter,,,,,1,,,,,,,,,,,,
Fallout Shelter,1,1,,1,1,,1,1,1,,1,,,,,1,
Fallout Shelter,,,,,,,,,,,,,,,,,
Fallout Shelter,,,,,1,,,,,,,,,,,,
Fallout Shelter,,,,,,,,,,,,,,-1,,,
Fallout Shelter,,,-1,1,1,-1,1,1,,,,1,,1,-1,-1,-1
Fallout Shelter,,,,,1,,,,1,,,,,,,,
Fallout Shelter,,,,,1,,,,,,,,,,,,
Fallout Shelter,,,,,1,,,,,,,,,,,,
Fallout Shelter,,,,,1,,,,-1,-1,,,,,-1,-1,
Fallout Shelter,,,,,,,,,,,,,-1,-1,,-1,
Fallout Shelter,,,,,0,-1,-1,,,,,,,,,-1,
Fallout Shelter,,,,,1,,,,,,,,,-1,,,
Fallout Shelter,,,,,,,,,,,,,,,,,
Fallout Shelter,,,,0,1,,,,,,,,,,,,
Fallout Shelter,,,,,1,,,,1,1,,,,,,,
Fallout Shelter,,,,,,,,,,,,,,,,,
Fallout Shelter,,,,-1,,,,,,,,,,,,-1,-1
Fallout Shelter,,,,,1,,,,,,,,,,,,
Fallout Shelter,,,,,,,,,,,,,,,,,
Fallout Shelter,,,,,,,,,,,,,,,,,
Fallout Shelter,,,,,,,,,,,,,,,,,
Fallout Shelter,,,,,,,,,,,,,,,,,
Fallout Shelter,,,,-1,,,,,,,,,,,,,
Fallout Shelter,,,-1,,,-1,,,,,,,,,-1,,-1
Fallout Shelter,,,,,,,,,,,,,,,,,
Fallout Shelter,,,,1,1,,,1,,,,1,,,-1,-1,-1
Fallout Shelter,,,,,1,,1,,,,,,,,,,
Fallout Shelter,-1,-1,,,1,,,,0,,-1,,,,,,
Fallout Shelter,,,,,0,,-1,,,,,,,,,,
Fallout Shelter,,,,,1,,,,,,,,,,,,-1
Fallout Shelter,,,,,1,-1,,,,,,,,,-1,,-1
Fallout Shelter,,,,,1,,,,,,,,,,,,
Fallout Shelter,,,,1,1,,,,,,,,,-1,-1,-1,
Fallout Shelter,,,,,,,,,,,,,,,,,
Fallout Shelter,-1,,-1,,,,,,,,,,,,,,
Fallout Shelter,,,,,1,,,,1,1,,,,,,,
Fallout Shelter,,,,,,-1,,,,,,,,,,,
Fallout Shelter,,,,1,1,,,,,,,,,,,,
Fallout Shelter,,,,,,,,,,,,,,,,,
Fallout Shelter,,,,,,,,,,,,,,-1,,,
Fallout Shelter,,,,,1,,,,,,,,,,,,
Fallout Shelter,,,,,1,,1,,,,,,,,,,
Fallout Shelter,,,,,,,,,,,,,,,,,
Fallout Shelter,,,,-1,,,,,,,,,,,,,
Fallout Shelter,,,,,,,,,,,,,,,,,
Fallout Shelter,,1,,1,1,,,1,,,,,,,,,
Fallout Shelter,,,,,1,,,,,,,,,,,,
Fallout Shelter,,,,,,,,,,,,,,,,,
Fallout Shelter,,,,,1,,,,,,,,,,,,
Fallout Shelter,,,,,1,,,,,,,,,,,,
Fallout Shelter,,,,,,,,1,,,,0,,,,,
Fallout Shelter,,,,,,,,,,,,,,,,,
Fallout Shelter,,,,,,,,,,,,,,,,,
Fallout Shelter,,,,0,1,,,,,,,,,,,,
Fallout Shelter,,,,,,,,,,,,,,,,-1,
Fallout Shelter,,,,,1,,,,,,,,,,,,
Fallout Shelter,,,,,,,,,,,,,,,1,,1
Fallout Shelter,,,,,1,,,,,,,,,,,,
Fallout Shelter,,,,,1,,,,,,,,,,,,
Fallout Shelter,,,,,1,,,,,,,,,,,,
Fallout Shelter,,,,,,,,,,,,,,,,,
Fallout Shelter,,,,,,,,,,,,,,,,,
Fallout Shelter,,,,,1,,,,,,,,,,1,,
Fallout Shelter,,,,,,,,,,,,,,,,,
Fallout Shelter,,,,,,,,,,,,,,,,,
Fallout Shelter,0,,,,1,0,,,1,1,,,,1,1,1,
Fallout Shelter,,,,1,,,,,,,,,,,,,
Fallout Shelter,,,,,1,-1,,,,,,,-1,,-1,-1,-1
Fallout Shelter,,,,,,,,,,,,,,,,,
Fallout Shelter,,,,-1,1,,,,,,,,,,,,
Fallout Shelter,,,,,,,,,,,,,,,,,
Fallout Shelter,,,,,1,,,,,,,,,,,,
Fallout Shelter,,,,1,1,,,,,,,,-1,,,-1,-1
Fallout Shelter,,,,1,1,-1,1,1,,,,,,,-1,-1,-1
Fallout Shelter,,,,,1,,,,,,,,,,,-1,
Fallout Shelter,-1,1,-1,1,1,,,,1,,1,,,,,-1,
Fallout Shelter,,,,,,,,,,,,,,,,,
Fallout Shelter,,1,,,,,,,1,,1,0,,,,,
Fallout Shelter,,,,,1,,,,,,,,,,,,
Fallout Shelter,,,-1,-1,-1,-1,,-1,,,,,,-1,,,-1
Fallout Shelter,,,,,1,,,,,,,,,,,,
Fallout Shelter,,,,,1,,,,,,,,,1,,-1,
Fallout Shelter,,,,,0,-1,,,,,,,,,-1,-1,
Fallout Shelter,,,,,,,,,,,,,,,,,
Fallout Shelter,,,,,1,-1,,,,,,,,,,-1,
Fallout Shelter,,,,,,-1,,,,,,,,,,-1,
Fallout Shelter,,,,,,,,,,,,,,,,,
Fallout Shelter,,,,,,,,,,,,,,,,,
Fallout Shelter,,1,,1,1,-1,1,1,1,1,1,1,,1,-1,-1,-1
Fallout Shelter,,,,,1,-1,1,1,,,,,,1,,,
Fallout Shelter,,,,,,,,,,,,,,,,,
Fallout Shelter,-1,1,-1,,1,-1,1,1,1,,1,,-1,-1,-1,-1,-1
Fallout Shelter,,,,,,,,,,,,,,,,,
Holdfast: Nations At War,,,,,1,,,,,,,,,,,,
Holdfast: Nations At War,,,,,,,,,,,,,,,,,
Holdfast: Nations At War,-1,-1,-1,,-1,-1,,,,,,,,,,-1,
Holdfast: Nations At War,,,,,,,,,,,,,,,,,
Holdfast: Nations At War,-1,-1,-1,1,1,,1,1,1,,,1,,,-1,-1,-1
Holdfast: Nations At War,,,-1,,,,,,,,,,-1,,,,
Holdfast: Nations At War,,,,,,,,,,,,,,,,,
Holdfast: Nations At War,,,,,1,,,,,,,,,,,,-1
Holdfast: Nations At War,,,,-1,1,,,,,,,,,1,,-1,
Holdfast: Nations At War,-1,,-1,,0,,,,,,,,,,,-1,
Holdfast: Nations At War,,,,,1,,1,,,,,,,,,,
Holdfast: Nations At War,-1,,-1,,1,,,,,,,,,,,-1,
Holdfast: Nations At War,-1,,,,1,,,,,,,,,,,,
Holdfast: Nations At War,,,,,,,,,,,,,,,,,
Holdfast: Nations At War,,,,,,,,,,,,,,,,,
Holdfast: Nations At War,,,,,,-1,,,,,,,,,-1,,
Holdfast: Nations At War,,,,,,,,,,,,0,,,,,
Holdfast: Nations At War,,,,,1,,,,,,,,,,-1,,
Holdfast: Nations At War,-1,,,,,,,,,,,,,,,,
Holdfast: Nations At War,,,,,,0,,,,,,,,0,,,
Holdfast: Nations At War,,,,,1,,,,,,,,,,,,
Holdfast: Nations At War,,,,,1,,,1,,,,,,,,,
Holdfast: Nations At War,,,,,1,-1,1,1,1,1,1,0,,0,-1,-1,-1
Holdfast: Nations At War,-1,,-1,,,,,,,,,,,,,,
Holdfast: Nations At War,,,,,1,,,,,,,,,,,,
Holdfast: Nations At War,,,,,,,,,,,,,,,,,
Holdfast: Nations At War,,,,,1,,,,,,,,,,,,
Holdfast: Nations At War,,,,,,,,,,,,,,,,,
Holdfast: Nations At War,,,-1,,,,,,,,,,,,,,
Holdfast: Nations At War,,,,,1,,,,,,,,,,,,
Holdfast: Nations At War,,,,,1,,,,,,,,,,,,
Holdfast: Nations At War,,,,,,,,,,,,,,,,,
Holdfast: Nations At War,,,,,,,,,,,,,,,,,
Holdfast: Nations At War,,,,,,,,,,,,,,,,,
Holdfast: Nations At War,,,,,1,,,,,,,,,,,,
Holdfast: Nations At War,,,,,,-1,,,,,,,,,,,
Holdfast: Nations At War,,,,,1,,1,1,,,,,,,-1,,
Holdfast: Nations At War,,,,,1,,,,,,,,,,,-1,
Holdfast: Nations At War,,,,,,,,,,,,,,,,,
Holdfast: Nations At War,,,,,1,-1,,,,,,,,,,-1,
Holdfast: Nations At War,,0,,,1,-1,,0,,,,,,,-1,-1,-1
Holdfast: Nations At War,,,,,,,,,,,,,,,,,
Holdfast: Nations At War,,,,,1,,,,,,,,,,,,
Holdfast: Nations At War,,,,,1,,,,,,,,,,,,
Holdfast: Nations At War,-1,-1,,,,,,,,,,,,,,,
Holdfast: Nations At War,,,,,1,,,,,,,,,,,,
Holdfast: Nations At War,-1,,-1,,1,,,,,,,,,,,,
Holdfast: Nations At War,,,,,,0,,,,,,,,,0,,-1
Holdfast: Nations At War,,,,,,,,,,,,,,,,,
Holdfast: Nations At War,,,,1,1,,,,,,,,,,,,
Holdfast: Nations At War,,,,,1,,,,,,,,,,,,
Holdfast: Nations At War,,,,,,,,,,1,,,,,,,
Holdfast: Nations At War,,,,,1,,,,,,,,,,,,-1
Holdfast: Nations At War,,,,,1,,,,,,,,,,,,
Holdfast: Nations At War,,,,,1,,,,,,,,,,,,
Holdfast: Nations At War,-1,,-1,,,,,,,,,,,,,,
Holdfast: Nations At War,,,-1,,,,,-1,,,,,,,,,
Holdfast: Nations At War,-1,1,,,1,,,,1,,,,,,,,
Holdfast: Nations At War,-1,1,-1,,1,,,,1,,,,,,-1,-1,
Holdfast: Nations At War,,,,,,,,,,,,,,,,,
Holdfast: Nations At War,,,,,1,,,,,,,,,,,,
Holdfast: Nations At War,-1,-1,,,,,,,,,,,,,,,
Holdfast: Nations At War,,,,,,1,,,,,,,,1,,,
Holdfast: Nations At War,,,,-1,,,,,,,,,,,,,
Holdfast: Nations At War,,,,,1,,,,,,,,,,,-1,
Holdfast: Nations At War,,,,,1,,,,,,,,,,,,
Holdfast: Nations At War,,,,,,,,,,,,,,,,,
Holdfast: Nations At War,,,,,,,,,,,,,,,,,
Holdfast: Nations At War,-1,,-1,,,,,,,,,,,,,,
Holdfast: Nations At War,,,,,,,,,,,,,,,,,
Holdfast: Nations At War,,,,,-1,,,,,,,,,,,,
Holdfast: Nations At War,,,,,1,,,,,,,,,,,,
Holdfast: Nations At War,-1,1,,,1,,,,1,,,,,,,-1,
Holdfast: Nations At War,,,,,,,-1,,,,,,,,,,
Holdfast: Nations At War,,,,,1,-1,,,,,,,,,-1,-1,-1
Holdfast: Nations At War,,,,,,,,,,,,,,,,,
Holdfast: Nations At War,,,,,,,,,,,,,,,,,
Holdfast: Nations At War,,,,,1,,,,,,,,,,,,
Holdfast: Nations At War,,,,,,,,,,,,,,-1,,,
Holdfast: Nations At War,,,,1,,,,,,,,,,,,,
Holdfast: Nations At War,0,0,0,1,0,0,1,1,0,0,0,0,0,0,,0,
Holdfast: Nations At War,,,,,,-1,,,,,,,,,,,
Holdfast: Nations At War,,,,,1,-1,1,1,,,,,,,-1,-1,-1
Holdfast: Nations At War,,,,,1,-1,1,1,,,,1,,,-1,-1,-1
Holdfast: Nations At War,,,,,1,,1,,,,,,,,,,
Holdfast: Nations At War,,,,,,-1,,,,,,,,,,,
Holdfast: Nations At War,,,,,,,,,,,,,,-1,,,
Holdfast: Nations At War,,,,,,,1,,,,,,,1,,,
Holdfast: Nations At War,,,,,1,,,,,,,,,,,,
Holdfast: Nations At War,,,,,1,-1,,,,,,,,,-1,-1,
Holdfast: Nations At War,,,,,,,,,,,,,,,,,
Holdfast: Nations At War,,,,,,,,,,,,,,1,,,
Holdfast: Nations At War,,,,,,,,,,,,,,,,,
Holdfast: Nations At War,,,,,1,,,,,,,,,,,,
Holdfast: Nations At War,,,,,1,,,1,,,,,,,-1,,-1
Holdfast: Nations At War,,,,,1,-1,1,1,,,,,,,0,,
Holdfast: Nations At War,,,,,1,,,,,,,1,,,-1,-1,
Holdfast: Nations At War,,,,,,,,,,,,,,,,,
Holdfast: Nations At War,,,,,1,,,,,,,,,-1,,,
Holdfast: Nations At War,,,,0,1,-1,1,1,,,,,,1,-1,-1,-1
Into the Breach,,,,,1,,,,,,,,,,-1,,-1
Into the Breach,,,,,1,,,,,,,,,,,,
Into the Breach,,,,,,,,,,,,,,,,,
Into the Breach,,,,,1,,,1,,,,,,,1,,-1
Into the Breach,,,,-1,1,-1,1,1,,1,,1,,1,-1,,1
Into the Breach,,,,,,,,,,,,,,,,,
Into the Breach,,,,,1,,1,1,1,,,,,,,,
Into the Breach,,,,,1,,,,,,,,,1,0,-1,
Into the Breach,-1,,-1,1,0,-1,1,1,,,,1,-1,-1,-1,-1,-1
Into the Breach,-1,1,,,1,,,1,,,,,,,,,
Into the Breach,,,,,1,-1,,,,,,,,,-1,,
Into the Breach,,,,,1,,,,,,,,,,-1,,
Into the Breach,,,,,1,,1,,,,,,,,,,
Into the Breach,,,,,1,,1,,1,1,,,,,,,
Into the Breach,,,,,1,,,,,,,,,,,,
Into the Breach,,,,,-1,-1,,,,,,,,,-1,,
Into the Breach,,,,,1,,,,,,,,,,,,
Into the Breach,,,,,,,,,,,,,,,,,
Into the Breach,,,,,1,,,,,,,,,,-1,,
Into the Breach,,,,,,,,,,,,,,,,,
Into the Breach,,,,,,,,,,,,,,,-1,,
Into the Breach,,,,,,1,,,,,,,-1,,,,
Into the Breach,,,,1,1,-1,,1,,,,,,,-1,-1,-1
Into the Breach,,,,,1,,1,1,,,,1,,,1,,
Into the Breach,,,,,,,,,,,,,,,,,
Into the Breach,,,,,,,,,,,,,,,,,
Into the Breach,,,,,1,,,,,,,,,,,,
Into the Breach,,,,,1,,,,,,,,,,,,
Into the Breach,,,,,,,0,,,,,,,,,,
Into the Breach,,,,,1,,,1,,,,1,,,,,
Into the Breach,,,,1,0,1,1,1,,,,,,1,0,1,
Into the Breach,,,,,,,,,,,,,,,,,
Into the Breach,,,,,,,,,,,,,,,,,
Into the Breach,,,,,,,,,,,,,,,,,
Into the Breach,,,,,,,,,,,,,,,,,
Into the Breach,,,,1,1,,,1,,,,,,,-1,-1,-1
Into the Breach,,,,,,,,,,,,,,,,,
Into the Breach,,,,,1,,,,,,,,,,-1,,
Into the Breach,,,,,1,,,,,,,,,,,,
Into the Breach,,,,,,,,,,,,,,,,,
Into the Breach,,,,,1,,,,,,,,,,-1,-1,
Into the Breach,,,,,1,,,,,,,,,,,,
Into the Breach,,,,,1,,1,1,,,,1,,,,,
Into the Breach,,,,,,,,,,,,,,,,,
Into the Breach,,,,,1,,,,,,,,,,,,
Into the Breach,,,,,1,,,,,,,,,,,,
Into the Breach,,,,,,,,,,,,,,,,,
Into the Breach,,,,,1,,,,,,,,,,,,
Into the Breach,,,,,1,,1,,,,,,,,,,
Into the Breach,,,,,1,,,,,,,,,,,,
Into the Breach,,,,,1,,,,,,,,,,,,
Into the Breach,,,,-1,1,,1,0,,,,,,,-1,-1,-1
Into the Breach,,,,,,,,,,1,,,,,,,
Into the Breach,,,,,,,,,,,,,,,,,
Into the Breach,,,,,,,,,,,,,,,,,
Into the Breach,,,,,,,1,1,,,,,,,,,
Into the Breach,,-1,,,,-1,,0,,,,,,,-1,,-1
Into the Breach,,,,,,,,,,,,,,,,,
Into the Breach,,,,,,-1,,,,,,,,,,,
Into the Breach,,,,,1,,-1,1,,,,,,,,,
Into the Breach,,,,,,,,1,,,,,,,,,
Into the Breach,,,,,1,,,,,,,,,,,,
Into the Breach,,,,,0,,,,,,,,,,,,
Into the Breach,,,,1,,,,,,,,,,,,,
Into the Breach,-1,1,,,1,,1,,1,,1,,,,,-1,
Into the Breach,,,,,1,,1,1,,,,,,,,,
Into the Breach,,,,,,,,,,,,,,,,,
Into the Breach,,,,,1,,,,1,,,1,,,1,,
Into the Breach,,,,,1,,1,1,,,,,,1,1,1,
Into the Breach,,,,1,1,1,1,1,1,,,1,,,1,1,-1
Into the Breach,,,,,,,,,,,,,,,,,
Into the Breach,,,,,1,,,,,,,,,,1,,
Into the Breach,,,,,1,,,,,,,,,,,,
Into the Breach,,,,1,1,-1,1,1,,,,1,,0,-1,-1,
Into the Breach,,,,,,-1,,,,,,,,,-1,-1,-1
Into the Breach,,,,,1,,,,,,,,,,-1,,-1
Into the Breach,,,,,1,,,,,,,,,,,,
Into the Breach,,,,,1,,,,,,,,,,,,
Into the Breach,,,,,1,,,1,,,,,,,1,,
Into the Breach,,,,,,,,,,,,,,,-1,,
Into the Breach,,,,1,,,1,1,,,,,,,,,
Into the Breach,,,,,,-1,,,,,,,,-1,,,
Into the Breach,-1,,-1,-1,1,-1,1,-1,,,,-1,,-1,-1,-1,-1
Into the Breach,,,,-1,,,,,,,,,,-1,,-1,
Into the Breach,,,,,,,,,,,,,,,,,-1
Into the Breach,,,,,1,,,,,,,,,,,,
Into the Breach,-1,,-1,,1,,,,,,,,,-1,,,
Into the Breach,,,-1,,,,,,,,,,,,,,
Into the Breach,,,,,1,,,,,,,,,-1,,-1,
Into the Breach,,,,,1,,,,,,,,,,,,
Into the Breach,,,,,,-1,,,,,,,,-1,,,
Into the Breach,,,-1,,1,-1,,,,,,,,,,,
Into the Breach,,,,,,,,,,,,,,,,,
Into the Breach,,,,-1,,,,,,,,,,-1,,,
Into the Breach,,,-1,,,,,,,,,,,,,,
Into the Breach,,,,,,,,,,,,,,,,,
Into the Breach,,,,,,,,,,,,,,,,,-1
Into the Breach,,,,,,,,,,,,,,,,,
Into the Breach,,,,,1,,,,,,,,,,,,
Into the Breach,-1,,-1,,,,,,,,,,,,,,
PixARK,,,,,1,,,,,,,,,,,,
PixARK,,,,,1,-1,,,,,,,,-1,,-1,
PixARK,,,-1,,,,,,,,,,,,,,
PixARK,-1,-1,-1,,,-1,-1,,-1,,-1,,-1,-1,,-1,
PixARK,,,0,,1,,,,,,,,,,,,
PixARK,,,,,1,,,1,,1,,,,,,,
PixARK,-1,,,-1,1,,,,,,,,,,-1,-1,
PixARK,-1,,,,1,,,,,,,,,,,,
PixARK,,,,,,,,,,,,,,,,,
PixARK,,,,,1,,,,,,,,,,,,
PixARK,,,,,,,,,,,,,,,,,
PixARK,-1,,-1,,,,,,,,,,,,,,
PixARK,,,,,1,,,,,,,,,,,,
PixARK,,,,,0,0,,,,,,,,,,,
PixARK,,,-1,,,,,,,,,,,,,,
PixARK,,,,,1,,,,,,,,,,,,
PixARK,-1,,-1,-1,,,,,,,,,,,,,-1
PixARK,-1,,-1,,-1,,,,,,,,,,,,
PixARK,,,,,1,,,,,,,,,,,,
PixARK,,,,,,,0,,,,,,,,,,
PixARK,,,,,,,,,,,,,,,,,
PixARK,,,,,1,,,,,,,,,,,,
PixARK,,,,,1,,,,,,,,,,,,
PixARK,,,,,,,,,,,,,,,,,
PixARK,,,,,,,,,,,,,,,,,
PixARK,,,,,1,,,,,,,,,,,,
PixARK,,,,,,,,,,,,,,,,,
PixARK,,,,,,,,,,,,,,,,,
PixARK,,,,,1,,,,,,,,,,,,
PixARK,,,,,1,,,,,,,,,,,,
PixARK,,,,,0,,,,,,,,,,,,
PixARK,,,,,1,,,,,,,,,,,,
PixARK,,,,,1,,,,,,,,,,,,
PixARK,,,,,,,,,,,,,,,,,
PixARK,,,,,,-1,,,,,,,,-1,,-1,
PixARK,,,,,1,,,,,,,,,,,,
PixARK,,,,,1,,,,,,,,,,,,
PixARK,,,,-1,,,,,,,,,,,,,
PixARK,,,,,,,,,,,,,,,,,
PixARK,,,-1,,,,,,,,,,,,,,
PixARK,,,,-1,1,,,,,,,,,,-1,-1,-1
PixARK,,,,,,,,,,,,,,,,,
PixARK,,,,,1,,-1,,,,,,,,,,
PixARK,,,,,,,,,,,,,,,,,
PixARK,,,,,1,,,,1,1,,,,,,,
PixARK,,,-1,,,,,,,,,,,,,,
PixARK,,,-1,,,,,,,,,,,,,,
PixARK,,,,,1,,,,,,,,,,,,
PixARK,,,,,1,,,,,,,,,,-1,,-1
PixARK,,,,,,,,,,,,,,,,,
PixARK,,,,,1,,,,,,,,,,,,
PixARK,-1,,-1,,1,,,1,,,,,,,-1,-1,
PixARK,,,,,1,,,,1,1,,,,,,,
PixARK,,,,,1,,,,,,,,,,,,
PixARK,,,,,,-1,,-1,,,,,,,,,-1
PixARK,,,,,1,,,,,,,,,,,,
PixARK,,,,,1,,,,,,,,,,,,-1
PixARK,,,-1,,,,,,,,,,,,,,
PixARK,,,,,1,,,,,,,,,,,,
PixARK,,,,,1,,,,,,,,,,,,
PixARK,,,,-1,1,,1,,,,,,,,,-1,
PixARK,,,,,1,,,,,,,,,,,,
PixARK,,,,,,,,,,,,,,,,,
PixARK,,,,,1,,,,,,,,,,,,
PixARK,,,,,,,,,,,,,,,,,
PixARK,,,-1,,,,,,,,,,,-1,,,
PixARK,,,,,1,,,,,,,,,,,,
PixARK,,,,,1,,,,,,,,,,,,
PixARK,,,,,-1,,,,-1,-1,,,,,-1,-1,
PixARK,,,,,,-1,,,,,,,,,,,
PixARK,,,,,,,,,,,,,,,,,
PixARK,,,,,1,,,,,,,,,,,,
PixARK,,,,,1,,,,,,,,,,,,
PixARK,,,,,-1,,,,,,,,,,,,-1
PixARK,,,-1,,,,,,,,,,,-1,,,
PixARK,,,,-1,,,,,,,,,,,,,
PixARK,,,,,1,,,,,,,,,,,,
PixARK,,,,,1,,,,,,,,,,,,
PixARK,-1,,-1,,,,,,,,,,,,,,
PixARK,,,-1,,1,-1,,,,,,,,,-1,,
PixARK,,,,,1,,,,,,,,,,-1,,
PixARK,,,,1,0,-1,-1,-1,1,1,1,1,,,-1,-1,-1
PixARK,,,,,,,,,,,,,,,-1,,
PixARK,,,,,,,,,,,,,,,,,
PixARK,-1,,-1,,,,,,,,,,,-1,,,
PixARK,-1,-1,-1,,1,-1,,-1,,,,,,,-1,-1,-1
PixARK,,,,,1,,,,,,,,,,,,
PixARK,,,,,,-1,,,,,,,,-1,,,
PixARK,,,,,-1,,,,,,,,,,,,
PixARK,,,,,0,,,,,,,,,,,-1,
PixARK,,,,,,,,,,,,,,,,,
PixARK,,,,,1,,1,,,,,,,,,,
PixARK,,,,,,,,,,,,,,,,0,
PixARK,,,,,1,,1,,,,,,,,,,
PixARK,,,,1,1,-1,1,1,,,,,,1,-1,-1,
PixARK,0,0,0,1,1,,1,,1,,1,,,0,,0,
PixARK,,,,,,,,,,,,,,,,-1,
PixARK,,,,,1,,,,,,,,,,,1,
PixARK,,,,,,,,,,,,,,,,,
PixARK,,,,,,,,,,,,,,,,,
Total War: WARHAMMER II,,,,,1,,1,1,,,,,,1,,,
Total War: WARHAMMER II,,,,,1,,,,,,,,,,-1,-1,
Total War: WARHAMMER II,,,,,1,,,,,,,,,,,1,
Total War: WARHAMMER II,,,,,,,,,,,,,,,,-1,
Total War: WARHAMMER II,,,,1,1,,,,,,,,,,,,-1
Total War: WARHAMMER II,,,,,1,,,,,,,,,,,,
Total War: WARHAMMER II,,,,,1,,,,,,,,,,,,
Total War: WARHAMMER II,,,,,1,,,,,,,,,,,,
Total War: WARHAMMER II,,,,1,1,,,,,,,,,1,,,
Total War: WARHAMMER II,-1,1,-1,,1,,,,,,,,,,,,
Total War: WARHAMMER II,,,,1,1,,1,1,,,,1,,,,,
Total War: WARHAMMER II,,,,1,1,,1,1,,,,,,,,,
Total War: WARHAMMER II,,,,,,,,,,,,,,,,,
Total War: WARHAMMER II,,,,,1,,,,,,,,,,-1,-1,
Total War: WARHAMMER II,-1,,-1,,1,,,,,,,,,,,,-1
Total War: WARHAMMER II,,,,,1,,,,,,,,,,,,
Total War: WARHAMMER II,,,,-1,,,,,,,,,,,,,
Total War: WARHAMMER II,,,,,1,,,,,,,,,,,,
Total War: WARHAMMER II,,,,,,,-1,,,,,,,,,,
Total War: WARHAMMER II,,,,,,,,,,,,,,,,,
Total War: WARHAMMER II,,,,,,,,,,,,,,,,,
Total War: WARHAMMER II,,,,,,,,,,,,,,,,,
Total War: WARHAMMER II,,,,-1,1,,,,,,,,,,-1,-1,-1
Total War: WARHAMMER II,,,,1,0,,1,1,1,,,1,,,,-1,
Total War: WARHAMMER II,,,,,1,-1,,,,,,,,1,,,
Total War: WARHAMMER II,,,,,,,,,,,,,,,,,
Total War: WARHAMMER II,,,,,1,,,,,,,,,,,,
Total War: WARHAMMER II,,,,,0,,,,,,,,,,-1,,
Total War: WARHAMMER II,,,,,,,,,,,,,,,,,
Total War: WARHAMMER II,,,,,,,,,,,,,,,-1,,
Total War: WARHAMMER II,,,,1,,,,,,,,,,,,-1,
Total War: WARHAMMER II,,,,,1,,,,,,,,,,,,
Total War: WARHAMMER II,,,,,,,,,,,,,,,,,
Total War: WARHAMMER II,,,,,,,,,,,,,,,,,
Total War: WARHAMMER II,,,,,1,,,,,,,,,,,,
Total War: WARHAMMER II,,,,,,,,,,,,,,,,,
Total War: WARHAMMER II,,,,,1,,,,,,,,,,,,
Total War: WARHAMMER II,,,,,1,1,1,1,,,,,,1,1,,-1
Total War: WARHAMMER II,,,,,1,,1,,,,,,,,,,
Total War: WARHAMMER II,,,,,1,,,,,,,,,,,,
Total War: WARHAMMER II,,,,,1,,1,,,,,,,,,,
Total War: WARHAMMER II,,,,,1,,,,,,,,,,,,
Total War: WARHAMMER II,,,,,1,,,,,,,,,,,,
Total War: WARHAMMER II,,,,,,,,,,,,,,,,,
Total War: WARHAMMER II,,,,,1,,,,,,,,,,,,
Total War: WARHAMMER II,,,,,1,,,,,,,,,,,,
Total War: WARHAMMER II,,,,,1,,1,,1,1,,1,,,,,
Total War: WARHAMMER II,,,,,1,,,,,,,,,,,,
Total War: WARHAMMER II,,,,,,,,,,,,,,,,-1,
Total War: WARHAMMER II,,,,,,,,,,,,,,,,1,
Total War: WARHAMMER II,,,,,1,,,,,,,,,,,,
Total War: WARHAMMER II,,,,,1,,,,,,,,,,,,
Total War: WARHAMMER II,,,,,1,,1,,,,,,,,,,
Total War: WARHAMMER II,,,,,1,,,,,,,,,,,,
Total War: WARHAMMER II,,,,,1,,,,,,,,,,,,
Total War: WARHAMMER II,-1,,-1,,1,,,,,,,,,,,,
Total War: WARHAMMER II,,,,,,,,,,,,,,,,,
Total War: WARHAMMER II,,,,,,,,,,,,,,,,,
Total War: WARHAMMER II,,,,,1,,,,,,,,,,,,
Total War: WARHAMMER II,,,,,,-1,,,,,,,,,,,
Total War: WARHAMMER II,,,,,1,,,,,,,,,,,,
Total War: WARHAMMER II,,,,,1,,,,,,,,,,,,
Total War: WARHAMMER II,,,,,,,,,,,,,,,,,
Total War: WARHAMMER II,,,,,-1,,,,,,,,,,,,
Total War: WARHAMMER II,,,,,1,,,,,,,,,,,,
Total War: WARHAMMER II,,,,,,,,,,,,,,,,,
Total War: WARHAMMER II,,,,,1,,,,,,,,,,,,
Total War: WARHAMMER II,,,,,1,,,,,,,,,,,,
Total War: WARHAMMER II,,,,,1,,1,,,,,,,,,,
Total War: WARHAMMER II,,-1,,,,,,1,,,,,,,,,-1
Total War: WARHAMMER II,,,,,1,,,,,,,,,,,,
Total War: WARHAMMER II,,,,1,1,,1,,,,,,,,-1,-1,
Total War: WARHAMMER II,,,,,1,,,,,,,,,,,,
Total War: WARHAMMER II,,,,,,,,,,,,,,,,,
Total War: WARHAMMER II,,,,,0,-1,-1,-1,,,,,,-1,-1,-1,-1
Total War: WARHAMMER II,,,,,,,,,,,,,,,,,
Total War: WARHAMMER II,,,,,1,-1,1,,,1,,,,1,,,
Total War: WARHAMMER II,,,,,,,,,,,,,,,,,
Total War: WARHAMMER II,,,,,1,,,,,,,,,,,,
Total War: WARHAMMER II,,,,,,,,,,,,,,,,,
Total War: WARHAMMER II,,,,-1,0,-1,-1,-1,-1,-1,-1,,,-1,-1,-1,
Total War: WARHAMMER II,,,,,1,,,,,,,,,,,,
Total War: WARHAMMER II,,,,-1,1,-1,,,,,,,-1,0,-1,-1,-1
Total War: WARHAMMER II,,,,,1,,1,1,,,,,,,,,
Total War: WARHAMMER II,,,,1,1,-1,1,1,,,,,,1,-1,-1,
Total War: WARHAMMER II,,,,,,,,,,,,,,,,,
Total War: WARHAMMER II,,,,,1,,-1,,,,,,,,,,
Total War: WARHAMMER II,,,,,0,,-1,,,,,,,-1,,,
Total War: WARHAMMER II,-1,-1,,,,-1,,,-1,,-1,,,-1,,,
Total War: WARHAMMER II,,,,,,,,,,,,,,,,,
Total War: WARHAMMER II,,,,,1,,,,,0,,,,,,,
Total War: WARHAMMER II,1,1,,1,1,1,1,1,1,1,1,1,,1,1,-1,-1
Total War: WARHAMMER II,,,,,1,,,,,,,,,,,,
Total War: WARHAMMER II,,,,1,1,,1,1,1,1,,1,,,,,
Total War: WARHAMMER II,,,,,,,,,,,,,,,,,
Total War: WARHAMMER II,,,,,,,,,,,,,,,,,
Total War: WARHAMMER II,,,,,,,,,,,,,,,,,
Total War: WARHAMMER II,,,,,1,,,,,,,,,,,,
Total War: WARHAMMER II,,,,,1,,,,1,1,,,,,,,
Total War: WARHAMMER II,,,,,1,-1,1,1,1,-1,,,,-1,-1,-1,-1
Yu-Gi-Oh! Duel Links,,,,,,,,,,,,,,,,,
Yu-Gi-Oh! Duel Links,,,,,,,,,,,,,,,,,
Yu-Gi-Oh! Duel Links,,,,,,-1,,,,,,,,,,-1,
Yu-Gi-Oh! Duel Links,,,,,-1,-1,-1,-1,-1,-1,,-1,,,-1,,
Yu-Gi-Oh! Duel Links,,,,,1,,,,,,,,,,,,
Yu-Gi-Oh! Duel Links,,,,,1,,,,,,,,,,,,
Yu-Gi-Oh! Duel Links,,,,,,-1,1,,,,,,,1,,,
Yu-Gi-Oh! Duel Links,,,,,1,-1,,,,,,,,-1,,,
Yu-Gi-Oh! Duel Links,,,,,,,,,,,,,,,,,
Yu-Gi-Oh! Duel Links,,,,,0,-1,0,,,,,,,-1,-1,,
Yu-Gi-Oh! Duel Links,,,,,1,,,,,,,,,,,,
Yu-Gi-Oh! Duel Links,-1,-1,,,1,-1,,,-1,,,,,,-1,,
Yu-Gi-Oh! Duel Links,,,,,0,,,,,,,,,,,,
Yu-Gi-Oh! Duel Links,,-1,,1,1,-1,1,1,0,-1,1,1,,-1,-1,-1,-1
Yu-Gi-Oh! Duel Links,,,,,,,,,,,,,,0,,,
Yu-Gi-Oh! Duel Links,,,,,1,-1,,,,,,,,,,,
Yu-Gi-Oh! Duel Links,,,,1,1,,,1,,,,,,,0,-1,-1
Yu-Gi-Oh! Duel Links,,,,,1,-1,1,1,1,1,,,,1,-1,-1,
Yu-Gi-Oh! Duel Links,,,,,,,,,,,,,,,,,
Yu-Gi-Oh! Duel Links,-1,-1,-1,,,,,,,,,,,,,-1,
Yu-Gi-Oh! Duel Links,,,,,1,,,,,,,,,,,,
Yu-Gi-Oh! Duel Links,,,,,1,,1,,,,,,,,,,
Yu-Gi-Oh! Duel Links,,,,,,,,,,,,,,,,,
Yu-Gi-Oh! Duel Links,,,,,,,,,,,,,,,,,
Yu-Gi-Oh! Duel Links,,,,,,,,,,,,,,,,,
Yu-Gi-Oh! Duel Links,,,,,,,,,,,,,,,,,
Yu-Gi-Oh! Duel Links,,,,,,,,,,,,,,,,,
Yu-Gi-Oh! Duel Links,,,,,1,,1,,,,,,,,,,
Yu-Gi-Oh! Duel Links,,,,,1,,1,1,,,,,,,,,
Yu-Gi-Oh! Duel Links,,,,,1,,,,1,,,1,,,,,
Yu-Gi-Oh! Duel Links,,,,,-1,-1,,,,,,,,-1,-1,,
Yu-Gi-Oh! Duel Links,,,,,,,,,,,,,,,,,
Yu-Gi-Oh! Duel Links,,,,,1,,1,,,,,,,,,,
Yu-Gi-Oh! Duel Links,,,,,,,,,,,,,,,,,
Yu-Gi-Oh! Duel Links,,,,,1,,,,,,,,,,1,,
Yu-Gi-Oh! Duel Links,-1,,,,1,,,,,,,,,,,,
Yu-Gi-Oh! Duel Links,,,,,,,,,,,,,,,,,
Yu-Gi-Oh! Duel Links,,,,,,,1,0,,,,,,,,,
Yu-Gi-Oh! Duel Links,,,,,1,,,,,,,,,,1,1,
Yu-Gi-Oh! Duel Links,,,,,,,,,,,,,,,,,
Yu-Gi-Oh! Duel Links,,,,,1,,,,,,,,,,,,
Yu-Gi-Oh! Duel Links,,,,-1,,,0,,,,,,,,,-1,
Yu-Gi-Oh! Duel Links,,,,,1,,1,1,,,,,,,,,
Yu-Gi-Oh! Duel Links,,,,,1,,,,,,,,,,,,
Yu-Gi-Oh! Duel Links,,,,,1,,,,,,,,,,,,
Yu-Gi-Oh! Duel Links,-1,,,,1,,,,,,,,,,-1,-1,-1
Yu-Gi-Oh! Duel Links,,,,,,,,,,,,,,,,,
Yu-Gi-Oh! Duel Links,,,,,,,,,,,,,,,,,
Yu-Gi-Oh! Duel Links,,,,,0,-1,,-1,,,,,,-1,-1,,-1
Yu-Gi-Oh! Duel Links,,,,0,1,,,1,0,0,,,,,0,,
Yu-Gi-Oh! Duel Links,,,,,1,,,,,,,,,,,,
Yu-Gi-Oh! Duel Links,,,,1,,,,,,,,,,,,1,-1
Yu-Gi-Oh! Duel Links,,,,,1,-1,,,,,,,,,-1,-1,
Yu-Gi-Oh! Duel Links,,,,,,,,,,,,,,,,,
Yu-Gi-Oh! Duel Links,,,,,1,,,,,,,,,,,,
Yu-Gi-Oh! Duel Links,,,,,1,,1,,1,1,,,,,,,
Yu-Gi-Oh! Duel Links,,,,,1,,,,,,,,,,,,
Yu-Gi-Oh! Duel Links,,,,,,,,,,,,,,,,,
Yu-Gi-Oh! Duel Links,,,,,,,,,,,,,,,,,
Yu-Gi-Oh! Duel Links,,,,,,,,,,,,,,,,,
Yu-Gi-Oh! Duel Links,,,,0,,,,,,,,,,1,,-1,
Yu-Gi-Oh! Duel Links,-1,,-1,,,,,,,,,,,,,,
Yu-Gi-Oh! Duel Links,,,-1,,,-1,,,-1,-1,,,-1,-1,-1,,-1
Yu-Gi-Oh! Duel Links,,,,1,,,,,,,,,,,,,
Yu-Gi-Oh! Duel Links,,,,,,,,,,,,,,,,,
Yu-Gi-Oh! Duel Links,,,,1,1,,1,1,,,,,,1,,-1,
Yu-Gi-Oh! Duel Links,,,,,,-1,,,,,,,,,,,
Yu-Gi-Oh! Duel Links,,,,,,,,,,,,,,,,,
Yu-Gi-Oh! Duel Links,,,,-1,,,,,,,,,,-1,,,
Yu-Gi-Oh! Duel Links,,,,,,,,,,,,,,,,,
Yu-Gi-Oh! Duel Links,,,,,,,,,,,,,,,1,1,
Yu-Gi-Oh! Duel Links,,,,,,,,,,,,,,,,,
Yu-Gi-Oh! Duel Links,,,,,1,-1,,,,,,,,-1,,,
Yu-Gi-Oh! Duel Links,,,,,1,,,,,,,,,,,,
Yu-Gi-Oh! Duel Links,,,,,,,,,,,,,,,,,
Yu-Gi-Oh! Duel Links,,,,,1,,,,,,,,,,,,
Yu-Gi-Oh! Duel Links,,,,,1,,,,,,,,,,,,
Yu-Gi-Oh! Duel Links,,,,,,,,,,,,,,-1,,,
Yu-Gi-Oh! Duel Links,,,,,1,-1,,,,,,,,,-1,,-1
Yu-Gi-Oh! Duel Links,,,,,1,,,,,,,,,,,,
Yu-Gi-Oh! Duel Links,,,,-1,1,,,1,,,,,,-1,-1,-1,-1
Yu-Gi-Oh! Duel Links,,,,-1,,,-1,-1,,,,,,,,,
Yu-Gi-Oh! Duel Links,,,,,,-1,,,,,,,-1,,,,
Yu-Gi-Oh! Duel Links,,,,,,,,,,,,,,,,,
Yu-Gi-Oh! Duel Links,,,,1,1,,,,,,,,,,,1,-1
Yu-Gi-Oh! Duel Links,,,,1,1,-1,1,1,1,1,,1,,,-1,,-1
Yu-Gi-Oh! Duel Links,,,,1,1,,,1,,,,,,,,-1,
Yu-Gi-Oh! Duel Links,,,,,0,,,,,,,,,,,,
Yu-Gi-Oh! Duel Links,,,-1,1,1,-1,1,1,,,,,,1,-1,-1,-1
Yu-Gi-Oh! Duel Links,,,,1,1,,,,,,,,,,,,
Yu-Gi-Oh! Duel Links,,,,0,1,,,,,,,,,,,-1,
Yu-Gi-Oh! Duel Links,,,,1,1,,1,1,1,1,,1,,,-1,-1,-1
Yu-Gi-Oh! Duel Links,,,,,0,,,,,,,,,,,,
Yu-Gi-Oh! Duel Links,,-1,,-1,-1,,,,-1,,-1,,,,,-1,-1
Yu-Gi-Oh! Duel Links,,,,,,,,,,,,,,,,,
Yu-Gi-Oh! Duel Links,,,,,1,-1,,,,,,,,,-1,,-1
Yu-Gi-Oh! Duel Links,,,,1,1,-1,1,1,,,,,,1,-1,-1,
Yu-Gi-Oh! Duel Links,,,,,1,,,,,,,,,,,1,
Yu-Gi-Oh! Duel Links,,,,,1,-1,,,,,,,,,,-1,
Yu-Gi-Oh! Duel Links,,,,1,1,-1,1,1,1,-1,-1,-1,,,-1,-1,-1
Barotrauma,,,,,,,,,,,,,,,,,
Barotrauma,,,,,1,-1,,,,,,,,,-1,-1,
Barotrauma,,,,,,,,,,,,,1,,,,
Barotrauma,,,,,1,,,,0,,,,,,,,
Barotrauma,,,,,1,,,,,,,,,,,,
Barotrauma,,,,,1,,,,,,,,,,,,
Barotrauma,,,,,,,,,,,,,,,,,
Barotrauma,,,,,,,,,,,,,,,,,
Barotrauma,,,,1,1,-1,,,,,,,,,-1,-1,-1
Barotrauma,,,,-1,1,,,,,,,,,,,-1,
Barotrauma,,,,,1,-1,,,,,,,,,-1,-1,
Barotrauma,,,-1,,,,,,,,,,,,-1,,-1
Barotrauma,,,,,1,,,,,,,,,,,,
Barotrauma,,,,,1,,,,,,,,,,,,
Barotrauma,,-1,,,,,,-1,,,,,,,,,
Barotrauma,,,,,1,,,,,,,,,,,-1,-1
Barotrauma,,,,1,0,-1,1,1,,,,,,0,,,
Barotrauma,0,,,1,1,,,1,,,,,,0,,,
Barotrauma,,-1,,,,-1,,0,,,,,,,-1,,
Barotrauma,,,,,1,-1,,,,,,,,1,,,
Barotrauma,,,-1,,1,-1,,,,,,,-1,,,,-1
Barotrauma,,,,,,-1,,1,,,,,,,-1,,
Barotrauma,,,,,1,,,,,,,,,,,,
Barotrauma,,,,,1,-1,,,,,,,,,-1,,-1
Barotrauma,,,,,1,-1,,,,,,,,,,,
Barotrauma,,,,,1,,,,1,,,0,,,,,
Barotrauma,,,,,,-1,,,,,,,,-1,,,
Barotrauma,,,-1,,,-1,,,,,,,,,,,
Barotrauma,,,,,1,,,,,,,,,,,,
Barotrauma,,,,,1,,,,,,,,,,-1,-1,
Barotrauma,,,,,1,,,,,,,,,,,1,
Barotrauma,,,,,1,,,,,,,,,,,,
Barotrauma,,,,,1,,,,,,,,,,,,
Barotrauma,,,,,1,,,,,,,,,,,,
Barotrauma,,,,,0,,,,,,,,,,,,
Barotrauma,,,,,,,-1,-1,,,,,,,,,
Barotrauma,,,,,,,,,,,,,,,,,
Barotrauma,,,,,1,,,,,,,,,,,,
Barotrauma,,,,,1,-1,,,,,,,,,-1,-1,-1
Barotrauma,,,,,1,,,,,,,,,,,,
Barotrauma,,,,1,1,,,,,,,,,,,1,
Barotrauma,,,,,1,,,,,,,,,,,,
Barotrauma,,,,,1,,,,,,,,,,,,
Barotrauma,,,,,1,,,,,,,,,,,,
Barotrauma,,,,,,,,,,,,,,,,,
Barotrauma,,,,,1,,1,-1,-1,-1,,-1,,,,,
Barotrauma,,,,,,,,,,,,,,,,,
Barotrauma,,,,,1,,1,1,,,,,,,1,-1,
Barotrauma,,,,1,1,,,1,1,1,,,,,,,
Barotrauma,,,,,1,,,,,,,,,,,-1,
Barotrauma,,,,,,,,,,,,,,,,,
Barotrauma,,,,,1,,,,,,,,,,,-1,
Barotrauma,,,,,1,,,,,,,,,,,,
Barotrauma,,,,,,,,,,,,,,,,-1,
Barotrauma,,,,,1,-1,,,,,,,,,-1,,
Barotrauma,-1,,-1,,,,,,,,,,,,-1,,-1
Barotrauma,,,,,,,,,,,,,,,0,,
Barotrauma,,,,,1,,,,-1,-1,,-1,,,,,
Barotrauma,,,,,1,,,,,,,,,,,,
Barotrauma,,,,,,-1,,,,,,,,-1,,,
Barotrauma,,,-1,,,,,,,,,,,,,,-1
Barotrauma,,,,,1,,,,,,,,,,,,
Barotrauma,,,,,1,,,,,,,,,,,,
Barotrauma,,,,,,,,,,,,,,,,,
Barotrauma,,,,,1,,,,,,,,,,,,
Barotrauma,,,,1,1,-1,,1,,,,,,0,-1,-1,-1
Barotrauma,,,,1,1,-1,,1,,,,,,1,-1,-1,-1
Barotrauma,-1,-1,-1,1,1,-1,,1,,,,,,,-1,,-1
Barotrauma,,,,,,,,,,,,,,,,,
Barotrauma,,,,-1,1,,-1,1,,,,,,,,,-1
Barotrauma,,,,,,,,,,,,,,,,,
Barotrauma,,,,,,,,,,,,,,,,-1,
Barotrauma,,,,,,-1,,,,,,,,,,,
Barotrauma,,,,1,1,,1,,1,,,1,,,-1,-1,
Barotrauma,,,,,,,,,,,,,,,1,,
Barotrauma,,,,,1,,,,,,,,,,,,-1
Barotrauma,,,,,1,,,,,,,,,,,,
Barotrauma,,,,1,1,-1,1,1,1,1,,1,,1,-1,,-1
Barotrauma,,,,0,1,,1,0,,,,,,,,-1,
Barotrauma,,,,1,1,,1,1,,,,,,1,,,
Barotrauma,1,1,,1,1,-1,1,1,1,1,1,1,,,1,1,-1
Barotrauma,,,,1,1,,-1,1,1,1,,1,,,-1,-1,
Barotrauma,-1,-1,-1,1,1,-1,1,1,1,,1,1,,,-1,-1,-1
Barotrauma,,,-1,0,1,-1,1,1,,,,0,-1,-1,-1,-1,-1
Barotrauma,-1,-1,-1,1,1,-1,1,0,1,,-1,0,-1,-1,-1,-1,-1
Barotrauma,,,,1,1,,1,1,1,1,1,1,,,-1,-1,-1
Barotrauma,-1,1,-1,1,1,-1,1,1,1,1,1,1,,1,,,-1
Barotrauma,,,,,1,,,,,,,,,,,,
Barotrauma,,,,,1,,,,,,,,,,,,
Barotrauma,,,,,,-1,-1,-1,,,,-1,,,-1,,-1
Barotrauma,,,,,1,,0,,,,,0,,,,,
Barotrauma,,,,,1,,,1,,,,1,,,-1,,
Barotrauma,,,,,1,,1,,,,,,,,,-1,
Barotrauma,,,,,,,,,,,,,,,-1,,-1
Barotrauma,,,,,,,1,,,,,,,,,,
Barotrauma,,,,,1,,1,,1,1,,1,,1,,,
Barotrauma,,,,,1,,1,,0,,,0,,,,,
Barotrauma,,,,,1,,,1,,,,,,,,,
Barotrauma,,,,,1,,,,,,,,,,,,
Barotrauma,,,,,,,,,,,,,,,,,
Desperados III,,,,,1,,,,,,,,,,-1,,-1
Desperados III,,,,1,1,,,,,,,,,,,,
Desperados III,,,,,1,,,,,,,,,,-1,-1,
Desperados III,,,,,,,,,,,,,,,,,
Desperados III,,,,1,1,,1,1,1,1,,1,,1,-1,-1,
Desperados III,,,,,1,,,,,,,,,,,,
Desperados III,,,,,1,-1,1,-1,1,1,,,,-1,,,
Desperados III,,,,,1,,-1,1,,,,,,1,,,
Desperados III,,,,1,1,,,1,,,,,,,,1,
Desperados III,,,,1,1,,1,1,1,1,,,,-1,,,
Desperados III,-1,0,-1,1,0,-1,0,1,0,,-1,0,,,-1,-1,-1
Desperados III,,1,,1,1,,,1,1,,1,,,,1,-1,
Desperados III,,,,1,,,,,,,,,,1,,,
Desperados III,,,,,1,,,,,1,,,,,,,
Desperados III,,,,,,,,,,,,,,,,,
Desperados III,,,,,1,,,,,,,,,,,,
Desperados III,,,,,1,,,,,,,,,,,,
Desperados III,,,,,1,,,,,,,,,,,,
Desperados III,,,,,1,,1,,,,,,,,,,
Desperados III,,,,1,1,-1,1,1,0,-1,,1,,-1,-1,-1,-1
Desperados III,,,,,1,,1,1,1,1,,1,,,,,
Desperados III,,,,,1,,,,,,,,,,-1,,
Desperados III,,,,1,1,-1,1,0,,,,1,,,-1,-1,-1
Desperados III,,,,0,1,,,,,,,,,,-1,-1,
Desperados III,,,,,1,,1,,,,,,,1,,,
Desperados III,,,,,1,,,,,,,,,,,,
Desperados III,,,,,1,,,,,,,,,,,,
Desperados III,,,,,1,,,,,,,,,,,,
Desperados III,,,,,,-1,,,,,,,,,-1,,-1
Desperados III,,,,,,,,,,,,,,,,,
Desperados III,,,,,1,,-1,,,,,,,,,,
Desperados III,,,,,,,,,,,,,,,,,
Desperados III,,,,,1,,,,,,,,,,,,
Desperados III,,,,,,,,,,,,,,,,,
Desperados III,,,,,1,,1,1,,,,1,,,,,
Desperados III,,,,,1,-1,1,1,1,,,1,,,1,,
Desperados III,,,,,0,,,0,,,,,,,-1,,
Desperados III,,,,,1,,,,1,,,1,,,,,
Desperados III,,,,,1,,1,,,,,,,,,,
Desperados III,,,,0,1,,,1,,,,,,,-1,,-1
Desperados III,,,,1,1,-1,1,1,1,1,,1,,,0,-1,-1
Desperados III,,,,,1,,,,,,,,,,,,
Desperados III,,,,,1,,,,,,,,,,1,,
Desperados III,,,,,1,-1,1,1,1,-1,,,,1,,,
Desperados III,-1,1,-1,1,1,,1,1,1,1,1,1,,,,,
Desperados III,,,,,1,,,,1,1,,,,,,,
Desperados III,,,,,1,,,,1,1,,,,,,,
Desperados III,,,,,1,,,,,,,,,,,,
Desperados III,,,,,1,,,,,,,,,,-1,-1,-1
Desperados III,,,,-1,1,,-1,,,,,-1,,,,,
Desperados III,,,,,1,,,,1,,,,,,,1,1
Desperados III,,,,,,,,,,,,,,,,,
Desperados III,,,,,1,-1,,,,,,,,,-1,-1,-1
Desperados III,,,,,1,,,,,,,,,,,,
Desperados III,,1,,,1,,,,1,,1,,,,,,
Desperados III,,,,,,,,,,,,,,,,,
Desperados III,,,,,1,,,,,,,,,,,,
Desperados III,,,,,1,-1,,1,,,,,,-1,,,
Desperados III,,,,,,,,,,,,,,,,,
Desperados III,,,,1,1,,1,1,1,1,,1,,,1,-1,-1
Desperados III,,,,,1,,,,,,,,,,,,
Desperados III,,,,,1,,,,,,,,,,,,
Desperados III,,,,,,,,,,,,,,,,,
Desperados III,,,,,,,,,,,,,,,,,
Desperados III,,,,1,1,,,,,,,,,,,,
Desperados III,,,,,1,,,,,,,,,,,,
Desperados III,,,,,1,,,,,,,,,,,,
Desperados III,,,,,,,,,,,,,,,,,
Desperados III,,,,,1,,,,,,,,,,,,
Desperados III,,,,,,,,1,,,,,,,1,,
Desperados III,,,,,1,,,1,,,,,,,-1,,
Desperados III,,,,,1,,,,,,,,,,,,
Desperados III,,,,1,1,-1,,1,,,,,,,-1,-1,-1
Desperados III,,,,-1,1,,,,,,,,,-1,,-1,
Desperados III,,,,,1,,,,,,,,,,-1,-1,
Desperados III,,,,-1,1,,,,,,,,,-1,,,
Desperados III,,,,,,,,,,,,,,,,,
Desperados III,,,,,1,,,1,,,,1,,,,,
Desperados III,,,,,,,,,,,,,,,,,
Desperados III,,,,,1,,,,,,,,,1,,,
Desperados III,,,-1,,1,-1,,,,,,,,,,,
Desperados III,-1,-1,-1,,1,-1,1,-1,-1,,-1,-1,,-1,,,
Desperados III,,,,,,-1,,,,,,,,-1,,,
Desperados III,,,,-1,-1,-1,,,,,,,,-1,,,
Desperados III,,,,,1,-1,,-1,,,,,-1,-1,-1,-1,-1
Desperados III,,,,1,1,0,1,1,,,,1,,,-1,-1,-1
Desperados III,,,,,1,,1,,,,,,,,,-1,
Desperados III,,,,,1,-1,0,,,,,,,1,,,
Desperados III,,,,1,1,-1,1,1,,,,,,-1,-1,-1,-1
Desperados III,,,,,1,,,,,,,,,,,,
Desperados III,,,,1,1,,,1,,,,,,,,,
Desperados III,,,,,-1,-1,-1,-1,,,,,,-1,-1,-1,-1
Desperados III,,,,1,1,,,,,,,,,1,,,
Desperados III,,,-1,0,1,-1,-1,0,,,,-1,,-1,-1,-1,-1
Desperados III,,,,,1,,,,,,,,,,,,
Desperados III,,,,-1,1,,,,,,,,,,-1,-1,-1
Desperados III,,,,-1,1,,,,,,,,,,,,
Desperados III,,,,,1,-1,,,,,,,,,-1,,-1
Desperados III,,,,,,,,,,,,,,,,,
Desperados III,,,,,1,,,,,,,,,,-1,-1,
Stoneshard,0,,-1,1,1,-1,1,1,,,,,,0,-1,-1,-1
Stoneshard,,,,,1,,,,,,,,,,,,
Stoneshard,,,,,,,,,,,,,,-1,,,
Stoneshard,,,,1,1,,,,,,,,,0,,,
Stoneshard,,,,1,1,,1,,,,,,,1,,,
Stoneshard,,,,-1,,,0,,,,,,,-1,,,
Stoneshard,,,,,1,,,,,,,,,,,,-1
Stoneshard,,-1,-1,,,-1,,-1,,,,,,,-1,-1,-1
Stoneshard,,,,,1,-1,,,,,,,,,,,
Stoneshard,,,,-1,1,-1,-1,-1,,,,,,,-1,-1,-1
Stoneshard,,,-1,,1,,,-1,,,,,,,-1,,-1
Stoneshard,,,,,,,,,,,,,,-1,,,
Stoneshard,,,,,1,,,,,,,,,,,,
Stoneshard,,,,,,,,,,,,,,,,,
Stoneshard,,,,,,,,,,,,,,-1,,,
Stoneshard,,,,,1,-1,,,,,,,,,,,-1
Stoneshard,,,,,,,,,,,,,,,,,
Stoneshard,,,,,,,,,,,,,,-1,,,
Stoneshard,,,,,1,,,,,,,,,0,,,
Stoneshard,,,,,,,,,,,,,,,-1,-1,
Stoneshard,,,,-1,1,-1,,-1,,,,,-1,-1,-1,-1,-1
Stoneshard,,,,,1,-1,,0,,,,0,,,,,
Stoneshard,,,,,1,-1,,,,,,,,,-1,-1,-1
Stoneshard,,,,,,-1,,,,,,,,,-1,,
Stoneshard,,,,1,1,-1,,1,,,,,,,-1,-1,-1
Stoneshard,,,,,1,,,1,,,,,,,-1,,
Stoneshard,,,,,,-1,,,,,,,,,,,
Stoneshard,,,,,0,,,-1,,,,,,,-1,-1,
Stoneshard,,,,,1,-1,0,1,,,,,,-1,,,
Stoneshard,,,,,,,,,,,,,,,-1,,
Stoneshard,,,,0,0,-1,,0,,,,0,,,-1,-1,-1
Stoneshard,,,,,1,,,,,,,,,,-1,,
Stoneshard,,,,-1,1,-1,,-1,,,,-1,-1,-1,,-1,-1
Stoneshard,,,,,,,,,,,,,,,,,
Stoneshard,,,,-1,1,-1,,-1,,,,,,,-1,-1,-1
Stoneshard,,,,,1,,,,,,,,,,,,
Stoneshard,,,,,,,,,,,,,,,,,
Stoneshard,,,,,1,,,,,,,,,,-1,,
Stoneshard,,,,,,,,,,,,,,,,,
Stoneshard,,,,-1,1,,,,,,,,,-1,,,-1
Stoneshard,,,,,1,,,,,,,,,,,,
Stoneshard,,,,0,1,,,,,,,,,-1,,,
Stoneshard,,,-1,,1,-1,,,,,,,,-1,-1,-1,-1
Stoneshard,,,,,1,,,,,,,,,,-1,-1,
Stoneshard,,,,,1,,1,1,,,,1,,,,,
Stoneshard,,,,,1,,,,,,,,,,,,
Stoneshard,,,,,1,,,,,,,,,,,,
Stoneshard,,,,,1,,,,,,,,,,,,
Stoneshard,,,,,1,,,,,,,,,,,,
Stoneshard,,,,,1,,,,,,,,,,,,
Stoneshard,,,,,1,-1,-1,,,,,,,,,,
Stoneshard,,,-1,-1,0,-1,-1,0,-1,-1,-1,-1,-1,-1,-1,-1,-1
Stoneshard,,,,,,,,,,,,,,-1,,,
Stoneshard,,,,,,,,,,,,,,,,,
Stoneshard,,,,,1,,,,,,,,,,1,,
Stoneshard,,,,,,,,,,,,,,,,,
Stoneshard,,,,,1,,,,,,,,,,,,
Stoneshard,-1,,-1,,1,,,,,,,,,-1,,,
Stoneshard,,,,,1,,,,,,,,,,,,
Stoneshard,,,,,1,,,,,,,,,,,,
Stoneshard,,-1,-1,,,-1,-1,-1,-1,-1,-1,,,-1,-1,-1,-1
Stoneshard,,,,,1,,,,,,,,,,-1,-1,
Stoneshard,,,,1,1,,,,,,,,,,,,
Stoneshard,,,,,,,,,,,,1,,,,,
Stoneshard,,,,-1,1,,,0,0,,,-1,,,,,
Stoneshard,,,,,1,,,,,,,,,,,,
Stoneshard,,,,,,,,,,,,,,,,,
Stoneshard,,,,,1,,,,,,,,,,0,-1,
Stoneshard,,,-1,,0,,,,,,,,,,,,
Stoneshard,,,,,,,,,,,,,,,,,
Stoneshard,,,,,1,,,,,,,,,,,,
Stoneshard,,,,,1,,,,,,,,,,,,
Stoneshard,,,,,1,,,,,,,,,,-1,,
Stoneshard,,,,,1,,,,,,,,,,,,
Stoneshard,,,,,1,,,,,,,,,,,,
Stoneshard,,,,,,-1,,,,,,,,-1,,,
Stoneshard,,,,,1,,,,,,,,,,,-1,-1
Stoneshard,,,,,,,,,,,,,,,,,
Stoneshard,,,,,,,,,,,,,,,,,
Stoneshard,-1,,-1,,1,,,,,,,,,,-1,,-1
Stoneshard,-1,-1,-1,-1,1,-1,-1,,,,-1,-1,-1,-1,,-1,-1
Stoneshard,,,,,,-1,,,,,,,,,,,
Stoneshard,-1,-1,-1,-1,1,,-1,-1,-1,-1,-1,-1,,-1,,,-1
Stoneshard,,,,,1,,,,,,,,-1,-1,,,
Stoneshard,-1,,,0,0,,,0,,,,,,0,,-1,-1
Stoneshard,,,,,,,,,,,,,-1,,,,
Stoneshard,,,,,1,-1,,,,,,,-1,-1,,,
Stoneshard,-1,-1,,,,,,,-1,,-1,,,,,,
Stoneshard,,,,,1,-1,1,1,1,,,0,,,,,
Stoneshard,-1,-1,-1,1,1,-1,1,-1,0,1,-1,0,-1,-1,,-1,-1
Stoneshard,,,,,1,,,,0,-1,,-1,,,,,
Stoneshard,,,-1,1,1,,,,,,,,,-1,,,
Stoneshard,,,,,1,,,,,,,,,,-1,-1,
Stoneshard,,,,,-1,-1,,,,,,,,-1,-1,-1,-1
Stoneshard,,,,,,-1,,,,,,,,,,,
Stoneshard,-1,,-1,,,-1,,,,,,,-1,-1,,,
Stoneshard,,,,,,,,,,,,,,,,,
Stoneshard,,,,,,,,,,,,,,,,,
Stoneshard,,,,,1,1,,,,,,,,,,-1,
Stoneshard,,,,,,,,,,,,,-1,,,,
NARUTO TO BORUTO: SHINOBI STRIKER,-1,,-1,,,-1,,,,,,,,-1,,,
NARUTO TO BORUTO: SHINOBI STRIKER,,,,1,1,-1,1,1,,,,,-1,0,-1,-1,-1
NARUTO TO BORUTO: SHINOBI STRIKER,,,,1,1,,,,,,,,,,,,
NARUTO TO BORUTO: SHINOBI STRIKER,,,,,,,,,,,,,,,,,
NARUTO TO BORUTO: SHINOBI STRIKER,,,,,,,,,,,,,,,,,
NARUTO TO BORUTO: SHINOBI STRIKER,,-1,,,-1,-1,-1,,-1,-1,-1,,,,-1,-1,
NARUTO TO BORUTO: SHINOBI STRIKER,,,,,,,,,,,,,,,,,
NARUTO TO BORUTO: SHINOBI STRIKER,,,,,-1,-1,,,,,,,,,,-1,
NARUTO TO BORUTO: SHINOBI STRIKER,,,,,1,,,,,,,,,,,,
NARUTO TO BORUTO: SHINOBI STRIKER,,,,,1,,,,,,,,,,,,
NARUTO TO BORUTO: SHINOBI STRIKER,,,,,1,,,,,,,,,,,,
NARUTO TO BORUTO: SHINOBI STRIKER,,,,,,,,,,,,,-1,,,,
NARUTO TO BORUTO: SHINOBI STRIKER,,,,,,,,,,,,,-1,,,,
NARUTO TO BORUTO: SHINOBI STRIKER,,,,1,1,-1,1,-1,,-1,,0,,-1,-1,-1,-1
NARUTO TO BORUTO: SHINOBI STRIKER,-1,,-1,,1,,,,,,,,,-1,,-1,
NARUTO TO BORUTO: SHINOBI STRIKER,-1,1,0,1,1,,,1,,,,,,,0,,-1
NARUTO TO BORUTO: SHINOBI STRIKER,,,,1,1,-1,1,1,1,1,,,,1,,1,
NARUTO TO BORUTO: SHINOBI STRIKER,,,,,,,,,0,0,,,,0,,,
NARUTO TO BORUTO: SHINOBI STRIKER,,,,1,1,-1,1,0,1,1,1,,,-1,-1,-1,-1
NARUTO TO BORUTO: SHINOBI STRIKER,,,,,1,,,,,,,,,,,,
NARUTO TO BORUTO: SHINOBI STRIKER,,,,,,,,,,,,,,,,,
NARUTO TO BORUTO: SHINOBI STRIKER,-1,,-1,,,,,,,,,,-1,-1,,,
NARUTO TO BORUTO: SHINOBI STRIKER,,,,,,,,,,,,,,,,,
NARUTO TO BORUTO: SHINOBI STRIKER,,,,,,,,,,,,,-1,,,,
NARUTO TO BORUTO: SHINOBI STRIKER,,,,,,,,,,,,,,,,,
NARUTO TO BORUTO: SHINOBI STRIKER,,,,,,,,,,,,,,,,,
NARUTO TO BORUTO: SHINOBI STRIKER,,,,,,,,,,,,,,,,,
NARUTO TO BORUTO: SHINOBI STRIKER,,,,,,-1,,,,,,,,,,,
NARUTO TO BORUTO: SHINOBI STRIKER,,,,1,1,1,1,1,,,,,,1,1,1,
NARUTO TO BORUTO: SHINOBI STRIKER,,,,,-1,,-1,,,,,,,,,,
NARUTO TO BORUTO: SHINOBI STRIKER,,,,,1,,,,,,,,,,,,
NARUTO TO BORUTO: SHINOBI STRIKER,-1,-1,-1,-1,1,-1,-1,-1,-1,-1,-1,-1,,-1,-1,-1,
NARUTO TO BORUTO: SHINOBI STRIKER,,,,,,,,,,,,,,,,,
NARUTO TO BORUTO: SHINOBI STRIKER,,,,,,-1,,,,,,,,,,,
NARUTO TO BORUTO: SHINOBI STRIKER,-1,-1,-1,,1,-1,,,,,,,,-1,,-1,
NARUTO TO BORUTO: SHINOBI STRIKER,,,,,1,,,,,,,,,,,,
NARUTO TO BORUTO: SHINOBI STRIKER,,,,,,,,,,,,,,,,,
NARUTO TO BORUTO: SHINOBI STRIKER,,,,1,1,,,,,,,,,,,,
NARUTO TO BORUTO: SHINOBI STRIKER,,,,,,,,,,,,,,,,,
NARUTO TO BORUTO: SHINOBI STRIKER,,,,,1,,,,,,,,,,,,
NARUTO TO BORUTO: SHINOBI STRIKER,,,,,-1,-1,,,,,,,-1,,,-1,
NARUTO TO BORUTO: SHINOBI STRIKER,,,,,1,,,,,,,,,,,-1,
NARUTO TO BORUTO: SHINOBI STRIKER,-1,1,-1,1,1,,1,,1,1,1,,-1,1,,-1,-1
NARUTO TO BORUTO: SHINOBI STRIKER,,,,,,,,,,,,,,,,,
NARUTO TO BORUTO: SHINOBI STRIKER,,,,1,1,,,1,,,,,,1,,,
NARUTO TO BORUTO: SHINOBI STRIKER,,,,,,,,,,,,,,,,,
NARUTO TO BORUTO: SHINOBI STRIKER,,,,,1,,,,,,,,,,,,
NARUTO TO BORUTO: SHINOBI STRIKER,,,,,1,,,,,,,,,,,,
NARUTO TO BORUTO: SHINOBI STRIKER,,,,,1,,,,,,,,,,,,
NARUTO TO BORUTO: SHINOBI STRIKER,,,,,1,,,,,,,,,,,,
NARUTO TO BORUTO: SHINOBI STRIKER,-1,-1,-1,-1,1,-1,-1,0,0,,-1,,,,-1,-1,-1
NARUTO TO BORUTO: SHINOBI STRIKER,,,,,,,,,,,,,,,,,
NARUTO TO BORUTO: SHINOBI STRIKER,,,,,1,,,,,,,,,,,,
NARUTO TO BORUTO: SHINOBI STRIKER,,,,1,1,,-1,1,,,,,,,,,
NARUTO TO BORUTO: SHINOBI STRIKER,,,,,,,1,,,,,,,,,,
NARUTO TO BORUTO: SHINOBI STRIKER,,,,,,,,,,,,,,-1,,,
NARUTO TO BORUTO: SHINOBI STRIKER,,,,,0,-1,,,,,,,,1,,,
NARUTO TO BORUTO: SHINOBI STRIKER,,,,,1,,,,,,,,,,,,
NARUTO TO BORUTO: SHINOBI STRIKER,,,,,1,,,,,,,,,,,,
NARUTO TO BORUTO: SHINOBI STRIKER,,,,,1,,,,,,,,,,,,
NARUTO TO BORUTO: SHINOBI STRIKER,,,,,,,,,,,,,,,,,
NARUTO TO BORUTO: SHINOBI STRIKER,,,,,1,,,,,,,,,,,,
NARUTO TO BORUTO: SHINOBI STRIKER,,,,,1,,,,,,,,-1,,,-1,
NARUTO TO BORUTO: SHINOBI STRIKER,,,,,,-1,,,,,,,,,,,
NARUTO TO BORUTO: SHINOBI STRIKER,,,,,1,-1,,,,,,,,,,-1,
NARUTO TO BORUTO: SHINOBI STRIKER,,,,,,-1,,,,,,,-1,,,,
NARUTO TO BORUTO: SHINOBI STRIKER,,,-1,,,,,,,,,,,,,,
NARUTO TO BORUTO: SHINOBI STRIKER,,,,,,,,,,,,,,,,,
NARUTO TO BORUTO: SHINOBI STRIKER,,,,,0,,,,,,,,,,,,
NARUTO TO BORUTO: SHINOBI STRIKER,,,,,,,,,,,,,,,,,
NARUTO TO BORUTO: SHINOBI STRIKER,,,,,1,,,,,,,,,,,,
NARUTO TO BORUTO: SHINOBI STRIKER,,,,,,,,,,,,,,,,,
NARUTO TO BORUTO: SHINOBI STRIKER,,,,,1,,,,,,,,,,,,
NARUTO TO BORUTO: SHINOBI STRIKER,,,,,1,,,,,,,,,,1,,-1
NARUTO TO BORUTO: SHINOBI STRIKER,,,,,1,,,,,,,,,,,,
NARUTO TO BORUTO: SHINOBI STRIKER,,,,,1,,,,,,,,,,,,
NARUTO TO BORUTO: SHINOBI STRIKER,,,,,1,,1,,1,1,,,,,,,
NARUTO TO BORUTO: SHINOBI STRIKER,-1,-1,-1,,,,,,-1,-1,-1,,,-1,,,
NARUTO TO BORUTO: SHINOBI STRIKER,,,,,1,,,,,,,,,,,,
NARUTO TO BORUTO: SHINOBI STRIKER,,,-1,,1,,,,,,,,,,,,
NARUTO TO BORUTO: SHINOBI STRIKER,,,,,1,,,,,,,,,,,,
NARUTO TO BORUTO: SHINOBI STRIKER,0,1,-1,,1,-1,1,1,1,,,,,,0,1,-1
NARUTO TO BORUTO: SHINOBI STRIKER,-1,-1,,,1,,,,0,,,,,,,,
NARUTO TO BORUTO: SHINOBI STRIKER,,,,,,1,,,,,,,,,,,
NARUTO TO BORUTO: SHINOBI STRIKER,,,,,1,,,,,,,,,,,,
NARUTO TO BORUTO: SHINOBI STRIKER,-1,,,0,1,,,1,,,,,,-1,,,
NARUTO TO BORUTO: SHINOBI STRIKER,,1,,1,1,-1,1,1,0,0,1,0,-1,0,-1,-1,-1
NARUTO TO BORUTO: SHINOBI STRIKER,,,,,1,,,,,,,,,,,,
NARUTO TO BORUTO: SHINOBI STRIKER,,,,1,1,0,1,1,,,,,,0,,,
NARUTO TO BORUTO: SHINOBI STRIKER,,,,,1,,,1,,,,,,,,,
NARUTO TO BORUTO: SHINOBI STRIKER,,,,0,1,-1,1,1,0,1,,1,,1,-1,,-1
NARUTO TO BORUTO: SHINOBI STRIKER,,,,,,,,1,,,,,,,,,
NARUTO TO BORUTO: SHINOBI STRIKER,,,,,,,,,,,,,,,,,
NARUTO TO BORUTO: SHINOBI STRIKER,,,,,1,,,,,,,,,,,,
NARUTO TO BORUTO: SHINOBI STRIKER,-1,,-1,,1,,,,,,,,,,,,
NARUTO TO BORUTO: SHINOBI STRIKER,,,,,1,,1,,,,,,,,,,
NARUTO TO BORUTO: SHINOBI STRIKER,1,1,-1,,1,,,,,,,,,,,,
NARUTO TO BORUTO: SHINOBI STRIKER,0,1,-1,1,1,-1,1,1,0,0,1,,,1,,-1,
NARUTO TO BORUTO: SHINOBI STRIKER,,,,,,,,,,,,,,,,,
NARUTO TO BORUTO: SHINOBI STRIKER,,,,1,1,,-1,,1,,,,,,,,
Ravenfield,,,,,,,,,,,,,,,,,
Ravenfield,,,,,,,,,,,,,,,,,
Ravenfield,,,,,1,,,,,,,,,,,,
Ravenfield,,,,,,,,,,,,,,,,,
Ravenfield,,-1,,,,,,,,,,,,,,,
Ravenfield,,,,,,,,,,,,,,,,,
Ravenfield,0,,-1,,1,,,,,,,,,,,,
Ravenfield,,,,,,,,,,,,,,,,,
Ravenfield,,,,0,1,,1,1,,,,,,1,,-1,
Ravenfield,,,,,,,,,,,,,,,,,
Ravenfield,,,,,,,,,,,,,,,,,
Ravenfield,,,,1,1,,,1,,,,,,,,,
Ravenfield,,,,,1,,,,,,,,,,,,
Ravenfield,,,,,1,,,,,,,,,,,,
Ravenfield,-1,1,,0,1,,,,0,,0,,,,-1,-1,-1
Ravenfield,,,,,,,,,,,,,,,,,
Ravenfield,,,,1,1,,,1,1,1,,,,,,,
Ravenfield,1,1,-1,1,1,,,1,,,,,,,,,
Ravenfield,-1,-1,-1,-1,-1,,,,-1,,,,,,,,-1
Ravenfield,,,,,1,,,,,,,,,,,,
Ravenfield,,,,,,,,,,,,,,,,,
Ravenfield,,,,,1,1,,,,,,,,,,,
Ravenfield,,,,,,,,,,,,,,,,,
Ravenfield,,,,,,,,,,,,,,,,,
Ravenfield,,,,,,,,,,,,,,,,,
Ravenfield,,,,,,,,,,,,,,,,,
Ravenfield,,,,,1,,,,,,,,,,,,
Ravenfield,,,,,1,,,,,,,,,,,,
Ravenfield,,,,1,1,,,1,1,,,,,,,,
Ravenfield,,,,,,,,,,,,,,,,,
Ravenfield,,,,,,,,1,,,,,,,,,
Ravenfield,,,,,1,,,1,,,,,,,,,
Ravenfield,-1,,-1,,0,,,,,,,,,,,,
Ravenfield,,,,,1,,,,,,,,,,,,
Ravenfield,,,,,,,,,,,,,,,,,
Ravenfield,1,,,1,1,,,1,,,,,,,,,
Ravenfield,,,,,,,,,,,,,,,,,
Ravenfield,1,1,-1,1,1,,1,1,1,1,1,,,1,,,
Ravenfield,1,1,,1,1,,,1,,,,,,,,,
Ravenfield,,,,,1,,,,,,,,,,,,
Ravenfield,,,,,,,,,,,,,,,,,
Ravenfield,-1,,-1,,1,,,,,,,,,,,-1,
Ravenfield,,,,,1,,,,1,,,,,,,,
Ravenfield,,,,,1,,,,,,,,,,,,
Ravenfield,,,,,,,,,1,1,,,,,,,
Ravenfield,,,,1,1,,1,1,,1,,1,,,,,
Ravenfield,,,,,,,1,,,,,,,,,,
Ravenfield,,,,,,0,,,,,,,,,,,
Ravenfield,,,,,1,,,,,,,,,,,,-1
Ravenfield,,,,,1,,,,,,,,,,,1,
Ravenfield,-1,,-1,,1,-1,,,,,,,,0,,-1,
Ravenfield,,,,,,,,,,,,,,,,,
Ravenfield,,,,,1,,,1,,,,,,,,,
Ravenfield,,,,,1,,,,,,,,,,,,
Ravenfield,,,,,1,,,,,,,,,,,,
Ravenfield,,,,,,0,,,,,,,,,,,
Ravenfield,,,,,1,,,,,,,,,,,,
Ravenfield,,,,,1,,,1,,,,,,,,,
Ravenfield,,,,,,,,,,,,,-1,1,,,
Ravenfield,,,,,0,,,,,,,,,,,,
Ravenfield,,,,,1,,,,,,,,,,,,
Ravenfield,,,,,,,,,,,,,,,,,
Ravenfield,,,,,,-1,,1,,,,,,,-1,,-1
Ravenfield,,,,,1,,,,,,,,,,,,
Ravenfield,,,,-1,1,,,,,,,,,-1,,,
Ravenfield,,,,,,,,,,,,,,,,,
Ravenfield,,,,,,,,,,,,,,,,,
Ravenfield,,,,,1,,,,,,,,,,,,
Ravenfield,,,-1,,0,-1,,,,,,,-1,,,,-1
Ravenfield,-1,1,1,1,1,,,1,1,,1,,,1,,,
Ravenfield,,,,,,,,,,,,,,,,,
Ravenfield,,,,,,,,,,,,,,,,,
Ravenfield,,,,,,,,,,,,,,,,,
Ravenfield,,,,,1,,,,,,,,,,,,
Ravenfield,,,,1,1,,,1,,,,,,,,,
Ravenfield,,,,1,1,,1,1,,,,,,0,,,-1
Ravenfield,,,,,,,,,,,,,,,,,
Ravenfield,,,,,1,,,,,,,,,,,,
Ravenfield,,,,1,1,,1,1,,,,,,,,,
Ravenfield,,,,,1,,,,,,,,,,,,
Ravenfield,,,-1,,,,,,,,,,0,0,,,
Ravenfield,,,,,1,,,,,,,,,,,,
Ravenfield,,,,,,,,,,,,,,,,,
Ravenfield,0,0,0,,1,0,,1,,,,,,,0,-1,-1
Ravenfield,-1,-1,-1,1,1,-1,1,1,1,1,1,0,,0,-1,-1,
Ravenfield,-1,,-1,,,,,,,,,,,-1,,,
Ravenfield,1,1,-1,1,1,,1,1,1,,1,1,,0,-1,-1,-1
Ravenfield,,,,,-1,,,,,,,,,-1,,,
Ravenfield,,,,,,,,,,,,,,-1,,,
Ravenfield,-1,-1,-1,,1,-1,-1,-1,,,,,,-1,,-1,-1
Ravenfield,,,,1,1,0,1,1,,,,1,,,0,,
Ravenfield,,,,,1,1,1,1,,,,,,,0,1,
Ravenfield,,,,-1,,,,,,,,,,-1,,-1,
Ravenfield,,,,1,,,,,,,,,,-1,,,
Ravenfield,1,,,1,1,1,1,1,1,1,,,,1,1,1,
Ravenfield,,,,-1,0,-1,,-1,,,,,,-1,-1,-1,-1
Ravenfield,,,,,1,,,,,,,,,1,,,
Ravenfield,,,,,,,,,,,,,,0,,,
Ravenfield,,,,1,1,,1,1,,,,,,,1,1,-1
Ravenfield,,,,-1,-1,-1,,-1,,,,,,-1,,-1,-1
BATTLETECH,,,,-1,1,,,,,,,-1,,-1,,,
BATTLETECH,,,,0,1,,0,1,0,-1,,,,-1,-1,-1,-1
BATTLETECH,,,,1,1,-1,1,1,,,,,,,-1,-1,-1
BATTLETECH,-1,,-1,,0,,1,,0,,,,,-1,,,
BATTLETECH,-1,,,,1,,1,,,,,,,-1,,,
BATTLETECH,,,,,1,-1,1,1,,,,1,,,0,,-1
BATTLETECH,-1,,-1,-1,1,,1,1,,,,,,-1,,-1,
BATTLETECH,,,,1,1,-1,1,1,,,,1,,-1,-1,-1,-1
BATTLETECH,,,,1,1,,,,,,,,,,-1,-1,
BATTLETECH,,,,,1,-1,,-1,,,,,,,-1,,-1
BATTLETECH,-1,,-1,,1,-1,,,,,,,-1,-1,,,
BATTLETECH,-1,,-1,,,,,,,,,,,-1,,,
BATTLETECH,,,,,1,,1,,1,,,1,,,-1,-1,
BATTLETECH,,,,,,-1,,,,,,,,,-1,,-1
BATTLETECH,-1,-1,-1,,1,-1,,,-1,,,,,-1,,-1,
BATTLETECH,,,-1,,1,,,,,,,,,,,,-1
BATTLETECH,,,,,,-1,,,,,,,,,-1,,
BATTLETECH,,,-1,,1,-1,,0,,,,,,,-1,,-1
BATTLETECH,-1,,-1,,1,-1,,,,,,,,-1,,,
BATTLETECH,-1,,-1,,-1,,,,,,,,,-1,,,
BATTLETECH,,,,-1,,,,,,,,,,-1,,-1,
BATTLETECH,,,,,1,-1,1,1,1,,,,,,,,
BATTLETECH,,,,,,,,,,,,,,,,,
BATTLETECH,,,,,1,,1,1,,,,,,,1,,
BATTLETECH,,,,1,1,0,1,1,1,-1,1,1,,1,0,-1,
BATTLETECH,,,,-1,1,,,,,,,,,-1,,,
BATTLETECH,-1,,-1,,1,,,,,,,,,,,,
BATTLETECH,1,1,,,1,,,,1,,,,,,1,0,
BATTLETECH,-1,,-1,,1,,,,,,,,,,,,
BATTLETECH,,,,,,,,,,,,,,,,,
BATTLETECH,-1,-1,,-1,-1,-1,-1,-1,-1,-1,-1,,,,-1,-1,-1
BATTLETECH,,,,,1,0,1,1,1,1,,1,,,0,,
BATTLETECH,,,,,,-1,,,,,,,,,-1,,
BATTLETECH,,,,,1,,,,,,,,,,,,
BATTLETECH,,,,,1,,1,,,,,,,,,,
BATTLETECH,,,,,,,,,,,,,,,,,
BATTLETECH,-1,,-1,,-1,,,,,,,,,,,,
BATTLETECH,,,,,,,,,,,,,,,,,
BATTLETECH,,,,1,1,,1,1,,,,,,,,,
BATTLETECH,,,,1,1,-1,,1,,,,,,,0,-1,-1
BATTLETECH,-1,,-1,,1,,1,,,,,,,0,,,
BATTLETECH,,,-1,,,-1,,,,,,,-1,-1,,,
BATTLETECH,,,,,1,,1,,,,,,,-1,,,
BATTLETECH,,,,,1,,,,,,,,,,,,
BATTLETECH,,,,,,,,,,,,,,,,,
BATTLETECH,,,,,,,,,,,,,,,,,
BATTLETECH,,,,,,,,,,,,,,,,,
BATTLETECH,-1,,-1,,1,,-1,,,,,,,-1,,,
BATTLETECH,,,,,1,-1,,1,,,,,,-1,-1,,-1
BATTLETECH,,,,0,,-1,1,1,,,,,,0,,,
BATTLETECH,,-1,,,,,,,0,,-1,,,,,,
BATTLETECH,-1,,-1,,,,,,,,,,,-1,,,
BATTLETECH,-1,-1,,-1,1,,,-1,,,,,,,-1,-1,-1
BATTLETECH,-1,,,,1,,,,,,,,,-1,,-1,
BATTLETECH,,,,,,,,,,,,,,,,,
BATTLETECH,,,,,1,,,,,,,,,,,,
BATTLETECH,,,,,1,-1,1,,,,,,,,,-1,
BATTLETECH,,,,,0,,-1,-1,0,,,,,-1,-1,,
BATTLETECH,-1,-1,-1,-1,1,-1,,1,,,,,,,,-1,-1
BATTLETECH,,,-1,,,,,,,,,,,-1,,,
BATTLETECH,,,,,1,,,,,,,,,,,,
BATTLETECH,-1,-1,-1,-1,0,-1,-1,-1,0,-1,-1,0,,-1,-1,,-1
BATTLETECH,,,,0,1,,-1,-1,,,,-1,,,,,-1
BATTLETECH,1,1,,,,,,,,,,,,,,,
BATTLETECH,,,,-1,-1,,,-1,,,,-1,,,,,
BATTLETECH,,,,-1,1,,,,,,,,,,,,
BATTLETECH,,,,,1,,1,1,,,,,,1,,,
BATTLETECH,,,,,1,,1,,,,,,,1,,,
BATTLETECH,,,,,,,,1,,,,,,,,,
BATTLETECH,,,,,,,,,,,,,,,,,
BATTLETECH,-1,,-1,,1,,,,,,,,,,,,
BATTLETECH,1,1,1,1,1,-1,1,1,1,,1,1,,1,,1,-1
BATTLETECH,,,,,1,,,,,,,,,,,,
BATTLETECH,-1,-1,,,-1,,,,0,,,,,,,-1,
BATTLETECH,,,,1,1,-1,1,1,,,,,,,-1,-1,-1
BATTLETECH,,,,-1,1,-1,1,-1,,,,-1,,-1,-1,-1,-1
BATTLETECH,-1,,-1,,1,,,,,,,,,,,,
BATTLETECH,,,-1,,1,-1,1,1,,,,,,-1,-1,-1,-1
BATTLETECH,,,,-1,1,-1,-1,-1,,,,-1,,,-1,-1,
BATTLETECH,,,,,,,,,,,,,,,,,
BATTLETECH,,,,,,-1,,,,,,,,,,,
BATTLETECH,,,,,1,-1,,,,,,,,-1,,,
BATTLETECH,,,,,,-1,,,,,,,,,,,
BATTLETECH,,,-1,,1,,,,,,,,-1,0,,,
BATTLETECH,,,-1,-1,1,-1,,-1,,,,-1,-1,,-1,-1,-1
BATTLETECH,,,,1,1,,1,1,,,,1,,0,,-1,-1
BATTLETECH,,,,-1,1,,,,,,,,,,,,-1
BATTLETECH,,,-1,,,,,,,,,,,-1,,,
BATTLETECH,,,,1,1,,,,,,,,,,,,
BATTLETECH,,,,,-1,,,,,,,,,,,,-1
BATTLETECH,,,,,1,,,,,,,,,,,,
BATTLETECH,-1,-1,-1,-1,-1,-1,-1,-1,,,-1,,-1,-1,-1,-1,-1
BATTLETECH,,,,,1,,1,,,,,,,,,,
BATTLETECH,,,,,0,-1,,,,,,,,-1,-1,-1,-1
BATTLETECH,,,,1,1,,1,1,0,,,,,,-1,-1,-1
BATTLETECH,,,,0,1,,,,,,,,,,-1,-1,-1
BATTLETECH,,,,,1,-1,,-1,,,,,,-1,,,
BATTLETECH,-1,,-1,,1,-1,-1,,,,,,,-1,,-1,
BATTLETECH,,,,,,,,,,,,-1,,,,,-1
BATTLETECH,,,,1,1,,,,,,,,,1,-1,-1,
They Are Billions,,,,,1,,,,,,,,,,,,
They Are Billions,,,,,1,,,,,,,,,,,,
They Are Billions,,,,,1,,,,,,,,,,,,
They Are Billions,,,-1,-1,1,-1,,-1,,,,-1,,-1,,,-1
They Are Billions,,,,,,,,0,,,,,,,,,-1
They Are Billions,,,,,-1,-1,,,,,,,,,,,
They Are Billions,,,,,,-1,,,,,,,,,,,
They Are Billions,,,,,1,-1,,,,,,,-1,-1,-1,-1,
They Are Billions,,,,,,,,,,,,,,,,,
They Are Billions,,,-1,,,,,,,,,,,,,,
They Are Billions,,,,,1,,,,,,,,,,,-1,
They Are Billions,,,,,1,-1,,,,,,,,,-1,-1,-1
They Are Billions,,,,,,,,,,,,,,,,,
They Are Billions,,,,1,1,,,,,,,,,,,,
They Are Billions,,,,,1,,,,,,,,,,-1,-1,-1
They Are Billions,,,,,1,,,,,,,,,,,,
They Are Billions,,,,1,1,,,1,,,,,,,,,
They Are Billions,,,,,,,,,,,,,,,,,
They Are Billions,,,,,1,-1,,,,,,,,,,,-1
They Are Billions,,,,1,1,,,,,,,,,,1,1,
They Are Billions,,,,,-1,-1,,,,,,,-1,,,,
They Are Billions,,,,,1,-1,,,,,,,,,-1,,-1
They Are Billions,,,,,1,,,,,,,,,,,,
They Are Billions,,,,1,1,,,1,,,,,,,,,
They Are Billions,,,-1,,,,,,,,,,-1,,,,
They Are Billions,,,,,,,,,,,,,,-1,,,
They Are Billions,,,,,-1,-1,,,,,,,,-1,,,
They Are Billions,,,,,,,,,,,,,,,,,
They Are Billions,,,,,1,,,,,,,,,,,,
They Are Billions,,,,-1,1,-1,-1,-1,,,,,,-1,,-1,
They Are Billions,,,,,1,,,,,,,,,,-1,-1,
They Are Billions,,,,,1,,,,,,,,,,,,
They Are Billions,,,,,1,-1,,,,,,,-1,,,,
They Are Billions,,,,,,,,,,,,,,,,,
They Are Billions,,,,,,,,,,,,,,,,,
They Are Billions,,,,,1,,,,,,,,,,,,
They Are Billions,,,,,,,,,,,,,,,,,
They Are Billions,,,,,1,,,,,,,,,,,,
They Are Billions,-1,,-1,,,,,,,,,,,,,,-1
They Are Billions,,,,,,,,,,,,,,0,,,
They Are Billions,,,,,,,,,,,,,,,,,
They Are Billions,,,,1,1,,1,1,1,1,1,1,,,,,
They Are Billions,,,,,,,,,,,,,,,,,
They Are Billions,,,,,,,,,,,,,,0,,,
They Are Billions,,,,,,,,,,,,,,,,,
They Are Billions,,,,,1,,,,,,,,,,,,
They Are Billions,,,,,1,,,,,,,,,,,,
They Are Billions,,,,,,,,,,,,,,,-1,,-1
They Are Billions,,,,,1,,,,,,,,,,,,
They Are Billions,,,,,,,,,,,,,,,,,
They Are Billions,,,,,1,,,,,,,,,,,,
They Are Billions,,,,,1,,,,,,,,,,,,
They Are Billions,,,,,1,,,,,,,,,,,,
They Are Billions,,,,,,,,,,,,,,,,,
They Are Billions,,,,,,,,,,,,,,,,,
They Are Billions,,,,0,1,,-1,0,,,,,,,,,
They Are Billions,,,,,1,,,,,,,,,,,1,
They Are Billions,,,,,1,,,,,,,,,,,,
They Are Billions,,,,,1,,,,,,,,,,,,
They Are Billions,,,,,1,,,,,,,,,,,,
They Are Billions,1,1,,,1,,,1,1,,,,,,1,,
They Are Billions,,,,,1,,,,,,,,,,-1,,
They Are Billions,,,,,1,,,,,,,,,,,,
They Are Billions,,,,,,,,,,,,,,,,,
They Are Billions,,,,,1,,,,,,,,,,,,
They Are Billions,,,,,1,-1,,,,,,,,,,,
They Are Billions,,,,,1,,,,,,,,,,,,
They Are Billions,,,,,,,,,,,,,,,,,
They Are Billions,,,,,,,,,,,,,,,,,
They Are Billions,,,,,1,,,,,,,,,,,,
They Are Billions,,,,,,,,,,,,,,,,,
They Are Billions,,,,,1,-1,,,,,,,,,-1,,-1
They Are Billions,,,,,,,,,,,,,,,,,
They Are Billions,,,,,1,,,,,,,,,,,,
They Are Billions,,,,,,,,,,,,,,,,,
They Are Billions,,,,,1,,,,,,,,,,,,
They Are Billions,,,,1,1,,,,,,,0,,,,,
They Are Billions,,,,,,,,,,,,,,,,,
They Are Billions,,,,1,1,,,,,,,,,,,-1,
They Are Billions,,,,,1,,,,,,,,,,,,
They Are Billions,,,,1,1,,1,,,,,,,,,-1,
They Are Billions,,,,,,,,,,,,,,,,,
They Are Billions,,-1,,,,,,,,,,,,,-1,,-1
They Are Billions,-1,,-1,,,,,,,,,,,-1,,,
They Are Billions,,,,0,0,,0,0,0,0,-1,0,,,-1,,-1
They Are Billions,,,,-1,0,,,-1,,,,,,,-1,-1,
They Are Billions,,,-1,,1,-1,1,,,,,-1,-1,-1,,,
They Are Billions,,,-1,,,,,,,,,,-1,-1,,,
They Are Billions,,,,,1,-1,,,,,,,,,-1,-1,-1
They Are Billions,,,,1,1,,,0,,,,,,,,,
They Are Billions,,,,,1,-1,,1,,,,,,1,,,
They Are Billions,-1,-1,-1,,1,,,-1,,,,,,,-1,-1,-1
They Are Billions,,,,,,,,,,,,,,,,,
They Are Billions,,,,,1,,,,,,,,,-1,,-1,
They Are Billions,,,,,1,,,,,,,,,,,,
They Are Billions,,,,,1,,,,,,,,,,,,-1
They Are Billions,,,,,1,,,,,,,,,,,,
They Are Billions,,,,,1,,,,,,,,,,,,
They Are Billions,-1,-1,,,,,,,,,,,,,-1,-1,-1
They Are Billions,,,,,,,,,,,,,,,0,,
Car Mechanic Simulator 2018,0,1,-1,1,1,,,1,,,,,,0,,,
Car Mechanic Simulator 2018,,-1,,,,-1,,,,,,,,,-1,-1,-1
Car Mechanic Simulator 2018,,,,,1,,1,,1,,,,,,1,1,
Car Mechanic Simulator 2018,,,,,,,,,,,,,,,,,
Car Mechanic Simulator 2018,,,,,,,,,,,,,,,,,
Car Mechanic Simulator 2018,,,,,1,,1,,,,,,,,,,
Car Mechanic Simulator 2018,,,,,1,,,,1,,,,,,-1,-1,
Car Mechanic Simulator 2018,-1,,-1,,,,,,,,,,,,,,
Car Mechanic Simulator 2018,,,,,,,,,,,,,,,,,
Car Mechanic Simulator 2018,,,,,,,,,,,,,,,,,
Car Mechanic Simulator 2018,,,,,,,,-1,,,,,,,-1,,-1
Car Mechanic Simulator 2018,-1,,,1,1,,1,1,1,1,,1,,1,0,-1,-1
Car Mechanic Simulator 2018,,,,1,1,,,1,,,,,,,,,
Car Mechanic Simulator 2018,1,1,,,1,,,,1,,,,,,,,
Car Mechanic Simulator 2018,,,,,1,,,,,,,,,,-1,,-1
Car Mechanic Simulator 2018,,,,,1,-1,,,1,1,,,,,,,
Car Mechanic Simulator 2018,,,,,1,,,,,,,,,,,,
Car Mechanic Simulator 2018,,,,,,,,,,,,,,,,,
Car Mechanic Simulator 2018,,,,,-1,-1,,,,,,,,,-1,-1,
Car Mechanic Simulator 2018,,,,,,,,,,,,,,,,,
Car Mechanic Simulator 2018,,,,,,,,,,,,,,,,,
Car Mechanic Simulator 2018,,,,,,,,,,,,,,,,,
Car Mechanic Simulator 2018,,,,,1,,,,,,,,,,,,
Car Mechanic Simulator 2018,,,,,0,,-1,,,,,,,-1,,,
Car Mechanic Simulator 2018,,,,,1,,,,,,,,,,,,
Car Mechanic Simulator 2018,,,,,,,,,,,,,,,,,
Car Mechanic Simulator 2018,,,,,1,,,,,,,,,,,,
Car Mechanic Simulator 2018,,,,,1,,,,,,,1,,,,,
Car Mechanic Simulator 2018,,,,,,,,,,,,,,,,,
Car Mechanic Simulator 2018,,,,,1,,,,,,,,,,,,
Car Mechanic Simulator 2018,,,,,1,,,,,,,,,,,,-1
Car Mechanic Simulator 2018,,,,,,,,,,,,,,,,,
Car Mechanic Simulator 2018,,,,,,,,,,,,,,,,,
Car Mechanic Simulator 2018,,,,,,,,,,,,,,,,,
Car Mechanic Simulator 2018,,,,,,,,,,,,,,,,,
Car Mechanic Simulator 2018,,,,,1,,-1,,,,,,,,-1,-1,
Car Mechanic Simulator 2018,,,,,,,1,,,,,,,,,,
Car Mechanic Simulator 2018,,,,,1,,1,1,,,,,,,,-1,
Car Mechanic Simulator 2018,,,,,1,,1,,,,,,,,-1,-1,
Car Mechanic Simulator 2018,,,,,0,,,,,,,,,,,,
Car Mechanic Simulator 2018,,,,,,,,,,,,,,,-1,,-1
Car Mechanic Simulator 2018,,,,,,,,,,,,,,,,,
Car Mechanic Simulator 2018,,,,1,,,1,1,,,,,,,,1,
Car Mechanic Simulator 2018,-1,-1,,,,-1,-1,,-1,,-1,,,,,,
Car Mechanic Simulator 2018,,,,,,,,,,,,,,,,,
Car Mechanic Simulator 2018,,,,,1,,,,,,,,,,,,
Car Mechanic Simulator 2018,,,,,,,,,,,,,,,,,
Car Mechanic Simulator 2018,-1,,-1,,,,,,,,,,,,,,
Car Mechanic Simulator 2018,,,,,,,,,,,,,,,,,
Car Mechanic Simulator 2018,,,,,1,,,,,,,,,,,,
Car Mechanic Simulator 2018,,,,,1,-1,,,,,,,,-1,,,
Car Mechanic Simulator 2018,,,,,,,,,,,,,,,,,
Car Mechanic Simulator 2018,,,,,,,,,,,,,,,,-1,-1
Car Mechanic Simulator 2018,,,,,1,,,,,,,,,,,,
Car Mechanic Simulator 2018,-1,,-1,,,,,,,,,,,-1,,,
Car Mechanic Simulator 2018,,,,,1,,1,,,,,,,1,,,
Car Mechanic Simulator 2018,,,,,,,,,,,,,,,,,
Car Mechanic Simulator 2018,,,,,1,,,,1,,,1,,,,,
Car Mechanic Simulator 2018,,,,,1,,,,,,,,-1,,,,
Car Mechanic Simulator 2018,,,,,,,,,,,,,,,,,
Car Mechanic Simulator 2018,,,,,,,,,,,,,,,,,
Car Mechanic Simulator 2018,,,,,-1,,,,,,,,,,,,
Car Mechanic Simulator 2018,1,,,,1,,,,,,,,,1,,,
Car Mechanic Simulator 2018,,,,,-1,,,,,,,,,,,,
Car Mechanic Simulator 2018,,,,,,,,,,,,,,,,,
Car Mechanic Simulator 2018,,,,,,,,,,,,,,,,,
Car Mechanic Simulator 2018,,,,,,,,,1,1,1,1,,,,,1
Car Mechanic Simulator 2018,,,,0,1,,,1,,,,,,,,,-1
Car Mechanic Simulator 2018,,,,,1,,,1,,,,,,,,,
Car Mechanic Simulator 2018,,,,,,,,,,,,,,,,,
Car Mechanic Simulator 2018,,,,,1,,,,,,,,,,,,
Car Mechanic Simulator 2018,,,,,,,,,,,,,,,,,
Car Mechanic Simulator 2018,,,,,1,,,,,,,,,,,,-1
Car Mechanic Simulator 2018,,,,,1,,,,,,,,,,-1,-1,
Car Mechanic Simulator 2018,,,,,,,,,,,,,,,,,
Car Mechanic Simulator 2018,,,,,-1,,-1,,,,,,,,,,
Car Mechanic Simulator 2018,,,,1,1,,,,,,,,,,-1,-1,
Car Mechanic Simulator 2018,,,,,1,,,,,,,,,,,,
Car Mechanic Simulator 2018,,,,1,1,,,1,,,,,,,,,
Car Mechanic Simulator 2018,1,1,,1,1,,1,1,1,,,,,1,,,
Car Mechanic Simulator 2018,,,,,,,,0,,,,,,,,,
Car Mechanic Simulator 2018,,,,,1,,1,,,,,,,,1,1,
Car Mechanic Simulator 2018,,,,,1,,,,,,,,,,,,
Car Mechanic Simulator 2018,,,,,1,,0,,,,,,,,,,
Car Mechanic Simulator 2018,,,,,1,-1,,1,,,,,,,-1,,-1
Car Mechanic Simulator 2018,,,,,1,,,,,,,,,,,,
Car Mechanic Simulator 2018,,,,,1,,,,,,,,,,,,
Car Mechanic Simulator 2018,,,,,1,,1,,,,,,,,,,
Car Mechanic Simulator 2018,,,,,1,,,,,,,,,,-1,,
Car Mechanic Simulator 2018,,,,,,,,,,,,,,,,,
Car Mechanic Simulator 2018,,,,,1,,,,,,,,,,,,
Car Mechanic Simulator 2018,,,,1,1,,,,,,,,,,-1,-1,-1
Car Mechanic Simulator 2018,,,,,1,,,,,,,,,,,,
Car Mechanic Simulator 2018,,,,,1,,,,,,,,,,-1,-1,
Car Mechanic Simulator 2018,,,,,,,,,,,,,,,,,-1
Car Mechanic Simulator 2018,,,,,,,,1,,,,,,,,,
Car Mechanic Simulator 2018,,,,,1,,,,,,,,,,,,
Car Mechanic Simulator 2018,,,,,1,,,,,,,,,,,,
Car Mechanic Simulator 2018,,,,,1,,,,,,,,,,,,
Car Mechanic Simulator 2018,,,,,1,,,,,,,,,,-1,,-1
Slay the Spire,,,,,1,,1,,,,,,,,,,
Slay the Spire,,,,,,,,,,,,,,,,,
Slay the Spire,,,,,1,,,,,,,,,,-1,,
Slay the Spire,,,,,,,,,,,,,,,,,
Slay the Spire,,,,,,,,,,,,,,,,,
Slay the Spire,,,,,1,,,,,,,,,,,,
Slay the Spire,,,,,,,,,,,,,,,,,
Slay the Spire,,,,,1,,,,,,,,,,,,
Slay the Spire,,,,,,,,,,,,,,,,,
Slay the Spire,,,,,1,,,,,,,,,,,,
Slay the Spire,,,,,1,,,,,,,,,,,,
Slay the Spire,,,,,,,,,,,,,,,,,
Slay the Spire,,,,-1,1,,1,1,,,,,,,-1,-1,
Slay the Spire,,,,,,,,,,,,,,,,,
Slay the Spire,,,,,1,,,,,,,,,,,,
Slay the Spire,,,,1,1,,,,,,,,,,,,
Slay the Spire,,,,,0,-1,,0,0,-1,,,,,-1,,-1
Slay the Spire,,,,,1,,,,,,,,,,,,
Slay the Spire,,,,,0,,,,,,,,,,,,
Slay the Spire,,,,,1,,,,,,,,,,,,
Slay the Spire,,,,,1,,,,,,,,,,,,
Slay the Spire,,,,,1,,,,,,,,,,,,
Slay the Spire,,,,,1,,,,,,,,,,,,
Slay the Spire,,,,,,,,,,,,,,,-1,-1,
Slay the Spire,,,,,1,,,,,,,,,,,,
Slay the Spire,,,,,,,,,,,,,,,,,
Slay the Spire,,,,,1,,,,,,,,,,,,
Slay the Spire,,,,,1,,,,,,,,,,1,,-1
Slay the Spire,,,,,1,,,,,,,,,,,,
Slay the Spire,,,,,1,,,,,,,,,,,,1
Slay the Spire,,,-1,,,-1,,,,,,,,,-1,,
Slay the Spire,,,,,1,,,,,,,,,,,,
Slay the Spire,,,,,,,,,,,,,,,,,
Slay the Spire,,,,,1,,,,,,,,,,,,
Slay the Spire,,,,,1,,,,,,,,,,,,
Slay the Spire,,,,,,,,,,,,,,,,,
Slay the Spire,,,,,1,,,,,,,,,,,,
Slay the Spire,,,,,1,,,,,,,,,,,,
Slay the Spire,,,,1,0,,1,0,,,,,,,-1,,
Slay the Spire,,,,,1,,,,1,,,,,,,,
Slay the Spire,,,,,1,,,,,,,,,,,,
Slay the Spire,,,,,1,,,,,,,,,,,,
Slay the Spire,,,,,1,,,,,,,,,,1,,
Slay the Spire,,,,,1,,,,,,,,,,,,
Slay the Spire,,,,,1,,1,1,,,,,,,0,-1,
Slay the Spire,,,,,,-1,,,,,,,,-1,,,
Slay the Spire,,,,,,,,,,,,,,,,,
Slay the Spire,,,,,1,,,,,,,,,,,,
Slay the Spire,,,,,1,,,,,,,,,,,,
Slay the Spire,,,,,1,,,,,,,,,,,,
Slay the Spire,,,,,,,,,,,,,,,,,
Slay the Spire,,,,,1,,1,,1,,,1,,,,,
Slay the Spire,,,,,,-1,,,,,,,,,,,
Slay the Spire,,,,,1,,,,,,,,,,1,1,
Slay the Spire,,,,,1,,,,,,,,,,,,
Slay the Spire,,,,1,1,-1,1,1,,,,,,1,-1,-1,-1
Slay the Spire,,,,,1,,,,,,,,,,,,
Slay the Spire,,,,1,1,,1,1,,,,,,,1,-1,
Slay the Spire,,,,,,,,,,,,,,,,,
Slay the Spire,,,,,1,,,,,,,,,,,,
Slay the Spire,,,,,,,,,,,,,,,,,
Slay the Spire,,,,,,,,,,,,,,,,,
Slay the Spire,,,,,1,,,,,,,,,,,,
Slay the Spire,,,,,,,,,,,,,,,,,
Slay the Spire,,,,,,-1,,,,,,,,,,,-1
Slay the Spire,,,,,1,,,,,,,,,,,,
Slay the Spire,,,,,1,,,,,,,,,,,,
Slay the Spire,,,,,1,,,,,,,,,0,,,
Slay the Spire,,,,,1,,,,,,,,,,,,
Slay the Spire,,,,,,,,,,,,,,,,,
Slay the Spire,,,,,1,,,,,,,,,,,,
Slay the Spire,,,,,1,,,,,,,,,,,,
Slay the Spire,,,,,1,,,,,,,,,,,,
Slay the Spire,,,,,1,,,,,,,,,,-1,,
Slay the Spire,,,,,,,,,,,,,,,,,
Slay the Spire,,,,,1,,,,,,,,,,,,
Slay the Spire,,,,,1,,,,,,,,,,,,
Slay the Spire,,,,,1,,,,,,,,,1,,,
Slay the Spire,,,,,,,,,,,,,,,,,
Slay the Spire,,,,,,,,,,,,,,,,,
Slay the Spire,,,,,1,-1,1,1,1,1,,1,,,-1,,
Slay the Spire,,,,0,1,,,,,,,,,,,,
Slay the Spire,,,,,,-1,,,,,,,,,,,-1
Slay the Spire,,,,1,1,,,,,,,,,,,,
Slay the Spire,-1,,-1,1,1,-1,1,1,,,,,,0,-1,-1,-1
Slay the Spire,,,,,1,,,,,,,,,,-1,-1,
Slay the Spire,0,1,,1,1,-1,1,1,0,1,1,1,,,-1,-1,-1
Slay the Spire,,,,,1,,,,,,,,,,,,
Slay the Spire,,,,,1,,,,,,,,,,,,
Slay the Spire,,,,1,1,,1,1,1,,,1,,,-1,1,
Slay the Spire,,,,,1,,,,,,,,,,,,
Slay the Spire,,,,1,0,-1,1,1,0,1,1,1,,,-1,-1,-1
Slay the Spire,,,,,1,,,,,,,,,,,,
Slay the Spire,,,,,1,,1,,,,,,,,,-1,
Slay the Spire,,,,,,,,,,,,,,-1,,-1,
Slay the Spire,,,,,1,,,,,,,,,,,,
Slay the Spire,,,,,0,-1,,,,,,,,,,,-1
Slay the Spire,,,,-1,-1,,,,,,,,,,,,-1
Slay the Spire,,,,,1,,,,,,,,,,,,
Slay the Spire,,,,,1,,1,,,,,,,,,,
Jurassic World Evolution,,,-1,,,,,,,,,,,,,,
Jurassic World Evolution,,,,,,,,,,,,,,,,,
Jurassic World Evolution,,,,,1,,-1,,,,,,,-1,,,
Jurassic World Evolution,,,-1,,,,,,,,,,,,,,
Jurassic World Evolution,,,,,1,,,,,,,,,,,,
Jurassic World Evolution,,,,,,,,,,,,,,,,,
Jurassic World Evolution,,,,,1,,,,,,,,,,,,
Jurassic World Evolution,,,,,,,,,,,,,,,,,
Jurassic World Evolution,,,,1,1,,,,,,,,,1,,-1,
Jurassic World Evolution,,,,,1,-1,,0,,,,,,,-1,-1,-1
Jurassic World Evolution,,,,-1,1,,,,,,,,,,,,-1
Jurassic World Evolution,,,,,1,,,,,,,-1,,,-1,,
Jurassic World Evolution,,,-1,,,-1,,,,,,,-1,-1,,,
Jurassic World Evolution,-1,,,,1,,,,,,,,,,,,
Jurassic World Evolution,,,,,1,,,,,,,,,,,,
Jurassic World Evolution,,,,,1,,,,,,,,,,,,
Jurassic World Evolution,,,,,1,,,,,,,,,,,,
Jurassic World Evolution,,,,,1,,,,,,,,,,,,
Jurassic World Evolution,,,,,1,,,,,,,,,,,,
Jurassic World Evolution,,,,,,,0,0,,,,,,,,,
Jurassic World Evolution,-1,,-1,,1,,,,,,,,,,,,
Jurassic World Evolution,,,,,,,,,,,,,,,,,
Jurassic World Evolution,,,,,,,,,,,,,,,,,
Jurassic World Evolution,,,,,1,,,,,,,,,,,,
Jurassic World Evolution,,,,,1,,,,,,,,,,,,
Jurassic World Evolution,,,,,,,,,,,,,,,,,
Jurassic World Evolution,,,,,1,,,,,,,,,,,,-1
Jurassic World Evolution,,,,,1,,,,1,,,,,,,,
Jurassic World Evolution,,,,,1,-1,-1,,,,,,,-1,,,
Jurassic World Evolution,,,,,1,,,,1,,,,,,,,
Jurassic World Evolution,-1,,-1,,,,,,,,,,,,,,
Jurassic World Evolution,,,,,,,,,,,,,,,-1,-1,
Jurassic World Evolution,,,,,,,,,,,,,,,,,
Jurassic World Evolution,,,,,1,,,,,,,,,,,,
Jurassic World Evolution,,,,,,,,,,,,,,,,,
Jurassic World Evolution,,,,,1,,,,,,,,,,,,
Jurassic World Evolution,,,,1,1,,,,,,,,,,,,
Jurassic World Evolution,,,,,1,-1,,,,,,,,,-1,,
Jurassic World Evolution,,,,,,,,,,1,,,,,,,
Jurassic World Evolution,,,,-1,1,,-1,,,,,,,-1,,,
Jurassic World Evolution,,,,1,1,,,,,,,,,,,,
Jurassic World Evolution,,,,,1,,,,,,,,,-1,,-1,
Jurassic World Evolution,,,,,1,,,,,,,,,,,,
Jurassic World Evolution,,,,,,,,,,,,,,,,,
Jurassic World Evolution,,,,,,,,,,,,,,,,,
Jurassic World Evolution,,,,,,,,,,,,,,,,,
Jurassic World Evolution,,,,,,-1,,,,,,,,-1,,,
Jurassic World Evolution,,,,,,,,,,,,,,,,,
Jurassic World Evolution,,,,,,,,,,,,,,,,,
Jurassic World Evolution,-1,-1,-1,1,1,-1,1,1,,,-1,,,-1,-1,-1,-1
Jurassic World Evolution,,,,,,,,,,,,,,,,,
Jurassic World Evolution,,,,,,,,,,,,,,,,,
Jurassic World Evolution,,,,,1,,,,,,,,,,,,
Jurassic World Evolution,,,,,,,,,,,,,,,,,
Jurassic World Evolution,,,,,,,,,,,,,,,,,
Jurassic World Evolution,,,,,,-1,,,,,,,,-1,,,
Jurassic World Evolution,,,,,1,,,,,,,,,,,,
Jurassic World Evolution,-1,,-1,,-1,,,,,,,,,,,,
Jurassic World Evolution,,,,1,1,,,0,,,,,,1,,,
Jurassic World Evolution,,,,,,-1,-1,,,,,,,,,,
Jurassic World Evolution,,,,,1,,,,1,,,,,,,,
Jurassic World Evolution,,,,,1,,,,,,,,,,,,
Jurassic World Evolution,,,,1,1,-1,1,-1,0,-1,,-1,-1,,-1,-1,-1
Jurassic World Evolution,,,,,,,,,,,,,,,,,
Jurassic World Evolution,,,,,,,,,,,,,,,,,
Jurassic World Evolution,,,,,,,,,,,,,,,,,
Jurassic World Evolution,,,,,,,,,,,,,,,,,
Jurassic World Evolution,,,,,0,,,,,,,,,,,,
Jurassic World Evolution,,,,,,,,,,,,,,,-1,,
Jurassic World Evolution,,,,,1,,,,,,,,,,,,
Jurassic World Evolution,,,,,,,,,,,,,,,,,
Jurassic World Evolution,,,,,,,,,,,,,,,,,
Jurassic World Evolution,,,,,1,,,,,,,,,0,,,
Jurassic World Evolution,,,,,,,,,,,,,,,,,
Jurassic World Evolution,,,,-1,1,-1,,-1,,-1,,-1,,,-1,,-1
Jurassic World Evolution,,,,,1,,,,,,,,,,,,
Jurassic World Evolution,,,,,,,,,,,,,,,,,
Jurassic World Evolution,,,,,,,,,,,,,,,,,
Jurassic World Evolution,,,,,1,,,,,,,,,,,,
Jurassic World Evolution,,,,,,-1,,,,,,,,,,,
Jurassic World Evolution,-1,1,,1,1,,,,1,,1,,,,,-1,-1
Jurassic World Evolution,0,1,0,1,1,,,,0,,1,,,0,,,
Jurassic World Evolution,,,,,1,,,1,,,,1,,,,,0
Jurassic World Evolution,,,,1,1,,,,,,,0,,,0,-1,-1
Jurassic World Evolution,,-1,-1,,,,,,,,,,,,,,
Jurassic World Evolution,,,,,1,,,,0,,,,,,,,
Jurassic World Evolution,,,,,1,,,,,,,,,,,,
Jurassic World Evolution,-1,-1,-1,-1,1,-1,,-1,,,,-1,,,-1,-1,-1
Jurassic World Evolution,,,,1,1,-1,1,1,,,,1,,-1,-1,-1,-1
Jurassic World Evolution,,,,,1,,,,,,,,,,,,
Jurassic World Evolution,,,,,1,,,,,,,,,,,,
Jurassic World Evolution,,,,,1,,,,,,,,,,,,
Jurassic World Evolution,,,,1,1,,,,,,,,,,,,-1
Jurassic World Evolution,,,,,1,,,1,,,,,,,,,-1
Jurassic World Evolution,-1,,-1,,1,,,,,,,,,-1,,,
Jurassic World Evolution,,,,1,1,,,1,,,,1,,,0,-1,1
Jurassic World Evolution,,,,,,,,,,,,,,,,,
Jurassic World Evolution,,,,,1,-1,,-1,,1,,,,,-1,-1,-1
Jurassic World Evolution,,,,,0,,,0,,,,0,,,-1,,
Jurassic World Evolution,,,,-1,1,,,,,,,,,,,,-1
Raft,,,,,,,,,,,,,,,,,
Raft,,,,0,1,,,,,,,,,,,,
Raft,,,,,1,,,,,,,,,,,,-1
Raft,,,,,-1,-1,,,,,,,,,-1,-1,-1
Raft,,,,,1,,,,,,,,,,,,
Raft,,,,,,,1,,,,,,,,,,
Raft,,,,,1,,,,,,,,,,,,
Raft,,,,1,0,,,,,,,-1,,,,,-1
Raft,,,,,,,,,,,,,,,,,
Raft,,,,,,,,,,,,,,,,,
Raft,,,,1,1,,,,,,,,,,,-1,
Raft,,,,,,,,,,,,,,,-1,,-1
Raft,,,,,,,,,,,,,,,,,
Raft,,,,-1,1,,,,,,,,,,,,-1
Raft,,,,,1,,,,,,,,,,,,
Raft,,,,,,,,,,,,,,,-1,-1,
Raft,,,,,1,,,,,,,,,,,,
Raft,,,,,1,,,,,,,,,,,,
Raft,,,,,1,,,,,,,,,,,,
Raft,,,,,,,,,,,,,,,,,
Raft,,,,,1,,,,,,,,,,,,
Raft,,,,,1,,,1,,,,1,,,,,
Raft,,,,1,1,,,1,,,,,,,,,-1
Raft,,,,,1,,,,,1,,,,,,,
Raft,,,,,1,,,,,,,,,,,,
Raft,,,,1,1,,,,,,,1,,,,,1
Raft,,,,,1,,,,,,,,,,,,
Raft,,,,,1,-1,,,,,,,,,,-1,-1
Raft,,,,,,,,,,,,,,,,,
Raft,,,,,,,,,,,,,,,,,
Raft,,,,,1,,,,,,,,,,,,
Raft,,,,,,,,,,,,,,,,,
Raft,,,,,,,,,1,1,,,,,,,
Raft,,,-1,,1,,,0,,,,0,,,,,-1
Raft,,,,,1,,,,,,,,,-1,,,
Raft,,,,,1,,,,,,,,,,,,
Raft,,,,,,,,,,,,,,,,,
Raft,,,,,1,,,,,,,1,,,,,
Raft,,,,,,,,,,,,,,,,,
Raft,,,,,1,,,1,,,,,,,,,
Raft,,,,,1,,1,1,,,,,,,,,
Raft,,,,,,,,,,,,,,,,,
Raft,,,,,,,,,,,,,,,,,
Raft,,,,,,,,,,,,,,,,,
Raft,,,,,-1,,,,-1,,,-1,,,,,
Raft,,,,1,1,,,,,,,,,,,,-1
Raft,,,,,,,,,,,,,,,,,
Raft,,,,,1,,,,,,,,,,,,
Raft,,,,,,,,,,,,,,,,,
Raft,,,,,,,,,,,,,,,,,
Raft,,,,,,,,,,,,,,,,,
Raft,,,,,,,,,,,,,,,,,
Raft,,,,,1,,,,,,,,,,,,
Raft,,,,,,,,,,,,,,,,,
Raft,,,,,1,,,,,,,,,,,,
Raft,,,,,1,,,,,,,,,,,,
Raft,,,,,,,1,,,,,,,,,,
Raft,,,,,,,,,,,,,,,,,
Raft,,,,,1,,,,,,,,,,,,
Raft,,,,,1,-1,,-1,,,,,,-1,,,
Raft,,,,1,1,,,1,,,,,,,0,-1,-1
Raft,,,,0,0,,,0,,,,-1,,,-1,-1,-1
Raft,,,,,,,,,,,,,,,,-1,
Raft,,,,,1,,,1,,,,0,,,-1,,-1
Raft,,,,,1,,,,,,,,,,,,
Raft,,-1,-1,,1,-1,1,,-1,-1,-1,-1,,,,,-1
Raft,,,,,,,,,,,,,,,,,
Raft,,,,,,,,,,,,,,,,,
Raft,,,,0,1,,,,,,,,,,,,
Raft,,,,,1,,,,,,,,,,,,
Raft,,,,,,,,,,,,,,,,,
Raft,,,,,1,,,,,,,,,,,,
Raft,,,,,,,,,,,,,,,,,
Raft,,,,,-1,,,,,,,,,,,,
Raft,,,,,,,,,,,,,,,,,
Raft,,,,,1,,,,,,,,,,,,-1
Raft,,,,1,1,,,1,,,,,,,,,
Raft,,,,,,,,,,,,,,,,,
Raft,,,,,1,,,,,,,,,,,-1,
Raft,,,,,1,-1,,,,,,,,,,,
Raft,,,,,1,,,,,,,,,,,,
Raft,,,,,,-1,,,,,,,,,-1,,
Raft,,,,,,,,,,,,,,,,,
Raft,,1,,,1,,,,1,,1,,,,,,
Raft,,,,,,-1,,,,,,,,,,-1,
Raft,,,,,1,,,,,,,,,,,,
Raft,,,,,,,,,,,,,,,,,
Raft,,1,,,1,,,,1,,1,,,,,,
Raft,,,,,,,,,,,,,,,,,
Raft,,,,,,,,,,,,,,,,,
Raft,,,,,1,,1,,1,,,,,,,,
Raft,,,,,1,,,,,,,,,,,,
Raft,1,1,,,1,,,,1,,,,,,,,
Raft,,,,,0,,,,,,,,,,,,-1
Raft,,,,,1,,,,,,,,,,,,
Raft,,,,,,,,,,,,,,,,,
Raft,,,,,1,,-1,,,,,,,,,,
Raft,,,,,1,,,,,,,,,,,,
Raft,,,,,1,,,,,,,,,,,,
Raft,,,,,1,,,,,,,,,,,-1,
Stick Fight: The Game,,,,,1,,,,,,,,,,,,
Stick Fight: The Game,,,,,1,,,,,,,,,,,,
Stick Fight: The Game,,,,,,,,,,,,,,,,,
Stick Fight: The Game,1,,,,1,,,,,,,,,,,,
Stick Fight: The Game,,,,,,,,,,,,,,,,,
Stick Fight: The Game,,,,,1,,,,,,,,,,,,
Stick Fight: The Game,,,,,1,,,,,,,,,,,,
Stick Fight: The Game,,,,,1,,,,,,,,,,,,
Stick Fight: The Game,,,,,1,,,,,,,,,,,,
Stick Fight: The Game,,,,,1,,,,,,,,,,-1,,
Stick Fight: The Game,,,,,,,,,,,,,,,,-1,
Stick Fight: The Game,,,,,,-1,,,,,,,,,,,
Stick Fight: The Game,,,,,,,,,,,,,,,,,
Stick Fight: The Game,,,,,,,,,,,,,,,,,
Stick Fight: The Game,,,,,,,,,,,,,,,,,
Stick Fight: The Game,,,,,1,,,,,,,,,-1,,,
Stick Fight: The Game,,,,,1,,,,,,,,,,,,-1
Stick Fight: The Game,,,,,1,,,,,,,,,,,,
Stick Fight: The Game,,,,,1,,,,,,,,,,,,
Stick Fight: The Game,,,,,1,,1,,,,,,,,,,
Stick Fight: The Game,,,,,,0,,0,,,,,,,0,,
Stick Fight: The Game,,,,,,,,,,,,,,,,,
Stick Fight: The Game,,,,,1,,1,1,,,,,,,1,1,
Stick Fight: The Game,,,,,1,,,,,,,,,,,,
Stick Fight: The Game,,,,,1,,,,,,,,,,-1,-1,
Stick Fight: The Game,,,-1,,1,-1,,,,,,,,,,,
Stick Fight: The Game,,,,,1,,,,,,,,,,,,
Stick Fight: The Game,,,,,1,,,,,,,,,,,,
Stick Fight: The Game,,,,,1,,,,,,,,,,-1,,
Stick Fight: The Game,,,,,1,,,,,,,,,,,,
Stick Fight: The Game,,,,,1,,,,,,,,,,,,
Stick Fight: The Game,,,,,1,,,,,,,,,,,,
Stick Fight: The Game,,,,,1,,,,,,,,,,,,
Stick Fight: The Game,,,,,,,,,,,,,,,,,
Stick Fight: The Game,,,,,,,,,,,,,,,,,
Stick Fight: The Game,,,,,1,,,,,,,,,,,,
Stick Fight: The Game,,,,,,,,,,,,,,,,-1,
Stick Fight: The Game,,,,,,,,,,,,,,,,,
Stick Fight: The Game,,,,,-1,,,,,,,,,,,,
Stick Fight: The Game,,,,,,-1,,,,,,,,,,,
Stick Fight: The Game,,,,,1,1,,,,,,,,,,1,
Stick Fight: The Game,,,,,1,,,,,,,,,,,,
Stick Fight: The Game,,,,,1,,,,,,,,,,,,
Stick Fight: The Game,,,,,1,,,,,,,,,,,,
Stick Fight: The Game,,,,,1,,,,,,,,,,,,
Stick Fight: The Game,,,,,,,,,,,,,,,,,
Stick Fight: The Game,,,,,,,,,,,,,,,,,
Stick Fight: The Game,,,,,1,,,,,,,,,,,,
Stick Fight: The Game,,,,,1,-1,,,,,,,,,,-1,
Stick Fight: The Game,,,,,,1,,1,,,,,,,1,,
Stick Fight: The Game,,,,,,,,,,,,,,,,,
Stick Fight: The Game,,,,,,,,,,,,,,,,,
Stick Fight: The Game,,,,,,,,,,,,,,,,,
Stick Fight: The Game,,,-1,,1,-1,1,1,1,1,,,-1,-1,,,
Stick Fight: The Game,,,,1,1,,,,,,,,,,,,
Stick Fight: The Game,,,,1,,,,,,,,,,,1,,1
Stick Fight: The Game,,,,,,,,,,,,,,,,,
Stick Fight: The Game,,,,,,,,,,,,,,,,,
Stick Fight: The Game,,,,,,,,,,,,,,,,,
Stick Fight: The Game,,,,,,,,,,,,,,,,,
Stick Fight: The Game,,,,,0,,,,,,,,,,,,
Stick Fight: The Game,,-1,,,1,,,,1,,,,,,,,
Stick Fight: The Game,,,,,1,,,,,,,,,,,,
Stick Fight: The Game,,,,,,-1,,,,,,,,,,,-1
Stick Fight: The Game,,,,,1,,0,,,,,0,,,,,
Stick Fight: The Game,,,,,,,,,,,,,,,,,
Stick Fight: The Game,,,,1,1,,,,,,,,,,,,-1
Stick Fight: The Game,,,,,1,,,,,,,,,,,,
Stick Fight: The Game,,,,,,,,,,,,,,,,,
Stick Fight: The Game,,,,,,,,,,,,,,,,,
Stick Fight: The Game,,,,,1,,,,,,,,,,1,,
Stick Fight: The Game,,,,,1,,,,,,,,,,,,
Stick Fight: The Game,,,,,,,,,,,,,,,,,
Stick Fight: The Game,,,,,,,,,,,,,,,,,
Stick Fight: The Game,,,,1,1,,,,,,,,,,,,
Stick Fight: The Game,,-1,,,,-1,,-1,-1,-1,,,,,,,
Stick Fight: The Game,,-1,,,,,,,-1,,-1,,,,,,
Stick Fight: The Game,,,,,,,,,,,,,,,,,
Stick Fight: The Game,,,,,1,,,,,,,,-1,1,,,
Stick Fight: The Game,,,,,1,,,,,,,,,,,,-1
Stick Fight: The Game,,,,,1,,,,,,,1,,,,,
Stick Fight: The Game,,,,,,,,,,,,,,,-1,,
Stick Fight: The Game,-1,,-1,1,1,-1,1,1,0,,,0,-1,0,-1,-1,-1
Stick Fight: The Game,,,,,0,,,,,,,,,,,,-1
Stick Fight: The Game,,,,,,,,,,,,,,-1,,,
Stick Fight: The Game,,,,,,,,,,,,,,,,,
Stick Fight: The Game,,,,,,,,,,,,,,,,,
Stick Fight: The Game,,,,,1,,1,,,,,,,,,,
Stick Fight: The Game,0,,-1,,,,,,,,,,,,,,
Stick Fight: The Game,,,,,1,-1,,,,,,,,,,,-1
Stick Fight: The Game,,,,,1,-1,,,,,,,,,-1,,-1
Stick Fight: The Game,,,,-1,-1,,,,,,,,,,,-1,-1
Stick Fight: The Game,,,,,1,,,,,,,,,,,,
Stick Fight: The Game,,,,,1,,,,,,,,,,,-1,
Stick Fight: The Game,,,,,1,,,,,,,,,,,,
Stick Fight: The Game,,,,,,,1,,,,,,,0,,,
Stick Fight: The Game,-1,,-1,,,,,,,,,,,-1,,,
Stick Fight: The Game,,,,,,-1,,,,,,,,,,,-1
Stick Fight: The Game,,,-1,,,,,,,,,,,,,,
Stick Fight: The Game,,,,,1,,,,,,,,,,,,
Hell Let Loose,,,,,,,,,,,,,-1,,,,
Hell Let Loose,,,,,-1,-1,,,,,,,,,-1,,
Hell Let Loose,,,,,1,,,,,,,,,,,,
Hell Let Loose,,,,,1,,,,,,,,,,,,
Hell Let Loose,-1,,-1,,1,,,1,,,,,,,,,
Hell Let Loose,,,,,1,-1,,,,,,,,,-1,-1,-1
Hell Let Loose,,,,,1,,,,,,,,,-1,,,
Hell Let Loose,,,,,,,,,,,,,,,,,
Hell Let Loose,,,,,0,,-1,,,,,,,,,,
Hell Let Loose,,,,,1,,,,,,,,,,-1,-1,
Hell Let Loose,,,,,1,,,,,,,,,,,-1,
Hell Let Loose,,,,,,-1,,,,,,,,,,,
Hell Let Loose,,,,,1,,,,,,,,,,,,
Hell Let Loose,-1,,-1,,,,,,,,,,,,-1,-1,-1
Hell Let Loose,,,-1,,1,-1,,,,,,,-1,-1,,,
Hell Let Loose,-1,1,-1,1,1,-1,1,,1,,1,,,,-1,-1,-1
Hell Let Loose,1,1,-1,1,1,-1,1,-1,1,,1,1,,,-1,-1,-1
Hell Let Loose,,,,,1,,,,,,,,,,,,
Hell Let Loose,,,,,,,,,,,,,,,-1,-1,
Hell Let Loose,-1,,,1,1,,,,,,,,,,0,-1,
Hell Let Loose,,,,,,,,,,,,,,,,,
Hell Let Loose,,,,,1,,,,,,,,,,,,
Hell Let Loose,,,,,,,,,,,,,,,,,
Hell Let Loose,,,,,,,,,,,,,,,,,
Hell Let Loose,,,-1,,,,,,,,,,,-1,,,
Hell Let Loose,,,,-1,1,,,-1,,,,,,-1,,,
Hell Let Loose,,,,,,,,,,,,,,,-1,,
Hell Let Loose,,,,,1,,,,,,,,,,,,
Hell Let Loose,,,,0,,,,,,,,,,,-1,-1,-1
Hell Let Loose,,,,,-1,,,,,,,,,,,,
Hell Let Loose,,,,,,,,,,,,,,,-1,,
Hell Let Loose,,,,,1,-1,,,,,,,,,,-1,
Hell Let Loose,,,,,1,,,,,,,,,,,,
Hell Let Loose,-1,1,,,1,,,,1,,,,,,,,
Hell Let Loose,,,,,1,,1,,,,,,-1,-1,,,
Hell Let Loose,,,,,,,,,,,,,,,,,
Hell Let Loose,-1,,-1,,,,,,,,,,,,,,
Hell Let Loose,-1,,-1,,,,,,,,,,,,,,
Hell Let Loose,,,,,,,,,,,,,,,,,
Hell Let Loose,,,,,1,-1,,,,,,,,,-1,-1,
Hell Let Loose,,,,,1,,1,,,,,1,,,,,
Hell Let Loose,,,,,1,,,,,,,,,,-1,,
Hell Let Loose,,,,,1,,,,,,,,,,,,
Hell Let Loose,,,,,1,,,,,,,,,,,,
Hell Let Loose,,,,,1,,,,,,,,,,,,
Hell Let Loose,,,,,,1,,,,,,,,,1,,
Hell Let Loose,,,,,,,,,,,,,,,-1,-1,
Hell Let Loose,,,,,1,,,,,,,,,,,,
Hell Let Loose,,,,,,,,,,,,,,,,,
Hell Let Loose,,,,,,,,,,,,,,,,,
Hell Let Loose,,-1,,-1,1,-1,-1,0,0,,-1,,,,-1,-1,-1
Hell Let Loose,,,,,1,,,,,,,,,,,1,
Hell Let Loose,,,,,0,,,,,,,,,,,,
Hell Let Loose,,,,,,,,,,,,,,,,,
Hell Let Loose,,,,,,,,,,,,,,,,,
Hell Let Loose,,,,,-1,-1,,,,,,,,-1,,-1,
Hell Let Loose,-1,,-1,,1,,,,,,,,,,,,
Hell Let Loose,,,,,,,,,,,,,,,,,
Hell Let Loose,1,1,-1,,1,1,1,,1,1,1,,,1,-1,1,
Hell Let Loose,,,,,1,,1,,,,,,,,,,
Hell Let Loose,,,,,,,,,,,,,,,0,,-1
Hell Let Loose,,,,,1,-1,,,,,,,,-1,,,
Hell Let Loose,,,,,-1,-1,,,,,,,,,,-1,
Hell Let Loose,,,,,,,,,,,,,,,,,
Hell Let Loose,,,,,1,,,,,,,,,,,,
Hell Let Loose,-1,-1,-1,,,,,,,,,,,,-1,-1,
Hell Let Loose,1,1,,,1,,,1,1,,,,,,,,
Hell Let Loose,,,,,,,,,,,,,,,,,
Hell Let Loose,,,,,1,,,,,,,,,,,,
Hell Let Loose,,,,,,,,,,,,,,,-1,,
Hell Let Loose,,,,,,,,,,,,,,,,,
Hell Let Loose,,,,,,,,,,,,,,,,,
Hell Let Loose,,,,,1,,,,,,,,,,,,
Hell Let Loose,,,,,1,-1,,,,,,,,,,-1,
Hell Let Loose,,,,,,,,,,,,,,,,,
Hell Let Loose,,,,,,,,,,,,,,,1,1,
Hell Let Loose,,,,,1,,,,,,,,,,,,
Hell Let Loose,,,,,1,,,,,,,,,,,,
Hell Let Loose,,,,,1,,,,,,,,,,,1,
Hell Let Loose,,,,1,1,-1,,1,1,-1,,1,,,-1,,-1
Hell Let Loose,0,0,0,0,1,0,1,0,0,0,0,0,,0,0,0,0
Hell Let Loose,,,,,1,,,,-1,-1,,,,,-1,-1,
Hell Let Loose,,,,1,1,,,1,,,,,,,1,-1,-1
Hell Let Loose,1,1,-1,1,1,-1,,1,,,,1,,0,-1,-1,-1
Hell Let Loose,,,,1,1,,1,1,1,,,1,,,,,
Hell Let Loose,,,,,1,,,-1,-1,1,,-1,,,-1,-1,-1
Hell Let Loose,,,,0,1,,,,,,,,,,,-1,-1
Hell Let Loose,,,,,1,,,,,,,,,,,,-1
Hell Let Loose,,,,,1,,,,1,1,,,,,-1,-1,
Hell Let Loose,,,,,1,,1,,,,,,,,,-1,
Hell Let Loose,,,,-1,-1,-1,,-1,,,,,,,-1,-1,-1
Hell Let Loose,,,,1,1,,,1,,,,1,,,,,
Hell Let Loose,,,,,1,,,,,,,,,,,,
Hell Let Loose,,,,-1,,,,,,,,,,,,,
Hell Let Loose,,,,,1,,1,,1,,,,,,,,
Hell Let Loose,,,,,,,,,,,,,,,,,
Hell Let Loose,,-1,,,,,-1,,-1,-1,-1,,,,,,
Hell Let Loose,,,,,1,,,,,,,,,,,,
Hell Let Loose,,,,,1,,,1,,,,,,,,,
Hell Let Loose,,,,1,1,,1,,,,,,,1,,,
Planet Zoo,1,1,0,1,1,,1,1,1,1,1,1,,0,,1,
Planet Zoo,,,,,1,,0,,1,,,,,,,-1,
Planet Zoo,,,,,1,,,,,,,,,,,,
Planet Zoo,,,,-1,1,,,,,,,,,-1,,,
Planet Zoo,-1,-1,,,,,,,,,,,,,,-1,
Planet Zoo,,,,,1,,1,,1,,,,,,-1,,
Planet Zoo,,,,,1,,,,,,,,,,-1,,-1
Planet Zoo,,,,-1,1,,,-1,,,,,,,-1,-1,-1
Planet Zoo,,,,1,1,-1,-1,-1,,,,1,,0,-1,-1,-1
Planet Zoo,,,,,1,-1,1,-1,-1,-1,,-1,,,-1,-1,
Planet Zoo,,,,,,,,,,,,,,,,,
Planet Zoo,,-1,,,1,-1,,-1,-1,-1,,,,,-1,,-1
Planet Zoo,,,,,1,,,,-1,-1,,,,,-1,,
Planet Zoo,,,,,,,,,,,,,,,,,
Planet Zoo,,,,,1,,,,,,,,,,,,
Planet Zoo,,,,,1,,,1,,,,,,,,,
Planet Zoo,-1,,-1,,1,-1,,,,,,,,,,,
Planet Zoo,,,,,1,,,,,,,,,,,,
Planet Zoo,,,,-1,,,,,,,,,,,,,
Planet Zoo,-1,-1,,,1,,,,-1,,,,,,-1,-1,
Planet Zoo,,,,,1,,,,,,,,,,,,
Planet Zoo,,,,,1,,,,,,,,,,,-1,
Planet Zoo,,,,,1,,,,1,1,,,,,,,
Planet Zoo,,,,,1,,,,1,1,,,,,-1,,
Planet Zoo,,,,1,1,,,,,,,,,1,,-1,
Planet Zoo,,,,,,,,,,1,,,,,,,
Planet Zoo,,,,-1,1,,-1,1,1,,,-1,,,,,
Planet Zoo,,,,,1,,,,,,,,,,,,
Planet Zoo,,,,1,1,,1,1,,,,,,,0,1,-1
Planet Zoo,,,,,1,,,,,,,,,,,,
Planet Zoo,,,,,1,,,-1,,,,,,,-1,-1,
Planet Zoo,,,,,1,,,,1,1,,,,,,,
Planet Zoo,,,,,1,,,,,,,,,,,,
Planet Zoo,,,,,1,,,,,,,,,,,,
Planet Zoo,-1,,-1,,1,-1,-1,-1,,,,,,-1,-1,,-1
Planet Zoo,,-1,,,1,,,,1,,-1,,,,,,
Planet Zoo,,,,,1,,,,1,1,,,,,-1,-1,
Planet Zoo,,,,,1,,,,,,,,,,,,
Planet Zoo,,,,,1,,,,,,,,,,,,
Planet Zoo,,,,,1,,,,,,,,,,,,
Planet Zoo,,,,,,,,,,,,,,,,,
Planet Zoo,,,,,,,,,,,,,,,,,
Planet Zoo,,,,,1,,,,1,,,,,,,,
Planet Zoo,,,,,1,,,,,,,,,,,,
Planet Zoo,,,,,1,,,,,,,,,,,,
Planet Zoo,,,,,1,,,,,,,,,,,,
Planet Zoo,-1,,-1,1,1,,,1,1,1,,1,,,-1,-1,-1
Planet Zoo,,,,,,,,,,,,,,,,,
Planet Zoo,,,,,,,,,,,,,,,,,
Planet Zoo,,,,,1,,,,,,,,,,,,
Planet Zoo,,,,,,,,,,,,,,,,,
Planet Zoo,,,,,1,,,,,,,,,,,,
Planet Zoo,,,,,,,,,,,,,,,,,
Planet Zoo,,,,,,,,,,,,,,,,,
Planet Zoo,,,,,,,,,,,,,,,,,
Planet Zoo,,,,,1,,,,,,,,,,,,
Planet Zoo,,,,,1,,,,,,,,,,,,
Planet Zoo,,,,,,,,,,1,,,,,,,
Planet Zoo,,,,1,1,,,1,1,1,,-1,,,-1,-1,-1
Planet Zoo,,,,,1,,,,,,,,,,,,
Planet Zoo,,,,,1,,,,,,,,,,,-1,
Planet Zoo,,,,,,,,,,,,,,,,,
Planet Zoo,,,,,1,,,,,,,,,,,,
Planet Zoo,,,,1,1,,,1,,,,,,,,,
Planet Zoo,,,,,,,,,,,,,,,,,
Planet Zoo,,,,,1,,,,,,,,,1,,,
Planet Zoo,,,,,1,,,,,,,,,,,,
Planet Zoo,,,,1,1,,,,,,,,,,,,1
Planet Zoo,,,,,1,-1,,0,,,,,,,-1,-1,-1
Planet Zoo,,,,,1,,,,,,,,,,,,-1
Planet Zoo,,,,,1,,,,,,,,,0,,,
Planet Zoo,,,,,,,,,,,,,,,,,
Planet Zoo,,,,,0,,,,,,,,,,,-1,
Planet Zoo,,,,,1,,,,,,,,,,,,
Planet Zoo,,,,,1,,,,,,,,,,,,
Planet Zoo,,,,,,,,,,,,,,,-1,,
Planet Zoo,,,,,1,,,,,,,,,,,,
Planet Zoo,,,,1,1,,,1,,,,,,,1,1,-1
Planet Zoo,,,,-1,1,-1,-1,-1,,,,,-1,-1,-1,-1,-1
Planet Zoo,,,,,,-1,,,,,,,,-1,,,
Planet Zoo,,,,,1,,,,,,,,,,,,
Planet Zoo,-1,1,-1,,1,-1,,,,,,,,0,-1,-1,-1
Planet Zoo,,,,,1,,,,,,,,,,,,
Planet Zoo,,,,,,,,,,,,,,,,,
Planet Zoo,,,,1,1,,,,,,,,,1,,,
Planet Zoo,-1,-1,,1,1,-1,1,1,1,1,-1,1,-1,-1,-1,-1,-1
Planet Zoo,,,,,,,,,,,,,,,,,
Planet Zoo,,1,-1,1,1,-1,1,1,0,1,1,1,,,0,-1,-1
Planet Zoo,,,,,1,,0,1,,,,,,,,,
Planet Zoo,0,1,0,1,1,0,1,1,0,0,1,0,0,0,0,0,0
Planet Zoo,,,,,1,,,,,,,,,,,,
Planet Zoo,,,,1,1,-1,1,1,,,,,,-1,-1,-1,-1
Planet Zoo,,,,,1,,,,,,,,,,,,
Planet Zoo,0,1,-1,0,1,,1,1,0,,,,,,,-1,
Planet Zoo,,,,,1,,,,,,,,,,,,
Planet Zoo,,,,1,1,,,1,,,,,,,-1,-1,-1
Planet Zoo,,,,0,-1,,,,,,,,,,,,
Planet Zoo,,,,,1,-1,,,,,,,,-1,,,
Planet Zoo,,,,,1,,1,,,,,,,,,,
Planet Zoo,,,,,1,,1,,,,,,,,,,
A Total War Saga: THRONES OF BRITANNIA,,,,,,-1,-1,,,,,,,-1,,,
A Total War Saga: THRONES OF BRITANNIA,,,,,,,1,,,,,,,,,,
A Total War Saga: THRONES OF BRITANNIA,,,,,1,,,,,,,,,,,,
A Total War Saga: THRONES OF BRITANNIA,,,,,,,,,,,,,,,,,
A Total War Saga: THRONES OF BRITANNIA,,,-1,-1,0,,,,,,,,,,-1,-1,-1
A Total War Saga: THRONES OF BRITANNIA,,,,,1,,1,,,,,,,,,,
A Total War Saga: THRONES OF BRITANNIA,,,,1,1,,,,,,,,,-1,,,
A Total War Saga: THRONES OF BRITANNIA,,,,,,,,,,,,,,,,,
A Total War Saga: THRONES OF BRITANNIA,,,,,,,,,1,1,,,,1,,,
A Total War Saga: THRONES OF BRITANNIA,,,,,-1,,,,-1,,,,,,-1,-1,
A Total War Saga: THRONES OF BRITANNIA,-1,,-1,1,1,,1,-1,0,,,,,-1,,-1,
A Total War Saga: THRONES OF BRITANNIA,,,,,,-1,,,,,,,,,,,
A Total War Saga: THRONES OF BRITANNIA,,,,,,,,,,,,,,,,,
A Total War Saga: THRONES OF BRITANNIA,,,,,1,,,,,,,,,,,,
A Total War Saga: THRONES OF BRITANNIA,,,,,1,,,,,,,,,,,,
A Total War Saga: THRONES OF BRITANNIA,,-1,,-1,1,,-1,,0,-1,-1,,,-1,,,
A Total War Saga: THRONES OF BRITANNIA,,-1,,,-1,,,,-1,,,,,,,,
A Total War Saga: THRONES OF BRITANNIA,,,,1,1,,1,1,,,,1,,1,,,
A Total War Saga: THRONES OF BRITANNIA,,,,,,,,,,,,,,,,,
A Total War Saga: THRONES OF BRITANNIA,,,,,,,,,,,,,,,,,
A Total War Saga: THRONES OF BRITANNIA,,,,,,,,,,,,,,,,,
A Total War Saga: THRONES OF BRITANNIA,,,,,1,,,,,,,,,,,,
A Total War Saga: THRONES OF BRITANNIA,,,,,,,,,,,,,,,,,
A Total War Saga: THRONES OF BRITANNIA,-1,1,,,1,,,,1,,1,,,,,,
A Total War Saga: THRONES OF BRITANNIA,,,,,,,,,,,,,,,,,
A Total War Saga: THRONES OF BRITANNIA,,,,,,,,,,,,,,-1,,,
A Total War Saga: THRONES OF BRITANNIA,,,,,1,,,,,,,,,,,,
A Total War Saga: THRONES OF BRITANNIA,,,,,1,,,,,,,,,,,,
A Total War Saga: THRONES OF BRITANNIA,,,,,,-1,,,,,,,,,-1,-1,
A Total War Saga: THRONES OF BRITANNIA,,,,,,,,,,,,,,,,,
A Total War Saga: THRONES OF BRITANNIA,,,,,1,,1,1,0,,,-1,,,,,
A Total War Saga: THRONES OF BRITANNIA,,,,,-1,,-1,,,,,,,,,,
A Total War Saga: THRONES OF BRITANNIA,,,,,,,,,,,,,,,,,
A Total War Saga: THRONES OF BRITANNIA,,,,,1,,,,,,,,,,,,-1
A Total War Saga: THRONES OF BRITANNIA,,,,,,,,,,,,,,,,,
A Total War Saga: THRONES OF BRITANNIA,,,,,1,,,,,,,,,,,,
A Total War Saga: THRONES OF BRITANNIA,-1,-1,,,0,-1,-1,-1,-1,,-1,,,,,,
A Total War Saga: THRONES OF BRITANNIA,,0,,1,0,,0,1,1,,-1,0,,,,,
A Total War Saga: THRONES OF BRITANNIA,,,,,0,-1,,,,,,,,-1,,,
A Total War Saga: THRONES OF BRITANNIA,,,,-1,-1,-1,-1,-1,,,,,,-1,-1,-1,-1
A Total War Saga: THRONES OF BRITANNIA,,,,,,,,,,,,,,,,,
A Total War Saga: THRONES OF BRITANNIA,,,,,,,,,,,,,,,,,
A Total War Saga: THRONES OF BRITANNIA,,,,,1,,-1,,,,,,,-1,,-1,
A Total War Saga: THRONES OF BRITANNIA,,,,,1,,,,,,,,,,,,
A Total War Saga: THRONES OF BRITANNIA,,,,,,,,,,,,,,,,,
A Total War Saga: THRONES OF BRITANNIA,,,,,1,1,1,1,1,1,,1,,,,1,
A Total War Saga: THRONES OF BRITANNIA,,,,,1,-1,,,,,,,,-1,,,
A Total War Saga: THRONES OF BRITANNIA,,,,,,,,,,,,,,,,,
A Total War Saga: THRONES OF BRITANNIA,,,,,,,,,,,,,,,,,
A Total War Saga: THRONES OF BRITANNIA,,,,,,,,,,,,,,,,,
A Total War Saga: THRONES OF BRITANNIA,,,,,,-1,,,,,,,,-1,-1,,
A Total War Saga: THRONES OF BRITANNIA,,,,-1,1,,,,,,,,,,,,
A Total War Saga: THRONES OF BRITANNIA,,,,,,,,,,,,,,,,,
A Total War Saga: THRONES OF BRITANNIA,,,,,,,,,,,,,,,,,
A Total War Saga: THRONES OF BRITANNIA,,,,,1,,,,,,,,,,,,-1
A Total War Saga: THRONES OF BRITANNIA,,,-1,,,,,,,,,,,,,,
A Total War Saga: THRONES OF BRITANNIA,,,,,1,,,,,,,,,,,,-1
A Total War Saga: THRONES OF BRITANNIA,,,,,1,,,,,,,,,,,,
A Total War Saga: THRONES OF BRITANNIA,,,,,1,,1,,,,,,,,,,
A Total War Saga: THRONES OF BRITANNIA,,,,,,,,,,,,,,,,,
A Total War Saga: THRONES OF BRITANNIA,,,,,1,,,,,,,,,,,,
A Total War Saga: THRONES OF BRITANNIA,,,,,,,,,,,,,,,,,
A Total War Saga: THRONES OF BRITANNIA,,,,,,,,,,,,,,,,,
A Total War Saga: THRONES OF BRITANNIA,,,,,1,,,,,,,,,,,,-1
A Total War Saga: THRONES OF BRITANNIA,,,,,,,,,,,,,,,,,
A Total War Saga: THRONES OF BRITANNIA,,,,,,-1,-1,,,,,,,,,,
A Total War Saga: THRONES OF BRITANNIA,1,1,-1,1,1,,1,1,0,,1,1,,,-1,-1,-1
A Total War Saga: THRONES OF BRITANNIA,,,,,1,,,,,,,,,,,,
A Total War Saga: THRONES OF BRITANNIA,,,,,,,,,,,,,,,,,
A Total War Saga: THRONES OF BRITANNIA,,,,,1,,-1,-1,0,0,,,,,,,
A Total War Saga: THRONES OF BRITANNIA,,,,-1,1,,,,,,,,,,,,
A Total War Saga: THRONES OF BRITANNIA,,,,,,,,,,,,,,,,,
A Total War Saga: THRONES OF BRITANNIA,,,,,1,,,,,,,,,,-1,,
A Total War Saga: THRONES OF BRITANNIA,,,,,,,,,,,,,,,,,
A Total War Saga: THRONES OF BRITANNIA,,,,,1,,,,,,,,,,,,
A Total War Saga: THRONES OF BRITANNIA,,,,1,1,,,,,,,,,,,,
A Total War Saga: THRONES OF BRITANNIA,,,,1,1,,1,,,,,,,1,,,
A Total War Saga: THRONES OF BRITANNIA,,,,,1,,,,,,,,,,,,
A Total War Saga: THRONES OF BRITANNIA,0,1,0,1,1,0,1,1,0,0,1,0,0,0,0,-1,0
A Total War Saga: THRONES OF BRITANNIA,,,,-1,1,,,,,,,,,,,,-1
A Total War Saga: THRONES OF BRITANNIA,1,1,-1,1,1,,1,1,1,,1,1,,,1,1,-1
A Total War Saga: THRONES OF BRITANNIA,,,,-1,1,,,-1,,,,-1,,,,,-1
A Total War Saga: THRONES OF BRITANNIA,,,,,0,,,,,,,,,,,-1,
A Total War Saga: THRONES OF BRITANNIA,,,,,1,,1,,1,1,1,1,,,,,
A Total War Saga: THRONES OF BRITANNIA,,,,,,,,-1,,,,-1,,,-1,,-1
A Total War Saga: THRONES OF BRITANNIA,,,,,1,,,,,,,,,,,,-1
A Total War Saga: THRONES OF BRITANNIA,,,,-1,1,,,-1,,,,-1,,,-1,-1,-1
A Total War Saga: THRONES OF BRITANNIA,,,,,-1,,,,,,,,,,,-1,
A Total War Saga: THRONES OF BRITANNIA,,,,1,1,-1,1,1,0,,,1,,,-1,-1,-1
A Total War Saga: THRONES OF BRITANNIA,,,,,1,,1,1,1,,,1,,,,,
A Total War Saga: THRONES OF BRITANNIA,,,,1,1,,,1,,,,,,,,,1
A Total War Saga: THRONES OF BRITANNIA,,,,1,1,,1,1,1,1,1,1,,,-1,-1,
A Total War Saga: THRONES OF BRITANNIA,,,,,1,,,,,,,,,,0,,
A Total War Saga: THRONES OF BRITANNIA,,,,,1,-1,1,1,,,,1,,,-1,-1,-1
A Total War Saga: THRONES OF BRITANNIA,,,,1,1,-1,1,1,,,,1,,,0,-1,-1
A Total War Saga: THRONES OF BRITANNIA,,,,-1,-1,,,-1,,,,-1,,,-1,-1,-1
A Total War Saga: THRONES OF BRITANNIA,,,,,1,-1,,,,,,,,,-1,-1,-1
A Total War Saga: THRONES OF BRITANNIA,,,,1,1,,1,1,1,,1,1,,1,,,
A Total War Saga: THRONES OF BRITANNIA,,,,-1,1,,,,,,,-1,,,,,-1
A Total War Saga: THRONES OF BRITANNIA,,,,0,1,-1,1,0,,,,0,,,-1,-1,-1
Cultist Simulator,,,,,1,,,,,,,,,,,,
Cultist Simulator,,,,1,0,,,,,,,,,,,-1,
Cultist Simulator,,,,1,1,-1,1,1,1,-1,1,1,-1,,-1,-1,-1
Cultist Simulator,,,,,,,,,,,,,,,,,
Cultist Simulator,,,,,1,,1,,,,,-1,,-1,,,
Cultist Simulator,,-1,,1,1,-1,1,1,1,-1,1,-1,-1,,-1,-1,-1
Cultist Simulator,-1,,-1,,1,,,,,,,,,-1,,-1,
Cultist Simulator,-1,1,,,1,,,,,,,,,,,-1,
Cultist Simulator,,,,,1,,1,1,,,,1,,,-1,-1,-1
Cultist Simulator,,,,1,1,,1,1,,,,1,,,0,-1,
Cultist Simulator,,,,,1,,1,1,,,,1,,,,,
Cultist Simulator,,,,0,1,-1,,0,0,0,,,,,-1,-1,-1
Cultist Simulator,,,,,,,,,,,,,,-1,,,
Cultist Simulator,,,,,,,,,1,,,,,,,,
Cultist Simulator,,,,,1,,,,,,,,,,,,
Cultist Simulator,,,,,1,-1,,,,,,,,-1,,,
Cultist Simulator,,,,-1,0,,,,,,,,,,,-1,-1
Cultist Simulator,,,,1,1,,1,1,1,,1,1,,,,,-1
Cultist Simulator,,,,,,-1,,,,,,,,,-1,-1,-1
Cultist Simulator,,1,,,1,,,,1,,1,,,,,,
Cultist Simulator,,,,,,,,,,,,,,,,,
Cultist Simulator,,,,0,0,,,,,,,,,,,,
Cultist Simulator,,,,0,1,,,,,,,,,,,,
Cultist Simulator,,,,-1,1,,,,,,,,,,-1,-1,-1
Cultist Simulator,,,,,,,,,,,,,,,,-1,
Cultist Simulator,,,,,1,,,1,,,,1,,,-1,,
Cultist Simulator,,,,,1,,,,,,,,,,,,-1
Cultist Simulator,,,,,,,,,,,,,,-1,,,
Cultist Simulator,,,,,1,,,,,,,,,,-1,-1,
Cultist Simulator,,,,,1,,,,,,,,,,,,
Cultist Simulator,,,-1,-1,1,,,-1,,,,-1,-1,,,,-1
Cultist Simulator,,,,,,,,,,,,,,,,,
Cultist Simulator,,,,,,,,,,,,,,1,,,
Cultist Simulator,,,,,,,,,,,,,,,,,
Cultist Simulator,,,,,,,,,,,,,,,,,
Cultist Simulator,,,,,,,,,,,,,,,,,
Cultist Simulator,,,-1,,,-1,,1,,,,,,-1,,,
Cultist Simulator,,,,-1,,,,,,,,,,,,-1,
Cultist Simulator,,,,1,1,,,,,,,,,,1,-1,-1
Cultist Simulator,,,,,1,,-1,-1,-1,,,-1,,,,,
Cultist Simulator,,,,,1,,-1,1,,,,1,,,,,
Cultist Simulator,,,,,,,,,,,,,,,,,
Cultist Simulator,,,,1,1,-1,-1,0,,,,0,,-1,-1,-1,-1
Cultist Simulator,,,,1,1,,,,1,,,1,,,,,
Cultist Simulator,,,,,1,,,,,,,,,,,,
Cultist Simulator,,,,,1,,,,,,,,,,-1,,
Cultist Simulator,,,,0,,,,,,,,,,,,-1,
Cultist Simulator,,,,1,1,,,,,,,,,,,,
Cultist Simulator,,,,1,1,,,,,,,,,,,,
Cultist Simulator,,,,1,1,,,1,,,,,,,,,
Cultist Simulator,,,,,,,,0,,,,,,,-1,,-1
Cultist Simulator,,,,,1,,,,,,,,,,,,-1
Cultist Simulator,,,,-1,1,,,,,,,,,,,-1,
Cultist Simulator,,,,1,1,-1,1,1,,,,,,0,-1,-1,-1
Cultist Simulator,,,,,1,,,,,,,,,,,,
Cultist Simulator,,,,,,,,,,,,,,,,,
Cultist Simulator,,,,1,1,,,,,,,,,,-1,-1,
Cultist Simulator,,,,,,,,,,,,,,,,,
Cultist Simulator,,,,0,1,,1,1,,,,1,,,,,-1
Cultist Simulator,,,,,,,,,,,,,,,,,
Cultist Simulator,,,-1,,1,-1,,,,,,,-1,,,,-1
Cultist Simulator,,-1,,1,1,-1,1,-1,0,-1,-1,-1,,-1,-1,-1,-1
Cultist Simulator,,,-1,1,1,-1,1,1,,,,1,-1,,-1,-1,-1
Cultist Simulator,,,,,1,,,,,,,,,,,,-1
Cultist Simulator,,,,,,,,,,,,,,,-1,,
Cultist Simulator,,,,,,0,,,,,,,,,0,,-1
Cultist Simulator,,,,,0,,1,1,,,,1,,,0,,
Cultist Simulator,,,,,,,,,,,,,,,,,
Cultist Simulator,,,,1,1,,,1,,,,,,,0,-1,-1
Cultist Simulator,,,,,,,,,,,,,,,,,
Cultist Simulator,,,-1,0,0,-1,-1,-1,0,-1,-1,-1,-1,-1,-1,-1,-1
Cultist Simulator,,,,,,,,,,,,,,,0,,
Cultist Simulator,,,,,,,,,,,,,,,-1,-1,
Cultist Simulator,,,,,1,,,,,,,,,,,-1,
Cultist Simulator,,,,,,,,,,,,,,,,-1,
Cultist Simulator,,,,,1,,,,,,,,,-1,,,
Cultist Simulator,,,,,,-1,,,,,,,,,-1,,
Cultist Simulator,,,,,1,,,,,,,,,,,-1,-1
Cultist Simulator,,,,,1,,-1,,,,,,,,,,
Cultist Simulator,,,,,,,,,,,,,,,,,
Cultist Simulator,,,,,1,-1,,,,,,,,,-1,-1,-1
Cultist Simulator,,,,-1,,,,,,,,,,,,,
Cultist Simulator,,,,,,,,,,,,,,,,,
Cultist Simulator,1,,-1,,1,-1,,1,,,,,,1,1,-1,
Cultist Simulator,,,,,1,,,,,,,,,,,,
Cultist Simulator,,,,,1,,,,,,,-1,,,,,
Cultist Simulator,,,,1,1,-1,,1,,,,1,,,-1,-1,-1
Cultist Simulator,,,,,1,,,,,,,,,,,,
Cultist Simulator,,,,,1,,,,,,,,,,,,
Cultist Simulator,,,,,,-1,,,,,,,,,,,-1
Cultist Simulator,,,,,,,,,,,,,,,,,
Cultist Simulator,,,,,1,,,,,,,,,,,,
Cultist Simulator,,,,-1,1,,,,,,,,,,-1,-1,-1
Cultist Simulator,,,,,1,,,,,,,,,,,,
Cultist Simulator,,,,,,,,,,,,,-1,,,,
Cultist Simulator,,,,,1,,,,,,,,,,,,
Cultist Simulator,,,,,,,,,,,,,,,,,
Cultist Simulator,,,-1,,1,-1,,,,,,,,,-1,,-1
Cultist Simulator,,,,,,,1,1,,,,,,,,,
Cultist Simulator,,,,,1,,,,,,,,,,,,
Overcooked! 2,,,,,,,,,,,,,,,,,
Overcooked! 2,,,,,,,,,,,,,,,,,
Overcooked! 2,,,,,,,,,,,,,,,,,
Overcooked! 2,,,,,,,,,,,,,,,,,
Overcooked! 2,,,,,,,,,,,,,,,,,
Overcooked! 2,-1,,,,1,,,,,,,,,,-1,-1,-1
Overcooked! 2,,,,,1,,,,,,,,,,,,
Overcooked! 2,,,,,1,,,,,,,,,,,,
Overcooked! 2,,,,,1,,,1,,,,,,,,-1,
Overcooked! 2,,,,1,1,,,,,,,,,,,,-1
Overcooked! 2,,,,,,,,,,,,,,,,,
Overcooked! 2,,,,,1,,,,,,,,,,-1,,
Overcooked! 2,,,,,1,,,,,,,,,,,,
Overcooked! 2,-1,-1,-1,,,-1,,-1,,,,,,,-1,,-1
Overcooked! 2,,,,,,,,1,,,,,,,1,,
Overcooked! 2,,,,,1,,,,,,,,,,,,
Overcooked! 2,,,,,,,,0,,,,,,,,,
Overcooked! 2,,,,,1,,,,,,,,,,,,
Overcooked! 2,,,,,1,,,,,,,,,,,,
Overcooked! 2,,,,,1,,,,,,,,,,,,
Overcooked! 2,,,,,0,,,,,,,,,,,,
Overcooked! 2,,,,,,,,,,,,,,,,,
Overcooked! 2,,,,,1,,,,,,,,,,,,
Overcooked! 2,,,,,1,,,,,,,,,,,,
Overcooked! 2,,,,,-1,-1,,,,,,,,,-1,-1,-1
Overcooked! 2,,,,,1,,,,,,,,,,,,-1
Overcooked! 2,,,,,,,,-1,,,,,,,-1,,-1
Overcooked! 2,,,,,1,,1,1,,,,,,,,,
Overcooked! 2,,,,,1,,,,,,,,,,,,
Overcooked! 2,,,,,,,,,,,,,,,,,
Overcooked! 2,,,,-1,1,,,,,,,,,,,,
Overcooked! 2,,,,,1,,,,,,,,,,,,
Overcooked! 2,,,,,,,,,,,,,,,,,
Overcooked! 2,,,,,1,,,,,,,,,,,,
Overcooked! 2,,,,,1,,,,,,,,,,,,
Overcooked! 2,,,,,1,,,,,,,,,,,,
Overcooked! 2,,,,,-1,,,,,,,,,,-1,-1,-1
Overcooked! 2,,,,,,,,,,,,,,,,,
Overcooked! 2,,,,,1,,,,,,,,,,,,
Overcooked! 2,,,,,1,,,,,,,,,,,,
Overcooked! 2,,,,,,,,,,,,,,,,,
Overcooked! 2,,,,,1,,,,,,,,,,-1,-1,
Overcooked! 2,,,,,,,,,,,,,,,,,
Overcooked! 2,,,,,-1,,,,,,,,,,,,
Overcooked! 2,,,,,,,,,,,,,,,,,
Overcooked! 2,,,,,1,,,,,,,,,,,,
Overcooked! 2,,,,,1,,,0,,,,,,,,,
Overcooked! 2,,,,,1,,,,1,1,,,,,,,
Overcooked! 2,,,,,,,,,,,,,,,,,
Overcooked! 2,,,,,,,,,,,,,,,,,
Overcooked! 2,,,,,1,,,,,,,,,,,,
Overcooked! 2,,,,,1,,,,,,,,,,,,
Overcooked! 2,,,,1,1,,,1,,,,,,,,,
Overcooked! 2,,,,,1,,,,,,,,,,,,
Overcooked! 2,,,,,,,,,,,,,,,,,
Overcooked! 2,,,,,1,,,,,,,,,,,,
Overcooked! 2,,,,-1,,,,,,,,,,-1,,,
Overcooked! 2,,,,,1,,,,,,,,,,,,
Overcooked! 2,,,,,,,,,,,,,,,,,
Overcooked! 2,,,,,1,,,,,,,,,,,,
Overcooked! 2,,,,-1,1,-1,,-1,,,,,,-1,-1,-1,-1
Overcooked! 2,,,,,,,,,,,,,,,,,
Overcooked! 2,,,,,,,,,,,,,,,,,
Overcooked! 2,,,,,,,,,,,,,,,-1,-1,
Overcooked! 2,,,,,1,,,,,,,,,,,,
Overcooked! 2,,,,,,,,,,,,,,,,,
Overcooked! 2,,,,,0,-1,,,,,,,,,,,-1
Overcooked! 2,,,,,,,,,,,,,,,,,
Overcooked! 2,,,,,1,,,,,,,,,,,,
Overcooked! 2,,,,,1,,,,,,,,,,,,
Overcooked! 2,,,,,,,,,,,,,,,,,
Overcooked! 2,,,,,1,,,,,,,,,,,,
Overcooked! 2,,,,-1,1,,,,,,,,,,,-1,
Overcooked! 2,,,,,,-1,,,,,,,,,-1,,
Overcooked! 2,,,,,1,,,,,,,,,,-1,,
Overcooked! 2,,,,,1,,,,,,,,,,,,
Overcooked! 2,,1,,,1,,,1,1,,,,,,,,
Overcooked! 2,,,,,,,,,,,,,,,,,
Overcooked! 2,,,,,,,,,,,,,,,,,-1
Overcooked! 2,,,,0,0,,,,,,,,,,,,-1
Overcooked! 2,,,,,,,,,,,,,,,,,
Overcooked! 2,,,,,,,,,,,,,,,,,
Overcooked! 2,,,,,1,,,,,,,,,,0,,-1
Overcooked! 2,,,,,,,,,,,,,,,,,
Overcooked! 2,,,,,,,,,,,,,,,,,
Overcooked! 2,,,,,,,,,,,,,,,,,
Overcooked! 2,,,,1,1,,,1,,,,1,,,,,
Overcooked! 2,,,,,,,,,,,,,,,-1,,
Overcooked! 2,,,,,,,,,,,,,,,,,
Overcooked! 2,,,,1,1,,,1,,,,,,,-1,-1,-1
Overcooked! 2,,,,,,-1,,,,,,,,,,-1,
Overcooked! 2,,,,,,,,,,,,,,,,,
Overcooked! 2,,,,,,,,,,,,,,,,,
Overcooked! 2,,,,,,,,,,,,,,,,,
Overcooked! 2,,,,,,,,,,,,,,,,,
Overcooked! 2,,,,,,,,,,,,,,,1,,
Overcooked! 2,,1,,1,1,1,1,1,1,1,1,1,,,1,1,-1
Overcooked! 2,,,,,,-1,,,,,,,,,,,
Overcooked! 2,,,,1,0,-1,1,1,,,,1,,,,-1,-1
Overcooked! 2,,,,,1,,1,,1,,,,,,1,1,
Baba Is You,,,,,,,,,,,,,,,-1,-1,
Baba Is You,,,,1,1,,1,1,,,,1,,,1,-1,-1
Baba Is You,,,,,,-1,,,,,,,,,-1,,
Baba Is You,,,,,1,,,,,,,,,,,,
Baba Is You,,,,,,,,,,,,,,,,,
Baba Is You,,,,,,,,,,,,,,,,,
Baba Is You,,,,,,,,,,,,,,,,,
Baba Is You,,,,,1,,,,,,,,,,,,
Baba Is You,,,,,,,,,,,,,,,,,
Baba Is You,,-1,,1,1,-1,1,-1,,,-1,-1,,-1,-1,-1,-1
Baba Is You,,,,,0,,,,,,,-1,,,,,
Baba Is You,,,,,1,,,,,,,,,1,0,,
Baba Is You,,,,,1,,,,,,,,,,,,-1
Baba Is You,,1,,1,1,,1,1,1,1,1,1,,,0,-1,
Baba Is You,,,,,,,,,,,,,,,,,
Baba Is You,,,,,1,,,,,,,,,,,,
Baba Is You,,,,,1,,,,0,1,,,,,-1,,
Baba Is You,,,,,,,,,,,,,,,,,
Baba Is You,,,,1,1,,,1,,,,,,,,,-1
Baba Is You,,,,,,,,,,,,,,,,,
Baba Is You,,,,,,,,,,,,,,,,,
Baba Is You,,,,,,,,,,,,,,,-1,,
Baba Is You,,,,,,,,,,,,,,,1,,
Baba Is You,,,,,1,,,,,,,,,,,-1,
Baba Is You,,,,,1,,,,,,,,,,,,
Baba Is You,,,,,-1,,,,,,,,,,,,
Baba Is You,,,,,,,,,,,,,,,,,
Baba Is You,,,,,1,,,,,,,,,,1,1,
Baba Is You,,,,,1,,,,,,,,,,,,-1
Baba Is You,,,,-1,,,,-1,,,,,,,-1,-1,
Baba Is You,,,,,1,,,,1,1,,,,,-1,-1,
Baba Is You,,,,,1,,,,,,,,,,-1,-1,
Baba Is You,,,,,1,,,,,,,,,,,,
Baba Is You,,,,1,1,,1,1,,,,,,,-1,-1,-1
Baba Is You,,,,,1,,,,1,1,,,,,,,
Baba Is You,,,,,,,,,,,,,,,,,
Baba Is You,,,,,,,,,,,,,,,,,
Baba Is You,,,-1,,,,,,,,,,,,,,
Baba Is You,,,,,,,,,,,,,,,,,
Baba Is You,,,,,,,,0,,,,,,,0,,-1
Baba Is You,,,,0,0,,,,,,,,,,,,-1
Baba Is You,,,,,1,,,,,,,,,,,,
Baba Is You,,,,,1,,,,,,,,,,,,
Baba Is You,,,,,,,,,,,,,,,,,
Baba Is You,,,,,,,,,,,,,,,,,
Baba Is You,,,,,,,,,,,,,,,,,
Baba Is You,,,,,1,,,,,,,,,,,,
Baba Is You,,,,,,,,,,,,,,,,,
Baba Is You,,,,,1,,,,,,,,,,1,,
Baba Is You,,,,,1,,1,,,,,,,,,,
Baba Is You,,,,,,,,,,,,,,,,,
Baba Is You,,,,,1,,,,,,,,,,,,
Baba Is You,,,,,,,,,,,,,,,,,
Baba Is You,,,,,1,,1,,,,,,,,,,
Baba Is You,,,,,1,,,,,,,,,,,,
Baba Is You,,,,,1,,,,,,,,,,-1,,
Baba Is You,,,,,,,,,,,,,,,,,
Baba Is You,,,,,1,,,,,,,,,,,,
Baba Is You,,,,,,,,,,,,,,,,,
Baba Is You,,,,,1,,,,,,,,,,,,
Baba Is You,,,,,,,,,,,,,,-1,,-1,
Baba Is You,,,,,1,,1,1,,,,,,,,,
Baba Is You,,,,,1,,,1,,,,,,,-1,-1,
Baba Is You,,,,,,,,,,,,,,,,,
Baba Is You,,,,1,1,-1,,1,,,,,,,1,,-1
Baba Is You,,,,-1,1,,,,,,,,,,,-1,-1
Baba Is You,,,,,,,,,,,,,,,,,
Baba Is You,,,,,1,,1,,,,,,,,,,
Baba Is You,,,,,,,,,,,,,,,,,
Baba Is You,,,,,1,,,,,,,,,,,,
Baba Is You,,,,,,,,,,,,,,,,,
Baba Is You,,,,,,,,,,,,,,,,,
Baba Is You,,,,,,,,,,,,,,,,,
Baba Is You,,,,,1,,1,1,,,,,,,1,,
Baba Is You,,,,,,,,,,,,,,,,,
Baba Is You,,,,,1,,,,,,,,,,,,
Baba Is You,,,,,,,,,,,,,,,,,
Baba Is You,,,,,1,,,,,,,,,,,,-1
Baba Is You,-1,1,-1,,1,,,,,,,,,,,-1,
Baba Is You,,,,1,1,,0,,,,,,,,,0,
Baba Is You,,,,,1,,-1,0,,,,,,,,,
Baba Is You,,,,1,1,-1,1,1,0,0,,0,,0,-1,-1,-1
Baba Is You,-1,,-1,,,,,,,,,,,-1,,,
Baba Is You,,,,,1,,,,,,,,,,,,
Baba Is You,,,,,,,,,,,,,,,,,-1
Baba Is You,,,,1,1,,,,,,,,,,,-1,-1
Baba Is You,,,,,,,,,,,,,,,,,
Baba Is You,,,,,-1,-1,,,,,,,,,,,-1
Baba Is You,,,,,1,-1,,,,,,,,,-1,-1,-1
Baba Is You,,,,,0,,,,,,,,,,,,
Baba Is You,-1,,-1,,,,,,,,,,,-1,,,
Baba Is You,,,,,,-1,,,,,,,,,-1,-1,
Baba Is You,,,,,1,,,,,,,,,,,,
Baba Is You,,,,,1,,,,,,,,,,,,
Baba Is You,,,,,1,,,,,,,,,,,,
Baba Is You,,,,,1,,,,,,,,,,,,-1
Baba Is You,,,,,1,,,,,,,,,,,,
Baba Is You,,,,,1,,,,,,,,,,,,
Baba Is You,,,,1,1,,1,1,,,,1,,,1,,-1
Baba Is You,,,,,1,,,,,,,,,,,,
Albion Online,-1,,,,,,,,,,,,,,,,
Albion Online,,,,,1,,,,,,,,,,,-1,
Albion Online,,,,,1,,,,,,,,,,,,
Albion Online,-1,-1,-1,1,1,,,,,,,,,-1,,-1,
Albion Online,,,,,1,,,,,,,,,,,,
Albion Online,,,,,,,,,,,,,,,,,
Albion Online,,,,,1,,,,,,,,,,-1,,-1
Albion Online,,,-1,,,,,,,,,,,-1,,,
Albion Online,,,,,,,,,,,,,,,,,
Albion Online,,,,,1,,,,,,,,,,,-1,
Albion Online,,,,,,,,,,,,,,,,,
Albion Online,,,,,1,,1,1,,,,1,,,,,
Albion Online,,,,,,,,,,,,,-1,,,,
Albion Online,,,,,1,,,,,,,,,,,,
Albion Online,,,-1,,1,,,,,,,,,,,,
Albion Online,,,,1,1,,,1,,,,,,,0,-1,-1
Albion Online,,,,,1,,,,,,,,,,,,
Albion Online,,,,,1,,,,,,,,,,,,
Albion Online,,,,,1,,,,,,,,,,,,
Albion Online,,,,,1,,,1,,,,,,,1,,1
Albion Online,,,,,,,,,,,,,,,,,
Albion Online,,,,,,,,,,,,,,,,,
Albion Online,,,,,,,,,,,,,,,,,
Albion Online,-1,,-1,,,,,,,,,,,-1,,,
Albion Online,,,,,,,,,,,,,,,,,
Albion Online,,,,,,,,,,,,,,,,,
Albion Online,,,,,-1,,,,,,,,,,,,
Albion Online,,,,-1,0,,,,,,,,,,,-1,
Albion Online,,,,,1,,,,,,,,,,,,
Albion Online,,,,-1,1,,,-1,,,,-1,,,,,-1
Albion Online,,,,,1,,,,,,,,,,,,
Albion Online,,,,,,,,,,,,,,,,,
Albion Online,,,-1,,,,,,,,,,,,,,-1
Albion Online,,,,,,,,,,,,,,,,,
Albion Online,,,,,,,,,,,,,,,,,
Albion Online,-1,,-1,,1,,,,,,,,,,,,-1
Albion Online,,1,,,1,,,,1,,,,,,1,,
Albion Online,,,,,0,,,,,,,,,,,,
Albion Online,,,-1,,,,,,,,,,-1,-1,,,
Albion Online,,,,,,,,,,,,,,,,,
Albion Online,,,,,1,,,,,,,,,,,-1,
Albion Online,,,,,,,,,,,,,,,,,
Albion Online,,,,,1,,,,,,,,,,,,-1
Albion Online,-1,,-1,,1,,,,,,,,,,,,
Albion Online,,,,,,,,,,,,,,,,,
Albion Online,,,,1,1,,,1,,,,,,,,,
Albion Online,,,,,,,,,,,,,,,,,
Albion Online,,,,,1,,,,,,,,,,-1,-1,
Albion Online,-1,,-1,,,,,,,,,,,-1,,,
Albion Online,,,,,,,,,,,,,,,,,
Albion Online,,,,,,,,,,,,,,,,,
Albion Online,,,,1,1,,,1,,,,,,,,-1,
Albion Online,,,,,1,,1,,,,,,,,,,
Albion Online,,,,,1,-1,,,,,,,,,-1,,-1
Albion Online,,,,,1,,0,,1,1,,,,,,,
Albion Online,,,,,,,,,,,,,,,,,
Albion Online,-1,,-1,,1,,,,,,,,,,,,
Albion Online,,,,,1,,,,,,,,,,,,
Albion Online,,,,,,,,,,,,,,,,,
Albion Online,,,,,1,,,,,,,,,,,,
Albion Online,,,,,1,,,,,,,,,,-1,-1,
Albion Online,-1,0,-1,1,1,-1,1,1,,,,,,0,-1,-1,-1
Albion Online,,,,,1,,,,,,,,,,,,
Albion Online,-1,,,,1,,,,,,,,,,,,
Albion Online,,,,,,,,,,,,,,,,,
Albion Online,-1,,,-1,1,,,,,,,,,,-1,-1,-1
Albion Online,,,,,,,,,,,,,,,,,
Albion Online,,,,,1,,,,,,,,,,,,
Albion Online,,,,,,,,,,,,,,,,,
Albion Online,,,,,,,,,,,,,,,,,
Albion Online,,,,,1,,,,,,,,,,,,
Albion Online,,,,,,,,,,,,,,,,,
Albion Online,,,,,1,,,,,,,,,,,,-1
Albion Online,,,,,1,-1,,1,,,,,,,0,,-1
Albion Online,,,,,1,,,,,,,,,,,,
Albion Online,,,,,,,,,,,,,,,,,
Albion Online,,,,1,,,,,,,,,,,,1,
Albion Online,,,,1,1,,1,1,1,,,0,,,,-1,
Albion Online,,,,1,1,,1,1,1,,1,1,,,,-1,
Albion Online,,,,,1,,,,,,,,,,-1,-1,
Albion Online,,,,,,,,,,,,,,,,,
Albion Online,,,,,,,,,,,,,,,,,
Albion Online,,,,,1,-1,,,,,,,,1,,-1,
Albion Online,,,,,,,,,,,,,,-1,,,
Albion Online,,,,,1,,,,,,,,,,,,
Albion Online,-1,,-1,,,,,,,,,,-1,-1,,,
Albion Online,,,,1,1,-1,1,1,,,,,,1,,-1,
Albion Online,,,,1,1,,,1,,,,,,,,,
Albion Online,,,,,,,1,,,,,1,,,,,
Albion Online,,,,,1,,,,,,,,,,,1,
Albion Online,,,,1,1,,0,,,,,,,-1,,-1,
Albion Online,,,,,1,-1,,1,,,,,,,0,-1,-1
Albion Online,,,,,1,,,,,,,,,,,,
Albion Online,-1,-1,,,,,,,,,,,,,,,
Albion Online,-1,,-1,,1,,,,,,,,,,,,
Albion Online,,,,,,-1,,,,,,,,-1,,,
Albion Online,,,,1,1,,,1,1,1,,,,,,,-1
Albion Online,,,,-1,1,,,,,,,-1,,,,,
Albion Online,-1,,-1,,1,,,,,,,,,-1,,,
Albion Online,,,,,1,,1,1,,,,,,,,,
Total War: THREE KINGDOMS,,,,,,,,,,,,,,-1,,,
Total War: THREE KINGDOMS,,,,1,1,,1,1,1,,,,,1,,,
Total War: THREE KINGDOMS,-1,,,,1,,,,,,,,,,-1,-1,
Total War: THREE KINGDOMS,,1,,1,1,,-1,1,1,,1,,,,,-1,
Total War: THREE KINGDOMS,,,,,,,-1,,,,,,,,,,
Total War: THREE KINGDOMS,,,,,,,,,,,,,,,-1,-1,
Total War: THREE KINGDOMS,,,,-1,,,,,,,,,,-1,,,
Total War: THREE KINGDOMS,,,,,,,,,,,,,,,,,
Total War: THREE KINGDOMS,,,,,,,,,,,,,,,,,
Total War: THREE KINGDOMS,,,,,,,,,,,,,,,,,
Total War: THREE KINGDOMS,,,,,,,,,,,,,,-1,,,
Total War: THREE KINGDOMS,,,,1,1,,,,,,,,,,,,
Total War: THREE KINGDOMS,,,,,,,,,,,,,,,,,
Total War: THREE KINGDOMS,,,,,1,,0,,1,,,1,,,0,-1,
Total War: THREE KINGDOMS,,,,,1,,,,,,,,,,,,
Total War: THREE KINGDOMS,,,,1,1,,1,,,,,,,1,,,
Total War: THREE KINGDOMS,,,,,1,,,,,,,,,,,,
Total War: THREE KINGDOMS,,,,,1,,,,,,,,,,,,
Total War: THREE KINGDOMS,-1,,-1,,1,,,,,,,,,,,,
Total War: THREE KINGDOMS,,,,,,,,,,,,,,,,,
Total War: THREE KINGDOMS,,,,,,,,,,,,,,,,,
Total War: THREE KINGDOMS,-1,,,,1,,,,,,,,,,,,
Total War: THREE KINGDOMS,-1,,-1,,,,,,,,,,,,,,
Total War: THREE KINGDOMS,,,,,1,,,,,,,,,,,,
Total War: THREE KINGDOMS,,,,,1,,,,,,,,,,,,
Total War: THREE KINGDOMS,,,,,,,,,,,,,,,,,
Total War: THREE KINGDOMS,,,,,,,,,,,,,,,,,
Total War: THREE KINGDOMS,,,,,1,,,,,,,,,,,,
Total War: THREE KINGDOMS,,,,,1,,,,,,,,,,,,
Total War: THREE KINGDOMS,,,,,,,,,,,,,,,,,
Total War: THREE KINGDOMS,,,,,1,,,,,,,,,,,,
Total War: THREE KINGDOMS,,,,,1,,,,,,,,,,,,
Total War: THREE KINGDOMS,-1,,-1,,,,,,,,,,,,,,
Total War: THREE KINGDOMS,,,,,,,,,,,,,,,,,
Total War: THREE KINGDOMS,,,,,,,,,,,,,,,,,
Total War: THREE KINGDOMS,,,,,1,,1,1,,,,,,,,,
Total War: THREE KINGDOMS,,,,,1,,,,,,,,,,,,
Total War: THREE KINGDOMS,-1,,-1,,,,,,,,,,,-1,,,
Total War: THREE KINGDOMS,,,,,1,,,,,,,,,,,,
Total War: THREE KINGDOMS,-1,-1,,,1,,,,1,,,,,,,,
Total War: THREE KINGDOMS,,,,,1,,,,,,,,,,,,
Total War: THREE KINGDOMS,-1,1,,,1,,,,1,,,,,,,,
Total War: THREE KINGDOMS,,,,,,,,,,,,,,,,,
Total War: THREE KINGDOMS,,,,,,,,,,,,,,,,,
Total War: THREE KINGDOMS,-1,,-1,,,,,,,,,,,-1,,,
Total War: THREE KINGDOMS,1,1,-1,1,1,-1,1,1,1,,,,,1,1,-1,-1
Total War: THREE KINGDOMS,,,,,1,,,,,,,,,,,,
Total War: THREE KINGDOMS,,,,,1,,,,,,,,,,,,
Total War: THREE KINGDOMS,,,,,,,,,,,,,-1,-1,,,
Total War: THREE KINGDOMS,,,,,,,,,,,,,,,,,
Total War: THREE KINGDOMS,,,,,,,1,,,,,1,,,,,
Total War: THREE KINGDOMS,,,,1,0,-1,1,0,,,,,,-1,-1,-1,-1
Total War: THREE KINGDOMS,,,,,1,,,,,,,,,,-1,-1,
Total War: THREE KINGDOMS,,,,,1,,,,,,,,,,,,
Total War: THREE KINGDOMS,-1,,-1,,,,,,,,,,,-1,,,
Total War: THREE KINGDOMS,-1,,,-1,1,,1,-1,,,,,,-1,,-1,-1
Total War: THREE KINGDOMS,,,,,1,,,,,,,,,,,,
Total War: THREE KINGDOMS,,,,,,,,,,,,,,,,,
Total War: THREE KINGDOMS,-1,-1,-1,-1,0,-1,1,-1,,,,,,-1,,-1,
Total War: THREE KINGDOMS,,,,,1,,,,,,,,,,,,
Total War: THREE KINGDOMS,,,,,1,,,,,,,,,,,,
Total War: THREE KINGDOMS,,,,,1,,,,,,,,,,,,
Total War: THREE KINGDOMS,,,,,1,,,,,,,,,,,,
Total War: THREE KINGDOMS,,,,,0,,,,,,,,,,,,
Total War: THREE KINGDOMS,,,,,,,,,,,,,,,,,
Total War: THREE KINGDOMS,,,,,1,,,1,,,,,,,,,
Total War: THREE KINGDOMS,,,,,,-1,,,,,,,,-1,,,
Total War: THREE KINGDOMS,,,,,,,,,,,,,,,,,
Total War: THREE KINGDOMS,,,,,1,,,,,,,,,,,-1,
Total War: THREE KINGDOMS,,,,,,,,,,,,,,,,,
Total War: THREE KINGDOMS,,,,,,,,,,,,,,,,,
Total War: THREE KINGDOMS,,,,,,,,,,1,,,,,,,
Total War: THREE KINGDOMS,,,,,,,,,,,,,,,,,
Total War: THREE KINGDOMS,,,,,,,,,,,,,-1,-1,,,
Total War: THREE KINGDOMS,,,,,1,,,,,,,,,,,,
Total War: THREE KINGDOMS,-1,,-1,,0,,,,,,,,,,,,
Total War: THREE KINGDOMS,,,,1,1,,,1,1,1,,1,,,,,
Total War: THREE KINGDOMS,,,,1,1,,,1,,,,,,,0,-1,-1
Total War: THREE KINGDOMS,-1,-1,-1,1,1,,-1,1,1,,-1,0,,,,-1,-1
Total War: THREE KINGDOMS,,,,,-1,,,,,,,,,,,-1,
Total War: THREE KINGDOMS,-1,1,,1,1,,1,1,1,1,,,,1,-1,-1,
Total War: THREE KINGDOMS,1,1,-1,1,1,,1,1,0,,1,1,,,,,-1
Total War: THREE KINGDOMS,,,,,,-1,,,,,,,,,,,
Total War: THREE KINGDOMS,-1,-1,-1,-1,-1,,,,0,-1,,,,-1,,,
Total War: THREE KINGDOMS,,,,,1,,,,,,,,,,,,
Total War: THREE KINGDOMS,,,,,,-1,,-1,,,,,,,,,-1
Total War: THREE KINGDOMS,-1,,-1,,,,,,,,,,,1,,,
Total War: THREE KINGDOMS,,,,,,,,,,,,,,,-1,-1,
Total War: THREE KINGDOMS,,,,,,,,-1,,,,,,-1,,,
Total War: THREE KINGDOMS,-1,-1,-1,-1,,-1,-1,-1,-1,,-1,,-1,-1,-1,-1,-1
Total War: THREE KINGDOMS,,,,,,,,,,,,,,,,,
Total War: THREE KINGDOMS,,,,,1,,,,,,,,,,,,
Total War: THREE KINGDOMS,,,,,1,,1,1,1,,,,,,,,
Total War: THREE KINGDOMS,,,,,,,-1,,,,,,,,,,
Total War: THREE KINGDOMS,,,,,1,,,,,,,,,,,,
Total War: THREE KINGDOMS,,,,,1,,,,,,,,,,,,
Total War: THREE KINGDOMS,,,,,1,,,,,,,,,,,,
Total War: THREE KINGDOMS,,,,,1,,,,,,,,,,-1,,
Total War: THREE KINGDOMS,,,,,1,,,,,,,,,,,,
Total War: THREE KINGDOMS,,,,,,,,,,,,,,,,,
Farming Simulator 19,,,-1,,,,,,,,,,,-1,,,
Farming Simulator 19,,,,,,,,,,,,,,,,,
Farming Simulator 19,,,,,1,,,,,,,,,,,,
Farming Simulator 19,,,,,,,,,,,,,,,,,
Farming Simulator 19,,,,,,,,0,,,,,,,,,
Farming Simulator 19,,,,,1,,,,,,,,,,,,
Farming Simulator 19,,,,,,,,-1,,,,,,,-1,-1,
Farming Simulator 19,,,,1,1,,,,,,,,,,,-1,
Farming Simulator 19,,,,,1,,,,,,,,,,,,
Farming Simulator 19,,,,,,,,,,,,,,,,,
Farming Simulator 19,,,-1,,,,,,,,,,,,,,-1
Farming Simulator 19,,,,1,1,,,,,,,,,,,,
Farming Simulator 19,,,,,-1,,,,,,,,,,,,-1
Farming Simulator 19,,,-1,,,,,,,,,,,,,,-1
Farming Simulator 19,,,,1,1,,1,1,,,,,,1,,,-1
Farming Simulator 19,,,,,,,,,,,,,,,,-1,
Farming Simulator 19,,,,,,,,,,,,,,,,,
Farming Simulator 19,,,,,1,,,,,,,,,,,,-1
Farming Simulator 19,,,,,,,,,,,,,,,,-1,
Farming Simulator 19,,,,,,,,,,,,,,,,,
Farming Simulator 19,-1,1,-1,1,1,,1,1,1,,1,,,,-1,-1,-1
Farming Simulator 19,,,,1,1,,,,,,,,,,,,-1
Farming Simulator 19,,,,,,,,,,,,,,,,,
Farming Simulator 19,,,,,,,,,,,,,,,,,
Farming Simulator 19,,,,,,,,,,,,,,,,,
Farming Simulator 19,,,,-1,-1,,,,,,,,,,,,
Farming Simulator 19,,,,,,,,,,,,,,,,,
Farming Simulator 19,,,,,1,,,,,,,,,,,,
Farming Simulator 19,,,,,,,,,,,,,,,,,
Farming Simulator 19,-1,1,,,1,,,,-1,,,,,,-1,-1,-1
Farming Simulator 19,,,,,1,,,,,,,,,,,,
Farming Simulator 19,,,,,,,,,,,,,,,,,
Farming Simulator 19,,,,,1,,,,,,,,,,,,
Farming Simulator 19,,,,,1,,,,,,,,,,,,-1
Farming Simulator 19,,,,,-1,,,,,,,-1,,,-1,,-1
Farming Simulator 19,,,,,,,,,,,,,,,,,
Farming Simulator 19,,,,1,1,,1,,,,,,,1,,,
Farming Simulator 19,,,,,,,,,,,,,,,,,
Farming Simulator 19,,0,-1,1,1,-1,1,0,,,,0,,,,,-1
Farming Simulator 19,,,,,1,1,1,1,,,,,,,,,
Farming Simulator 19,,,,,1,,,,,,,,,,,,
Farming Simulator 19,,,,,,,,,,,,,,,,,
Farming Simulator 19,,,,,,,,,,,,,,,,,
Farming Simulator 19,,,,,1,,,,,,,,,,,0,
Farming Simulator 19,,,,,1,,,,,,,,,,,,
Farming Simulator 19,,,,-1,1,,,,,,,,,,,-1,-1
Farming Simulator 19,,,,,,,,,,,,,,,,,
Farming Simulator 19,,,,,1,,,,,,,,,,,,
Farming Simulator 19,,,,,1,,,,,,,,,,,,-1
Farming Simulator 19,,,,,1,,,0,,,,,,,,,
Farming Simulator 19,,,,,,-1,,-1,,,,,,,,,-1
Farming Simulator 19,,,,,1,,,,,,,,,,,,
Farming Simulator 19,,,,,1,,,,,,,,,,,,
Farming Simulator 19,,,,,,,,-1,,,,,,,,,-1
Farming Simulator 19,,,,,1,,,,,,,,,,,,
Farming Simulator 19,,,,,,,,,,,,,,,,,
Farming Simulator 19,,,,,1,,,,,,,,,,,,-1
Farming Simulator 19,,,,-1,,,,,,,,,,-1,,,
Farming Simulator 19,,,,,,,,,,,,,,,,,
Farming Simulator 19,,,,,1,,,,,,,,,,,,
Farming Simulator 19,,,,,1,,,,1,1,,,,,,,
Farming Simulator 19,,,,,1,,,,,,,,,,,,
Farming Simulator 19,,,,,,,,,,,,,,,,,
Farming Simulator 19,,,,,1,,,,,,,,,,,,
Farming Simulator 19,,,,,,,,,,,,,,,,,
Farming Simulator 19,,,,,,,,,,,,,,,,,
Farming Simulator 19,,,,,1,,,,,,,,,,,,
Farming Simulator 19,,,,,,-1,,,,,,,,,,,-1
Farming Simulator 19,,,,,,,,,,,,,,,,,
Farming Simulator 19,,,,-1,1,,,,,,,,,,,,-1
Farming Simulator 19,,,,,,,,,,,,,,,,,
Farming Simulator 19,,,,-1,,,,,,,,,,,-1,-1,
Farming Simulator 19,,,,,,,,,,,,,,,1,,
Farming Simulator 19,,,,,1,,,,,,,,,,,,
Farming Simulator 19,,,,,,,,,,,,,,,,,
Farming Simulator 19,,,-1,,,,,,,,,,,,,,
Farming Simulator 19,0,0,-1,0,1,,,1,,,,,,0,,-1,
Farming Simulator 19,,,-1,,1,,,,,,,,,-1,,,
Farming Simulator 19,-1,,-1,,,,,,,,,,,-1,,,
Farming Simulator 19,-1,,-1,,,,,,,,,,,,,,
Farming Simulator 19,-1,,-1,,,,,,,,,,,,,,
Farming Simulator 19,,,,,1,,,,,,,,,,,,
Farming Simulator 19,,,-1,,,,,,,,,,,,,,
Farming Simulator 19,,,,1,1,,1,1,-1,-1,-1,-1,,,-1,-1,
Farming Simulator 19,,,-1,,,,,,,,,,,,,,
Farming Simulator 19,,,,,1,,,,,,,,,,,,
Farming Simulator 19,,,,1,1,,1,,,,,,,1,,,
Farming Simulator 19,,,,,1,,,,,,,,,,,,-1
Farming Simulator 19,,,,,1,,,,,,,,,1,,,
Farming Simulator 19,,,-1,,,,,,,,,,,-1,,,
Farming Simulator 19,-1,,-1,,,,,,,,,,,,,,
Farming Simulator 19,,,,,1,,,,1,,,1,,,,,
Farming Simulator 19,,,,,,,,,,,,,,,,,
Farming Simulator 19,-1,,-1,,,,,,,,,,,,,,
Farming Simulator 19,,,-1,,,,,,,,,,,-1,,,
Farming Simulator 19,,,,,1,,,,,,,,,,,,
Farming Simulator 19,,,,,1,,,,,,,,,,,,
Farming Simulator 19,,,,,1,,,,,,,,,,,,
Farming Simulator 19,,,,,,,,,,,,,,,,,
Farming Simulator 19,,,,,1,,,1,,,,,,,,,
Age of Empires II: Definitive Edition,,,,1,,,,,,,,,,,,,
Age of Empires II: Definitive Edition,,,-1,,,,,,,,,,,,,,
Age of Empires II: Definitive Edition,,,,,1,,,,,,,,,1,,,
Age of Empires II: Definitive Edition,,,,,1,,,1,,,,,,,,,1
Age of Empires II: Definitive Edition,-1,,-1,,,,,,,,,,,,,,
Age of Empires II: Definitive Edition,,,,,1,,,,,,,,,,,,
Age of Empires II: Definitive Edition,,,,,1,,,,,,,,,,,,
Age of Empires II: Definitive Edition,,,-1,,,,,,,,,,,,,,
Age of Empires II: Definitive Edition,,,-1,,,,,,,,,,,,,,
Age of Empires II: Definitive Edition,,,,,1,,,,,,,,,,,,
Age of Empires II: Definitive Edition,,,,,1,,,,,,,,,1,,,
Age of Empires II: Definitive Edition,,,,,1,,1,1,,,,,,,,,
Age of Empires II: Definitive Edition,,,,,1,-1,1,1,,,,,,,-1,,-1
Age of Empires II: Definitive Edition,,,,1,1,,1,,,,,,,1,,,
Age of Empires II: Definitive Edition,-1,,-1,,,,,,,,,,,-1,,,
Age of Empires II: Definitive Edition,-1,,-1,,,,,,,,,,,,,,
Age of Empires II: Definitive Edition,,,,,,,,,,,,,,,,,
Age of Empires II: Definitive Edition,,,,,1,,,,,,,,,,,-1,
Age of Empires II: Definitive Edition,,,,,1,,,,,,,,,,,,
Age of Empires II: Definitive Edition,,,,,,,,,,,,,,,,,
Age of Empires II: Definitive Edition,,,,,1,,1,,,,,1,,,,,
Age of Empires II: Definitive Edition,,,,,1,,,,,,,,,,,,
Age of Empires II: Definitive Edition,,,,,,,,,,,,,,,,,
Age of Empires II: Definitive Edition,,,,,,,,,,,,,,,,,
Age of Empires II: Definitive Edition,,,,,1,,,,,,,,,,,,
Age of Empires II: Definitive Edition,,,,1,1,,,,,,,,,,,,
Age of Empires II: Definitive Edition,,,,,1,,,,,,,,,,,,
Age of Empires II: Definitive Edition,,,,,,,,,,,,,,,,,
Age of Empires II: Definitive Edition,,,,,1,,1,,,,,,,,,,
Age of Empires II: Definitive Edition,,,,,,,1,,,,,,,,,,
Age of Empires II: Definitive Edition,,,,,-1,,,,-1,,,,,,,,
Age of Empires II: Definitive Edition,,,,,1,,,,,,,,,,,,
Age of Empires II: Definitive Edition,,,,,1,,,,,,,,,,,,
Age of Empires II: Definitive Edition,,,,,1,,,,,,,,,,,,
Age of Empires II: Definitive Edition,,,,,1,,,,,,,,,,,,
Age of Empires II: Definitive Edition,,,,-1,1,,1,,,,,,,-1,,,
Age of Empires II: Definitive Edition,,,,,,,,,,,,,,,,,
Age of Empires II: Definitive Edition,,,,,,,,,,,,,,,,,
Age of Empires II: Definitive Edition,,,,,,,,,,,,,,,,,
Age of Empires II: Definitive Edition,,,,,,-1,1,1,,,,,,-1,,,
Age of Empires II: Definitive Edition,,,,,,,,,,,,,,,,,
Age of Empires II: Definitive Edition,,,,,1,,,,,,,,,,,,
Age of Empires II: Definitive Edition,,,,,1,,,,,,,,,,,,
Age of Empires II: Definitive Edition,,,,,1,,,,,,,,,,,,
Age of Empires II: Definitive Edition,,,,,1,,,,,,,,,,,,
Age of Empires II: Definitive Edition,,,,,1,,,,,,,,,,,,
Age of Empires II: Definitive Edition,,,-1,,,,,,,,,,,-1,,,
Age of Empires II: Definitive Edition,,,,,1,,,,,,,,,,,-1,
Age of Empires II: Definitive Edition,,,-1,,,-1,,,,,,,,-1,,,
Age of Empires II: Definitive Edition,,,,,1,,,,,,,,,,,,
Age of Empires II: Definitive Edition,,,,,1,,,,,,,,,,,,
Age of Empires II: Definitive Edition,,,,,1,,,,,,,,,,1,,
Age of Empires II: Definitive Edition,,,,,1,,,,,,,,,,,,
Age of Empires II: Definitive Edition,,,,,1,,0,,,,,1,,,,,
Age of Empires II: Definitive Edition,,,,,1,,,,,,,,,,,,
Age of Empires II: Definitive Edition,,,,-1,,,-1,,,,,,,-1,,,
Age of Empires II: Definitive Edition,,,,,,,,,,,,,,,,,
Age of Empires II: Definitive Edition,,,,,,,,,,,,,,,,,
Age of Empires II: Definitive Edition,,,-1,,,,,,,,,,,,,,
Age of Empires II: Definitive Edition,,,,,1,,,,,,,,,,,,
Age of Empires II: Definitive Edition,,,,-1,1,,,,,,,,,,,,
Age of Empires II: Definitive Edition,,,,,1,,,,,,,,,,,,
Age of Empires II: Definitive Edition,,,,,1,,1,,,,,,,,,,
Age of Empires II: Definitive Edition,,,,,,,,,,,,,,,,,
Age of Empires II: Definitive Edition,,,,,1,,,,,,,,,,-1,-1,-1
Age of Empires II: Definitive Edition,,,,,1,,,,,,,,,,,,
Age of Empires II: Definitive Edition,,,,,,,,,,,,,,,,,
Age of Empires II: Definitive Edition,,,,,1,,1,,,,,,,,,,
Age of Empires II: Definitive Edition,,,,,1,,,,,,,,,,,,
Age of Empires II: Definitive Edition,,,,,1,,1,1,1,1,,,,,,,
Age of Empires II: Definitive Edition,,,,,,,,,,,,,,,,,
Age of Empires II: Definitive Edition,,,,,1,,,,,,,,,,,,
Age of Empires II: Definitive Edition,,,,1,1,,,,,,,,,1,,,
Age of Empires II: Definitive Edition,,,,,1,,,,1,,,,,,,,
Age of Empires II: Definitive Edition,,,,,,,,,,,,,,,,,
Age of Empires II: Definitive Edition,,,,1,1,,,,,,,,,,,,
Age of Empires II: Definitive Edition,-1,-1,,1,1,,1,,1,,-1,,,,,,
Age of Empires II: Definitive Edition,,,,,1,-1,-1,-1,-1,-1,,-1,,-1,-1,-1,
Age of Empires II: Definitive Edition,-1,1,-1,1,1,,1,1,1,,1,,,0,,-1,
Age of Empires II: Definitive Edition,,,,,,,,,,,,,,,,,
Age of Empires II: Definitive Edition,,,,1,1,,1,1,0,-1,,-1,,,-1,,-1
Age of Empires II: Definitive Edition,-1,-1,-1,,,,,,,,,,,,,,
Age of Empires II: Definitive Edition,,,,,,,,,,,,,,,,,
Age of Empires II: Definitive Edition,,,,,1,,,,,,,,,,,,
Age of Empires II: Definitive Edition,,,,,1,,1,,,,,,,,,,
Age of Empires II: Definitive Edition,-1,-1,-1,,1,-1,-1,1,,,-1,,,-1,,-1,-1
Age of Empires II: Definitive Edition,,,,-1,1,-1,-1,1,,,,,,-1,-1,-1,-1
Age of Empires II: Definitive Edition,,,,,1,,,,,,,,,,-1,-1,
Age of Empires II: Definitive Edition,-1,-1,-1,-1,1,,,,-1,,-1,-1,,,,,
Age of Empires II: Definitive Edition,-1,-1,-1,1,1,-1,1,1,-1,,-1,,,,,-1,
Age of Empires II: Definitive Edition,,,,,1,,,,,,,,,,,,
Age of Empires II: Definitive Edition,,,,,1,,,,,,,,,,,,
Age of Empires II: Definitive Edition,,,,1,1,,1,1,1,1,,1,,1,,,
Age of Empires II: Definitive Edition,,,,,-1,,,,,,,,,,,,
Age of Empires II: Definitive Edition,,,,1,1,,1,1,,,,,,,,,
Age of Empires II: Definitive Edition,-1,-1,-1,,,-1,,,,,,,,-1,,,
Age of Empires II: Definitive Edition,-1,1,,,1,,,,1,,,,,,,,
Age of Empires II: Definitive Edition,,,,1,1,,,,1,1,,,,,,,
Age of Empires II: Definitive Edition,-1,1,-1,,1,-1,1,1,,,,,,,-1,-1,-1
Age of Empires II: Definitive Edition,,,,,,-1,,,,,,,,,,,
Iron Harvest,,,,1,1,1,1,1,1,1,,1,,,1,1,1
Iron Harvest,-1,1,-1,1,1,,1,,1,,1,1,,,,,
Iron Harvest,-1,-1,-1,-1,1,,,,-1,,-1,,,,,,-1
Iron Harvest,,,,,1,,1,1,1,1,,,,,,,
Iron Harvest,,,,,,,,,,,,,,,,,
Iron Harvest,1,1,-1,1,1,-1,1,1,1,,1,,,0,,1,
Iron Harvest,,,,,1,-1,1,1,,-1,,1,,,-1,,-1
Iron Harvest,,,,,1,,,,,,,,,1,,,
Iron Harvest,-1,1,,0,1,,1,,1,,1,,,,,,
Iron Harvest,,,,,1,,0,1,,,,,,,,,
Iron Harvest,,,,1,1,,,,,,,,,,,,
Iron Harvest,-1,-1,-1,1,1,-1,1,1,0,,1,1,,,-1,-1,-1
Iron Harvest,,-1,,0,0,-1,-1,0,0,-1,-1,-1,,-1,,-1,
Iron Harvest,,,,,1,,1,,,,,,,,,,
Iron Harvest,,,,1,1,,,,,,,,,,,,
Iron Harvest,,,-1,,1,,-1,-1,,,,,,,-1,,-1
Iron Harvest,,,,,1,,,,,,,,,,,,
Iron Harvest,-1,-1,-1,1,0,-1,-1,-1,-1,,-1,-1,,,,,-1
Iron Harvest,,,,,,,,,,,,,,,,,
Iron Harvest,,,,,1,,,,,,,,,,,-1,
Iron Harvest,-1,-1,,1,0,,1,0,0,,1,,,,,-1,
Iron Harvest,,,,,1,-1,1,1,,1,,1,,-1,,,
Iron Harvest,,,,,1,,,,1,1,,,,,,,
Iron Harvest,,,,,1,,,,1,1,,,,,,,
Iron Harvest,-1,1,,,1,-1,1,1,1,1,1,1,,,-1,-1,-1
Iron Harvest,-1,-1,,,1,,,,-1,,-1,,,,,,
Iron Harvest,,,,-1,-1,,,,,,,,,,-1,-1,
Iron Harvest,,,,1,1,,,,,,,,,,,,
Iron Harvest,,,,,0,-1,,,,,,,-1,,-1,-1,-1
Iron Harvest,,,,,1,,,,,,,,,,,,
Iron Harvest,-1,0,,,0,,,,,,,,,,,,
Iron Harvest,,,,,0,,,,,,,,,,,,
Iron Harvest,,,,,1,,,,,,,,,,,,
Iron Harvest,,,,,,,,,,,,,,,,,
Iron Harvest,,-1,,,,-1,-1,,-1,-1,-1,,,-1,,,
Iron Harvest,-1,,-1,,,,,,,,,,,,,,
Iron Harvest,,,,,1,,,,,,,,,,,,
Iron Harvest,-1,-1,-1,,1,-1,,,,,,,,,,,-1
Iron Harvest,,,-1,,,,,,,,,,,,,,
Iron Harvest,,,,,1,,,,,,,,,,,,-1
Iron Harvest,,,,,,,,,,,,,,,,,
Iron Harvest,,,,,,,,,,,,,,,,,
Iron Harvest,,,,,,,,,,,,,,,,,
Iron Harvest,,,,,0,,,,,,,-1,,,,,
Iron Harvest,,,,,1,,,,,,,,,,,,
Iron Harvest,-1,-1,,,1,,,,-1,,,,,,,-1,
Iron Harvest,,,,,,-1,,,,,,,,,,,
Iron Harvest,-1,1,,1,,,0,,1,,1,,,,,,
Iron Harvest,,,,,,,,,,,,,,,,,
Iron Harvest,-1,-1,,,,,,,-1,,-1,,,,-1,-1,
Iron Harvest,0,1,,,1,,,1,1,1,1,,,,0,,-1
Iron Harvest,-1,-1,,,,-1,-1,,-1,,-1,,,-1,,,
Iron Harvest,,,,,1,,,,,,,,,,,,
Iron Harvest,,,,-1,1,-1,1,-1,-1,-1,-1,-1,,-1,-1,-1,-1
Iron Harvest,,,,,,,,,,,,,,,,,
Iron Harvest,,,,,,-1,,,,,,,,,,,
Iron Harvest,,,,,1,,,1,,,,1,,,,,
Iron Harvest,,,,,1,,,,,,,,,,-1,-1,
Iron Harvest,,,,,1,,,1,1,,,1,,,,,
Iron Harvest,,,,,,,,,,,,,,,,,
Iron Harvest,,,,,,-1,,,,,,,,,-1,-1,-1
Iron Harvest,-1,-1,,,1,,,,-1,,-1,,,,,,
Iron Harvest,,,,,1,,,,,,,,,,,,
Iron Harvest,-1,-1,-1,,1,,,,-1,,,-1,,,,,
Iron Harvest,,,,,1,,0,,,,,,,,,,
Iron Harvest,-1,1,-1,,1,-1,1,1,1,,1,1,,,-1,-1,-1
Iron Harvest,,,,,,,,,,,,,,,,,
Iron Harvest,,-1,,,,,,,1,,1,,,,,,
Iron Harvest,-1,-1,,,-1,,,,0,,-1,,,,,,
Iron Harvest,,-1,,,-1,-1,-1,-1,-1,,-1,-1,,,-1,-1,-1
Iron Harvest,,-1,,-1,-1,-1,-1,0,0,-1,-1,-1,-1,-1,-1,-1,-1
Iron Harvest,-1,-1,-1,,0,-1,,,,,,,-1,-1,-1,-1,-1
Iron Harvest,,,,,1,,,,,,,,,,1,1,
Iron Harvest,-1,-1,,,,,,,-1,,-1,,,,,,
Iron Harvest,,,,,,,,,,,,,,,,,-1
Iron Harvest,,,,,1,,1,1,,,,,,,-1,-1,
Iron Harvest,,,-1,1,1,,1,0,,,,0,-1,0,,,
Iron Harvest,,,,,0,-1,,,,,,,,-1,,-1,
Iron Harvest,,,,,1,,,,,,,,,,,,
Iron Harvest,,,-1,,0,-1,1,1,,,,,-1,0,-1,-1,-1
Iron Harvest,,,,1,1,-1,,1,,,,,,-1,-1,-1,-1
Iron Harvest,-1,,-1,,1,-1,,,,,,,-1,0,-1,-1,
Iron Harvest,,,,,,-1,,,,,,,-1,-1,,,
Iron Harvest,,,,,,-1,,,,,,,-1,-1,,,
Iron Harvest,,,,,1,,0,,1,,,,,,,,
Iron Harvest,,,,,-1,-1,-1,,,,,,-1,-1,,,
Iron Harvest,,,,,,,,,,,,,,-1,,,
Iron Harvest,,,,1,1,-1,1,1,,1,,,,0,0,-1,-1
Iron Harvest,,,,,-1,,,,,,,,,,,,
Iron Harvest,,,,0,1,,,,,,,,,,,,
Iron Harvest,,,,,1,,,,,,,,,,,,
Iron Harvest,,-1,,,1,-1,-1,-1,-1,,-1,,,,-1,-1,
Iron Harvest,,,,,1,-1,,,,,,,,,-1,,-1
Iron Harvest,,,,,,-1,,,,1,,,,-1,,,
Iron Harvest,,,,,1,,,,,,,,,,,-1,-1
Iron Harvest,,,,,0,,,,,,,,,,-1,-1,
Iron Harvest,,,,,,,,,,,,,,,,,
Iron Harvest,,,,,-1,-1,,,,,,,,-1,,,
Iron Harvest,-1,,-1,-1,1,,,-1,,,,,,,,-1,-1
Iron Harvest,,,,,,-1,,,,,,,,,,,
Conqueror's Blade,,,,,-1,-1,-1,,,,,,,-1,,,
Conqueror's Blade,,,,,1,-1,-1,,,,,,,,-1,-1,
Conqueror's Blade,-1,,-1,,,,,,-1,-1,,,,-1,,,
Conqueror's Blade,,,,,0,-1,,,,,,,-1,-1,-1,-1,
Conqueror's Blade,,,,,,,,,,,,,,,,,
Conqueror's Blade,,,,,,,,,,,,,,,,,
Conqueror's Blade,,,,,-1,-1,-1,-1,,,,,,-1,-1,,-1
Conqueror's Blade,-1,-1,,,,-1,,,-1,,-1,,-1,,,,
Conqueror's Blade,,,,,,,,,,,,,,,,,
Conqueror's Blade,,,,,,,,,,,,,,,,,
Conqueror's Blade,,,,1,0,-1,-1,-1,,,,,,-1,-1,-1,-1
Conqueror's Blade,,,,,-1,-1,,,,,,,,-1,,-1,
Conqueror's Blade,,,,,1,,1,,,,,,,,,,
Conqueror's Blade,,,,,,-1,,,,,,,,-1,,,
Conqueror's Blade,,,,,0,-1,,,,,,,-1,-1,,-1,-1
Conqueror's Blade,,,,,-1,,,,,,,,,,,,
Conqueror's Blade,,,,,,-1,,,,,,,,,-1,-1,
Conqueror's Blade,-1,,-1,,,,,,,,,,-1,-1,,,
Conqueror's Blade,,,-1,,,,,,,,,,-1,-1,,,
Conqueror's Blade,,,,,-1,-1,,,,,,,,,,,
Conqueror's Blade,,,,,1,-1,1,,,1,,,-1,,,,
Conqueror's Blade,,,,,1,-1,1,1,,,,,,-1,,,
Conqueror's Blade,,,,,,,,,,,,,,,,,
Conqueror's Blade,-1,,-1,,,-1,,,,,,,,-1,,,
Conqueror's Blade,,,,,1,,,,,,,,,,,,
Conqueror's Blade,,,,,1,,,,,,,,,,,,
Conqueror's Blade,,,,,,,,,,,,,,,,,
Conqueror's Blade,,,,,1,,,,,,,,,,,,
Conqueror's Blade,,,,,1,,0,,,,,,,,,,
Conqueror's Blade,,,,,1,,-1,,,,,,,,,,
Conqueror's Blade,,,,,1,,,,,,,,,,,,
Conqueror's Blade,,,,,,,,,,,,,,,,,
Conqueror's Blade,,,,,1,,,,,,,,,,,,-1
Conqueror's Blade,,,,,,,,,,,,,,,,,
Conqueror's Blade,,,,,1,,,,,,,,,,,,
Conqueror's Blade,,,,,,,,,,,,,,,,,
Conqueror's Blade,,,,,1,,,,,,,,,,,,
Conqueror's Blade,,,,,1,,,,,,,,,,,,
Conqueror's Blade,,,,,,,,,,,,,,,,,
Conqueror's Blade,,,,,1,-1,1,,,,,,,,-1,-1,
Conqueror's Blade,,,,,1,,,,,,,,,,,,
Conqueror's Blade,,,,,1,,,,,,,,,,-1,,-1
Conqueror's Blade,,,,,1,,,,,,,,,,,,
Conqueror's Blade,,,,,,,,,,,,,,,,,
Conqueror's Blade,,,,,,-1,,,,,,,,-1,,-1,
Conqueror's Blade,,,,-1,1,-1,-1,-1,,,,,,-1,,-1,-1
Conqueror's Blade,-1,-1,-1,-1,,-1,,,,,,,,,-1,-1,-1
Conqueror's Blade,,,-1,,,-1,,,,,,,,-1,,,
Conqueror's Blade,,,,,1,,,,,,,,,,,,
Conqueror's Blade,,,,,,,,,,,,,,,,,
Conqueror's Blade,,,,,1,,,,,,,,,,,,
Conqueror's Blade,,,,,1,,,,,,,,,,,,
Conqueror's Blade,,,,,1,,1,,,,,,,,,,
Conqueror's Blade,,,,,,,,,,,,,-1,,,,
Conqueror's Blade,,,,,1,,,,,,,,,,,,
Conqueror's Blade,,,,,1,,,,,,,,,,,,
Conqueror's Blade,,,,,1,,,,,,,,,,,,
Conqueror's Blade,,,,,,,,,,,,,,,,,
Conqueror's Blade,,,,,1,-1,,,,,,,,,,,
Conqueror's Blade,,,,,,,,,,,,,,,,,
Conqueror's Blade,,,,,,,,,,,,,,,,,
Conqueror's Blade,,,,,,,,,,,,,,,,,
Conqueror's Blade,,,,,0,-1,,-1,,,,,,-1,-1,-1,-1
Conqueror's Blade,,,,,1,,,,,,,,,,,,
Conqueror's Blade,,,,,1,,,,,,,,,,,,
Conqueror's Blade,,,,,,,,,,,,,,,,,
Conqueror's Blade,,,,,1,0,1,1,,,,,,,,,
Conqueror's Blade,,,,,1,,,,,,,,,,,,
Conqueror's Blade,,,,,1,,,,,,,,,,,,
Conqueror's Blade,,,,,,,,,,,,,,,,,
Conqueror's Blade,,,,,,-1,,,,,,,-1,-1,,,
Conqueror's Blade,,,,,,-1,,,,,,,,,,,
Conqueror's Blade,,,,,,,,,,,,,,,-1,-1,
Conqueror's Blade,,,,,1,,,,,,,,,,,,
Conqueror's Blade,,,,,1,,,,,,,,,,,1,
Conqueror's Blade,,,,,,,,,,,,,,,,,
Conqueror's Blade,,,,,,-1,,,,,,,,-1,,,
Conqueror's Blade,,,,,1,,,,,,,,,,,,
Conqueror's Blade,,,,,,,,,,,,,,,,,
Conqueror's Blade,,,,,1,,,,,,,,,,,,
Conqueror's Blade,,,,,,,1,,,,,,,,,,
Conqueror's Blade,,,,,,-1,,-1,,,,,,-1,-1,-1,
Conqueror's Blade,,,,,,,,,,,,,,,,,
Conqueror's Blade,,,,,1,,,1,0,,,,,,-1,-1,
Conqueror's Blade,,,,,1,,,,,,,,,,,,
Conqueror's Blade,,,,,,,,,,,,,,,-1,,
Conqueror's Blade,,,,,,-1,,,,,,,,,-1,,
Conqueror's Blade,,,,,1,,,,,,,,,,,,
Conqueror's Blade,,,,,0,,,,,,,,,,-1,,
Conqueror's Blade,,,,,,,,,,,,,,,-1,,
Conqueror's Blade,,,,,1,,,,,,,,,,,,
Conqueror's Blade,,,,,1,,,1,,,,,,,-1,-1,
Conqueror's Blade,,,,,,,,,,,,,,,-1,,
Conqueror's Blade,,,,,1,,,,,,,,,,-1,,
Conqueror's Blade,,,,,1,,,,,,,,,,,,
Conqueror's Blade,,,,,1,,,,,,,,,,,,
Conqueror's Blade,,,,,-1,,-1,,,,,,,,,-1,
Conqueror's Blade,,,,,1,-1,,,,,,,,,,,
Conqueror's Blade,,,,,1,,,,,,,,,,,,
Conqueror's Blade,,,,0,-1,,,,,,,,,,,,-1
Ultimate Custom Night,,,,,1,,,,,,,,,,,,
Ultimate Custom Night,,,-1,,,,,,,,,,,-1,,,
Ultimate Custom Night,,,,,,,,,,,,,,,,,
Ultimate Custom Night,,,,,,,,,,,,,,,,,
Ultimate Custom Night,,,,,1,,,,,,,,,,,,
Ultimate Custom Night,,,,,,,,,,,,,,,,,
Ultimate Custom Night,,,,,1,,,,,,,,,,,,
Ultimate Custom Night,,,,,,,,,,,,,,,,,
Ultimate Custom Night,,,,,1,,,,,,,,,,,,
Ultimate Custom Night,,,,,,,,,,,,,,,,,
Ultimate Custom Night,,,,,1,,,,,,,,,,,,
Ultimate Custom Night,,,,,,,,,,,,,,,,,
Ultimate Custom Night,,,,,,,,,,,,,,,,,
Ultimate Custom Night,,-1,-1,,1,-1,-1,1,1,1,1,,,1,-1,,
Ultimate Custom Night,,,,,,,,,,,,,,,,,
Ultimate Custom Night,,,,,,,,,,,,,,,,,
Ultimate Custom Night,,,,,,,,,,,,,,,,,
Ultimate Custom Night,,,,1,1,,1,1,,,,,,,,,
Ultimate Custom Night,,,,,,,,,,1,,,,,,,
Ultimate Custom Night,,,,,1,,,,,,,,,,,,
Ultimate Custom Night,,,,,,,,,,,,,,,,,
Ultimate Custom Night,,,,,,,,,,,,,,,,,
Ultimate Custom Night,,,-1,,-1,-1,,,,,,,-1,,,,-1
Ultimate Custom Night,-1,,-1,,1,-1,1,1,0,-1,,,,1,-1,,
Ultimate Custom Night,,,,,,,,,,,,,,,-1,,
Ultimate Custom Night,,,,,,,,,,,,,,,,,
Ultimate Custom Night,,,,,,,,,,,,,,,,,
Ultimate Custom Night,,,,,,,,,,,,,-1,,,,
Ultimate Custom Night,,,,,,,,,,,,,,,,,
Ultimate Custom Night,,,,,1,,,,,,,,,,,,
Ultimate Custom Night,,,,,1,,,,,,,,,,,,
Ultimate Custom Night,,,,,,,,,,,,,,,,,
Ultimate Custom Night,,,,,1,,,,,,,,,,,,
Ultimate Custom Night,,,,,1,,,,,,,,,,,,
Ultimate Custom Night,,,,,,,,,,,,,,,,,
Ultimate Custom Night,,,,,,,,,,,,,,,,,
Ultimate Custom Night,,,,,,,,,,,,,,,,,
Ultimate Custom Night,,,,,1,,,,,,,,,,-1,,
Ultimate Custom Night,,,,,,,,,,,,,,,,,
Ultimate Custom Night,,,,,-1,,,,,,,,,,,,
Ultimate Custom Night,,,,,1,,,,,,,,,,,,
Ultimate Custom Night,,,,,1,,,,,,,,,,,,
Ultimate Custom Night,,,,1,1,,,,,,,,,,,1,
Ultimate Custom Night,,,,,1,,,,,,,,,,-1,,
Ultimate Custom Night,,,,,,,,,,,,,,,,,
Ultimate Custom Night,,,,,,,,,,,,,,,,,
Ultimate Custom Night,,,,,1,,,,,,,,,,1,,1
Ultimate Custom Night,,,,,1,,1,1,,,,,,,,,
Ultimate Custom Night,,,,,,,,,,,,,,,,,
Ultimate Custom Night,,,,,,,,,,,,,,,,,
Ultimate Custom Night,,,,,,,,,,,,,,,,,
Ultimate Custom Night,,,,,1,,,,,,,,,,,,
Ultimate Custom Night,,,,,1,,,1,,,,,,,0,,-1
Ultimate Custom Night,,,,,1,,,,,,,,,,,,
Ultimate Custom Night,,,,,,,,,,,,,,,,,
Ultimate Custom Night,,,,,,,,,,,,,,,,,
Ultimate Custom Night,,,,,,,,,,,,,,,,,
Ultimate Custom Night,,,,,1,,,,,,,,,,-1,,
Ultimate Custom Night,,,,,,,,-1,,,,,,,-1,-1,
Ultimate Custom Night,,,,,1,,,,,,,,,,,,
Ultimate Custom Night,,,,,,,,,,,,,,,,,
Ultimate Custom Night,,,,,1,,,,,,,,,,,,
Ultimate Custom Night,,,,,,,,,,,,,,,,,
Ultimate Custom Night,,,,,,,,,,,,,,,,,
Ultimate Custom Night,,,,,,,,,,,,,,,,,
Ultimate Custom Night,,,,,,,,,,,,,,,,,
Ultimate Custom Night,,,,,0,,,,,,,,,,-1,-1,-1
Ultimate Custom Night,,,,,,,,,,,,,,,,,
Ultimate Custom Night,,,,,,,,,,,,,,,,,
Ultimate Custom Night,,,,,1,,,,,,,,,,,,
Ultimate Custom Night,,,,,,,,,,,,,,,,,
Ultimate Custom Night,,,,,,,,,,,,,,,,,
Ultimate Custom Night,,,,,,,,,,,,,,,,,
Ultimate Custom Night,,,,,,,,,,,,,,,,,
Ultimate Custom Night,,,,,,-1,,,,,,,,,-1,-1,-1
Ultimate Custom Night,,,,1,1,,,1,,,,,,-1,,,-1
Ultimate Custom Night,1,1,-1,1,1,-1,1,1,1,1,1,0,,,0,-1,-1
Ultimate Custom Night,,,,-1,,,,,,,,,,-1,,,
Ultimate Custom Night,,,,1,1,-1,,,,,,,,,-1,-1,-1
Ultimate Custom Night,,,-1,,,,,,,,,,-1,,,,
Ultimate Custom Night,,,,-1,,-1,,-1,,,,,,,-1,-1,-1
Ultimate Custom Night,,,,1,1,,,,,,,,,,,,
Ultimate Custom Night,-1,,-1,,1,,,,,,,,,,,,
Ultimate Custom Night,,,,1,1,,,,,,,,,,,,
Ultimate Custom Night,,,,1,1,,,,,,,,,,,,
Ultimate Custom Night,,,,1,1,,,,,,,,,,,-1,-1
Ultimate Custom Night,,,,,1,,,,,,,,,,,-1,
Ultimate Custom Night,,,,1,1,,,0,,,,,,,-1,-1,-1
Ultimate Custom Night,,,,,,,,,,,,,,,,,
Ultimate Custom Night,,,,,1,,,,,,,,,,,-1,
Ultimate Custom Night,,,-1,,,,,,,,,,,-1,,,
Ultimate Custom Night,-1,,,1,1,,1,1,1,,1,1,-1,-1,-1,-1,-1
Ultimate Custom Night,,,,,1,-1,,,,,,,,,-1,-1,-1
Ultimate Custom Night,,,,,1,,,,,,,,,,,,
Ultimate Custom Night,,,,,1,,,,,,,,,,,,
Ultimate Custom Night,,,,,1,,,,,,,,,,,,
Ultimate Custom Night,,,,,0,,,,,,,,,,-1,-1,-1
Ultimate Custom Night,-1,,-1,,,,,,,,,,,,,,
Ultimate Custom Night,,,,,,,,,,,,,,,,,
Ultimate Custom Night,,,,,1,-1,,,,,,,,,-1,,-1
Anno 1800,,,,,1,,,1,1,1,,,,,-1,,
Anno 1800,-1,-1,-1,,-1,,-1,,-1,,-1,,,,,,
Anno 1800,,,,,1,,1,,1,,,1,,,-1,-1,
Anno 1800,,,,,1,,,,,,,,,,,,
Anno 1800,,,,,1,,,,1,,,,,,,-1,
Anno 1800,,,,,,,,,,,,,,,,,
Anno 1800,,,,-1,1,,,,,,,,,,,,
Anno 1800,,,,,1,,,,,,,,,,,,
Anno 1800,,,,1,1,,,1,,,,,,,,,-1
Anno 1800,,,,,,,,,,,,,,,,,
Anno 1800,,,,,1,,,,,,,,,,,,
Anno 1800,,,,,,,,,,,,,,,,,
Anno 1800,,,,,1,,,,,,,,,,,,
Anno 1800,,,,,1,,,,,,,,,,,,
Anno 1800,,,,,1,,,,,,,,,,,,
Anno 1800,,,,,,,1,1,,,,,,,-1,,
Anno 1800,,,,-1,1,,,-1,,,,,,,-1,-1,-1
Anno 1800,,,,1,1,,,,,,,,,1,,,
Anno 1800,,,,,1,,,,,,,,,,,,
Anno 1800,,,,,,,,,,,,,,,,,
Anno 1800,,,,,1,,1,,,,,,,,,-1,
Anno 1800,,,,,1,,,,,,,,,,,,
Anno 1800,,,,,1,,,,,,,,,,,,
Anno 1800,,,,,,,,,,,,,,,,,
Anno 1800,,,,,,,,,,,,,,,,,
Anno 1800,,,,,1,,,,,,,,,,,,
Anno 1800,,,,1,1,,1,1,,,,1,,,0,-1,-1
Anno 1800,,,,,1,,,,,,,,,,,,
Anno 1800,,,,,,,,,,,,,,,,,
Anno 1800,,,,,1,,,,,,,,,,,,
Anno 1800,,,,,1,,1,,,,,,,,,,
Anno 1800,,,,,1,-1,,,,,,,,,,,-1
Anno 1800,,,,,1,,,,,,,,,,,,
Anno 1800,,,,,1,,,,,,,,,,,,
Anno 1800,,,,,1,,,,,,,,,,,,
Anno 1800,,,,,,,,,,,,,,,,,
Anno 1800,,,,,1,,,,,,,,,1,,,
Anno 1800,,,,,1,,,,,,,,,,,,
Anno 1800,,,,,1,,,,,,,,,,,,
Anno 1800,,,-1,1,1,,,1,,,,,,,,,-1
Anno 1800,,,,,,,,,,,,,,,,,
Anno 1800,,,,,,,,,,,,,,,,,
Anno 1800,,,,,,,,,,,,,,,,,
Anno 1800,,,,,1,,,,,,,,,,,,
Anno 1800,-1,-1,,,1,,,-1,,,,,,,-1,,
Anno 1800,,,,,1,,,,,,,,,,-1,,-1
Anno 1800,,,,,1,,,,,,,,,,,,
Anno 1800,,,,,1,,,,,,,,,,,,
Anno 1800,,,-1,,,,,,,,,,,,,,
Anno 1800,,,,-1,1,,,-1,,,,,,,-1,-1,-1
Anno 1800,,,,,1,,,,1,,,1,,,1,1,
Anno 1800,,,-1,1,1,,,,,,,,,1,,,-1
Anno 1800,-1,1,,1,1,,,1,,,,,,,,-1,-1
Anno 1800,,,,,1,-1,,,,,,,,,-1,-1,
Anno 1800,,,,,,,,,,,,,,,,,
Anno 1800,,,,,1,0,,1,,,,,,,,,-1
Anno 1800,,,,,1,,,,,,,,,,,,
Anno 1800,,,,,,,,,,,,,,,,,
Anno 1800,,,,,1,,,,,,,,,,,,
Anno 1800,,,,,1,,,,,,,,,,,,
Anno 1800,,,,,1,,,,,,,,,,,-1,
Anno 1800,,,,,1,,,,,,,,,,,,
Anno 1800,,,,,,,,,,,,,,,,,
Anno 1800,,,,,1,,,,,,,,,,,,
Anno 1800,,,,,,,,,,,,,,,,,
Anno 1800,,,,-1,1,,,,,,,,,,,,
Anno 1800,,,,,1,,,,,,,,,,1,-1,
Anno 1800,,,,1,1,,,,,,,,,1,,,
Anno 1800,,,,1,1,-1,1,1,,,,,,1,,-1,-1
Anno 1800,,,,,1,,,,,,,,,,,,
Anno 1800,-1,-1,,,1,-1,,0,,,,,,,-1,-1,-1
Anno 1800,,,,-1,1,,,,,,,,,,,,-1
Anno 1800,,,,,,,1,1,,,,,,,,,
Anno 1800,,,,,1,,1,,,,,,,,,,
Anno 1800,,,,,,,,,,,,,,,,,
Anno 1800,,,,,,-1,,,,,,,,,,,
Anno 1800,-1,-1,,-1,1,,,,0,,-1,,,,,,
Anno 1800,,,,,1,,,,,,,,,,,,
Anno 1800,,,,1,1,,1,,,,,,,0,,-1,
Anno 1800,,,,0,1,-1,0,0,,0,,,,1,,,-1
Anno 1800,,,,,1,,,,0,,,,,,,,
Anno 1800,,,-1,,,,,,,,,,,-1,,,
Anno 1800,,,,,1,,1,,,,,,,,,,
Anno 1800,-1,,-1,-1,-1,-1,-1,-1,,,,,,-1,-1,-1,-1
Anno 1800,-1,1,-1,1,1,-1,1,1,1,1,1,0,,-1,-1,-1,-1
Anno 1800,,,,,1,,,,,,,,,,,,
Anno 1800,,,,,,,,,,,,,,,,,
Anno 1800,,,,0,0,,1,0,0,0,,0,,,-1,-1,
Anno 1800,,,,,,,,,,,,,,,,,
Anno 1800,,,,,,,,,,,,,,,,,
Anno 1800,,,,,,,,,,,,,,,,,
Anno 1800,,,,,0,,,,,,,,,,,,
Anno 1800,,,,,1,,,,,,,,,,,,
Anno 1800,,,,,1,,,,,,,,,,,,
Anno 1800,,,,,,,,,,,,,,,,,
Anno 1800,,,,,,,,,,,,,,,,,
Anno 1800,,,,,,,,,,,,,,,,,
Anno 1800,,,,,1,,1,1,,,,,,1,,,
Anno 1800,,,,,,,,,,,,,,,,,
Anno 1800,,,,,,,,,,,,,,,,,
Age of Empires III: Definitive Edition,,,,,,,,,,,,,,,,,
Age of Empires III: Definitive Edition,,,,1,1,,,,,,,,,,,,
Age of Empires III: Definitive Edition,,,,1,1,,1,1,,,,1,,1,,,
Age of Empires III: Definitive Edition,,,,1,1,,,,,,,,,,,1,1
Age of Empires III: Definitive Edition,,,,,,,,,1,,1,1,,,,,
Age of Empires III: Definitive Edition,,,,1,1,,,1,,,,,,,,,
Age of Empires III: Definitive Edition,,,-1,,,,,,,,,,,,,,
Age of Empires III: Definitive Edition,,,,,1,,1,1,,,,,,,,,
Age of Empires III: Definitive Edition,,,,,1,,,,,,,,,,,,
Age of Empires III: Definitive Edition,,,,1,1,,1,1,,,,1,,,,,
Age of Empires III: Definitive Edition,-1,-1,-1,1,1,-1,1,0,,,,,,-1,-1,-1,-1
Age of Empires III: Definitive Edition,,,,,1,,,,0,,,,,,,,
Age of Empires III: Definitive Edition,,,-1,,1,-1,,1,,,,,,-1,-1,-1,-1
Age of Empires III: Definitive Edition,,,,,1,,,,,,,,,,,,
Age of Empires III: Definitive Edition,,,,,1,,,,,,,,,,,,
Age of Empires III: Definitive Edition,,,,,1,,,,,,,,,,,,
Age of Empires III: Definitive Edition,,,,,1,,,1,,,,,,,,,
Age of Empires III: Definitive Edition,,,,,1,,,,,,,,,,,,
Age of Empires III: Definitive Edition,,,,-1,0,,,,,,,,,,,,-1
Age of Empires III: Definitive Edition,,,,,,,,,,,,,,,,,
Age of Empires III: Definitive Edition,,,,,,,,,,,,,,,,,
Age of Empires III: Definitive Edition,,,,,1,,,,,,,,,,,,
Age of Empires III: Definitive Edition,,,,,1,-1,,,,,,,,1,,,
Age of Empires III: Definitive Edition,,,,,,-1,,,,,,,,,,,
Age of Empires III: Definitive Edition,,,,-1,,,,,,,,,,,,-1,
Age of Empires III: Definitive Edition,,,,,,,,,,,,,,,-1,-1,-1
Age of Empires III: Definitive Edition,,,,,,,,,,,,,,,,,
Age of Empires III: Definitive Edition,,,,,,,,,,,,,,,,,
Age of Empires III: Definitive Edition,,,,,1,,,,,,,,,,,,
Age of Empires III: Definitive Edition,,,,,1,,,,,,,,,,,,-1
Age of Empires III: Definitive Edition,,,,,,,,,,,,,,,,,
Age of Empires III: Definitive Edition,,,,,,,,,,,,,,,,,
Age of Empires III: Definitive Edition,,,,-1,,,,,,,,,,-1,,,
Age of Empires III: Definitive Edition,1,,,,1,,,,,,,,,,,,
Age of Empires III: Definitive Edition,-1,,-1,,,,,,,,,,,,,,
Age of Empires III: Definitive Edition,,,,,,,,,,,,,,,,,
Age of Empires III: Definitive Edition,,,,,1,,,,,,,,,-1,,,
Age of Empires III: Definitive Edition,,,,,,,,,,,,,,,,,
Age of Empires III: Definitive Edition,,,,,1,,,,,,,,,,,,
Age of Empires III: Definitive Edition,,,,,,,1,,,,,,,,,,
Age of Empires III: Definitive Edition,-1,,-1,,,,,,,,,,,,,,
Age of Empires III: Definitive Edition,-1,-1,,,-1,,,,-1,-1,,,,,,,
Age of Empires III: Definitive Edition,,,,,1,,,,,,,,,,,,
Age of Empires III: Definitive Edition,,,,,,,,,,,,,,,,,
Age of Empires III: Definitive Edition,,,,,1,,,,,,,,,,,,
Age of Empires III: Definitive Edition,,,,,,,,,,,,,,,,,
Age of Empires III: Definitive Edition,,,,,1,,,,,,,,,,,,
Age of Empires III: Definitive Edition,,,,,,,,,,,,,,,,,
Age of Empires III: Definitive Edition,,,,,,,,,,,,,,,,,
Age of Empires III: Definitive Edition,,,,,,,,,,,,,,,,,
Age of Empires III: Definitive Edition,,,,1,1,,,,,,,,,,,,
Age of Empires III: Definitive Edition,-1,,,-1,1,,,,,,,,,,,-1,
Age of Empires III: Definitive Edition,-1,,-1,,-1,-1,-1,,-1,-1,-1,,-1,-1,,,
Age of Empires III: Definitive Edition,,,,,,,,,,,,,,,,,
Age of Empires III: Definitive Edition,,,,,,-1,,,,,,,,-1,,,
Age of Empires III: Definitive Edition,,,,,,,,,,,,,,,,,
Age of Empires III: Definitive Edition,,,,,1,,,,,,,,,,,,
Age of Empires III: Definitive Edition,,,,,1,,,,,,,,,,,,
Age of Empires III: Definitive Edition,,,,,,,,,,,,,,,,,
Age of Empires III: Definitive Edition,,,,,1,,,,,,,,,,,,
Age of Empires III: Definitive Edition,,,,,,,,,,,,,,,,,
Age of Empires III: Definitive Edition,,,,,1,,,,,,,,,,,,
Age of Empires III: Definitive Edition,,,,,1,,,,,,,,,,,,
Age of Empires III: Definitive Edition,,,,,,,,,,,,,,,,,
Age of Empires III: Definitive Edition,,,,,1,,1,,,,,,,,,,
Age of Empires III: Definitive Edition,,,,0,1,,,,,,,,,,,,
Age of Empires III: Definitive Edition,,,,,1,,,,,,,,,,,,
Age of Empires III: Definitive Edition,,1,,1,1,,1,,1,,1,,,,,,
Age of Empires III: Definitive Edition,,,,,,,,,,,,,,,,,
Age of Empires III: Definitive Edition,-1,-1,-1,-1,1,-1,1,1,-1,,-1,-1,-1,-1,-1,-1,-1
Age of Empires III: Definitive Edition,,,,,1,,,,,,,,,,,,
Age of Empires III: Definitive Edition,,,,,,,,,,,,-1,,,,,
Age of Empires III: Definitive Edition,,,,,1,,,,,,,,,,,,
Age of Empires III: Definitive Edition,,,,,1,,,,,,,,,,,,
Age of Empires III: Definitive Edition,,,,,,,,,,,,,,,,,
Age of Empires III: Definitive Edition,-1,,-1,,0,,,-1,,,,,,-1,,,
Age of Empires III: Definitive Edition,,,,,,,,,,,,,,,,,
Age of Empires III: Definitive Edition,,,-1,,,,,,,,,,,-1,,,
Age of Empires III: Definitive Edition,-1,1,-1,1,1,,1,0,0,1,1,0,,0,,,-1
Age of Empires III: Definitive Edition,-1,,-1,1,1,,,,,,,,,0,,,
Age of Empires III: Definitive Edition,-1,,,,,,,,,,,,,,,,
Age of Empires III: Definitive Edition,-1,,-1,,1,-1,,,,,,,,-1,,,
Age of Empires III: Definitive Edition,-1,,-1,,,,,,,,,,,-1,,,
Age of Empires III: Definitive Edition,0,1,-1,1,1,,1,1,1,,,,,,,,
Age of Empires III: Definitive Edition,-1,,-1,0,1,,,,0,0,,,,-1,,,
Age of Empires III: Definitive Edition,,,,,,,,,,,,,,1,,,
Age of Empires III: Definitive Edition,-1,,,-1,1,,,,,,,,,,,,
Age of Empires III: Definitive Edition,-1,,-1,,1,,,,,,,,,0,,-1,
Age of Empires III: Definitive Edition,1,1,,,1,,,,,,,,,,,,
Age of Empires III: Definitive Edition,0,0,-1,,1,,1,1,0,,,,,,,,
Age of Empires III: Definitive Edition,-1,-1,-1,,1,-1,,,0,-1,-1,-1,-1,-1,,,-1
Age of Empires III: Definitive Edition,-1,,-1,,,,-1,-1,,,,,,-1,,,
Age of Empires III: Definitive Edition,,,,1,1,,,,,,,,,,,,
Age of Empires III: Definitive Edition,-1,-1,-1,0,1,,,-1,0,,,,,-1,-1,-1,
Age of Empires III: Definitive Edition,-1,,-1,,,,,,,,,,,,,,
Age of Empires III: Definitive Edition,,,,,1,,,,,,,,,,,,
Age of Empires III: Definitive Edition,,,,,1,,1,1,,,,1,,0,-1,,
Age of Empires III: Definitive Edition,-1,,-1,,,,,,,,,,,,,,
Age of Empires III: Definitive Edition,,,,-1,1,,-1,-1,,,,,,,,,
Age of Empires III: Definitive Edition,-1,,,,1,,,,,,,,,,,,
Cities: Skylines II,,,,,,,,,,,,,,,,,
Cities: Skylines II,,,,1,1,,,,,,,,,,,,
Cities: Skylines II,,,,,,,,,,,,,,,,,
Cities: Skylines II,1,1,,,1,,,,1,,,,,,,,
Cities: Skylines II,,,,,,,,,,,,,,,,,
Cities: Skylines II,,,,,,,,,,,,,,,,,-1
Cities: Skylines II,,,,,1,,,1,,,,,,,,,
Cities: Skylines II,-1,,,,1,,,,,,,,,0,,,
Cities: Skylines II,,,,,1,,,,,,,,,,,,
Cities: Skylines II,-1,-1,,,1,,,,1,,,,,,-1,,
Cities: Skylines II,,,,,,,,,,,,,,-1,,,
Cities: Skylines II,,,,,1,,,,1,,,,,,,,
Cities: Skylines II,-1,-1,,,1,,,,1,,,,,,,,
Cities: Skylines II,-1,,-1,,1,,,,,,,,,,,,
Cities: Skylines II,-1,,,,1,,,,,,,,,,,,
Cities: Skylines II,,-1,,,,,-1,1,-1,-1,-1,0,,,,,
Cities: Skylines II,-1,,-1,,,,,,,,,,,,,,
Cities: Skylines II,-1,-1,,,,,,,,,,,,,,,
Cities: Skylines II,-1,,-1,,,,,,,,,,,,,,
Cities: Skylines II,-1,,-1,,1,,,,,,,,,,,,
Cities: Skylines II,,,,1,-1,,,,,,,,,,,,
Cities: Skylines II,-1,,,,1,,,,,,,,,,,,
Cities: Skylines II,,,,,1,,,,,,,,,,,,
Cities: Skylines II,,,,-1,1,,,,,,,,,,,,
Cities: Skylines II,,,,,,-1,,,,,,,,,,,-1
Cities: Skylines II,-1,,-1,,,,,,,,,,,1,,,
Cities: Skylines II,,,,,1,,,,,,,,,,,1,
Cities: Skylines II,,,,,,,,,,,,,,,,-1,
Cities: Skylines II,-1,,-1,,,,,,,,,,,,,,
Cities: Skylines II,,,-1,,,,,,,,,,,,,,
Cities: Skylines II,,-1,,,-1,,,,,,,,,,,,-1
Cities: Skylines II,,,,,1,,,,,,,,,,,,
Cities: Skylines II,-1,-1,,-1,1,,,-1,-1,,,,,,-1,-1,
Cities: Skylines II,,,,1,1,,1,1,,,,,,1,,,
Cities: Skylines II,-1,-1,,,,,,,,,,,,,,,
Cities: Skylines II,-1,,,,,,,,,,,,,,,,
Cities: Skylines II,,,,1,1,,1,,,,,,,1,,,
Cities: Skylines II,-1,,-1,,1,,,,,,,,,,,,
Cities: Skylines II,-1,-1,-1,,-1,,,,,,,,,,-1,-1,
Cities: Skylines II,,,,,,,,,,,,,,,,,
Cities: Skylines II,,,,1,1,,,,,,,,,,,,
Cities: Skylines II,,,,,,,,,,,,,,,,,
Cities: Skylines II,,,,,1,,,,,,,,,,,,
Cities: Skylines II,,,,,1,,,,,,,,,,,,
Cities: Skylines II,-1,,,,1,,,,,,,,,,,,
Cities: Skylines II,,,,,1,,,,,,,,,,,,
Cities: Skylines II,,,,,1,,,1,,,,1,,,,,
Cities: Skylines II,,,,,,,,,,,,,,,,,
Cities: Skylines II,,,,,1,-1,,,,,,,,,,,
Cities: Skylines II,,,,,,,,,,,,,,,,,
Cities: Skylines II,,,,,,,,,,,,,,,,,
Cities: Skylines II,1,1,,,,,,,1,,1,,,,,,
Cities: Skylines II,,,,,1,,,,,,,,,,,,
Cities: Skylines II,-1,,-1,,0,,,,,,,,,,,,
Cities: Skylines II,-1,-1,-1,-1,1,,1,-1,-1,,-1,-1,,-1,,-1,
Cities: Skylines II,-1,,-1,,,,,,,,,,,,,,
Cities: Skylines II,-1,,-1,,,,,,,,,,,,,,
Cities: Skylines II,-1,,-1,,,,,,,,,,,-1,,,
Cities: Skylines II,-1,-1,-1,,-1,-1,,,,,,,,-1,-1,-1,
Cities: Skylines II,,,,,1,,1,1,,,,,,,,,
Cities: Skylines II,-1,,,,1,,,,,,,,,,,,
Cities: Skylines II,,,,,,,,,,,,,,,,,
Cities: Skylines II,,,,,,,,,,,,,,,,,
Cities: Skylines II,-1,,-1,,,,,,,,,,,,,,
Cities: Skylines II,,,,1,1,,1,,,,,1,,,,,
Cities: Skylines II,,,,,,,,,,,,,,,,,
Cities: Skylines II,,,,1,1,,1,1,,,,,,1,,,
Cities: Skylines II,,,,1,1,,,1,,,,,,,,,
Cities: Skylines II,-1,0,,,0,,,,,,,,,,,-1,
Cities: Skylines II,,,,1,1,,,1,,,,,,1,,-1,
Cities: Skylines II,,,,,,,,,,,,,,,,,
Cities: Skylines II,,,-1,,1,,,,,,,,,1,,,
Cities: Skylines II,-1,-1,,,1,-1,,,0,,-1,,,-1,-1,,
Cities: Skylines II,-1,,,,1,,,,,,,,,,,,
Cities: Skylines II,,,,,1,,,,,,,,,,,,
Cities: Skylines II,,,,-1,,,,,,,,,,,,,
Cities: Skylines II,,,,,,,,,,,,,,,,,
Cities: Skylines II,,,,,0,,,,,,,,,-1,,,
Cities: Skylines II,,,,,1,-1,,,,,,,,1,0,-1,
Cities: Skylines II,,,,-1,,,,1,,,,,,-1,-1,-1,
Cities: Skylines II,,,,,,,1,1,,,,,,,,,
Cities: Skylines II,,,,,,-1,,-1,,,,,,,,,
Cities: Skylines II,,,,1,1,,,,,,,,,,,,
Cities: Skylines II,,,,,,,,,,,,,,,,,
Cities: Skylines II,,,,,,,1,,,,,,,,,,
Cities: Skylines II,,,,,1,1,1,1,,,,,,1,,,
Cities: Skylines II,,,,,1,,,,,,,,,,,,
Cities: Skylines II,,,,,1,,,,,,,,,,,,
Cities: Skylines II,,,,,1,,,,,,,,,,,,
Cities: Skylines II,,,,1,1,,,,,,,,,1,,,
Cities: Skylines II,,,,,,,,,,,,,,,,,
Cities: Skylines II,,,,,,,,,,,,,,,,,
Cities: Skylines II,,,,,1,,,,,,,,,,,,
Cities: Skylines II,,,,1,1,,,1,,,,,,1,,,
Cities: Skylines II,-1,-1,-1,,1,-1,,-1,,,1,,,-1,-1,-1,-1
Cities: Skylines II,,,,,,,1,,,,,,,,,,
Cities: Skylines II,,,,,,,,,,,,,,,,,
Cities: Skylines II,,,,,1,,,1,,,,,,,,,
Cities: Skylines II,,,,,,,,,,,,,,,,,
Cities: Skylines II,,,,,1,-1,,,-1,-1,,,,,-1,,-1
Bloons TD 6,,,,,1,,,,,,,,,,1,,
Bloons TD 6,,1,,1,1,-1,1,1,-1,-1,,,,,-1,-1,
Bloons TD 6,,,,,1,,,1,,,,,,,,,
Bloons TD 6,,,,,1,,,,,,,,,,,,
Bloons TD 6,,,,,,,,,,,,,,,,,
Bloons TD 6,,,,,1,,,,,,,,,,,,
Bloons TD 6,,,,,,,,,,,,,,,,,
Bloons TD 6,,,,,,,,,,,,,,,,,
Bloons TD 6,,,,0,1,,1,0,,,,,,-1,,,
Bloons TD 6,,,,,1,,,,,,,,,,,,
Bloons TD 6,,,,,1,,,,,,,,,,,,
Bloons TD 6,,,,,1,,,,,,,,,,,,
Bloons TD 6,,,,,1,,,,,,,,,,1,,
Bloons TD 6,,,,,,,,,,,,,,,,,
Bloons TD 6,,,,,,,,,,,,,,1,,,
Bloons TD 6,,,,1,1,,,,,,,,,,,,
Bloons TD 6,,,,-1,-1,-1,,-1,,,,,,,-1,-1,-1
Bloons TD 6,,,,,,,,,,,,,,,,,
Bloons TD 6,,,,1,0,,,0,1,-1,,1,,,,,
Bloons TD 6,,,,-1,,-1,-1,-1,,,,,,-1,-1,-1,-1
Bloons TD 6,,,,,1,,,,,,,,,,,,
Bloons TD 6,1,,-1,,,,,,,,,,-1,,,,
Bloons TD 6,,,,,,,,,,,,,,,,,
Bloons TD 6,,,-1,,1,,,,,,,,-1,-1,,,
Bloons TD 6,,,,,1,,,,1,1,,,,1,,,
Bloons TD 6,,,,,1,,,,,,,,,,,,
Bloons TD 6,,,,1,1,,,1,,,,,,,-1,,-1
Bloons TD 6,,,,,1,,,,,,,,,,,,-1
Bloons TD 6,,,,,1,,,,,,,,,,,,
Bloons TD 6,,,,-1,,,-1,-1,,,,,,,,-1,
Bloons TD 6,,,,,1,,,,,,,,,,,,
Bloons TD 6,,,-1,,1,-1,,,,,,,,,-1,,-1
Bloons TD 6,,,,,1,,,,-1,1,,,,,,,
Bloons TD 6,,,,,1,,,,,,,,,,,,
Bloons TD 6,,,,,1,,,,,,,,,,,,
Bloons TD 6,,,,1,1,-1,,1,,0,,,,,,,-1
Bloons TD 6,,,,,1,,,,,,,,,,,,
Bloons TD 6,,,,,,,,,,,,,,,,,
Bloons TD 6,,,,,,,,,,,,,,,,,
Bloons TD 6,,,,,,,,,,,,,,,,,
Bloons TD 6,,,,,,,,,,,,,,,,,
Bloons TD 6,,,,,1,,,,,,,,-1,,-1,-1,-1
Bloons TD 6,,,,,1,,,,,,,,,,,0,
Bloons TD 6,,,,,,,,,,,,,,,,,
Bloons TD 6,,,,,,,,,,,,,,,,,
Bloons TD 6,,,,,1,,,,,,,,,,,,
Bloons TD 6,,,,,,,,,,,,,,,,1,
Bloons TD 6,,,,,,,,,,,,,,,,,
Bloons TD 6,,,,,,,,,,,,,,,,,
Bloons TD 6,,,,,,,,,,,,,,,,,
Bloons TD 6,,,,,,-1,,,,,,,,,,,
Bloons TD 6,,,,,,,,,,,,,,,,,
Bloons TD 6,,,,,1,,,,,,,,,,,,
Bloons TD 6,,,,,1,-1,,,,,,,,-1,,,
Bloons TD 6,,,,,0,,,,,,,,,,,,
Bloons TD 6,,,,,,,,,,,,,,,,,
Bloons TD 6,,,,,1,,,,,,,,,,,,
Bloons TD 6,,,,,1,,,,,,,,,,,,
Bloons TD 6,,,,,1,,,,,,,,,,,,
Bloons TD 6,,,,0,1,,,,,,,,,,,,
Bloons TD 6,,,,,,,,,,,,,,,,,
Bloons TD 6,,,,,1,,,,,,,,,,,,
Bloons TD 6,,,,,1,,,1,,,,,,,,,
Bloons TD 6,,,,,,,,,,,,,,,,,
Bloons TD 6,,,,,1,,,,,,,,,,,,
Bloons TD 6,,,,,1,,,,,,,,,-1,,,
Bloons TD 6,,,,,1,,,,,,,,,,,,
Bloons TD 6,,,,,1,,,,,,,,,,,,
Bloons TD 6,,,,,1,,1,,,,,,,,,,
Bloons TD 6,,,,,,,,,,,,,,,,,
Bloons TD 6,,,,,1,,,,,,,,,,,,
Bloons TD 6,,,,,1,,,,,,,,,,,,
Bloons TD 6,,,,,,,,,,,,,,,,,
Bloons TD 6,,,,,1,,,,,,,,,,,,
Bloons TD 6,,,,,,,,,,,,0,,,,,
Bloons TD 6,,,,,,,,,,,,,,,,,
Bloons TD 6,,,,,,,,,,,,,,,,,
Bloons TD 6,,,,,1,,0,,,,,,,,,,
Bloons TD 6,,,,,,,,,,,,,,,,,
Bloons TD 6,,,,,,,,,,,,,,,,,
Bloons TD 6,,,,,1,,1,,,,,,,,,,
Bloons TD 6,,,,,,,,,,,,,,,,,
Bloons TD 6,,,-1,,,-1,,,,,,,,,,,
Bloons TD 6,,,,1,1,,,,,,,,,,,,
Bloons TD 6,,,,-1,1,,,,,,,,,,,,-1
Bloons TD 6,,,,,1,,,,,,,,,,-1,-1,
Bloons TD 6,,,-1,,1,-1,,,,,,,,0,,,
Bloons TD 6,,,,,1,,,,,,,,-1,,,,-1
Bloons TD 6,,,,,1,-1,,,,,,,,-1,-1,,
Bloons TD 6,,,,,,,,,,,,,,,,,
Bloons TD 6,,,,,1,,,,,,,,,,-1,,-1
Bloons TD 6,,,,,,,,0,,,,0,,,,,
Bloons TD 6,,,,,,,,1,,,,,,,,,
Bloons TD 6,,,,,1,,,,,,,,,,,,-1
Bloons TD 6,,,,1,1,-1,1,1,,,,,,,1,-1,-1
Bloons TD 6,,,,,,,,,,,,,,,,,
Bloons TD 6,,,,,1,,,,,,,,,,,,-1
Bloons TD 6,,,,,1,,,,,,,,,,,,
Bloons TD 6,,,,,1,-1,,,,,,,,-1,,,
Bloons TD 6,,,,,,,,,,,,,,,,,
60 Seconds! Reatomized,,,,,,,,,,,,,,,,,
60 Seconds! Reatomized,,,,,1,,,,,,,,,,,,
60 Seconds! Reatomized,,,,,,,,,,,,,,,,,
60 Seconds! Reatomized,,,,,1,-1,,,,,,,,,0,1,
60 Seconds! Reatomized,,,,,1,,,,1,1,,,,,1,1,-1
60 Seconds! Reatomized,,,,,1,,,,,,,,,,,,
60 Seconds! Reatomized,,,,,,,,1,,,,,,,-1,,
60 Seconds! Reatomized,,,,,1,,,,,,,1,,,,,
60 Seconds! Reatomized,,,,,1,,,,,,,,,,,,
60 Seconds! Reatomized,,,,,1,-1,,,,,,,,,-1,,-1
60 Seconds! Reatomized,,,,,1,,,,,,,,,,,,
60 Seconds! Reatomized,,,,,1,,,,,,,,,,,,
60 Seconds! Reatomized,,,,,,,,,,,,,,,,,
60 Seconds! Reatomized,,,,,,,,,,,,,,,-1,,-1
60 Seconds! Reatomized,,,,1,1,,,0,,,,,,,0,-1,
60 Seconds! Reatomized,,,,,1,,,,,,,,,,,,
60 Seconds! Reatomized,,,,,1,,,,,,,,,,,,
60 Seconds! Reatomized,,,,,,-1,,,,,,,,,,,
60 Seconds! Reatomized,,,,,,,,,,,,,,,,,
60 Seconds! Reatomized,,,,,,,,1,,,,1,,,,,
60 Seconds! Reatomized,,,,0,1,,,,,,,,,,,-1,
60 Seconds! Reatomized,,,,,,,,,,,,,,,,,
60 Seconds! Reatomized,,,,,1,,,,,,,,,,,,
60 Seconds! Reatomized,,,,,,,,0,,,,,,,,,-1
60 Seconds! Reatomized,,,,,,,,,,,,,,,,,
60 Seconds! Reatomized,-1,-1,,,,,,,-1,,-1,,,,,,-1
60 Seconds! Reatomized,,,,,1,,,,,,,,,,1,-1,
60 Seconds! Reatomized,-1,-1,,,,,,,,,-1,,,,,,
60 Seconds! Reatomized,,,,,1,-1,,,,,,,,-1,-1,-1,-1
60 Seconds! Reatomized,,,,,,,,,,,,,,,,,
60 Seconds! Reatomized,,,,,1,,,,,,,,,,-1,,
60 Seconds! Reatomized,,,,,1,,,,,,,,,,,,
60 Seconds! Reatomized,,,,,,,,,,,,,,,,,
60 Seconds! Reatomized,,,,,1,,,,,,,,,,,,
60 Seconds! Reatomized,,,,,1,,,,,,,,,,,,
60 Seconds! Reatomized,,,,,,,,,,,,,,,,,
60 Seconds! Reatomized,,,,,1,,,,,,,,,,,,
60 Seconds! Reatomized,1,1,,,1,,,,1,,,,,,,,
60 Seconds! Reatomized,,,,,,,,,,,,,,,,,
60 Seconds! Reatomized,,,,,1,,,,,,,,,,1,1,
60 Seconds! Reatomized,,,,,,,,,,,,,,,,,
60 Seconds! Reatomized,,,,1,1,,,,,,,,,,,-1,-1
60 Seconds! Reatomized,,,,,1,,,,,,,,,,,,
60 Seconds! Reatomized,,-1,,,,,,-1,-1,,-1,,,,,,-1
60 Seconds! Reatomized,,,,1,1,,,,,,,,,,,,
60 Seconds! Reatomized,,,,,,,,,,,,,,,,,
60 Seconds! Reatomized,,,,,0,,,,,,,,,,-1,-1,
60 Seconds! Reatomized,,,,,1,-1,,,,,,,,,-1,,
60 Seconds! Reatomized,,,,,,,,,,,,,,,,,
60 Seconds! Reatomized,,,,-1,1,,,,,,,,,,,,-1
60 Seconds! Reatomized,,,,,1,,,,,,,,,,,,
60 Seconds! Reatomized,,,,,,,,,,,,,,,-1,,
60 Seconds! Reatomized,,,,,,,,,,,,,,,,,
60 Seconds! Reatomized,,,,,,,,,,,,,,,,,
60 Seconds! Reatomized,,,,,,,,,,,,,,,,,
60 Seconds! Reatomized,,,,,,,,,,,,,,,,,
60 Seconds! Reatomized,,,,,,-1,,,,,,,,,,,
60 Seconds! Reatomized,,,,,,,,,,,,,,,,,
60 Seconds! Reatomized,,,,,,,,-1,,,,,,,,,-1
60 Seconds! Reatomized,,,,1,1,,,,,,,,,,,,-1
60 Seconds! Reatomized,,,,0,1,,,,,,,,,,,,-1
60 Seconds! Reatomized,,,,,,,,,,,,,,,,,
60 Seconds! Reatomized,,,,,,-1,,,,,,,,,,,
60 Seconds! Reatomized,,,,,1,,,,,,,,,,,,
60 Seconds! Reatomized,,,,,,,,,,,,,,,,,
60 Seconds! Reatomized,,,,,1,,,,,,,,1,,,,
60 Seconds! Reatomized,,,,,1,,,,,,,,,,,,
60 Seconds! Reatomized,,,,,1,,,,,,,,,,-1,,-1
60 Seconds! Reatomized,,,,,0,,,,,,,,,,,,
60 Seconds! Reatomized,,,,,1,-1,,,,,,,,,,,
60 Seconds! Reatomized,,,,,,,,,,,,,,,,,
60 Seconds! Reatomized,,,,,,-1,,,,,,,,-1,,,
60 Seconds! Reatomized,,,,,,,,,,,,,,,,,
60 Seconds! Reatomized,,,,1,1,,1,1,1,,,1,,,-1,-1,-1
60 Seconds! Reatomized,,,,1,1,-1,1,1,,,,,,,-1,-1,-1
60 Seconds! Reatomized,,1,,1,1,-1,1,1,1,,1,,,,-1,-1,-1
60 Seconds! Reatomized,,,,1,0,,0,1,,,,,,,,,-1
60 Seconds! Reatomized,,,-1,,1,,,,,,,,,-1,,,
60 Seconds! Reatomized,,,,,0,,,,,,,,,,,,
60 Seconds! Reatomized,,,,,1,,,,,,,,,,,,
60 Seconds! Reatomized,,,-1,,1,-1,,1,,,,,,,-1,,-1
60 Seconds! Reatomized,,,,,,,,,,,,,,,,,
60 Seconds! Reatomized,,,,,1,,1,1,,,,,,,,,
60 Seconds! Reatomized,,1,,,1,,,,1,,1,,,,,,-1
60 Seconds! Reatomized,,,,,1,,,0,,,,,,,,,
60 Seconds! Reatomized,,,,1,1,,,,,,,,,,-1,,-1
60 Seconds! Reatomized,,,,1,0,,,1,0,0,,0,,,-1,,
60 Seconds! Reatomized,,,,,1,,,,1,1,,,,,-1,-1,-1
60 Seconds! Reatomized,,,,,,,,,1,1,,,,,,,
60 Seconds! Reatomized,,,,,-1,,,,,,,,,,,,
60 Seconds! Reatomized,,,,-1,1,,,,,,,,,,,,-1
60 Seconds! Reatomized,,,,1,1,0,,1,,,,,,,0,0,-1
60 Seconds! Reatomized,,,,,1,,,,,,,,,,,,-1
60 Seconds! Reatomized,,,,,1,,,,,,,,,,,,
60 Seconds! Reatomized,,,,1,1,,1,1,,,,,,,,-1,
60 Seconds! Reatomized,,,,,1,,,,,,,,,,,,
60 Seconds! Reatomized,,,,0,0,-1,,0,,0,,,,,-1,,-1
60 Seconds! Reatomized,,0,,1,1,,,1,1,0,1,1,,,-1,,-1
60 Seconds! Reatomized,,,,,1,-1,,1,1,1,,,,,-1,-1,-1
60 Seconds! Reatomized,,,,,,,,0,,,,,,,,,
ISLANDERS,,,,,1,-1,1,1,,,,,,,-1,-1,
ISLANDERS,,,,,1,,,,,,,,,,,,
ISLANDERS,,,,,1,,,,,,,,,,,-1,
ISLANDERS,,,,-1,1,,,,,,,,,,-1,-1,-1
ISLANDERS,,,,1,1,,1,1,,,,,,,,-1,
ISLANDERS,,,,,1,,,,1,,,,,,,,1
ISLANDERS,,,,1,1,,1,1,0,,,,,,-1,-1,
ISLANDERS,,,,,1,,,1,,,,,,,1,-1,-1
ISLANDERS,,,,1,1,,,1,,,,1,,,,,-1
ISLANDERS,,,,,1,,,1,,,,,,,-1,-1,-1
ISLANDERS,,,,,1,,1,,,,,,,,,,
ISLANDERS,,,,0,1,,,0,,,,,,,,-1,
ISLANDERS,,,,,1,,,,,,,,,,,,
ISLANDERS,,,,,1,,,,,,,,,,,,
ISLANDERS,,,,1,1,-1,,1,,,,1,,,-1,-1,-1
ISLANDERS,,,,,,,,1,,,,,,,0,,
ISLANDERS,,,,-1,1,,,,-1,,,,,,-1,-1,
ISLANDERS,,,,,1,,1,1,1,1,,1,,,,,
ISLANDERS,,,,-1,1,,,,,,,,,,,,-1
ISLANDERS,,,,,1,,,,,,,,,,,,
ISLANDERS,,1,-1,1,1,-1,,1,,,,,,,-1,-1,-1
ISLANDERS,,,,,0,-1,,,,,,,,,,,
ISLANDERS,,,,1,1,,1,1,,,,,,,1,1,
ISLANDERS,,,,,,,,,,,,,,,,,
ISLANDERS,,,,,,,,0,,,,0,,,,,-1
ISLANDERS,,,,,1,,,,,,,,,,,,
ISLANDERS,,,,,1,,,,,,,,,,1,1,
ISLANDERS,,,,-1,1,,,,-1,-1,,,,,,,
ISLANDERS,,,,,1,,,,,,,,,,,,
ISLANDERS,,,,,1,,,,,,,,,,-1,-1,
ISLANDERS,,,,1,1,,1,1,,,,1,,,,,
ISLANDERS,,,,,0,,-1,,0,,,,,,,,
ISLANDERS,,,,1,1,-1,1,1,,,,,,,1,-1,-1
ISLANDERS,1,1,-1,1,1,-1,1,1,1,1,1,1,,1,-1,-1,-1
ISLANDERS,,,-1,1,1,-1,1,1,0,0,,1,,0,,-1,-1
ISLANDERS,,,,,0,,,,,,,,,,,,
ISLANDERS,,,,,1,,,,1,1,,,,,,,
ISLANDERS,,,,1,1,,1,1,1,,,1,,,,,
ISLANDERS,,,,1,0,,,,,,,,,,,,-1
ISLANDERS,,,,,1,,,,,,,,,,,,
ISLANDERS,,,,,1,,,,,,,,,,,,
ISLANDERS,,,,,0,-1,,,,,,,,,-1,-1,
ISLANDERS,,,,1,0,-1,1,1,,,,-1,,,-1,-1,-1
ISLANDERS,,,,,1,,,,,,,,,,,,
ISLANDERS,,,,,1,,,,,,,,,,,,
ISLANDERS,,,,,,,,,,,,,,,,,
ISLANDERS,,,,,1,,,,,,,,,,,,
ISLANDERS,,,,,,,,,,,,,,,,,
ISLANDERS,,,,,,,,,,,,,,,,,
ISLANDERS,,,,,1,,,,,,,,,,,1,
ISLANDERS,,,,,,,,,,,,,,,,,
ISLANDERS,,,,,1,-1,1,1,,,,,,,-1,-1,-1
ISLANDERS,,,,,,,,,,,,,,,,,
ISLANDERS,,,,,1,,,,,,,,,,,,
ISLANDERS,,,,,1,,,,,,,,,,,,
ISLANDERS,,,,,1,,,,,,,,,,-1,-1,-1
ISLANDERS,,,,,1,,,,1,1,,,,,0,,
ISLANDERS,,,,,1,,,,,,,,,,,,
ISLANDERS,,,,,1,,,,,,,,,,,,
ISLANDERS,,,,,1,,1,1,,,,,,,-1,-1,
ISLANDERS,,,,1,1,,-1,1,0,-1,,-1,,,-1,-1,-1
ISLANDERS,,,,,0,,,,,,,,,,,-1,
ISLANDERS,,,,,0,,0,0,,,,,,,-1,-1,
ISLANDERS,,,,1,1,,,,,,,,,,,1,
ISLANDERS,,,,,1,,,,,,,,,,,,
ISLANDERS,,,,,1,,,,,,,,,,1,,1
ISLANDERS,,1,,1,0,,1,1,1,,1,1,,,1,,
ISLANDERS,,,,,1,,,,,,,,,,,,
ISLANDERS,,,,1,1,,1,1,,,,,,,1,-1,
ISLANDERS,,,,,1,,,,,,,,,,1,1,
ISLANDERS,,,,,-1,,,,,,,,,,,,
ISLANDERS,,,,0,0,,,,,,,,,,,-1,
ISLANDERS,,,,,1,,,,,,,,,,,,
ISLANDERS,,,,,,-1,,,,,,,,-1,,-1,
ISLANDERS,,,,,1,-1,,-1,,-1,,,,-1,,,
ISLANDERS,,,,,,,,,,,,,,,,,
ISLANDERS,,,,,,-1,,,,,,,,,,,
ISLANDERS,-1,,-1,,,,,,,,,,,,,,
ISLANDERS,,,,,,,,,,1,,,,,,,
ISLANDERS,-1,-1,,,,,,,,,,,,,-1,-1,-1
ISLANDERS,,,,,,-1,,,,,,,,-1,,,
ISLANDERS,,,,,,,,,,,,,,,,,
ISLANDERS,,,,,,,,,,,,,,,,,
ISLANDERS,,,,,,-1,,,,-1,,,-1,-1,,,-1
ISLANDERS,,,,,1,,,,,,,,-1,-1,,,
ISLANDERS,,,,,1,,,,,,,,,,,,
ISLANDERS,,,,,1,,,,,,,,,,,,
ISLANDERS,,,,,1,,,,,,,,,,,,
ISLANDERS,-1,,-1,,1,-1,-1,1,,,,,,-1,,,
ISLANDERS,,,,,,,,,,,,,,,,,
ISLANDERS,,,,,,,,,,,,,,,,,
ISLANDERS,,,,,,-1,,,,,,,,,,,
ISLANDERS,,,,,,,,,,,,,,,,,
ISLANDERS,,,,,,,,,,,,,,,,,
ISLANDERS,,,,,-1,,,,,,,,,,,,
ISLANDERS,-1,,-1,1,1,-1,1,1,,,,,,-1,-1,-1,-1
ISLANDERS,,,-1,,,,,,,,,,-1,-1,,,
ISLANDERS,,,,,,,,,,,,,,,,,
ISLANDERS,,,,,,,,,,,,,,,,,
ISLANDERS,,,,,,,,,,,,,,,,,
Eternal Return,,,,,,,,,,,,,,,,,
Eternal Return,,,,,,,,,,,,,,,,,
Eternal Return,,,,,1,,,,,,,,,,,-1,
Eternal Return,,,,,,,,,,,,,,,,,
Eternal Return,,,,,0,,,,,,,,,,,,
Eternal Return,,,,,,,,,,,,,,,,,
Eternal Return,-1,,-1,,-1,-1,,,,,,,,-1,,-1,
Eternal Return,,,,,-1,,,,,,,,,,,,-1
Eternal Return,,,,,1,-1,,,,,,,,,,-1,
Eternal Return,,,,,1,,,,,,,,,,,,
Eternal Return,,,,,,,,,,,,,,,,,
Eternal Return,,,,,,0,,,,,,,,,,,
Eternal Return,,,,,,-1,,,,,,,,,,,
Eternal Return,,,,,1,-1,,,,,,,,,,-1,-1
Eternal Return,,,,,1,,,,,,,,,,,,
Eternal Return,,,,,,,,,,,,,,,,,
Eternal Return,,,,,1,,,,,,,,,,,,
Eternal Return,,,,,1,,,,,,,,,,,,
Eternal Return,,,,,,,,,,,,,,,,,
Eternal Return,,,,,,,,,,,,,,,,,
Eternal Return,,,,,,,,,,,,,,,,,
Eternal Return,,,,,,,,,,,,,,,,,
Eternal Return,,,,,,,,,,1,,,,,,,
Eternal Return,,,,,1,,,,,,,,,,,,
Eternal Return,,,,,1,,,,,,,,,,,,
Eternal Return,,,,,1,,,,,,,,,,,,
Eternal Return,,,,,1,,1,,,,,,,,,,
Eternal Return,,,,,1,,,,,,,,,,,,
Eternal Return,,,,,,,,,,,,,,,,,
Eternal Return,,,,,,,,,,-1,,,,-1,,,
Eternal Return,,,,,,,,,,,,,,,,,
Eternal Return,,,,,,,,,,1,,,,-1,,,
Eternal Return,,,,,1,,,,,,,,,,,,
Eternal Return,,,,,1,,,,,,,,,,,,
Eternal Return,,,,,,,,,,,,,,,,,
Eternal Return,,,,,,,,,,,,,,,,,
Eternal Return,,,,,1,,,,,,,,,,,,
Eternal Return,,,,,1,,1,1,1,1,,1,,,,,
Eternal Return,,,,,,,,,,,,,,,,,
Eternal Return,,,,,1,,,,,,,,,,,,
Eternal Return,,,,,,,,,,,,,,,,,
Eternal Return,,,,,,,,,,,,,,,,,
Eternal Return,-1,-1,,,,,-1,,-1,-1,-1,,,,,,
Eternal Return,,,,,,,,,,,,,,,,,
Eternal Return,,,,,1,,,,,,,,,,,,
Eternal Return,,,,,,,,,,,,,,,,,
Eternal Return,,,,,1,,,,,,,,,,,,
Eternal Return,,,,,1,,,,,,,,,,,,
Eternal Return,,,,,,,,,,,,,,,,,
Eternal Return,,,,,,,,,,,,,,,,,
Eternal Return,,,,,1,-1,,,,,,,,,1,,
Eternal Return,-1,-1,-1,,1,,,,,,,,,,,,
Eternal Return,,,,,1,-1,,,,,,,,,,,
Eternal Return,,,,,0,,,,,,,,,,,,
Eternal Return,,,,,,,,,,,,,,,,,
Eternal Return,,,,,,,,,-1,-1,,,,,,,
Eternal Return,,,,,,,,,,,,,,,,-1,
Eternal Return,,,,,1,,,,,,,,,,,,
Eternal Return,,,,,1,,,,,,,,,,,,
Eternal Return,,,,,,,,,,,,,,,,,
Eternal Return,,,,,,,,,,1,,,,,,,
Eternal Return,,,,,,-1,,,,,,,,,,,
Eternal Return,,,,,,,,,,,,,,,,,
Eternal Return,,,,,,,1,1,,,,,,,,,
Eternal Return,,,-1,,,,,,,,,,,,,,
Eternal Return,,,,,,,,,,,,,,,,,
Eternal Return,,,,,,,,,,,,,,,-1,,
Eternal Return,-1,-1,-1,,1,-1,,,,,,,,1,-1,-1,-1
Eternal Return,,,,,1,,,,,,,,,,,,
Eternal Return,,,,,,,,,,,,,,,,,
Eternal Return,,,,,,,,,,,,,,,,,
Eternal Return,,,,,1,,,,,,,,,,,,
Eternal Return,,,,,,,,,,,,,,,,,
Eternal Return,,,,,1,,,,,,,,,,,,
Eternal Return,,,,,1,,-1,1,,,,-1,,,-1,,
Eternal Return,,,,1,1,-1,1,0,,,,0,,,-1,-1,-1
Eternal Return,,,,-1,1,,,,,,,,,,-1,-1,-1
Eternal Return,,,,,1,,1,1,1,1,,1,,,,,
Eternal Return,,,,,1,,1,1,,,,,,,,,
Eternal Return,,,,0,0,,,,,,,0,,,,,-1
Eternal Return,,,,-1,,,,,,,,,,,,,
Eternal Return,,,,,1,,,,,-1,,,,,,,
Eternal Return,,,,,1,-1,,1,,,,,,,-1,-1,
Eternal Return,,,,,1,,,,,,,,,,-1,-1,
Eternal Return,,,,1,1,-1,1,1,,0,,0,,0,-1,-1,-1
Eternal Return,,,,1,1,,1,1,,,,,,1,,,
Eternal Return,,,,,,,,,,,,,,,,,
Eternal Return,,,,,,,,,,1,,,,,,,
Eternal Return,,,,1,1,-1,1,1,,,,,,0,,-1,
Eternal Return,,,,,1,,,,,,,,,,,,
Eternal Return,,,,,1,,1,,,,,,,,-1,-1,
Eternal Return,,,,,1,,,,,,,,,,,,
Eternal Return,,,,,1,,,,,,,,,,,,
Eternal Return,,,,1,1,-1,1,1,,,,,,1,,-1,
Eternal Return,,,,,1,,,,,,,,,,-1,,-1
Eternal Return,,,,,1,,,,,,,,,,,,
Eternal Return,,,,,1,-1,,,,,,,,,-1,-1,
Eternal Return,,,,1,1,-1,1,-1,,,,,,-1,-1,-1,-1
Eternal Return,,,,,-1,,,,,,,,,,,,
Eternal Return,,,,,1,,,,,,,,,,,,
Timberborn,,,,,,,,,,,,,,,,,
Timberborn,,,,,1,,,,,,,,,,,,
Timberborn,,,,,1,,,1,,,,,,,-1,-1,
Timberborn,,,,,,,,,,,,,,,,,
Timberborn,-1,,-1,,0,,,,,,,,,,,,
Timberborn,,,,,1,,,,,,,,,,,,
Timberborn,,,,,1,,,,,,,,,,,,
Timberborn,,,,,,,1,1,,,,,,,,,
Timberborn,,,,,1,,,,,,,,,,,,
Timberborn,-1,,-1,,1,,,1,,,,,,,,,-1
Timberborn,,,,,1,,,0,0,0,,,,,-1,-1,
Timberborn,-1,1,,,1,,,,,,,,,,,,
Timberborn,,,-1,,1,-1,1,1,,,,,-1,-1,,,
Timberborn,,,,,1,,,,,,,,,,-1,,
Timberborn,,,,1,1,,,1,,,,,,,,,
Timberborn,,,,,,,,,,,,,,,,,
Timberborn,1,,,,1,,,,,,,,,,,,
Timberborn,,,,,1,,,,,,,,,,,,
Timberborn,1,1,,,1,,,,,,,,,,,,
Timberborn,,,,,,,,0,,,,,,,-1,,-1
Timberborn,,,,,1,,,,,,,,,-1,,,
Timberborn,,,,,1,,1,1,,,,,,,,,
Timberborn,,,,,,,,,,,,,,1,,,
Timberborn,,,,,,,,,,,,,,,,,
Timberborn,-1,,-1,,,,,,,,,,,,,,
Timberborn,,,,,1,,,,,,,,,,,,-1
Timberborn,,,,,-1,-1,,,,,,,,,-1,-1,
Timberborn,,,,1,1,,,,,,,,,,,,
Timberborn,,,,,-1,,,,,,,,,,,,-1
Timberborn,,,,,1,,,,,,,,,,-1,-1,
Timberborn,,,,,1,,,,,,,,,,,,
Timberborn,,,,,,,,,,,,,,,,,
Timberborn,,,,,1,,,,,,,,,,,,
Timberborn,,,,-1,1,,,0,,,,,,,,,-1
Timberborn,,,,,1,,,,,,,,,,,,
Timberborn,,,,1,1,,,,,,,,,,,,
Timberborn,,,,,1,-1,,0,0,0,,,,,-1,,-1
Timberborn,,,-1,1,,1,,1,1,1,,,,0,,,-1
Timberborn,,,,,1,,,1,,,,1,,,,,-1
Timberborn,,,,,1,,,,,,,,,,,-1,
Timberborn,,,,-1,1,-1,-1,0,,,,-1,,-1,-1,-1,-1
Timberborn,,,,,1,,,,,1,,,,,,,
Timberborn,,,,1,,,,,,,,,,,,,
Timberborn,-1,-1,-1,-1,0,-1,-1,-1,,,,,,-1,,-1,
Timberborn,,,,,1,,,,,,,,,,,,
Timberborn,,,,,1,,,,,,,,,,,,
Timberborn,,,,,1,,,,,,,,,,,,
Timberborn,,,,,,,,,,,,,,,,,
Timberborn,,,,,,,,,,,,,,,,,
Timberborn,,,,1,,,,,,,,,,,,,
Timberborn,,,,-1,1,,,-1,,,,,,,,,-1
Timberborn,,,,,1,-1,,,,,,,,,-1,,-1
Timberborn,,,,,,,,,,,,,,,,,
Timberborn,,,,,1,,,,,,,,,,,,
Timberborn,,,,,,,,,,,,,,,,,
Timberborn,,,,,,,,,,,,,,,,,
Timberborn,,,,,1,,,,,,,,,,,,
Timberborn,,,,-1,1,,,1,,,,,,,,,-1
Timberborn,,,,,,,,,,,,,,,,,
Timberborn,,,,,1,,,,,,,,,,1,-1,
Timberborn,,,,,1,,1,,,,,,,,,,
Timberborn,,,,,1,,,,,,,,,,,,-1
Timberborn,,,,1,1,-1,1,1,1,1,,1,,-1,-1,-1,-1
Timberborn,,,,,1,,,,,,,,,,0,-1,
Timberborn,,,,-1,1,-1,,-1,,,,,,-1,-1,-1,-1
Timberborn,,,,,1,,,,,,,,,,,,
Timberborn,,,,,1,,,,,,,,,,,,
Timberborn,,,,,,,,,,,,,,,,,
Timberborn,,,,1,1,-1,1,1,1,1,,,,-1,-1,-1,-1
Timberborn,,,,,1,,,,,,,,,,,,
Timberborn,,,,,,,,,,,,,,,,,
Timberborn,,,,,,,,,,,,,,,,,
Timberborn,,,,,1,,,1,,,,,,0,-1,-1,
Timberborn,,,,1,1,,,,,,,,,,,,
Timberborn,,,,,1,,,,,,,,,,-1,,-1
Timberborn,,,,-1,1,,-1,,,,,,,,,,
Timberborn,,-1,,,,,,,-1,,-1,,,,,,
Timberborn,,,,,,,0,1,,,,,,,,,
Timberborn,,-1,-1,,,,-1,-1,-1,,,-1,,,,,
Timberborn,,,,1,1,,1,1,,,,1,,,,,
Timberborn,,,,,,,,,,,,,,,,,
Timberborn,,,,,1,,,,,,,,,,-1,,
Timberborn,,,,,1,,,,,,,,,,-1,,
Timberborn,,,,,,,,,,,,,,,,,
Timberborn,,,,,1,,1,1,1,1,,,,1,-1,-1,
Timberborn,,,,,,,,0,,,,,,,,,-1
Timberborn,,,,,,,,,,,,,,,,,
Timberborn,,,,,1,,,,,,,,,,-1,0,-1
Timberborn,,,,,1,,,0,,,,,,,,,
Timberborn,,,,,1,,,,,,,,,,,,
Timberborn,,,,,,,,,,,,,,,,,
Timberborn,,,,,,,,,,,,,,,,,
Timberborn,,,,,1,1,,,,,,,-1,,,,
Timberborn,,,,,1,-1,,,,,,,,,,,
Timberborn,,,,,,,,,,,,,,,-1,,
Timberborn,,,,,1,-1,-1,-1,-1,-1,,,,,,,
Timberborn,,,,,,,,,,,,,,,,,
Timberborn,,,,1,1,,1,1,,,,,,,,,
Timberborn,,,,1,1,,,,,,,,,,,,
Timberborn,,,,,1,,,,,,,,,,,,-1
Poly Bridge 2,,,,,,,,,,,,,,,,,
Poly Bridge 2,,,,,,,,,,,,,,,,,
Poly Bridge 2,,,,,,,,,,,,,,,,,
Poly Bridge 2,,,,,,,,,,,,,,,-1,,
Poly Bridge 2,,,,,,,,,,,,,,,-1,,
Poly Bridge 2,,,,,,,,,,,,,,,,,
Poly Bridge 2,,,,,,,,,,,,,,,,,
Poly Bridge 2,,,,,,,,,,,,,,,,,
Poly Bridge 2,,,,,,,,,,,,,,,,,
Poly Bridge 2,,,,,,,,0,,,,,,,,,
Poly Bridge 2,,,,,,,,,,,,,,,,,
Poly Bridge 2,,,,,1,,,,,,,,,,-1,,
Poly Bridge 2,,,,,1,,,,,,,,,,,,
Poly Bridge 2,,,,,,,,,,,,,,,,,
Poly Bridge 2,,,,,,,,,,,,,,,,,
Poly Bridge 2,,,,,1,,,,,,,,,,0,-1,
Poly Bridge 2,,,,,,,,,,,,,,,,,
Poly Bridge 2,,,,,0,,,,,,,0,,,,,
Poly Bridge 2,,,,,,,,,,,,,,,,,
Poly Bridge 2,,-1,,,,,,,-1,,-1,,,,,,
Poly Bridge 2,,,,,1,,,,,,,,,,-1,,-1
Poly Bridge 2,,,,,,-1,,0,,,,,,,,,
Poly Bridge 2,,,,,,,,,,,,,,,,,
Poly Bridge 2,,,,,,,,,,,,,-1,,,,
Poly Bridge 2,,,,,,,,,,,,,,,,,
Poly Bridge 2,,,,,,,-1,0,,,,-1,,,,,
Poly Bridge 2,,,,,1,,,,,,,,,,,,
Poly Bridge 2,,,,,1,,,,,,,,,,,,
Poly Bridge 2,,,,,,,,,,,,,,,,,
Poly Bridge 2,,,,,1,,,,,,,,,,,,
Poly Bridge 2,,,,,,-1,,0,,,,,,,-1,,-1
Poly Bridge 2,,,,,,,,,,,,,,,,,
Poly Bridge 2,,,,,,,,,,,,,,,,,
Poly Bridge 2,,,,,,,,,,,,,,,,,
Poly Bridge 2,,,,,1,,,,,,,,,,,,
Poly Bridge 2,,,,,,,,,,,,,,,,,
Poly Bridge 2,,,,,,,,,,,,,,,,-1,
Poly Bridge 2,,,,,,,,,,,,,,,,,
Poly Bridge 2,,,,,-1,,,,,,,,,,,,
Poly Bridge 2,,,,,,,-1,-1,,,,,,,,,
Poly Bridge 2,,,,,,,,,,,,,,,,,
Poly Bridge 2,,,,,,,,,,,,,,,,,
Poly Bridge 2,,,,,,,,,,,,,,,,,
Poly Bridge 2,,,,,,,1,,,,,,,,,,
Poly Bridge 2,,,,,,,,,,,,,,,,,
Poly Bridge 2,,,,,,,,,,,,,,,,,
Poly Bridge 2,,,,,,,,,,,,,,,,,
Poly Bridge 2,,,,,1,-1,,1,,,,,,,-1,,-1
Poly Bridge 2,,,,,1,,,,,,,,,,,,
Poly Bridge 2,,,,,,,,1,,,,,,,,,
Poly Bridge 2,,,,,1,,,,,,,,,,,,
Poly Bridge 2,,,,,-1,,,,,,,,,,,-1,
Poly Bridge 2,,,,,,,,,,,,,,,,,
Poly Bridge 2,,,,,0,,,,,,,,,,,,
Poly Bridge 2,,,,,1,,1,1,,,,,,,,,
Poly Bridge 2,,,,,1,-1,0,0,,,,,,,-1,,
Poly Bridge 2,,,,,,,,,,,,,,,,,-1
Poly Bridge 2,,,,,1,-1,1,1,,,,1,,,-1,-1,-1
Poly Bridge 2,0,1,,0,1,-1,1,1,0,0,0,0,,,-1,-1,-1
Poly Bridge 2,,,,,0,,,,,,,,,,-1,,
Poly Bridge 2,,,,,,,,,,,,,,,,,
Poly Bridge 2,,,,,,,,,,,,,,,,,
Poly Bridge 2,,,,,,,,,,,,,,,,,
Poly Bridge 2,,,,,,,,,,,,,,,,,
Poly Bridge 2,,,,,,,1,,,,,1,,,,,
Poly Bridge 2,,,,,,,,,,,,,,,,,
Poly Bridge 2,,,,,1,,,,,,,,,,,,-1
Poly Bridge 2,,,,,,,,,,,,,,,,,
Poly Bridge 2,,,,,,,,,,,,,,,,,
Poly Bridge 2,,,,,,,1,1,,,,-1,,,,,
Poly Bridge 2,,,,,,,,,,,,,,,,,
Poly Bridge 2,,,,,,,,,,,,,,,,,
Poly Bridge 2,,,,,1,,,,,,,,,,,,
Poly Bridge 2,,,,,1,,,,,,,,,,,,
Poly Bridge 2,,,,1,1,1,1,1,1,1,1,1,,,1,-1,-1
Poly Bridge 2,,,,,1,,1,,,,,,,,,,
Poly Bridge 2,,,,,1,,,,,,,,,,,1,
Poly Bridge 2,,,,,,,,,,,,,,,,,
Poly Bridge 2,,,,1,1,-1,1,1,,1,,1,,1,-1,-1,-1
Poly Bridge 2,,,,,,,,,,,,,,-1,,,
Poly Bridge 2,,,,,,,,,,,,,,,,,
Poly Bridge 2,,,,,,,,,,,,,,,,,
Poly Bridge 2,,,,,-1,,-1,-1,,,,,,-1,,,
Poly Bridge 2,,,,,,,,,,,,,,,,,
Poly Bridge 2,,,,,1,,,,,,,,,,,,
Poly Bridge 2,,,,,,,,,,,,,,,,,
Poly Bridge 2,,,,,1,,,,,,,,,,,,
Poly Bridge 2,,,,,,,,,,,,,-1,,,,
Poly Bridge 2,,,,1,1,,1,1,1,1,1,1,,,,,
Poly Bridge 2,,,,,,,,,,,,,,,,,
Poly Bridge 2,,,,,,,,,,,,,,,,,
Poly Bridge 2,,,,,1,,,,,,,,,,,-1,
Poly Bridge 2,,,,,,,,,,,,,,,,,
Poly Bridge 2,,,,1,1,,,1,,,,1,,,,,-1
Poly Bridge 2,,,,1,1,,,,,,,,,,,,
Poly Bridge 2,,,,1,1,,1,1,,,,,,,-1,-1,
Poly Bridge 2,,,,,,,,,,,,,,,,,
Poly Bridge 2,,,,,,,,,,,,,,,,,
Poly Bridge 2,-1,1,-1,1,1,,1,1,1,,1,1,,,-1,-1,-1
Poly Bridge 2,-1,-1,,-1,0,,-1,,-1,,-1,,,,,-1,
Baldur's Gate 3,,,,,1,,,,,,,,,,,,
Baldur's Gate 3,,,,-1,,,,,,,,,,,,,
Baldur's Gate 3,,,,,,,,,,,,,,,,,
Baldur's Gate 3,,,,,,,,,,,,,,,,,
Baldur's Gate 3,,,,,1,,1,,,,,,,,,,
Baldur's Gate 3,,,,,,,,,,,,,,,,,
Baldur's Gate 3,,,,,,,,,,,,,,,,,
Baldur's Gate 3,,,,,-1,,,,,,,,,,,,
Baldur's Gate 3,,,,,1,,,,,,,,,,,,
Baldur's Gate 3,,,,1,1,,,,,,,,,,,,
Baldur's Gate 3,,,,,,,,,,,,,,,,,
Baldur's Gate 3,,,,,1,,,,,,,,,,,,
Baldur's Gate 3,,,,,,,,,,,,,,,,,
Baldur's Gate 3,,,,,1,,,,,,,,,,,,
Baldur's Gate 3,,,,-1,1,,,-1,,,,,,,-1,-1,-1
Baldur's Gate 3,,,,,1,,,,,,,,,,,,
Baldur's Gate 3,,,,,1,,1,,,,,,,,,,
Baldur's Gate 3,,,,,1,,,,,,,,,,,1,
Baldur's Gate 3,,,,,,,,,,,,,,,,,
Baldur's Gate 3,,,,,1,,,,,,,,,,,,
Baldur's Gate 3,,,,,,,,,,,,,,,,,
Baldur's Gate 3,,,,,1,,,,,,,,,,,,
Baldur's Gate 3,,,,,,,,,,,,,,,,,
Baldur's Gate 3,,,,,1,,,,,,,,,,,,
Baldur's Gate 3,,,,,1,,,,,,,,,,,,
Baldur's Gate 3,,,,,,,,,,,,,,,,,
Baldur's Gate 3,,,,,1,,,1,,,,,,,,,
Baldur's Gate 3,,,,,1,,,,,,,,,,,,
Baldur's Gate 3,,,,,,,,,,,,,,,,,
Baldur's Gate 3,,,,,,,,,,,,,,,,,
Baldur's Gate 3,,,,,,,,,,,,,,,,,
Baldur's Gate 3,,,,1,1,,,,,,,,,,,,
Baldur's Gate 3,,,,,1,,,,,,,,,,,,
Baldur's Gate 3,,,,,1,,,,,,,,,,,,
Baldur's Gate 3,,,,,-1,,,1,,,,,,,,,
Baldur's Gate 3,,,,,-1,,,,,,,,,,,,
Baldur's Gate 3,,,,-1,1,,1,1,1,1,1,-1,,,,,
Baldur's Gate 3,,,,,1,,,,,,,,,,,,
Baldur's Gate 3,,,,,,,,,,,,,,,,,
Baldur's Gate 3,,,,-1,-1,,,,,,,,,,,,
Baldur's Gate 3,,,,,1,,,,,,,,,,,,-1
Baldur's Gate 3,,,,,1,,1,1,,,,1,,,,,
Baldur's Gate 3,,,,,1,,,,,,,,,,,,
Baldur's Gate 3,,,,,,,,,,,,,,,,,
Baldur's Gate 3,,,,,1,,,,,,,,,,,,
Baldur's Gate 3,,,,,,,,,,,,,,,,,
Baldur's Gate 3,,,,1,1,,,,,,,,,,,,
Baldur's Gate 3,,,,1,1,,,,,,,,,,,,
Baldur's Gate 3,,,,,1,-1,,,,,,-1,,,-1,,
Baldur's Gate 3,,,,0,,,,,,,,,,,,,
Baldur's Gate 3,,,,,,,,,,,,,,,,,
Baldur's Gate 3,,,,,,,,,,,,,,,,,
Baldur's Gate 3,,,,,1,,,,,,,,,,,,
Baldur's Gate 3,,,,,,,,,,,,,,,,,
Baldur's Gate 3,,,,,,,,,,,,,,,,,
Baldur's Gate 3,,,,,1,,,,,,,,,,,,
Baldur's Gate 3,,,,,,,,1,,,,,,,,,
Baldur's Gate 3,,,,,,,,,,,,,,,,,
Baldur's Gate 3,,,,,1,,,,,,,,,,,,
Baldur's Gate 3,,,,,1,,,,,,,,,,,,
Baldur's Gate 3,,,,,,,,,,,,,,,,,
Baldur's Gate 3,,,,,1,,,,,,,,,,,,
Baldur's Gate 3,,,,1,1,,1,1,,,,,,,,,
Baldur's Gate 3,,,,,1,,,,,,,,,,,,
Baldur's Gate 3,,,,,,,,,,,,,,,,,
Baldur's Gate 3,,,,,,,,,,,,-1,,,,,
Baldur's Gate 3,,,,,,,,,,,,,,,,,
Baldur's Gate 3,,,,-1,1,,,,,,,,,,-1,-1,-1
Baldur's Gate 3,,,,,1,,,,,,,,,,,,
Baldur's Gate 3,,,,,1,,,,,,,,,,,,
Baldur's Gate 3,,,,,,,,,,,,,,,,,
Baldur's Gate 3,,,,,1,,,,,,,,,,,,
Baldur's Gate 3,,,,1,1,,,,,,,,,,,,-1
Baldur's Gate 3,,,,,,,,,1,1,,,,,,,
Baldur's Gate 3,-1,-1,-1,0,0,-1,-1,-1,0,,-1,-1,,-1,,,
Baldur's Gate 3,,,,1,0,,,1,,,,,,,0,,-1
Baldur's Gate 3,,,,0,1,-1,1,1,0,0,,0,,,0,-1,
Baldur's Gate 3,,,,,1,,,,,,,,,,,,
Baldur's Gate 3,,,,,0,,,,,,,,,,,,
Baldur's Gate 3,,,,1,1,,1,1,1,1,,1,,1,-1,-1,
Baldur's Gate 3,,,,,,,,,,,,1,,,,,
Baldur's Gate 3,,,,1,1,,1,,,,,,,,,,
Baldur's Gate 3,,,,,1,,,,,,,,,,,,
Baldur's Gate 3,,,,,,,,,,,,,,,,,
Baldur's Gate 3,1,1,,1,1,,,,1,,1,,,,,,
Baldur's Gate 3,,,-1,,1,,,,,,,,,,,,
Baldur's Gate 3,,,,,1,,,,,,,,,,,,
Baldur's Gate 3,,,,,1,,,,,,,,,,,,
Baldur's Gate 3,,,,,1,,,,,,,,,,,,
Baldur's Gate 3,,,,0,0,-1,0,0,0,0,0,0,,-1,-1,,
Baldur's Gate 3,,,,,1,,1,1,1,,,,,,-1,,
Baldur's Gate 3,,,,-1,1,,,,,,,,,,,,
Baldur's Gate 3,,,,,1,,1,,1,,,,,,0,1,
Baldur's Gate 3,,,,1,1,,,,,,,0,,,,-1,
Baldur's Gate 3,,,-1,,,,,,,,,,,,,,-1
Baldur's Gate 3,,,,,1,,,,1,1,,1,,,,,
Baldur's Gate 3,,,,,,,,,,,,,,,,,
Baldur's Gate 3,,,,,1,,,,,,,1,,,,,
Baldur's Gate 3,,,,,1,,,,,,,,,,,,
Baldur's Gate 3,,,,0,0,-1,0,0,,,,,,0,-1,-1,
Inscryption,,,,,1,,,,,,,,,,,,
Inscryption,,,,,0,-1,,,,,,,,,,,
Inscryption,,,,,1,,,,,,,1,,,,,
Inscryption,,,,,,,,,,,,,,,,,
Inscryption,,,,,1,,,,,,,,,,,,
Inscryption,,,,,1,,,,,,,,,,,,
Inscryption,,,,,,,,,,,,,,,,,
Inscryption,,,,,1,,,,,,,,,,,,
Inscryption,,,,,1,,,,,,,,,,,,
Inscryption,,,,,,,,,,,,,,,,,
Inscryption,,,,,0,,-1,,,,,,,,,,
Inscryption,,,,,1,,,,,,,,,,,,
Inscryption,,-1,,0,1,-1,1,1,0,-1,1,0,,1,-1,-1,-1
Inscryption,,,,,1,,,,,,,-1,,,,,
Inscryption,,,,,1,,,,,,,,,,,,
Inscryption,,,,,,,,,,1,,,,,,,
Inscryption,,,,,,,,,,,,,,,,,
Inscryption,,,,,1,,,,,,,,,,,,
Inscryption,,,,,,,,,,,,1,,,,,
Inscryption,,,,1,1,,,1,,,,,,,,,1
Inscryption,,,,,1,,1,1,1,,1,1,,,,,
Inscryption,,,-1,,,,,,,,,,,,,,
Inscryption,,,,,1,,,,,,,,,,,,
Inscryption,,,,,1,,,,,,,,,,,,-1
Inscryption,,,,-1,1,,1,-1,,,,,,0,,,
Inscryption,,,,,,,,,,,,,,,,,
Inscryption,-1,,-1,,,,,,,,,,,-1,,,
Inscryption,,,,,,,,,,,,,,,,,
Inscryption,,,,,1,,,,1,,,,,,1,1,
Inscryption,,,,,,,,,,,,,,,,,
Inscryption,,,-1,,,,,,,,,,,,,,
Inscryption,,,,,1,,,,,,,,,,,,
Inscryption,,,,,1,,,,,,,1,,,,,
Inscryption,,,,,1,,,1,,,,,,,,,
Inscryption,,,,,1,,,,,,,,,,,,
Inscryption,,,,,1,,1,,,,,,,1,,,
Inscryption,,,,-1,1,,,1,,,,,,,,-1,
Inscryption,,,,0,1,,,,,,,,,,,-1,
Inscryption,,,,,,,,,,,,,,,,,
Inscryption,,,,,1,-1,,1,,,,,,,-1,,-1
Inscryption,,,,,1,,,,,,,,,,,-1,
Inscryption,,,,,,,-1,,,,,,,-1,,,
Inscryption,,,,1,1,,,,,,,,,,,,
Inscryption,,,,,1,,,,,,,,,,,,
Inscryption,,,,,1,,,,,,,,,,,,-1
Inscryption,,,-1,,,,,,,,,,,-1,,,
Inscryption,,,,,0,,0,0,,,,,,,,,
Inscryption,,,,1,1,,1,1,1,1,,1,,,0,,-1
Inscryption,,,,1,1,,1,1,,,,,,1,,,
Inscryption,,,,,1,-1,-1,,,,,,,-1,-1,-1,
Inscryption,,,,,1,,,,,,,,,,,,
Inscryption,,,,,,,,,,,,,,,,,
Inscryption,,,,,1,,,,,,,,,,,,
Inscryption,,,,,1,,1,-1,,,,-1,,,-1,,
Inscryption,,,,,1,-1,,,,,,,,,-1,-1,
Inscryption,,,,,0,,,,,,,,,,,,
Inscryption,,,,,,,,,,,,,-1,,,,
Inscryption,,,,,,,,,,,,,,,,,
Inscryption,,,,,1,,,,,,,,,,,,
Inscryption,,,,1,1,,,,,,,,,,,,
Inscryption,,,,,1,,,,,,,,,,,,
Inscryption,,,,,,,,,,,,,,,,,
Inscryption,,,,,1,,,,,,,,,,,,
Inscryption,,,,,,-1,-1,1,,,,,,-1,-1,,
Inscryption,,,,1,1,,,,,,,,,,,,
Inscryption,,,,-1,1,,,,,,,-1,,,,-1,
Inscryption,,,,,,,,,,,,,,,,,
Inscryption,,,,,1,,,,,,,,,,,,
Inscryption,,,,,,-1,,,,,,,,,,,
Inscryption,,,,0,1,,,,,,,,,,,,
Inscryption,,,,,1,,,,,,,,,,,,
Inscryption,,,,1,1,,,,,,,,,,,,
Inscryption,,,,,1,-1,0,1,,,,1,,,-1,-1,-1
Inscryption,,,,1,1,-1,1,1,,,,,,0,,,
Inscryption,,,,,1,-1,,-1,,,,,,,-1,,-1
Inscryption,,,,-1,,,-1,,,,,-1,,,,,
Inscryption,,1,-1,1,1,-1,1,1,,,1,,,1,,,-1
Inscryption,1,1,,1,1,1,1,,1,,1,,,1,1,1,
Inscryption,,,,,1,-1,1,1,,,,,,1,-1,,
Inscryption,,,,1,1,-1,1,1,,,,,,0,0,-1,
Inscryption,,,,,1,,,,,,,,,,,,
Inscryption,,,,,1,,,,,,,,,,,,
Inscryption,,,,,1,,1,1,,,,,,,-1,-1,
Inscryption,,,,,1,,,,,,,,,,,,
Inscryption,,,,,1,,1,1,,,,,,,,,
Inscryption,,,,,1,,,,,,,,,1,,,
Inscryption,,,,1,1,,,1,,,,,,,0,-1,
Inscryption,,,,,1,,,,,,,,,,,,
Inscryption,,,,,1,,,,,,,,,,,,
Inscryption,,,,1,1,,,,,,,,,,,,
Inscryption,,,,,1,,,,,,,,,,1,,
Inscryption,,,,,1,,,,,,,,,,,,
Inscryption,,,,,1,-1,1,1,,,,,,,,,
Inscryption,,,,,1,-1,,,,,,,,,-1,-1,
Inscryption,,,,,1,,,,,,,,,,,,
Inscryption,,,,,1,,1,1,,,,,,,,,
Inscryption,,,,,1,,,,,,,,,,,,
Inscryption,,,,,1,,0,,1,,,,,,,,
Inscryption,,,,1,1,-1,1,1,,,,,,1,-1,-1,-1
Inscryption,,1,,,1,-1,1,1,1,,,1,,,-1,,-1
Monster Train,1,1,,1,1,-1,1,1,1,,1,1,,1,,-1,-1
Monster Train,,,,,1,,-1,,-1,-1,,,,,,,
Monster Train,,,,-1,1,,,,,,,,,,-1,,
Monster Train,,,,,,,,,,,,,,,,,
Monster Train,,,,,1,,,,,,,,,,,,
Monster Train,-1,1,,1,1,-1,1,1,1,1,1,1,,,-1,-1,-1
Monster Train,,,-1,,,,,,,,,,,,,,
Monster Train,,-1,,1,0,-1,-1,-1,,,-1,1,-1,-1,-1,-1,-1
Monster Train,,,,1,1,1,1,1,,,,,,1,,,
Monster Train,,,,,1,,,,,,,,,,0,0,
Monster Train,,,,,,,,,,,,,,,,,
Monster Train,,,,,,,,,,,,,,,,,
Monster Train,,,,,1,,,,,,,,,,,,
Monster Train,0,1,,,,-1,,1,1,,1,,,,0,-1,1
Monster Train,,,,,1,,,,,,,,,,,,
Monster Train,,,,,1,,,,,,,,,,-1,,
Monster Train,,,,,1,,1,1,,,,,,,,,
Monster Train,,,,,1,,,,,,,,,,,,
Monster Train,,,,0,1,,,,,,,,,,,-1,-1
Monster Train,,,,,,,,,,,,,,,,,
Monster Train,,,,,1,,,,,,,,,,,,
Monster Train,,,,,,,,,,,,,,,,,
Monster Train,,,,,1,,,,,,,,,,,,
Monster Train,,,,,,,,,,,,,,,,,
Monster Train,,,,,0,,,,,,,,,,,,
Monster Train,,,,,,,,,,,,,,,,,
Monster Train,,,,,1,,,,,,,,,,,,
Monster Train,,,,,1,-1,,,,,,,,1,,,
Monster Train,,,,,1,,,,,,,,,,,,
Monster Train,,,,,,,,,,,,,,,-1,,
Monster Train,,,,,,,,,,,,,,,,,
Monster Train,,,,1,1,-1,1,1,,,,,,-1,,-1,
Monster Train,,,,,1,,,,,,,,,,,,
Monster Train,,,,,1,,,,,,,,,,,,
Monster Train,,,,-1,0,,,-1,,,,,,-1,,,-1
Monster Train,,,,,1,-1,,,-1,-1,,,,,-1,,
Monster Train,,,,0,1,-1,1,1,,,,,,-1,-1,-1,-1
Monster Train,,,,-1,1,,,,,,,,,,,,-1
Monster Train,,,,,1,,1,1,1,1,,,,,,,
Monster Train,-1,,-1,,1,,,,,,,,,,,,
Monster Train,,,,1,,,,,,,,,,,,,
Monster Train,,,,,1,,,,1,1,,,,,,,
Monster Train,,,,,0,-1,1,1,,,,,,,-1,-1,
Monster Train,,,,1,1,0,1,1,,,,,,,0,-1,
Monster Train,,,,,1,,-1,1,,,,,,,,,
Monster Train,,,,,1,,,,,,,,,,1,,
Monster Train,,,,1,1,,,1,,,,,,,0,-1,-1
Monster Train,,-1,,1,1,-1,1,1,0,,1,,,,,-1,
Monster Train,,,,,1,,,,,,,,,,,,
Monster Train,,,,,0,,-1,,0,,,,,,,,
Monster Train,,,,,1,,1,,,,,,,,,,
Monster Train,,,,,,,1,1,,,,1,,,,,
Monster Train,,,,1,1,,1,1,1,1,,,,1,,,
Monster Train,,,,,1,,,,,,,,,,,,
Monster Train,,,,,,,,,,-1,,,,,,,
Monster Train,,,,1,1,,,1,,,,,,,,,
Monster Train,,,,,1,,,,1,1,,,,,1,1,
Monster Train,,,,,,,,,,,,,,,,,
Monster Train,,,,0,1,,,0,,,,0,,,,,
Monster Train,,,,,1,,,,,,,,,,,,
Monster Train,,,,1,1,,,1,,,,,,,,,-1
Monster Train,,,,,1,,,,,,,,,,,,
Monster Train,,,,1,0,-1,1,1,,,,1,,1,-1,-1,-1
Monster Train,,,,,1,-1,,,,,,,,,-1,,
Monster Train,,,,,1,,,,,,,,,,,,-1
Monster Train,,,,1,1,,-1,0,0,-1,,-1,,-1,,,
Monster Train,,,,,1,,,,,,,,,,,,
Monster Train,,,,,1,,,,,,,,,,,,
Monster Train,,,,-1,1,,-1,,-1,-1,-1,,,,,,
Monster Train,,,,,1,-1,1,,,,,,,,,,-1
Monster Train,,,,,1,-1,1,,,,,,,1,,-1,
Monster Train,,,,-1,1,,,,,,,,,-1,,,
Monster Train,,,,,1,,1,,1,,1,1,,,,,
Monster Train,,,,,1,,,,,,,,,,,,
Monster Train,,,,0,,,,,,,,,,,,,-1
Monster Train,,,-1,,,,,,,,,,-1,,,,
Monster Train,,,,,1,,,,,,,,,,,,
Monster Train,,,,,,,,,,,,,,,,,
Monster Train,,,,,1,,,,,,,,,,-1,,-1
Monster Train,,,,0,0,,,,,,,0,,,-1,,-1
Monster Train,,,,,1,,,,,,,0,,,,,
Monster Train,,,,1,1,,1,1,,1,,1,,,,,
Monster Train,,,,,1,,1,,,,,1,,,,,
Monster Train,,,,,1,,,,,,,,,,,,
Monster Train,,,-1,,,,,,,,,,,-1,,,
Monster Train,,,,,1,,,,,,,,,1,,,
Monster Train,,,-1,1,0,-1,1,1,1,-1,1,1,-1,,-1,-1,-1
Monster Train,,,,,1,,,,,,,,,,,,
Monster Train,,,,1,1,,1,-1,1,1,1,1,,,-1,-1,-1
Monster Train,,,,1,1,,1,1,,,,,,,-1,,
Monster Train,,,,,,,,,,,,,,,,,
Monster Train,,,,1,1,,1,,1,,,-1,,,,-1,
Monster Train,,,,,1,,,,,,,,,,,,
Monster Train,,,,,1,,,,,,,,,,,,
Monster Train,,,,,1,,,,,,,,,,,,-1
Monster Train,,,,,,,,,,,,,,,,,
Monster Train,,,,,1,-1,,,,,,1,-1,,,,
Monster Train,,,,,,,,,,,,,,,,,
Monster Train,,,,,1,,,,,,,,,,,,
Monster Train,,,,,,,,,,-1,,,,,,,
Persona 4 Golden,,,,,1,,,,,,,,,,,,
Persona 4 Golden,,,,,,,,,,,,,,-1,,,
Persona 4 Golden,,,,,,,,,,,,,,,,,
Persona 4 Golden,,,,,1,,1,,,,,,,,,,
Persona 4 Golden,,,,-1,1,,,,,,,,,,,,
Persona 4 Golden,1,1,-1,1,1,-1,1,1,0,1,1,1,,,-1,-1,-1
Persona 4 Golden,0,,-1,1,1,,,1,,,,1,,,-1,,-1
Persona 4 Golden,,,,,,,,,,,,,,,,,
Persona 4 Golden,,,,,1,,,,,,,,,,,,
Persona 4 Golden,,,,,,,,,,,,,,,,,
Persona 4 Golden,,,,1,1,,1,1,,,,1,-1,,,,-1
Persona 4 Golden,,,,,,,,,,,,,,,,,
Persona 4 Golden,,,,1,1,,1,1,0,0,1,0,,,-1,-1,-1
Persona 4 Golden,,,,,1,,,,1,1,,,,,,1,
Persona 4 Golden,,,,,,,,,,,,,,,1,,-1
Persona 4 Golden,,,,,1,,1,,,,,,,,,,
Persona 4 Golden,,,,,,,,,,,,,,,,,
Persona 4 Golden,,,,,1,,1,,1,1,1,1,,,,-1,
Persona 4 Golden,,,,,,,,,,,,,,,,,
Persona 4 Golden,,,,1,1,,1,,1,1,1,1,,,,,
Persona 4 Golden,,,,,1,,,,,,,,,,,,
Persona 4 Golden,,,,,1,,1,1,1,1,,1,,,1,,
Persona 4 Golden,,,,,,,,,,,,,,,,,
Persona 4 Golden,,,,1,1,,1,1,1,-1,1,1,,,-1,1,-1
Persona 4 Golden,,,,,1,,,,,,,,,,,,
Persona 4 Golden,,,,,1,,,,,,,,,,,,
Persona 4 Golden,,,,,1,,1,,,,,,,,,,
Persona 4 Golden,,,,,,,,,,,,,,,,,
Persona 4 Golden,,,,,1,,,,,,,,,,,,
Persona 4 Golden,,,,,,,,,,,,,,,,,
Persona 4 Golden,,,,1,1,-1,1,1,0,-1,,1,,,-1,-1,-1
Persona 4 Golden,,,,,,,,,,,,,,,,,
Persona 4 Golden,,,,,,,,,,,,,,,,,
Persona 4 Golden,,,,,,,,,,,,,,,,,
Persona 4 Golden,,,,,1,,,,,,,,,,,,
Persona 4 Golden,,,,,,,1,,,,,,,,,,
Persona 4 Golden,,,,,,,,,,,,,,,,,
Persona 4 Golden,,,,,1,,,,,,,,,,,,
Persona 4 Golden,,,,,1,,,,,,,,,,,,
Persona 4 Golden,,,,,,,,,,,,,,,,,
Persona 4 Golden,,,,1,1,,,1,1,1,1,1,,,0,-1,-1
Persona 4 Golden,,,,,1,,,,,,,,,,,,
Persona 4 Golden,,,,,,,,,,,,,,,,,
Persona 4 Golden,,,,,1,,,,,,,,,,,,
Persona 4 Golden,,,,,,,,,,,,,,,,,
Persona 4 Golden,,,,,1,,,,,,,,,,,,
Persona 4 Golden,,,,,1,,,,,,,1,,,,,
Persona 4 Golden,,,,1,1,,1,1,,,,1,-1,0,,,
Persona 4 Golden,0,1,,1,1,-1,1,1,1,1,1,1,-1,1,-1,1,
Persona 4 Golden,,1,,1,1,,1,,1,,1,1,,,,,
Persona 4 Golden,,,,,,,,,,,,,,,,,
Persona 4 Golden,,,,,1,,,,,,,,,,,,
Persona 4 Golden,,,,1,1,,1,1,,,,,,1,,,
Persona 4 Golden,1,1,,,1,,1,1,1,,,,,,,,
Persona 4 Golden,,,,,1,,,,,,,,,,,,
Persona 4 Golden,,,,,,,,,,,,,,,,,
Persona 4 Golden,,,,1,1,,,1,,1,,1,1,,,-1,1
Persona 4 Golden,,,,,1,,,,1,,,,,,,,
Persona 4 Golden,,,,,,,,,,,,,,,,,
Persona 4 Golden,,,,0,1,-1,,,,,,,,,-1,-1,-1
Persona 4 Golden,,,,,1,,,,,1,,,,-1,,,
Persona 4 Golden,,,,,,,,,,,,,,,,,
Persona 4 Golden,,,,,1,,,,1,1,,,,,,,
Persona 4 Golden,,,,,1,,,,,,,,,,,,
Persona 4 Golden,,,,,1,,,,,,,,,,,,
Persona 4 Golden,,,,,,,,,,,,,,,,,
Persona 4 Golden,,,,,,,,,-1,-1,,,,,,,
Persona 4 Golden,,,,1,1,,1,1,,,,1,,,1,-1,-1
Persona 4 Golden,,,,1,1,,,1,,,,1,,,,,
Persona 4 Golden,,,,,1,,1,,1,1,1,1,,,,,
Persona 4 Golden,,,,,0,,,-1,,,,-1,,,,,
Persona 4 Golden,,1,,1,1,-1,,,1,1,1,1,-1,,-1,-1,-1
Persona 4 Golden,,0,,1,1,-1,1,1,,,,,,,-1,-1,-1
Persona 4 Golden,,,,,,,,,,,,,,,,,
Persona 4 Golden,,,,,,,,,,,,,,,,,
Persona 4 Golden,,,,,,,,,,,,,,,,,
Persona 4 Golden,,,,,1,,,,,,,,,,,,
Persona 4 Golden,,,,,-1,,,,,-1,,,-1,-1,,,
Persona 4 Golden,,0,,1,0,0,0,1,0,1,1,0,,1,0,-1,-1
Persona 4 Golden,,,,,1,,,,,,,,,,,,
Persona 4 Golden,,,,1,1,,1,1,,,,,,1,,-1,
Persona 4 Golden,,,-1,,1,,,,,,,,,,,,
Persona 4 Golden,,,,,-1,,-1,,,,,-1,,,,,
Persona 4 Golden,,,,,1,-1,1,1,,,,,,1,,,
Persona 4 Golden,,,,,1,,,,,,,,,,,,
Persona 4 Golden,,,,,-1,-1,-1,,,,,,,,-1,-1,
Persona 4 Golden,,,,1,1,,1,1,,,,1,,,,,
Persona 4 Golden,,,,1,1,,1,-1,1,,,1,,,-1,-1,
Persona 4 Golden,-1,,-1,,1,,1,1,,,,,,-1,,,
Persona 4 Golden,,,,,,-1,,,,,,,,-1,,,
Persona 4 Golden,,,,,1,0,1,1,,,,,,,,,
Persona 4 Golden,,,,,,,,,,,,,,,,,
Persona 4 Golden,,,,,,,,,,1,,,,,,,
Persona 4 Golden,,,,-1,0,-1,,,,,,,,-1,,-1,
Persona 4 Golden,,,,,1,,,,,,,,,,,,
Persona 4 Golden,,,,,,,,,,,,,,,,,
Persona 4 Golden,,,,,1,,,,,,,,,,,,
Persona 4 Golden,,,,,,-1,,,,,,,,-1,,,
Persona 4 Golden,,,,,-1,-1,,,,,,,,,,,
Persona 4 Golden,,,,,,,,,,,,,,,,,
HUMANKIND™,,,,1,1,,,,,,,,,1,,,
HUMANKIND™,,,,0,1,,-1,1,,,,,,,,-1,
HUMANKIND™,,,,,1,,,,,,,,,,,,
HUMANKIND™,,,,-1,0,,-1,,,,,,,,,,
HUMANKIND™,,,,1,0,,-1,0,,,,,,,,,
HUMANKIND™,,,,,1,,,,,,,,,,,,
HUMANKIND™,,,,1,1,,0,1,,,,,,,,,
HUMANKIND™,,,,,1,,1,1,,,,1,,1,,,
HUMANKIND™,,,-1,,,,,,,,,,,,,,
HUMANKIND™,,,,,1,,1,,1,1,1,1,,,,,
HUMANKIND™,,,,-1,1,,-1,-1,,,,-1,,-1,,-1,
HUMANKIND™,-1,,,,,,,,,,,,,,,,
HUMANKIND™,,,,,1,,,,,,,,,,,,
HUMANKIND™,,,,0,1,-1,-1,0,,,,1,,1,-1,-1,-1
HUMANKIND™,-1,,-1,-1,-1,,,,-1,-1,,-1,,-1,,,
HUMANKIND™,-1,,-1,,,-1,-1,,-1,-1,,,-1,-1,,,
HUMANKIND™,,,,1,-1,,-1,,,,,,,,,,
HUMANKIND™,,,-1,-1,1,-1,1,1,,,,-1,,-1,-1,-1,-1
HUMANKIND™,,,,,,,,,,,,,,,,,
HUMANKIND™,,,,,1,,,,,,,,,,,,
HUMANKIND™,,,,-1,1,,,,,,,,,,,,-1
HUMANKIND™,,,,,,,,,,,,,,,,,
HUMANKIND™,,-1,,-1,-1,,-1,,-1,,-1,,,,,-1,
HUMANKIND™,,,,1,1,,,,,,,,,,,,
HUMANKIND™,,,,,,,,,,,,,,,,,
HUMANKIND™,,,,-1,1,,,-1,-1,-1,,-1,,,,,
HUMANKIND™,,,,,,,,,,,,,,,,,
HUMANKIND™,,,-1,,,,,,,,,,,,,,
HUMANKIND™,,,,1,1,,1,1,,,,,,,,,
HUMANKIND™,,,,,1,,,,,,,,,,,,
HUMANKIND™,,-1,,-1,0,,-1,-1,-1,-1,-1,,,,,,
HUMANKIND™,,,,,,,,,,,,,,,-1,-1,
HUMANKIND™,,,,,,,,,,,,,,,,,
HUMANKIND™,,,,,,,0,,,,,,,,,,
HUMANKIND™,,,,1,1,,1,1,0,,1,1,,,-1,-1,
HUMANKIND™,,,,,1,,,,,,,,,,,,
HUMANKIND™,,,,,-1,,,,,,,,,,,,
HUMANKIND™,,,,,1,,,,,,,,,,-1,,
HUMANKIND™,,,,,,,,,,,,,,,,,
HUMANKIND™,,,,-1,1,-1,1,-1,-1,-1,-1,-1,-1,,,,-1
HUMANKIND™,,,,,,,,,,,,,,,,,
HUMANKIND™,,,-1,,1,,-1,-1,,,,-1,,,,,
HUMANKIND™,,,,,1,,,,,,,,,,,-1,
HUMANKIND™,,,,1,1,-1,1,1,,,,1,,1,,-1,
HUMANKIND™,,,,,-1,,,,,,,,,,,,
HUMANKIND™,-1,1,,-1,,-1,,-1,,,,,,-1,-1,-1,
HUMANKIND™,,,,,,,,,,,,,,,,,
HUMANKIND™,,1,,,,,0,,,,,,,,,,
HUMANKIND™,,,,,,,1,,,,,,,1,,,
HUMANKIND™,,,,1,1,,,,,,,,,1,,,
HUMANKIND™,,,,-1,-1,,-1,-1,,,,-1,,,,,
HUMANKIND™,,,,,,,,,,,,,,,,,
HUMANKIND™,,,,,1,,,,,,,,,,,,
HUMANKIND™,,,,,,-1,-1,0,,,,,,,,,
HUMANKIND™,,,,,,,,,,,,,,,,,
HUMANKIND™,,,,,,,,,,,,,,,,,
HUMANKIND™,,,,,1,,,,1,,,,,,,,
HUMANKIND™,,,,,1,,,,,,,,,,,,
HUMANKIND™,,,,,1,-1,1,1,,,,-1,,,,,
HUMANKIND™,,,,,1,,,,,,,,,,,,
HUMANKIND™,-1,,-1,,,-1,,,,,,,-1,-1,,,
HUMANKIND™,-1,-1,-1,,-1,-1,-1,-1,,,,,-1,-1,,-1,-1
HUMANKIND™,,,,,1,,,,,,,,,,,,
HUMANKIND™,,,,1,1,-1,1,1,,,,1,,1,0,-1,-1
HUMANKIND™,,-1,,-1,1,-1,1,-1,-1,-1,-1,-1,,-1,-1,-1,-1
HUMANKIND™,,,,,1,,1,,,,,,,,,,
HUMANKIND™,,,,,,,,,,,,,,,,,
HUMANKIND™,,,-1,,,-1,,,,,,,-1,-1,,,
HUMANKIND™,,,,,1,,,,,,,,,,,,
HUMANKIND™,,,,,1,,0,1,,,,1,,,,,
HUMANKIND™,,,,,,,,,,,,,,,,,
HUMANKIND™,,,,1,1,,1,1,,,,,,,,,
HUMANKIND™,,,,,1,-1,,,,,,,,,,,
HUMANKIND™,,,,,1,,,,,,,,,,,,
HUMANKIND™,,,,,,-1,,-1,,,,,,,,,
HUMANKIND™,,,,,,,,,,,,,,,,,
HUMANKIND™,,,,,1,-1,,,,,,,,,,,-1
HUMANKIND™,,,,,,,,,,,,,,,,,
HUMANKIND™,,,,,1,-1,,1,1,,,1,,,-1,,-1
HUMANKIND™,,,,,,,,,,,,,,-1,,,
HUMANKIND™,,,,,1,,1,,,,,,,,,,
HUMANKIND™,,,,,1,,,,,,,,,,,,
HUMANKIND™,,,,,1,,1,,1,1,,,,,,,
HUMANKIND™,,,,,,,,,,,,,,,,,
HUMANKIND™,,,,1,1,,,,,,,,,,,,
HUMANKIND™,,,-1,,,-1,,,,,,,-1,-1,,,
HUMANKIND™,,,,,,-1,,1,,,,,,,-1,,
HUMANKIND™,,,,,1,,,,,,,,,,,,
HUMANKIND™,,,,,1,,,,,,,,,,,,-1
HUMANKIND™,,,,,1,,,1,,,,,,,,,-1
HUMANKIND™,,,,,1,,,,,,,,,,,,-1
HUMANKIND™,,,,,,,,,,,,,,,,,
HUMANKIND™,,,,,,,,,,,,,,,-1,,-1
HUMANKIND™,,,,,1,,,,,,,,,,,,
HUMANKIND™,,,,,1,,,,,,,,,,-1,,
HUMANKIND™,-1,1,,1,1,,,1,,,,,,,,,-1
HUMANKIND™,,,,,,,,,,,,,,,,,
HUMANKIND™,,,,,,,,1,,,,,,,,,
HUMANKIND™,,,,,,,,,,,,,,,,,
HUMANKIND™,,,,-1,1,-1,-1,-1,1,-1,,-1,,,,,-1
Mini Motorways,,,,,,,1,1,,,,,,,,,
Mini Motorways,,,,,1,,,,1,,,1,,,,,
Mini Motorways,,,,,,,,,,,,,,,-1,,-1
Mini Motorways,,,,,1,,,,,,,,,,,,
Mini Motorways,,,,,1,,,,1,,,,,,,,
Mini Motorways,,,,,,,1,,,,,,,0,,,
Mini Motorways,-1,,,1,1,,,,1,,,,,,,,-1
Mini Motorways,-1,-1,,,,,,,-1,,-1,,,,,,
Mini Motorways,,,,,1,,,,,,,,,,,,1
Mini Motorways,,,,,1,,,,,,,,,,,,
Mini Motorways,-1,,-1,,1,,1,1,,,,1,,1,-1,,
Mini Motorways,,,,,1,,,,1,,,,,,,,
Mini Motorways,,,,,1,,,,,,,,,,,,
Mini Motorways,,,,,,,,,,,,,,,,,
Mini Motorways,,,,,,-1,,,,,,,,,-1,-1,
Mini Motorways,,,,,0,,,,,,,,,,-1,,-1
Mini Motorways,,,,,1,,,,,,,,,,,,
Mini Motorways,,,,,,,,,,,,,,,,,
Mini Motorways,,,,,1,,,,,,,,,,,,
Mini Motorways,,,,,1,,,,,,,,,,,1,
Mini Motorways,-1,1,-1,1,1,-1,-1,-1,0,-1,1,,,,-1,-1,-1
Mini Motorways,,,,-1,,,,,,,,,,-1,,,
Mini Motorways,,,,,1,,,,,,,,,,,,
Mini Motorways,,,,,1,,,,,,,,,,,,
Mini Motorways,,,,,1,,,,,,,,,,,,
Mini Motorways,,,,,1,,,,,,,,,,,,
Mini Motorways,,,,,1,,,,,,,,,,-1,,
Mini Motorways,,,,1,1,,,,,,,,,,,,1
Mini Motorways,,,,,,,,,,,,,,,,,
Mini Motorways,,1,,1,1,,1,1,1,1,1,,,,,,
Mini Motorways,,,,,1,,,,,,,,,,,,
Mini Motorways,,,,,1,,,1,1,1,,,,,-1,,
Mini Motorways,,,,,1,,,,,,,,,,,,
Mini Motorways,,,,,1,,,,,,,,,,,,-1
Mini Motorways,,,,,1,,,,,,,,,,,,
Mini Motorways,,,,,1,,,,,,,,,,,,
Mini Motorways,,,,,1,,,,,,,,,,,,
Mini Motorways,,,,,1,,,,,,,,,,-1,-1,
Mini Motorways,,,,,1,,,,1,1,,,,,,,
Mini Motorways,,,,,1,,,,,,,,,,,,
Mini Motorways,,,,-1,,,,,,,,,,,,,-1
Mini Motorways,,,,,1,,,,,,,,,,,,
Mini Motorways,,,,,1,-1,,,-1,-1,,,,-1,,,
Mini Motorways,,,,,,,,,,,,,,,,,
Mini Motorways,,,,,,,,,,,,,,0,,,
Mini Motorways,,,,,1,,,,,,,,,,,,
Mini Motorways,,,,,1,,,,,,,,,,,,
Mini Motorways,,,,,1,,1,1,,,,,,,-1,,
Mini Motorways,,,,,,,,,,,,,,,,,
Mini Motorways,,,,1,1,,1,1,,,,,,,,1,
Mini Motorways,,,,,,,,,,,,,,,,,
Mini Motorways,,,,,1,,,,,,,,,,,,
Mini Motorways,,,,,1,,,,,,,,,,,,
Mini Motorways,,,-1,,0,,,-1,,,,,,,,,
Mini Motorways,,,,,1,,,,,,,,,,,,
Mini Motorways,,,,,,,,,,,,,,,,,
Mini Motorways,,,,,,,1,,,,,,,,,,
Mini Motorways,,,,,,,,,,,,,,,,,
Mini Motorways,,,,,1,,,1,1,,,,,,-1,-1,
Mini Motorways,,,,,,,,,,,,,,,-1,,
Mini Motorways,,,,,1,,,,,,,,,,1,1,
Mini Motorways,-1,,-1,,,,,,,,,,,,,,
Mini Motorways,,,,-1,1,,,-1,,,,,,-1,-1,,
Mini Motorways,,,,,,,,,,,,,,,,,
Mini Motorways,,,,,1,,,,,,,,,,,,
Mini Motorways,,,,,,,,,,-1,,,,-1,,,
Mini Motorways,,,,,1,,,1,,,,,,,-1,,
Mini Motorways,,,,,1,,1,1,,,,,,,,,
Mini Motorways,,,,,1,,,,,,,,,,,,
Mini Motorways,,,,,1,,,,1,1,,,,,,,
Mini Motorways,,,,1,1,,1,,1,,,,,,1,-1,
Mini Motorways,,,,,,,,,,,,,,,,,
Mini Motorways,,,,1,1,,1,1,,,,1,,0,0,-1,-1
Mini Motorways,,,,,,,,,,,,,,,,,
Mini Motorways,,,-1,1,1,-1,1,1,,,,1,,1,-1,-1,-1
Mini Motorways,,1,,,1,,,,1,,1,1,,,-1,,-1
Mini Motorways,-1,1,,,1,,,,1,,,,,,,,
Mini Motorways,,,-1,,,,,,,,,,,-1,,,
Mini Motorways,-1,-1,,,,,,,-1,,-1,,,,,,
Mini Motorways,,1,,-1,1,,,,1,,-1,-1,,,-1,,-1
Mini Motorways,,,,,,,,,,,,,,,-1,,
Mini Motorways,,,,,1,,,,,,,,,,,,
Mini Motorways,,,,,1,,1,1,,,,,,,-1,-1,
Mini Motorways,,,-1,,,-1,,-1,,,,,,-1,-1,,-1
Mini Motorways,,,,,1,,1,,,,,1,,,,,
Mini Motorways,-1,,-1,,0,-1,,0,,,,,,,-1,-1,-1
Mini Motorways,1,1,-1,1,1,0,1,1,1,1,1,1,,1,0,-1,-1
Mini Motorways,,,,,,,,,,,,,,,,,
Mini Motorways,,,,,1,-1,,,,,,,,,-1,,
Mini Motorways,,,,,,,,,,,,,,,,,
Mini Motorways,,,-1,1,1,-1,1,1,1,-1,-1,1,,1,-1,-1,-1
Mini Motorways,,,,,1,0,0,1,,,,1,,,0,,-1
Mini Motorways,,,,,1,,,,1,1,,,,,-1,-1,
Mini Motorways,,,,,1,-1,,,0,-1,,,,,-1,-1,
Mini Motorways,-1,,-1,,0,,,,,,,,,,-1,-1,-1
Mini Motorways,,1,,,1,,,,1,,,,,,,-1,
Mini Motorways,,,,,,-1,,,,,,,,,,,
Mini Motorways,,,,0,1,,,,,,,,,,-1,-1,-1
Mini Motorways,,,,1,1,-1,1,1,,,,,,-1,-1,-1,-1
Mini Motorways,,,,,0,,,,,,,,,,-1,,
Ghostrunner,,,,,1,,1,1,,,,,,,0,,
Ghostrunner,-1,1,-1,1,1,-1,1,1,1,0,1,1,-1,,-1,-1,-1
Ghostrunner,,,,,1,,1,1,1,,,,,,,,
Ghostrunner,,,,,,,,,,,,,,,-1,-1,-1
Ghostrunner,,,,,,,,,,,,,,,-1,,
Ghostrunner,,,,,,,,,,,,,,,,,
Ghostrunner,,,,,,,,,,,,,,,,,
Ghostrunner,,,,,,,,,,,,,,,,,
Ghostrunner,,,,,,,,,,,,,,,,,
Ghostrunner,,,,,,,,,,,,,,0,,,
Ghostrunner,,,,-1,,,,,,,,,,,,,-1
Ghostrunner,,,,,-1,,,,,,,,,,,,
Ghostrunner,,,,,,-1,,,,,,,,,,,
Ghostrunner,,,,,1,,,,,,,,,,,,
Ghostrunner,,,,,,,,,,,,,,,,,
Ghostrunner,,,,,1,,,1,1,1,-1,-1,,,-1,-1,
Ghostrunner,-1,-1,-1,1,1,-1,-1,-1,-1,-1,-1,-1,-1,,-1,-1,-1
Ghostrunner,,,,,,,,,,,,,,,,,
Ghostrunner,,,,1,1,,1,1,,,,1,,1,,,
Ghostrunner,,,,-1,,,,,,,,-1,,,,,
Ghostrunner,,,,,,,,,,,,,,,,,
Ghostrunner,-1,,-1,,1,,,1,1,,,1,,,-1,,-1
Ghostrunner,,,,-1,0,-1,-1,-1,-1,-1,,-1,,-1,,,-1
Ghostrunner,,,,,,,,,,,,,,,-1,,
Ghostrunner,,,,-1,1,-1,1,1,0,0,,1,,,-1,-1,
Ghostrunner,,,,1,1,,,1,,,,,,,1,,1
Ghostrunner,,,,,,-1,-1,,,,,,,,,,
Ghostrunner,,,,,1,,,,1,1,,,,,,,
Ghostrunner,,,,,,,,,,,,,,,-1,,
Ghostrunner,,,,,1,,,,,,,,,,,,
Ghostrunner,,,,,1,,,,,,,,,,,,
Ghostrunner,,,,,,,,,,,,,,,,,
Ghostrunner,,,,,,,,,,,,,,,,,
Ghostrunner,,,,,,,,,,,,,,,,,
Ghostrunner,,,,,,,,,,,,,,,,1,
Ghostrunner,,,,,1,,,,,,,,,,-1,,
Ghostrunner,,,,,1,,,,,,,,,,,,
Ghostrunner,,,,,1,,1,,1,,,,,,,,
Ghostrunner,,,,,1,,-1,,,,,,,-1,,,
Ghostrunner,-1,1,,1,1,,,1,1,,1,,,,-1,-1,-1
Ghostrunner,,,,,,,,,,,,,,-1,,,
Ghostrunner,-1,1,,,,,,,1,,1,,,,-1,-1,
Ghostrunner,,,,,1,,,,,,,,,,,,
Ghostrunner,,,,,1,,,,,,,,,,1,,
Ghostrunner,,,,,1,,1,1,,,,,,,0,-1,
Ghostrunner,,,,,1,-1,,,,,,,,,-1,,
Ghostrunner,,,,,1,-1,,,,,,,,,-1,-1,
Ghostrunner,,,,,1,-1,,,,,,,,,-1,,-1
Ghostrunner,,,-1,,,,,,,,,,,,,,-1
Ghostrunner,,,,-1,-1,-1,1,-1,,,,,,-1,-1,-1,-1
Ghostrunner,,,,,,,,,,,,,,,,,
Ghostrunner,,,,,1,,,,1,,1,,,,,,
Ghostrunner,-1,1,,1,1,,-1,1,0,0,0,0,,,-1,-1,-1
Ghostrunner,,,,1,1,-1,1,1,1,1,1,1,,,-1,-1,-1
Ghostrunner,,,,,,,,,,,,,,,,,
Ghostrunner,,,,,1,,,,,,,,,,1,,
Ghostrunner,,,,,1,,,,,,,,,,,,
Ghostrunner,,,,,,,,,,,,,,,,,
Ghostrunner,,,,0,,,,,,,,,,,,,
Ghostrunner,,,,,,,,,,,,,,,,,
Ghostrunner,,-1,,-1,1,,,1,-1,1,-1,-1,,,,,
Ghostrunner,,,,,-1,-1,,,,,,,,,-1,,
Ghostrunner,,,,,,,,1,,,,,,,,,
Ghostrunner,,,,,1,,,,,,,,,,-1,,
Ghostrunner,-1,1,,1,1,-1,,1,1,,1,,,,-1,-1,-1
Ghostrunner,,,,,,,,,,,,,,,,,
Ghostrunner,,,,,,,,,,,,,,,,,
Ghostrunner,,,,,1,,,,,,,,,,,,
Ghostrunner,,1,,,1,,1,,1,1,1,1,,,-1,,
Ghostrunner,,,,,1,,,,,,,,,,,,
Ghostrunner,,,,0,0,,,-1,0,0,,-1,,,,,
Ghostrunner,,,,,1,-1,,,,,,,,-1,,,
Ghostrunner,,,,,,,,,,,,,,,,,
Ghostrunner,-1,,-1,-1,1,,,-1,,,,,,-1,-1,-1,
Ghostrunner,,,,1,1,,1,1,,,,,,1,,,
Ghostrunner,,,,,,,,,,,,,,,,,
Ghostrunner,,,,,,-1,,,,,,,,-1,,,
Ghostrunner,,,,,1,,,,,,,,,-1,,,
Ghostrunner,-1,,-1,-1,-1,,,,,,,,,-1,,,
Ghostrunner,,,,,1,-1,1,0,,,,,,0,-1,-1,
Ghostrunner,,,,,,-1,,,,,,,,-1,-1,-1,
Ghostrunner,-1,,-1,,1,,,,,,,,,,,,
Ghostrunner,,,,,,-1,,,,,,,,,,,
Ghostrunner,,,,1,1,,,,,,,,,,,,-1
Ghostrunner,,,,1,1,-1,1,1,1,0,1,1,,1,-1,-1,
Ghostrunner,,,,-1,,,,-1,,,,,,-1,,,-1
Ghostrunner,,,,,,,,,,,,,,,,,
Ghostrunner,,,,1,1,,1,1,,,,1,,,,,
Ghostrunner,,,,0,1,,,1,,,,,,,-1,-1,
Ghostrunner,-1,-1,,,1,,-1,-1,-1,,-1,,,,,,
Ghostrunner,1,,,1,1,-1,1,1,1,1,,,,1,-1,-1,
Ghostrunner,,,,,-1,,,,,,,,,,,,
Ghostrunner,,,,,1,,,,,,,,,,,,
Ghostrunner,,,,,1,-1,,,,,,,,,,,
Ghostrunner,,,,,1,,1,,,,,,,,,,
Ghostrunner,,,,,1,-1,,,,,,,,,-1,,
Ghostrunner,,,,,1,,,,,,,,,,,,
Ghostrunner,,,,1,1,,1,1,,,,1,,,,,
Ghostrunner,,,,,1,,,,,,,,,,-1,,
Ghostrunner,,,,,1,,,,,,,,,1,,,
Total War: WARHAMMER III,-1,-1,-1,,1,-1,,,,,,,,-1,-1,-1,
Total War: WARHAMMER III,,,,,1,,,,,,,,,,,,
Total War: WARHAMMER III,,,,,,,,,,,,,,,,,
Total War: WARHAMMER III,,,,,-1,,,,,,,,,,,-1,
Total War: WARHAMMER III,,,,,1,,,,,,,,,,,1,
Total War: WARHAMMER III,,,,1,1,,1,,,,,,,,,,
Total War: WARHAMMER III,,,,1,1,,1,1,,,,,,,,-1,
Total War: WARHAMMER III,-1,,-1,,1,,1,1,,,,1,-1,0,,-1,
Total War: WARHAMMER III,,,,,1,,,,,,,,,,,,
Total War: WARHAMMER III,,,,,1,,,,,,,,,,,,
Total War: WARHAMMER III,,,,,,,,,,,,,,,,,
Total War: WARHAMMER III,-1,-1,,-1,0,-1,-1,,0,,-1,,,-1,,-1,
Total War: WARHAMMER III,,,,,,,0,,,,,,,,,,
Total War: WARHAMMER III,,,,,,,,,,,,,,,,,
Total War: WARHAMMER III,,,,1,1,,1,1,1,,,1,,,,,
Total War: WARHAMMER III,,,,-1,1,-1,,,,,,,,1,,-1,
Total War: WARHAMMER III,,,,,,,,,,,,,,,,,
Total War: WARHAMMER III,,,,,1,,-1,,,,,,,-1,,,
Total War: WARHAMMER III,,,,,1,,,,,,,,,,,,
Total War: WARHAMMER III,-1,1,,1,1,-1,1,1,0,-1,1,0,-1,,-1,-1,-1
Total War: WARHAMMER III,,,,,,,,,,,,,,,,,
Total War: WARHAMMER III,,,,,,,,,,,,,,,,,
Total War: WARHAMMER III,,,,,1,,,,,,,,,,,,
Total War: WARHAMMER III,,,,,,,,,,,,,,,,,
Total War: WARHAMMER III,,,,,1,,0,,,,,,,,,,
Total War: WARHAMMER III,,,,,1,,,,,,,,,,,,
Total War: WARHAMMER III,,,,,1,,,,,,,,,,,,
Total War: WARHAMMER III,,,,,1,,,,,,,,,,,,
Total War: WARHAMMER III,,,,,,,,,,,,,,,,,
Total War: WARHAMMER III,,,,,,,,,,,,,,,,,
Total War: WARHAMMER III,,,,,,,,,,,,,,,,,
Total War: WARHAMMER III,,,,,1,,,,,,,,,,,,
Total War: WARHAMMER III,,,,,1,,,,,,,,,,,,
Total War: WARHAMMER III,,,,,1,,,,,,,,,,,,
Total War: WARHAMMER III,,,,,,,,,,,,,,,,,
Total War: WARHAMMER III,,,,,1,,0,,,,,,,,,,
Total War: WARHAMMER III,,,,,1,-1,-1,,-1,,,,,,,,
Total War: WARHAMMER III,,,,,1,,,,,,,,,,,,
Total War: WARHAMMER III,,,,,1,,,,1,1,,1,,,,,
Total War: WARHAMMER III,,,,,,,,,,,,,,,,,
Total War: WARHAMMER III,,,,,1,,,,,,,,,,,,
Total War: WARHAMMER III,,,,,,,,,,,,,,,,,
Total War: WARHAMMER III,,,,1,1,,1,1,,,,,,,,,
Total War: WARHAMMER III,,,,,1,,,,,,,,,,,,
Total War: WARHAMMER III,,,,,,,,,,,,,,,,,
Total War: WARHAMMER III,,,,,1,,,,,,,,,,,,
Total War: WARHAMMER III,,,,,,,,,,,,,,,,,
Total War: WARHAMMER III,,,,,1,,,,,,,,,,,,
Total War: WARHAMMER III,,,,,1,,,,,,,,,,,,
Total War: WARHAMMER III,,,,,,,,,,,,,,,,,
Total War: WARHAMMER III,,,,,1,,,,,,,,,,,,
Total War: WARHAMMER III,,,,1,1,,1,1,,,,1,,1,,,
Total War: WARHAMMER III,,,,,0,,1,,,,,,,,-1,-1,
Total War: WARHAMMER III,,,,1,1,-1,1,1,,,,1,,-1,-1,-1,-1
Total War: WARHAMMER III,-1,,-1,,,,,,,,,,,-1,,,
Total War: WARHAMMER III,,,,-1,,,,,,,,,,-1,,,
Total War: WARHAMMER III,,,,,1,,,,,,,1,,,,,
Total War: WARHAMMER III,,,,,1,,,,,,,,,,,,
Total War: WARHAMMER III,,,,,1,,1,,,,,,,-1,,1,
Total War: WARHAMMER III,,,,,,,,,,,,,,,,,
Total War: WARHAMMER III,,,,,,,,,,,,,,,,,
Total War: WARHAMMER III,,,,,,,,,,,,,,,,-1,
Total War: WARHAMMER III,,,,,,,,,,,,,,,,,
Total War: WARHAMMER III,,,,,1,,,,,,,,,,,,
Total War: WARHAMMER III,-1,,-1,,1,,,,,,,,,,,,
Total War: WARHAMMER III,,,,,,,1,,,,,,,,,,
Total War: WARHAMMER III,,,,,,,,,,,,,,,,,
Total War: WARHAMMER III,,,,,,,,,,,,,,,,,
Total War: WARHAMMER III,,,,,1,,,,,,,,,,,,
Total War: WARHAMMER III,-1,1,,1,1,,,,,,,,,,-1,-1,-1
Total War: WARHAMMER III,,,,,1,,,,,,,,,,,,
Total War: WARHAMMER III,,,,,1,-1,1,,,,,1,1,,,,
Total War: WARHAMMER III,,,,,1,,,,,,,,,,,,
Total War: WARHAMMER III,,,,1,1,,,,,,,,,,,,-1
Total War: WARHAMMER III,,,,1,1,,,,,,,,,,,-1,-1
Total War: WARHAMMER III,,,,,1,,1,1,1,,,1,,,,,
Total War: WARHAMMER III,,,,-1,1,,,,,,,,,,-1,-1,
Total War: WARHAMMER III,,,,,,,,,,,,,,,,,
Total War: WARHAMMER III,,,,0,1,,,,,,,,,,,1,
Total War: WARHAMMER III,,,,,,,,,,,,,,,,,
Total War: WARHAMMER III,,,,0,1,,,,,,,,,,,,
Total War: WARHAMMER III,,,,,1,,1,1,,,,1,,,,,
Total War: WARHAMMER III,,-1,,1,1,,1,1,,,,,,,-1,-1,-1
Total War: WARHAMMER III,,,,,,-1,,,,,,,,,-1,-1,-1
Total War: WARHAMMER III,,,,-1,-1,,,,,,,,,,,,
Total War: WARHAMMER III,,,,,1,,,,,,,,,,,,
Total War: WARHAMMER III,,,,,1,,,,,,,,,,,,
Total War: WARHAMMER III,,,,1,1,,,,,,,,,,,,-1
Total War: WARHAMMER III,,,,,1,-1,1,1,,,,,,,,,
Total War: WARHAMMER III,,,,,,,,,,,,,,,,-1,
Total War: WARHAMMER III,,,-1,,,,,,,,,,,,,,
Total War: WARHAMMER III,,,,1,1,,,,,,,,,1,,1,
Total War: WARHAMMER III,,,,,,,,,,,,,,,,,
Total War: WARHAMMER III,,,,,,,,,,,,,,,,,
Total War: WARHAMMER III,,,,,,,,,,,,,,,,,
Total War: WARHAMMER III,,,,,1,,,,,,,,,,-1,-1,-1
Total War: WARHAMMER III,,,,,0,,,,,,,,,,,,
Total War: WARHAMMER III,,,-1,,1,-1,,,,,,,,-1,,,
Total War: WARHAMMER III,,,,,1,,,,,,,,,,,,
Total War: WARHAMMER III,,,,,1,,,,,,,,,,,,
Crusader Kings III,,,,,1,,,,,,,,,,,,
Crusader Kings III,,,,,,,,,,,,,,,,,
Crusader Kings III,,,,,1,,,,,,,,,,,,-1
Crusader Kings III,,,,-1,1,,,,,,,,,,-1,-1,
Crusader Kings III,,,,,,,1,1,,,,,,,,,
Crusader Kings III,,,,,,,,,,,,,,,,,
Crusader Kings III,-1,,-1,1,1,,,,,,,,,1,,-1,-1
Crusader Kings III,,,,,1,,,,,,,,,,,,
Crusader Kings III,,,,,,,,,,,,,,,,,
Crusader Kings III,,,,,,,1,,,,,,,,,,
Crusader Kings III,,,,1,1,,1,,,,,,,-1,,,
Crusader Kings III,,,,,1,,1,1,,,,1,,,,,
Crusader Kings III,,,,,,,-1,,,,,,,,,,
Crusader Kings III,,,,,,,,,,,,,,,,,
Crusader Kings III,,,,,1,,,,,,,,,,,1,
Crusader Kings III,1,1,-1,1,1,,1,1,1,,,1,,1,-1,-1,-1
Crusader Kings III,,,,,,,,,,,,,,,,,
Crusader Kings III,,,,,,-1,,,,,,,,-1,,,
Crusader Kings III,,,,,,,,,,,,,,,,,
Crusader Kings III,,,,,,,,,,,,,,,,,
Crusader Kings III,,,,,,,,,,,,,,,,,
Crusader Kings III,,,,1,,,1,1,,,,0,,,,,
Crusader Kings III,,,,,1,,,1,,,,1,,,,,
Crusader Kings III,,,,,1,,1,,,,,,,,,-1,
Crusader Kings III,,1,,1,1,,,,0,0,1,,,,,,-1
Crusader Kings III,-1,,-1,,,,,,,,,,,,,,
Crusader Kings III,,,,,1,,,,,,,,,,,,
Crusader Kings III,,,,,1,,,,,,,,,,,,
Crusader Kings III,,,,,,,,,,,,,,,,,
Crusader Kings III,,,,,,,,,,,,,,,,,
Crusader Kings III,,,,1,1,,,,,,,,,1,,-1,
Crusader Kings III,,,,1,1,,1,,,,,,,1,,,
Crusader Kings III,,,,,1,,,,,,,,,,,,
Crusader Kings III,,,,0,1,,,,,,,,,,,,
Crusader Kings III,,,,,,,,,,,,,,,,,
Crusader Kings III,,,,,1,,,,,,,,,,,,
Crusader Kings III,,,,,,-1,0,,,,,,,,,,
Crusader Kings III,,,,,1,,,,,,,,,,,,
Crusader Kings III,,,,1,1,,1,1,,,,1,,,-1,-1,-1
Crusader Kings III,,,,,1,,,,,,,,,,-1,,
Crusader Kings III,,,,,1,,0,,,,,,,,,,
Crusader Kings III,,,,,1,,,,,,,,,,,,
Crusader Kings III,,,,,,,,,,,,,,,,,
Crusader Kings III,,,,,1,,,,,,,,,,,,
Crusader Kings III,,,,,,-1,,,,,,,,-1,,,
Crusader Kings III,-1,-1,,,,,,,,,,,,,,,
Crusader Kings III,,,,,,,,,,,,,,,,,
Crusader Kings III,,,,,,,,,,,,,,,,,
Crusader Kings III,,,,,,,-1,,,,,,,,,,
Crusader Kings III,,,,,,-1,,,,,,,,,,,
Crusader Kings III,,,,,1,,1,,1,,,,,,,,
Crusader Kings III,,,,,1,,,,,,,,,,-1,,
Crusader Kings III,,,,,1,,,,,,,,,,,,
Crusader Kings III,,,,,,,,,,,,,,,,,
Crusader Kings III,,,,,1,-1,0,,,,,,,-1,-1,-1,
Crusader Kings III,,,,-1,1,,,1,,,,,,,,,
Crusader Kings III,,,,,,,,,,,,,,,,,
Crusader Kings III,,,,,1,,,,,,,,,,,,
Crusader Kings III,,,,,,,,,,,,,,,,,
Crusader Kings III,,,,,1,,,,,,,,,,,,
Crusader Kings III,,,,,1,,,,,,,,,,1,-1,
Crusader Kings III,,,,,1,,,,,,,,,,,-1,
Crusader Kings III,,,,,,,,,,,,,,,-1,,
Crusader Kings III,,,,,,,,,,,,,,,,,
Crusader Kings III,,,,,,,,,,,,,,1,,,
Crusader Kings III,,,,,1,,1,,,,,,,,-1,-1,
Crusader Kings III,,,,1,1,,,1,,,,,,,,,
Crusader Kings III,-1,,-1,,1,-1,,,,,,,,,-1,-1,-1
Crusader Kings III,,,,,,,-1,,,,,0,,,,,
Crusader Kings III,,,,,,,,,,,,,,,,,
Crusader Kings III,,,,,1,,,,,,,,,,,,
Crusader Kings III,,,,,,,,,,,,,,,,,
Crusader Kings III,,,,1,1,-1,1,1,,1,,0,-1,-1,-1,-1,-1
Crusader Kings III,,,,,,,,,,,,,,-1,,,
Crusader Kings III,,,,,1,-1,1,1,,,,,,0,-1,-1,-1
Crusader Kings III,,,,,,-1,1,1,1,1,,,,-1,-1,,
Crusader Kings III,,,,1,1,-1,1,1,,,,,,-1,-1,-1,-1
Crusader Kings III,,,,1,1,,,1,,,,,,,,-1,
Crusader Kings III,,,,-1,0,,-1,-1,-1,,,-1,,,-1,-1,-1
Crusader Kings III,-1,1,-1,1,1,-1,1,-1,1,1,1,1,,-1,-1,-1,
Crusader Kings III,,,,,1,-1,,,-1,-1,,,,,-1,,
Crusader Kings III,,,,1,0,-1,1,-1,-1,,,-1,,,-1,-1,-1
Crusader Kings III,-1,-1,-1,-1,0,-1,-1,-1,-1,-1,-1,-1,-1,-1,-1,-1,-1
Crusader Kings III,-1,-1,,,,,,,-1,,-1,,,,,,
Crusader Kings III,-1,-1,-1,-1,1,-1,-1,-1,-1,-1,-1,-1,-1,-1,,,
Crusader Kings III,,,,,1,,1,1,,,,,,1,,,
Crusader Kings III,0,,-1,1,1,,1,1,,,,,,1,,-1,
Crusader Kings III,,,,-1,1,-1,,-1,,,,-1,,,-1,-1,-1
Crusader Kings III,,,,,1,,,,,,,,,,,,
Crusader Kings III,,,,,1,,,,,,,,,,-1,-1,
Crusader Kings III,,,,,,,,,,,,,,-1,,,
Crusader Kings III,,,,1,1,,,,,,,,,,,,
Crusader Kings III,,,,1,1,,,,,,,,,,,,
Crusader Kings III,,,,,1,-1,,,-1,-1,-1,,,,-1,-1,-1
Crusader Kings III,,,,1,1,,,,,,,,,,-1,-1,
Crusader Kings III,,,,1,1,-1,0,0,0,,,1,-1,,-1,-1,-1
Crusader Kings III,,,,-1,1,,,,,,,,,,,-1,
Crusader Kings III,,,,,,,,,,,,,,1,,,
Crusader Kings III,,,,1,1,,,,,,,,,,-1,-1,-1
Crusader Kings III,,,,,,,,,,,,,,,,,
Pathfinder: Wrath of the Righteous - Enhanced Edition,,,,,,,,,,,,,,,,,
Pathfinder: Wrath of the Righteous - Enhanced Edition,,,,,1,,,,,,,,,,,,
Pathfinder: Wrath of the Righteous - Enhanced Edition,-1,,,,1,,0,,,,,,,0,,,
Pathfinder: Wrath of the Righteous - Enhanced Edition,,,,,-1,,-1,,,,,,,,,-1,
Pathfinder: Wrath of the Righteous - Enhanced Edition,,,,-1,1,-1,1,1,,,,1,,0,-1,-1,-1
Pathfinder: Wrath of the Righteous - Enhanced Edition,,,-1,1,1,-1,1,1,1,,,1,,,-1,,
Pathfinder: Wrath of the Righteous - Enhanced Edition,,,,,1,,,,,,,,,,,,
Pathfinder: Wrath of the Righteous - Enhanced Edition,1,1,-1,1,1,-1,1,1,1,1,1,0,-1,1,-1,-1,-1
Pathfinder: Wrath of the Righteous - Enhanced Edition,0,1,-1,1,1,-1,1,1,0,1,1,0,,0,-1,-1,-1
Pathfinder: Wrath of the Righteous - Enhanced Edition,,,-1,1,1,-1,1,1,1,-1,,1,,,-1,-1,-1
Pathfinder: Wrath of the Righteous - Enhanced Edition,,,,1,1,,1,1,1,,,1,,,0,-1,-1
Pathfinder: Wrath of the Righteous - Enhanced Edition,,,,1,1,,,,,,,,,,-1,-1,-1
Pathfinder: Wrath of the Righteous - Enhanced Edition,,,,-1,1,,,-1,,,,,,,-1,,-1
Pathfinder: Wrath of the Righteous - Enhanced Edition,-1,,-1,1,1,-1,1,1,1,1,1,1,-1,1,-1,-1,-1
Pathfinder: Wrath of the Righteous - Enhanced Edition,,,,,1,,1,,,,,,,,,,
Pathfinder: Wrath of the Righteous - Enhanced Edition,,,-1,1,1,-1,1,1,0,-1,1,1,-1,0,,,-1
Pathfinder: Wrath of the Righteous - Enhanced Edition,,,,,1,,,,,,,,,,,,1
Pathfinder: Wrath of the Righteous - Enhanced Edition,,,,,1,,,,,,,,,-1,,,
Pathfinder: Wrath of the Righteous - Enhanced Edition,,,,,,,,,,,,,,,,,
Pathfinder: Wrath of the Righteous - Enhanced Edition,0,1,-1,1,0,-1,1,1,1,0,1,0,-1,1,-1,-1,-1
Pathfinder: Wrath of the Righteous - Enhanced Edition,,,,,1,-1,,,,,,,,,,,
Pathfinder: Wrath of the Righteous - Enhanced Edition,,,,0,1,,,,,,,,,,,-1,-1
Pathfinder: Wrath of the Righteous - Enhanced Edition,,,,,1,,,,,,,,,-1,,,
Pathfinder: Wrath of the Righteous - Enhanced Edition,-1,-1,-1,1,0,-1,-1,-1,1,1,-1,1,-1,1,-1,-1,-1
Pathfinder: Wrath of the Righteous - Enhanced Edition,,,,,1,,,,,,,,,,,,
Pathfinder: Wrath of the Righteous - Enhanced Edition,,,,,1,,,,,,,,,,,1,
Pathfinder: Wrath of the Righteous - Enhanced Edition,,-1,,,,,,,,,,,,,,,-1
Pathfinder: Wrath of the Righteous - Enhanced Edition,-1,-1,-1,,1,-1,1,1,,,,,,-1,-1,-1,-1
Pathfinder: Wrath of the Righteous - Enhanced Edition,,,,,1,-1,,,,,,,,,-1,-1,-1
Pathfinder: Wrath of the Righteous - Enhanced Edition,,,,,0,,,,,,,,,,,,
Pathfinder: Wrath of the Righteous - Enhanced Edition,,,,1,1,,,1,,,,,,,-1,-1,-1
Pathfinder: Wrath of the Righteous - Enhanced Edition,,,,1,1,-1,1,1,,0,,1,,1,-1,-1,-1
Pathfinder: Wrath of the Righteous - Enhanced Edition,,,,,,,,,,,,,,,,,
Pathfinder: Wrath of the Righteous - Enhanced Edition,,,,,,,,,,,,,,,,,
Pathfinder: Wrath of the Righteous - Enhanced Edition,,,,,1,,,,,,,,,,,,
Pathfinder: Wrath of the Righteous - Enhanced Edition,,,,,1,,,,,,,,,,,,
Pathfinder: Wrath of the Righteous - Enhanced Edition,,,,,1,,,,,,,,,,,,
Pathfinder: Wrath of the Righteous - Enhanced Edition,,,,,,,,,,,,,,-1,,,
Pathfinder: Wrath of the Righteous - Enhanced Edition,,,,,1,,,,,,,,,,,,
Pathfinder: Wrath of the Righteous - Enhanced Edition,,,,1,-1,,,-1,,-1,,,,,,,-1
Pathfinder: Wrath of the Righteous - Enhanced Edition,,,,,1,,,,,,,,,,,,
Pathfinder: Wrath of the Righteous - Enhanced Edition,,,,,,,,,,,,,,,,,
Pathfinder: Wrath of the Righteous - Enhanced Edition,,,,,1,,,,,,,,,,,,
Pathfinder: Wrath of the Righteous - Enhanced Edition,,,,1,1,0,1,1,1,1,,1,,1,0,-1,-1
Pathfinder: Wrath of the Righteous - Enhanced Edition,,,,,1,,,,,,,,,,-1,,
Pathfinder: Wrath of the Righteous - Enhanced Edition,,,,1,1,,1,1,,,,1,,,,,-1
Pathfinder: Wrath of the Righteous - Enhanced Edition,-1,-1,-1,1,0,-1,1,0,0,-1,-1,1,,-1,-1,-1,-1
Pathfinder: Wrath of the Righteous - Enhanced Edition,,,,,,,,,,,,,,,,,
Pathfinder: Wrath of the Righteous - Enhanced Edition,,,,,1,,,,,,,,,,,,
Pathfinder: Wrath of the Righteous - Enhanced Edition,,,,,1,,,1,,,,,,,-1,-1,
Pathfinder: Wrath of the Righteous - Enhanced Edition,,,,,,,,,,,,,,,,,
Pathfinder: Wrath of the Righteous - Enhanced Edition,,,,,1,,,,,,,,,,,,
Pathfinder: Wrath of the Righteous - Enhanced Edition,,,,0,,,,,,,,,,,,,-1
Pathfinder: Wrath of the Righteous - Enhanced Edition,,,,1,1,,,1,,,,,,,,,-1
Pathfinder: Wrath of the Righteous - Enhanced Edition,,,,,,-1,,,,,,,,,,,
Pathfinder: Wrath of the Righteous - Enhanced Edition,,,,,1,-1,,,0,-1,,,,,,,
Pathfinder: Wrath of the Righteous - Enhanced Edition,,,,,1,,,1,,,,1,,,,,
Pathfinder: Wrath of the Righteous - Enhanced Edition,,,-1,,-1,-1,,,,,,,,-1,,,
Pathfinder: Wrath of the Righteous - Enhanced Edition,,,,,1,,,,,,,,,,,,
Pathfinder: Wrath of the Righteous - Enhanced Edition,,,-1,1,1,-1,1,1,1,1,1,1,-1,1,-1,-1,-1
Pathfinder: Wrath of the Righteous - Enhanced Edition,,,,,1,,,,,,,,,-1,,,
Pathfinder: Wrath of the Righteous - Enhanced Edition,,,,,1,-1,1,1,0,-1,,,,,-1,,-1
Pathfinder: Wrath of the Righteous - Enhanced Edition,,,,1,1,,1,1,,,,,,,0,-1,
Pathfinder: Wrath of the Righteous - Enhanced Edition,,,,1,1,,-1,,1,,1,0,,,,,
Pathfinder: Wrath of the Righteous - Enhanced Edition,,,,,1,,,,1,,,,,,,,
Pathfinder: Wrath of the Righteous - Enhanced Edition,,,,,,,,,,,,,,,,,
Pathfinder: Wrath of the Righteous - Enhanced Edition,,,,,,,,,,,,,,,,,
Pathfinder: Wrath of the Righteous - Enhanced Edition,,,,,,,,,,,,,,,,,
Pathfinder: Wrath of the Righteous - Enhanced Edition,,,,,1,,,,,,,,,,,,
Pathfinder: Wrath of the Righteous - Enhanced Edition,,,,-1,,,,,,,,,-1,-1,,,
Pathfinder: Wrath of the Righteous - Enhanced Edition,,,,,,,,,,,,,,,,,
Pathfinder: Wrath of the Righteous - Enhanced Edition,-1,-1,,0,1,-1,0,-1,0,-1,-1,0,,-1,-1,-1,
Pathfinder: Wrath of the Righteous - Enhanced Edition,-1,1,,1,1,-1,-1,1,-1,,1,,,,,,
Pathfinder: Wrath of the Righteous - Enhanced Edition,,,,,,,-1,,,,,,,,,,
Pathfinder: Wrath of the Righteous - Enhanced Edition,,,,,1,,1,,,,,,,1,,,
Pathfinder: Wrath of the Righteous - Enhanced Edition,,1,,1,1,,1,,1,1,1,,,,,,
Pathfinder: Wrath of the Righteous - Enhanced Edition,,,,,1,,,,,,,,,,,,-1
Pathfinder: Wrath of the Righteous - Enhanced Edition,,,,,1,,,,,,,,,,,,
Pathfinder: Wrath of the Righteous - Enhanced Edition,,,,,1,-1,,0,,,,,,,-1,-1,-1
Pathfinder: Wrath of the Righteous - Enhanced Edition,,,,1,1,-1,0,1,0,0,0,0,,0,-1,-1,
Pathfinder: Wrath of the Righteous - Enhanced Edition,,,,,1,,,,,,,,,,,,
Pathfinder: Wrath of the Righteous - Enhanced Edition,,,,,1,,,,,,,,,,,,
Pathfinder: Wrath of the Righteous - Enhanced Edition,,,,,1,,1,,,,,,,,,,
Pathfinder: Wrath of the Righteous - Enhanced Edition,,,,,,,,,,,,,,,,,
Pathfinder: Wrath of the Righteous - Enhanced Edition,-1,1,,1,1,-1,,,1,,1,,-1,-1,-1,-1,-1
Pathfinder: Wrath of the Righteous - Enhanced Edition,,,,,1,,1,,1,,,,,,,,
Pathfinder: Wrath of the Righteous - Enhanced Edition,,,,,1,-1,,,,,,,,-1,-1,-1,
Pathfinder: Wrath of the Righteous - Enhanced Edition,,,,,1,-1,1,1,,,,,,1,1,-1,
Pathfinder: Wrath of the Righteous - Enhanced Edition,,,,,,,,,,,,,,,,,
Pathfinder: Wrath of the Righteous - Enhanced Edition,,,,,,,,,,,,,,,,,
Pathfinder: Wrath of the Righteous - Enhanced Edition,1,1,,1,1,,1,1,1,1,1,,,1,,,
Pathfinder: Wrath of the Righteous - Enhanced Edition,,,,,1,,,,,,,,,,,,
Pathfinder: Wrath of the Righteous - Enhanced Edition,,,,,1,,1,,,,,,,,,,
Pathfinder: Wrath of the Righteous - Enhanced Edition,,,,,1,,,,,,,,,,,,
Pathfinder: Wrath of the Righteous - Enhanced Edition,,,,,1,,-1,,1,1,,,,,,,
Pathfinder: Wrath of the Righteous - Enhanced Edition,,,,,,,,,,,,,,,,,
Pathfinder: Wrath of the Righteous - Enhanced Edition,,,,,1,,,,,,,,,,,,
Pathfinder: Wrath of the Righteous - Enhanced Edition,-1,-1,-1,,1,,,,0,-1,-1,,,-1,,,
Pathfinder: Wrath of the Righteous - Enhanced Edition,0,0,,1,1,-1,1,1,1,1,1,,-1,0,-1,-1,-1
Pathfinder: Wrath of the Righteous - Enhanced Edition,,1,,1,1,1,1,1,1,1,1,,,1,1,1,
Command & Conquer™ Remastered Collection,,,-1,,1,-1,,-1,,,,,,-1,-1,,
Command & Conquer™ Remastered Collection,,,,,1,-1,,,,,,,,-1,-1,,
Command & Conquer™ Remastered Collection,,,,,1,,,-1,,,,,,,,,
Command & Conquer™ Remastered Collection,,,,,1,,,,,,,,,,,,
Command & Conquer™ Remastered Collection,,,,,1,,,,,,,,,,,,
Command & Conquer™ Remastered Collection,,1,,1,1,,1,,1,,1,1,,,,,
Command & Conquer™ Remastered Collection,,,,,,,,,,,,,,,,,
Command & Conquer™ Remastered Collection,,,,,1,,,,-1,-1,,,,,,,
Command & Conquer™ Remastered Collection,,,,,1,,,,,,,,,,,,
Command & Conquer™ Remastered Collection,,1,,,1,,1,1,1,1,,,,,,,
Command & Conquer™ Remastered Collection,,,,,,,,,,,,,,,,,
Command & Conquer™ Remastered Collection,,,,,1,,,,,,,,,,,,
Command & Conquer™ Remastered Collection,,,,,,,,,,,,,,,,,
Command & Conquer™ Remastered Collection,,,,,1,,,,,,,,,,,,
Command & Conquer™ Remastered Collection,,,,,1,,,,,,,,,,,,
Command & Conquer™ Remastered Collection,,,,,,,,,,,,,,,,,
Command & Conquer™ Remastered Collection,,,-1,,,,,,,,,,,,,,
Command & Conquer™ Remastered Collection,,,,,,,,,,,,,,,,,
Command & Conquer™ Remastered Collection,,,,-1,1,,,,-1,-1,,,,,-1,-1,
Command & Conquer™ Remastered Collection,,,,,1,-1,1,,,,,,,1,-1,-1,
Command & Conquer™ Remastered Collection,,,,,1,,,,1,,,1,,,,,
Command & Conquer™ Remastered Collection,1,1,,1,1,,1,,1,,1,,,,,1,
Command & Conquer™ Remastered Collection,,,,,,,,,,,,,,,,,
Command & Conquer™ Remastered Collection,,,,,,,,,,,,,,,,,
Command & Conquer™ Remastered Collection,,,,,1,,1,1,1,1,,,,,,,
Command & Conquer™ Remastered Collection,,,,,1,,,,,,,,,,,,
Command & Conquer™ Remastered Collection,,,,,1,,,,,,,1,,,,,
Command & Conquer™ Remastered Collection,,,,,1,,,,1,1,,,,,,,
Command & Conquer™ Remastered Collection,,,,,1,,,,,,,,,,,,
Command & Conquer™ Remastered Collection,,,,-1,1,,1,1,,,,,,-1,,,
Command & Conquer™ Remastered Collection,,,,,1,,,,,,,,,,,,
Command & Conquer™ Remastered Collection,,,,,,,,,,,,,,,,,
Command & Conquer™ Remastered Collection,,,,,1,,,,,,,,,,,,
Command & Conquer™ Remastered Collection,-1,,-1,,1,-1,-1,-1,,,,-1,,-1,-1,-1,
Command & Conquer™ Remastered Collection,,1,,1,1,,1,,1,1,1,,,1,,,
Command & Conquer™ Remastered Collection,,,,,1,,,,1,,,,,,,,
Command & Conquer™ Remastered Collection,,,,,,-1,,,,,,,,-1,-1,,
Command & Conquer™ Remastered Collection,,,,,1,,,,1,,,,,,,,
Command & Conquer™ Remastered Collection,,,,,1,,,,,,,,,,,,
Command & Conquer™ Remastered Collection,,,,,1,,,,,,,,,,,,
Command & Conquer™ Remastered Collection,,,,,1,,1,,,,,,,,,,
Command & Conquer™ Remastered Collection,,,,,,,,,,,,,,,,,
Command & Conquer™ Remastered Collection,,,,,,,1,,,,,,,,,,
Command & Conquer™ Remastered Collection,0,0,,1,1,-1,0,1,0,,1,,,,-1,-1,
Command & Conquer™ Remastered Collection,,-1,,1,1,,1,,0,-1,-1,,,,-1,-1,
Command & Conquer™ Remastered Collection,,,,,1,,,,,,,,,,,,
Command & Conquer™ Remastered Collection,,,,,,,,,,,,,,-1,,,
Command & Conquer™ Remastered Collection,,,,,,,,,,,,,,,,,
Command & Conquer™ Remastered Collection,,,,,0,,,,,,,,,,,,
Command & Conquer™ Remastered Collection,,,,,,-1,,,,,,,,-1,-1,,
Command & Conquer™ Remastered Collection,-1,1,,1,1,-1,1,,1,,1,1,-1,,,-1,
Command & Conquer™ Remastered Collection,,1,,1,1,-1,1,1,1,1,1,,,1,-1,-1,
Command & Conquer™ Remastered Collection,,,,,,,1,,,,,,,,,,
Command & Conquer™ Remastered Collection,-1,,-1,1,1,,1,,0,,,,-1,-1,,-1,
Command & Conquer™ Remastered Collection,,,,,1,,,,,,,,,,,,
Command & Conquer™ Remastered Collection,,,,,,,,,1,1,,,,,,,
Command & Conquer™ Remastered Collection,-1,1,-1,1,1,-1,1,1,1,,1,1,-1,1,-1,-1,-1
Command & Conquer™ Remastered Collection,,,,,,-1,-1,,,,,,,-1,,,
Command & Conquer™ Remastered Collection,,,,,,,,,,,,,,,,,
Command & Conquer™ Remastered Collection,1,1,,1,1,,1,,1,1,1,,-1,1,,,
Command & Conquer™ Remastered Collection,,-1,-1,,1,-1,-1,-1,-1,,-1,,,,,,
Command & Conquer™ Remastered Collection,,,,,1,-1,,,,,,,,,-1,,-1
Command & Conquer™ Remastered Collection,,,,,,,,,,,,,,,,,
Command & Conquer™ Remastered Collection,,,,,1,,,,0,,,,,,,,
Command & Conquer™ Remastered Collection,,,,,1,-1,,,,,,,,,-1,,
Command & Conquer™ Remastered Collection,,,,,1,,,,,,,,,,,,
Command & Conquer™ Remastered Collection,,-1,,,,-1,,,,,,,,,-1,,-1
Command & Conquer™ Remastered Collection,,1,,,1,,1,,1,,1,,,,,,
Command & Conquer™ Remastered Collection,,,,,1,,,,,,,,,,,,
Command & Conquer™ Remastered Collection,,,,,1,,,,,,,,,,,,
Command & Conquer™ Remastered Collection,,,-1,,,,,,,,,,,,,,
Command & Conquer™ Remastered Collection,,,,1,1,,1,1,,,,1,,,,-1,
Command & Conquer™ Remastered Collection,,,,,,,,,,,,,,-1,,,
Command & Conquer™ Remastered Collection,,,,,,-1,,,,,,,,-1,-1,,
Command & Conquer™ Remastered Collection,,,,,,,,,,,,,,-1,,,
Command & Conquer™ Remastered Collection,,,,,1,,1,,,,,,,-1,,,
Command & Conquer™ Remastered Collection,-1,,-1,,,,,,,,,,,-1,,-1,
Command & Conquer™ Remastered Collection,,,,,1,,,,,,,,,-1,,,
Command & Conquer™ Remastered Collection,-1,,-1,,,,-1,-1,,,,-1,,,,,
Command & Conquer™ Remastered Collection,-1,,-1,-1,1,,1,-1,1,,,-1,,,,,
Command & Conquer™ Remastered Collection,,,,,1,,,,,,,,,,,,
Command & Conquer™ Remastered Collection,,,,,1,-1,1,1,,,,,,,-1,,-1
Command & Conquer™ Remastered Collection,,,,1,1,,,,,,,,,-1,,,
Command & Conquer™ Remastered Collection,,,,,,-1,,,,,,,,,,,
Command & Conquer™ Remastered Collection,,,,,,,,,,,,,,-1,,,
Command & Conquer™ Remastered Collection,,1,-1,1,1,-1,1,-1,1,1,1,1,,,-1,-1,-1
Command & Conquer™ Remastered Collection,,-1,,,1,-1,-1,-1,1,-1,1,-1,,,-1,,
Command & Conquer™ Remastered Collection,,,-1,0,0,-1,,-1,,,,0,-1,,,,-1
Command & Conquer™ Remastered Collection,,,,-1,,,,,,,,,,0,,,
Command & Conquer™ Remastered Collection,,,,,1,,0,,,,,,,,,,
Command & Conquer™ Remastered Collection,,,,1,1,,,1,,,,,,,-1,,-1
Command & Conquer™ Remastered Collection,-1,,-1,0,1,,1,1,,,,0,,0,,,-1
Command & Conquer™ Remastered Collection,,,,,,,,,,,,,,,,,
Command & Conquer™ Remastered Collection,,,,-1,1,,,-1,,,,-1,,,,-1,-1
Command & Conquer™ Remastered Collection,,,,,,,,,,,,,,-1,,,
Command & Conquer™ Remastered Collection,-1,,-1,-1,1,,-1,-1,,,,,,-1,,,
Command & Conquer™ Remastered Collection,,,,,1,,,,,,,,,,,,
Command & Conquer™ Remastered Collection,,,,,0,,0,0,,,,,,,,-1,
Command & Conquer™ Remastered Collection,,,,,,,,,,,,,,-1,,,
Command & Conquer™ Remastered Collection,,,,-1,1,,,,,,,,,,,,-1
Dragon Age™ Inquisition,-1,-1,-1,1,1,-1,1,1,1,1,1,1,-1,-1,-1,-1,-1
Dragon Age™ Inquisition,,,,,,-1,,,,,,,,-1,,,
Dragon Age™ Inquisition,,,,,,,,,,,,,,,,,
Dragon Age™ Inquisition,,,,,,-1,,,,,,,,-1,,,
Dragon Age™ Inquisition,,,,,,,,,,,,,,,,,
Dragon Age™ Inquisition,,,,,1,,,,,,,,,,,,
Dragon Age™ Inquisition,,,,,,,,,,,,,,,,,
Dragon Age™ Inquisition,-1,,,,1,,,,,,,,,,,,
Dragon Age™ Inquisition,,,,1,1,-1,1,1,1,0,1,1,,,-1,-1,-1
Dragon Age™ Inquisition,,,,1,1,-1,1,1,1,1,1,1,,,-1,-1,-1
Dragon Age™ Inquisition,,,,,,,,,,,,,,,,,
Dragon Age™ Inquisition,,,,,1,-1,1,1,,-1,,0,-1,-1,,,
Dragon Age™ Inquisition,,,,,,,,,,,,,,,,,
Dragon Age™ Inquisition,-1,-1,-1,1,1,-1,-1,-1,-1,-1,-1,-1,-1,-1,-1,-1,-1
Dragon Age™ Inquisition,-1,-1,-1,1,1,-1,1,1,1,-1,-1,1,,1,-1,-1,-1
Dragon Age™ Inquisition,,,,,1,,,,,,,,,,,,
Dragon Age™ Inquisition,,,,,1,,,,,,,,,-1,,,
Dragon Age™ Inquisition,,,,,1,,,,,,,,,,,,
Dragon Age™ Inquisition,,,,1,1,,1,1,1,-1,1,1,,,,,
Dragon Age™ Inquisition,,,,,1,,,,,,,,,,,,
Dragon Age™ Inquisition,,,,,1,-1,,,,,,,,,-1,-1,
Dragon Age™ Inquisition,-1,,-1,,1,,,,,,,,-1,0,,,
Dragon Age™ Inquisition,,,,,,,,,,,,,,,,,
Dragon Age™ Inquisition,,,,1,-1,,,-1,,,,,,,,-1,-1
Dragon Age™ Inquisition,0,1,-1,1,0,0,1,1,0,,1,0,,1,0,-1,-1
Dragon Age™ Inquisition,,,,,1,,,,,,,,,,,,
Dragon Age™ Inquisition,,,,,1,,,,1,1,,,,,,,
Dragon Age™ Inquisition,,,,,1,,,,,,,,,,,,
Dragon Age™ Inquisition,,,,,1,,,,,,,,,,,-1,
Dragon Age™ Inquisition,,,-1,,1,,,1,,,,1,,,,,
Dragon Age™ Inquisition,,,,,1,,,,,,,,,,,,
Dragon Age™ Inquisition,,,,1,1,,,1,,,,,,,,,-1
Dragon Age™ Inquisition,,,,,,,,,,,,,,,,,
Dragon Age™ Inquisition,,,,,1,,,,,,,1,,,,,
Dragon Age™ Inquisition,,,,,,,,,,,,,,,,,
Dragon Age™ Inquisition,,,,,1,,,,,,,,,,,,
Dragon Age™ Inquisition,,,,,,-1,,,-1,-1,,,,,,,
Dragon Age™ Inquisition,,,,,-1,,,,,,,-1,,,,,-1
Dragon Age™ Inquisition,,,,,0,-1,-1,,,,,,,-1,,,
Dragon Age™ Inquisition,,-1,,,-1,,,,-1,,-1,,,,,,-1
Dragon Age™ Inquisition,,,,,1,,,,,,,,,,,,
Dragon Age™ Inquisition,,,,1,1,,,,,,,,,,,-1,-1
Dragon Age™ Inquisition,,,,1,1,,1,1,1,1,1,1,,,,,-1
Dragon Age™ Inquisition,,,,,,,,,,,,,,,,,
Dragon Age™ Inquisition,,,,,,,,,,,,,-1,-1,,,
Dragon Age™ Inquisition,,,,,1,,,,,,,1,,,-1,,-1
Dragon Age™ Inquisition,,,,,1,,,,,,,,,,,,-1
Dragon Age™ Inquisition,,,,,-1,-1,-1,-1,-1,-1,,-1,,,-1,,
Dragon Age™ Inquisition,,,,1,1,,,,,,,,,,,,
Dragon Age™ Inquisition,,,,-1,1,,,,,,,,,,,,
Dragon Age™ Inquisition,,,,,,,,,,,,,,,-1,,-1
Dragon Age™ Inquisition,,,,,,,,,,,,,,,,,
Dragon Age™ Inquisition,,,,,,,,,,,,,,,,,
Dragon Age™ Inquisition,,,,,,,,,,,,,,,,,
Dragon Age™ Inquisition,,,,,,,,,,,,,,,,,
Dragon Age™ Inquisition,-1,,-1,,,,,,,,,,,,,,
Dragon Age™ Inquisition,,,,-1,1,,,1,,,,1,,,-1,-1,
Dragon Age™ Inquisition,,,,,1,,,,,,,,,,,,
Dragon Age™ Inquisition,,,,,1,,,,,,,,,,,,-1
Dragon Age™ Inquisition,,,,,0,,,,,,,,,,,,
Dragon Age™ Inquisition,,,,,,,,,,,,,,,,,
Dragon Age™ Inquisition,,,,,,,,,,,,,,,,,
Dragon Age™ Inquisition,,,,,,,,,,,,,,,,,
Dragon Age™ Inquisition,,,,,1,,,,,,,,,,,,
Dragon Age™ Inquisition,,,,1,1,-1,1,1,1,1,,1,,1,0,-1,-1
Dragon Age™ Inquisition,,,-1,0,1,-1,1,-1,,,,-1,,-1,-1,-1,-1
Dragon Age™ Inquisition,,,,1,1,,1,1,,,,1,,,0,-1,-1
Dragon Age™ Inquisition,,-1,,,,,,,-1,-1,-1,-1,,,,,
Dragon Age™ Inquisition,,,,,1,-1,,,,,,,,,-1,-1,
Dragon Age™ Inquisition,,,,,,,,,,,,,,,,,
Dragon Age™ Inquisition,-1,,-1,,1,,,,,,,,,,,,
Dragon Age™ Inquisition,,,,,,,,,,,,,,,,,
Dragon Age™ Inquisition,-1,,-1,-1,0,,-1,-1,,,,,,,-1,,
Dragon Age™ Inquisition,,,,,-1,,,,-1,-1,,-1,,,-1,,
Dragon Age™ Inquisition,,,,1,1,-1,0,1,1,-1,,,,-1,-1,-1,-1
Dragon Age™ Inquisition,,,,,,,,,,,,,,,,,
Dragon Age™ Inquisition,-1,,-1,,-1,,,,,,,,,,,,
Dragon Age™ Inquisition,-1,,-1,,1,,,,1,1,,,,1,,,
Dragon Age™ Inquisition,,,,,,,,,,,,,,,,,
Dragon Age™ Inquisition,-1,,-1,1,1,,1,1,1,1,1,1,,1,,,
Dragon Age™ Inquisition,,,-1,,1,,,,,,,,,1,,,
Dragon Age™ Inquisition,-1,1,-1,,,,,,1,,1,,,-1,,,
Dragon Age™ Inquisition,-1,,-1,,,,,,,,,,,-1,,,
Dragon Age™ Inquisition,,,,,1,,0,,,,,,,,,,
Dragon Age™ Inquisition,,,,,1,,,,,,,,,,-1,-1,
Dragon Age™ Inquisition,-1,,-1,,1,,,,,,,,,-1,,,
Dragon Age™ Inquisition,-1,,-1,-1,1,-1,,,,,,,-1,-1,-1,-1,-1
Dragon Age™ Inquisition,,,-1,,,,,,,,,,,,,,
Dragon Age™ Inquisition,-1,,-1,,1,,,,,,,,,-1,,,
Dragon Age™ Inquisition,-1,,-1,1,1,-1,,,,,,,,-1,-1,-1,-1
Dragon Age™ Inquisition,,,,,,,,,,,,,,,,,
Dragon Age™ Inquisition,,,,,,-1,,,,,,,,,,,
Dragon Age™ Inquisition,,,,,1,-1,1,,,,,,-1,-1,,,
Dragon Age™ Inquisition,,,-1,,,,,,,,,,,,,,
Dragon Age™ Inquisition,-1,-1,,,,,,,,,,,,,,,
Dragon Age™ Inquisition,-1,,-1,,,,,,,,,,,-1,,,
Dragon Age™ Inquisition,,,,,1,,,,,,,,,,-1,-1,
Dragon Age™ Inquisition,,,,,,,,,,,,,,,,,
Dragon Age™ Inquisition,-1,,-1,,,,-1,,,,,,-1,-1,,,
Dragon Age™ Inquisition,,,,1,1,,,,,,,,,1,-1,-1,
Battlefield 4™,,,,,1,,1,,,,,,,,,,
Battlefield 4™,-1,,-1,1,1,,-1,1,,,,0,,1,,,
Battlefield 4™,,,-1,,,-1,,,,,,,-1,-1,,,
Battlefield 4™,,,,,1,,,,,,,,,,,,
Battlefield 4™,-1,,-1,,-1,,,,,,,,,,,,
Battlefield 4™,-1,,-1,,1,-1,,,,,,,,1,,-1,
Battlefield 4™,,,,,,,,,,,,,,,,-1,
Battlefield 4™,-1,,-1,,1,,,,,,,,,-1,,,
Battlefield 4™,,,,,1,,1,,,,,,,,,,
Battlefield 4™,,,,,1,-1,,,,,,,,0,,-1,
Battlefield 4™,,,,,,,,,,,,,,,,,
Battlefield 4™,,,,,1,,,1,,,,,,,-1,-1,-1
Battlefield 4™,-1,,-1,,1,,,,,,,,,,,,
Battlefield 4™,1,1,,,,,,,,,,,,,,,
Battlefield 4™,,,-1,,,,,,,,,,-1,,,,
Battlefield 4™,,,,,,,,,,,,,,,,,
Battlefield 4™,,,,,1,,,,,,,,,,,,
Battlefield 4™,,,,,1,,,,1,,,,,,,,
Battlefield 4™,-1,,-1,,,,,,,,,,,-1,,,
Battlefield 4™,,,,,,,,,,,,,,,,,
Battlefield 4™,,,,,1,,,,,,,,,,,,
Battlefield 4™,-1,-1,,,,,,,,,,,,,,,
Battlefield 4™,,,,,1,-1,,,,,,,,,,,
Battlefield 4™,-1,,-1,-1,-1,,,-1,,,,-1,-1,-1,,,-1
Battlefield 4™,,,,,,,,,,,,,,,,,
Battlefield 4™,,,,,,-1,,,,,,,,-1,,,
Battlefield 4™,1,,-1,1,1,,1,1,1,1,1,1,-1,0,-1,,-1
Battlefield 4™,-1,,0,1,1,,,1,,,,,,,-1,-1,-1
Battlefield 4™,,,-1,,1,,,,,,,,,,,,
Battlefield 4™,,,,,,,,,,,,,,,,,
Battlefield 4™,,1,,,1,-1,,,1,,1,,,,-1,-1,
Battlefield 4™,,,,,1,-1,,,,,,,,-1,,-1,
Battlefield 4™,-1,,-1,,1,-1,,,,,,,-1,-1,-1,,
Battlefield 4™,,,,,,,,,,,,,,,,,
Battlefield 4™,,,,-1,,,,,,,,,,,,,
Battlefield 4™,,,,,,,-1,,,,,,,,,,
Battlefield 4™,-1,,-1,-1,1,,,,,,,,,-1,,-1,
Battlefield 4™,,,,,,,,,,,,,,,,,
Battlefield 4™,,,,,1,,,,,,,,,,,,
Battlefield 4™,,,,,-1,-1,,,,,,,,-1,,,
Battlefield 4™,,,,,1,-1,1,,,,,,,,-1,-1,
Battlefield 4™,,,,,,,,,,,,,,,,,
Battlefield 4™,,,,1,1,,,,,,,,,,,,1
Battlefield 4™,-1,,-1,,,,,,,,,,,,,,
Battlefield 4™,,,,,1,,,,,,,,,,,,
Battlefield 4™,,,,,,,,,,,,,,,,,
Battlefield 4™,,,-1,,,,,,,,,,,,,,
Battlefield 4™,,,,,1,,,,,,,1,,,,,
Battlefield 4™,,,,,1,,,,,,,,,,,,
Battlefield 4™,,,,,1,,,,,,,,,,,,
Battlefield 4™,,,,,,,,,,,,,,,-1,,-1
Battlefield 4™,,,,-1,1,,,,,,,,,,,,
Battlefield 4™,,,,1,1,,1,1,1,1,,1,,1,,-1,
Battlefield 4™,,,,,-1,,,,,,,-1,,,,,
Battlefield 4™,,,,,,,,,,,,,,,,,
Battlefield 4™,,,,,1,,1,,,,,,,,,,
Battlefield 4™,,,-1,,,,,,,,,,,,,,
Battlefield 4™,,,,,1,,,,1,,,,,,,,
Battlefield 4™,,,,,1,,,,,,,,,,,,
Battlefield 4™,,,,,,,,,,,,,,,,,
Battlefield 4™,,,,,1,,,,,,,,,,,,
Battlefield 4™,,,,,1,,,,,,,,,,,,
Battlefield 4™,,,,,1,,,,,,,,,,,,
Battlefield 4™,,,,,,-1,,,,,,,,,,,
Battlefield 4™,,,,,,,,,,,,,,,,,
Battlefield 4™,-1,,-1,,-1,,,,,,,-1,,,,,
Battlefield 4™,,,,,1,-1,1,,1,,,,,1,,-1,
Battlefield 4™,-1,,-1,1,1,,,1,,,,,,1,,,
Battlefield 4™,,,,,,,,,,,,,,,,,
Battlefield 4™,,,,,,,,,,,,,,,,,
Battlefield 4™,,,,,1,-1,,,,,,,,,,,
Battlefield 4™,,,,,1,,1,1,,,,1,,,,,
Battlefield 4™,,,,,1,,,,,,,1,,,,,
Battlefield 4™,,,,,1,,,,-1,,,,,,,,
Battlefield 4™,,,,,,-1,,,,,,,,-1,-1,,
Battlefield 4™,,,,1,1,,,,,,,,,1,,,
Battlefield 4™,,,,,1,,,,,,,,,,-1,-1,
Battlefield 4™,1,1,,1,1,-1,1,1,1,,1,1,,,-1,-1,-1
Battlefield 4™,,,,,1,,,,,,,,,,,-1,
Battlefield 4™,,,,,,1,,1,,,,,,,1,,
Battlefield 4™,,,,1,1,-1,1,1,,,,,,,-1,-1,-1
Battlefield 4™,0,1,0,1,1,0,1,1,1,,1,0,,0,,0,-1
Battlefield 4™,-1,1,,1,1,,1,1,1,,1,,,1,,-1,
Battlefield 4™,,,,,1,-1,,,,,,,,,,,
Battlefield 4™,,,,,1,,1,,,,,,,,,,
Battlefield 4™,,,,,-1,,,,,,,,,,,,
Battlefield 4™,,,,,1,,,,,,,,,1,,,
Battlefield 4™,,,,,1,-1,0,1,,,,,,1,,,
Battlefield 4™,,,,,,,,,,,,,,,,,
Battlefield 4™,,,,,1,,,,,,,,,,,,
Battlefield 4™,,,,,1,-1,1,,,,,,,,-1,-1,
Battlefield 4™,-1,1,-1,0,,-1,,0,,,,,,,-1,,-1
Battlefield 4™,1,1,-1,1,1,,,1,,,,,,1,,-1,
Battlefield 4™,,,,,1,,1,,,,,,,,,,
Battlefield 4™,,1,,1,1,-1,1,1,0,0,1,0,,,-1,-1,-1
Battlefield 4™,,,,,,,,,,,,,,,,,
Battlefield 4™,,,,,1,,,,,,,,,,,,
Battlefield 4™,,,,,1,,,,,,,,,,,,
Battlefield 4™,,,,1,1,,,,,,,,,1,,,
Battlefield 4™,,,,,1,,,,,,,,,0,,,
Door Kickers 2: Task Force North,,,,,1,,,,,,,,,,-1,-1,
Door Kickers 2: Task Force North,,,,,,,,,,,,,,,,,
Door Kickers 2: Task Force North,,,,,1,,,,,,,,,,,,
Door Kickers 2: Task Force North,,,,,1,-1,1,1,,,,,,-1,-1,-1,
Door Kickers 2: Task Force North,,,,,1,,,,,,,,,,,,
Door Kickers 2: Task Force North,,,-1,-1,1,,1,1,,,,,-1,-1,,-1,
Door Kickers 2: Task Force North,,,,,1,-1,1,1,,,,,,,-1,-1,
Door Kickers 2: Task Force North,,,,,,,,,,,,,,,,,
Door Kickers 2: Task Force North,,,,1,1,,,,,,,,,,,,
Door Kickers 2: Task Force North,-1,-1,,,1,,1,1,0,,-1,,,,,-1,
Door Kickers 2: Task Force North,,,,,1,-1,1,1,1,,,,,,-1,-1,
Door Kickers 2: Task Force North,-1,-1,-1,,,-1,,,-1,,-1,,,-1,-1,-1,
Door Kickers 2: Task Force North,,,,,,,,,,,,,,,,,
Door Kickers 2: Task Force North,,,,1,1,,,,,,,,,,,,
Door Kickers 2: Task Force North,,,,,,,,,,,,,,-1,,,
Door Kickers 2: Task Force North,,,,,1,,1,1,,,,0,,,,,
Door Kickers 2: Task Force North,,,,,1,,,,,,,,,,,,
Door Kickers 2: Task Force North,,,,,1,,,,,,,,,,,,
Door Kickers 2: Task Force North,,,,,1,,,,,,,,,,,,
Door Kickers 2: Task Force North,,,,,0,0,,,,,,,,0,,,
Door Kickers 2: Task Force North,,,,,1,,,,,,,,,,-1,,
Door Kickers 2: Task Force North,,,,,1,,,,,,,,,,,,
Door Kickers 2: Task Force North,,,,,1,,1,,,,,,,,,,
Door Kickers 2: Task Force North,,,,,,,,,,,,,,,,1,
Door Kickers 2: Task Force North,,,,,1,,,,,,,,,,,,
Door Kickers 2: Task Force North,,,,,,,,,,,,,,,,,
Door Kickers 2: Task Force North,,,,,,,,,,,,,,,,,
Door Kickers 2: Task Force North,,,,,,,,,,,,,,,,,
Door Kickers 2: Task Force North,,,,,1,,,,,,,,,,,,
Door Kickers 2: Task Force North,,,,,,,,,,,,,,0,,,
Door Kickers 2: Task Force North,-1,-1,-1,1,1,,,1,,,,,,-1,-1,-1,-1
Door Kickers 2: Task Force North,,,,,1,,,,,,,,,,1,-1,
Door Kickers 2: Task Force North,,,,,,,,,,,,,,,,,
Door Kickers 2: Task Force North,,,,,1,,,,,,,,,,,,
Door Kickers 2: Task Force North,,,,,1,-1,1,1,,,,,,1,1,-1,
Door Kickers 2: Task Force North,,,,,1,,,,,,,,,,,,
Door Kickers 2: Task Force North,,,,1,1,,,1,,,,,,,,,
Door Kickers 2: Task Force North,,,,,1,-1,,,,,,,,,-1,,
Door Kickers 2: Task Force North,,,,,1,,,,,,,,,,,,
Door Kickers 2: Task Force North,,,,,1,,,,,,,,,,,,
Door Kickers 2: Task Force North,,,,,,,,,,,,,,,,,
Door Kickers 2: Task Force North,,,,,,,,,,,,,,,,,
Door Kickers 2: Task Force North,,,,,1,,,,,,,,,,,,
Door Kickers 2: Task Force North,,,,,1,,,,,,,,,,,,
Door Kickers 2: Task Force North,,,,,,,,,,,,,,,,,
Door Kickers 2: Task Force North,,,,,1,,,,,,,,,,,,
Door Kickers 2: Task Force North,,,,1,1,,,,,,,,,,,,
Door Kickers 2: Task Force North,,,,,,,,,,,,,,,-1,-1,
Door Kickers 2: Task Force North,,,,,1,,1,,,,,,,,,,
Door Kickers 2: Task Force North,,,,,1,,,,,,,,,,,,
Door Kickers 2: Task Force North,,,,0,,,,,,,,,,,,,
Door Kickers 2: Task Force North,,,,,1,,,,,,,,,,,,
Door Kickers 2: Task Force North,,,,,1,,,,,,,,,,,,
Door Kickers 2: Task Force North,,,,,,,,,,,,,,,,,
Door Kickers 2: Task Force North,,,,,1,,,,,,,,,,,,
Door Kickers 2: Task Force North,1,1,-1,1,1,,1,1,,,,,,,,-1,
Door Kickers 2: Task Force North,,,,,,,,,,,,,,,,,
Door Kickers 2: Task Force North,,,,,,,,,,,,,,,,,
Door Kickers 2: Task Force North,,,,,1,-1,,,,,,,,,-1,,
Door Kickers 2: Task Force North,,,,,1,,,,,,,,,,,,
Door Kickers 2: Task Force North,,,,1,1,,,,,,,,,,,,
Door Kickers 2: Task Force North,,,,,1,,,,,,,,,,,,
Door Kickers 2: Task Force North,,,,,1,,,,,,,,,,,,
Door Kickers 2: Task Force North,,,,,,,,,,,,,,,,,
Door Kickers 2: Task Force North,,,,,1,,,,,,,,,,,,
Door Kickers 2: Task Force North,,,,,,,,,,,,,,,-1,,
Door Kickers 2: Task Force North,,,,,,,,,,,,,,,,,
Door Kickers 2: Task Force North,,,,,1,,,,,,,,,,,,
Door Kickers 2: Task Force North,,,,,1,,,,,,,,,,,,
Door Kickers 2: Task Force North,,-1,,,1,,,,-1,,-1,,,,,,
Door Kickers 2: Task Force North,,,-1,1,1,-1,1,1,,,,1,-1,1,-1,-1,-1
Door Kickers 2: Task Force North,-1,-1,,1,1,,1,-1,1,,-1,1,,,-1,-1,-1
Door Kickers 2: Task Force North,,,,,1,,1,-1,,,,1,,,,,
Door Kickers 2: Task Force North,,,,,,,,,,,,,,,,,
Door Kickers 2: Task Force North,,,,,1,,,,,,,,,,,,
Door Kickers 2: Task Force North,,,,,1,-1,1,1,,,,,,,,,
Door Kickers 2: Task Force North,,1,,1,1,1,1,1,1,1,1,1,,,1,1,-1
Door Kickers 2: Task Force North,,,-1,1,1,-1,1,1,,0,,1,,0,-1,-1,-1
Door Kickers 2: Task Force North,,,,,,,,,,,,,,,,,
Door Kickers 2: Task Force North,,,,,,-1,,,,,,,,,,-1,
Door Kickers 2: Task Force North,,,,,1,,,,1,1,,,,,,,
Door Kickers 2: Task Force North,,,,,1,,,,,,,,,,,,
Door Kickers 2: Task Force North,,,,,,,,1,,,,,,,,,
Door Kickers 2: Task Force North,,,,-1,0,,,,,,,,,,,-1,-1
Door Kickers 2: Task Force North,,,,,1,,,,,,,,,,,,
Door Kickers 2: Task Force North,,,,,1,,,,,,,,,,,,
Door Kickers 2: Task Force North,,,,,,-1,,-1,,,,,,,,,-1
Door Kickers 2: Task Force North,,,,,-1,,,,,,,,,,,,
Door Kickers 2: Task Force North,,,,,,,,,,,,,,,,,
Door Kickers 2: Task Force North,,,,,,,,,,,,,,,,,
Door Kickers 2: Task Force North,,-1,,,,-1,,,-1,-1,-1,,,,,,
Door Kickers 2: Task Force North,,,,,1,,,1,,,,,,,,,
Door Kickers 2: Task Force North,,,,,,,,,,,,,,,,,
Door Kickers 2: Task Force North,,-1,-1,,,,,-1,,,,,,,-1,,-1
Door Kickers 2: Task Force North,,,,,,,,,,,,,,,,,
Door Kickers 2: Task Force North,,,,1,1,,,,,,,,,,,1,
Door Kickers 2: Task Force North,,,,,,,,,,,,,,,,,
Door Kickers 2: Task Force North,,,,,1,,1,1,,,,,,,,,
Door Kickers 2: Task Force North,,,,,1,,,,,,,,,,,,
Door Kickers 2: Task Force North,,,,,1,,,,,,,,,,,,
Jurassic World Evolution 2,,,,,,,,,,,,,,,,,
Jurassic World Evolution 2,,,,1,1,,,,,,,,,,,,
Jurassic World Evolution 2,,,,,,,,,,,,,,,,,
Jurassic World Evolution 2,,,,,,,,,,,,,,,,,
Jurassic World Evolution 2,,,,,1,,,,,,,,,,,,
Jurassic World Evolution 2,,,,,,,,,,,,,,,,,
Jurassic World Evolution 2,,,,,,-1,,,,,,,,,-1,-1,
Jurassic World Evolution 2,,,,,,,,,,,,,,,,,-1
Jurassic World Evolution 2,,,,,,,,,,,,,,,,,
Jurassic World Evolution 2,,,,,1,,1,,,,,,,,,,
Jurassic World Evolution 2,,,,,1,,,,,,,,,,,,-1
Jurassic World Evolution 2,,,,,,,,,,,,,,,,,
Jurassic World Evolution 2,,,,,1,,0,,,,,,,0,,,
Jurassic World Evolution 2,,,,,,,,,,,,,,,,,
Jurassic World Evolution 2,,,,,,,,,,,,,,,,,
Jurassic World Evolution 2,,,,,1,,,,,,,,,,,,
Jurassic World Evolution 2,,,,1,1,,1,1,,,,,,1,1,1,
Jurassic World Evolution 2,,,,,1,,0,1,,,,,,,,,
Jurassic World Evolution 2,,,,,1,,-1,0,,,,,,0,,,
Jurassic World Evolution 2,,,,,1,,,,,,,,,,,,
Jurassic World Evolution 2,,,,,,,,,,,,,,,,,
Jurassic World Evolution 2,,,,,1,,,,,,,,,,,,
Jurassic World Evolution 2,,,,,,,,,,,,,,,,,
Jurassic World Evolution 2,,,,,1,,-1,,,,,,,,,,
Jurassic World Evolution 2,,,,,1,,,,1,1,,,,1,,,
Jurassic World Evolution 2,,,,,,,,,,,,,,,,,
Jurassic World Evolution 2,,,,,,,,,,,,,,,,,
Jurassic World Evolution 2,,,,,1,,,,,,,,,,,,
Jurassic World Evolution 2,-1,,-1,,,-1,,,,,,,,-1,,,
Jurassic World Evolution 2,,,,,1,,,,1,1,,,,,,,
Jurassic World Evolution 2,,,-1,,,,,,,,,,,-1,,,
Jurassic World Evolution 2,,,,,1,,,,,,,,,,-1,,
Jurassic World Evolution 2,,,,,1,,,,,,,,,,,,
Jurassic World Evolution 2,,,,,,,,,,,,,,,,,
Jurassic World Evolution 2,,,,,1,,,,,,,,,,-1,-1,
Jurassic World Evolution 2,,,,,,,,,,,,,,,,,
Jurassic World Evolution 2,,,,,,,,,1,1,,,,,,,
Jurassic World Evolution 2,,,1,1,1,,1,,,1,,,1,1,,,
Jurassic World Evolution 2,,,,1,1,,,1,1,1,,1,,,,,
Jurassic World Evolution 2,,,,,1,,,1,,,,1,,,,,
Jurassic World Evolution 2,,,,,1,,,,,,,,,,,,
Jurassic World Evolution 2,,,,,1,,,,,,,,,,,,
Jurassic World Evolution 2,,,,,,,,,,,,,,,,,
Jurassic World Evolution 2,,,,,1,,,,,,,,,,,,
Jurassic World Evolution 2,,,,,,,,,,,,,,,-1,-1,
Jurassic World Evolution 2,,,,1,1,,,,,,,,,,,,
Jurassic World Evolution 2,,,,,,,,,,,,,,,,,
Jurassic World Evolution 2,,,,,1,,,,,,,,,,,,
Jurassic World Evolution 2,,,,,1,,,,,,,,,,,,
Jurassic World Evolution 2,,,,,,,,,,,,,,,,,
Jurassic World Evolution 2,-1,,-1,,1,-1,,,1,1,1,1,-1,-1,,,
Jurassic World Evolution 2,,,,,1,,,,,,,,,,,,
Jurassic World Evolution 2,,,,,,,,,,,,,,,,,
Jurassic World Evolution 2,,,,,1,,,,1,1,,1,,,,,
Jurassic World Evolution 2,,,,,1,,,,,,,,,,,,
Jurassic World Evolution 2,,,,,,,,,,,,,,,,,
Jurassic World Evolution 2,,,,,,,,,,,,,,,,,
Jurassic World Evolution 2,,,,,,,,,,,,,,,,,
Jurassic World Evolution 2,,,,,,,,,,,,,,,,,
Jurassic World Evolution 2,,,,,1,,,,,,,,,,,,
Jurassic World Evolution 2,,,,,,,,,,,,,,,,,
Jurassic World Evolution 2,,,,,,,,,,,,,,,,,
Jurassic World Evolution 2,,,,,,,,,,,,,,,,,
Jurassic World Evolution 2,,,,,,,,,,,,,,,,,
Jurassic World Evolution 2,,,,,,,,,,,,,,,,,
Jurassic World Evolution 2,,,,,,,,,,,,,,,-1,-1,
Jurassic World Evolution 2,,,,,,,,,,,,,,,,,
Jurassic World Evolution 2,,,,,,,,,,,,,,,,,
Jurassic World Evolution 2,,,,,1,,,,,,,,,,,,
Jurassic World Evolution 2,1,,,1,1,-1,1,1,1,1,1,1,-1,1,-1,1,1
Jurassic World Evolution 2,,,,,1,,,,,,,1,,,,,
Jurassic World Evolution 2,,,,,,,,,,,,,,,,,
Jurassic World Evolution 2,,,-1,-1,1,,,0,,,,-1,,,,,-1
Jurassic World Evolution 2,,,,,1,,1,1,,,,1,,,,,
Jurassic World Evolution 2,,,,1,1,-1,1,1,,,,1,,,0,-1,-1
Jurassic World Evolution 2,,1,,1,1,,1,,1,1,1,1,,,,,
Jurassic World Evolution 2,,,,,1,,,1,,,,,,,-1,,
Jurassic World Evolution 2,,,,,,,,,,,,,,,,,
Jurassic World Evolution 2,,,,,1,,,,,,,1,,,-1,-1,
Jurassic World Evolution 2,,,,,1,,,,1,1,,,,,,,
Jurassic World Evolution 2,,,,,,,,0,,,,,,,,,
Jurassic World Evolution 2,,,,,1,,,,,,,,,,,,
Jurassic World Evolution 2,,,-1,1,1,-1,1,1,1,1,1,1,,,-1,-1,-1
Jurassic World Evolution 2,,,,,,,,,,,,,,,,,
Jurassic World Evolution 2,,,,,1,-1,,,,,,,,,,,-1
Jurassic World Evolution 2,,,,,-1,,,,,,,,,,,,-1
Jurassic World Evolution 2,,,,,1,,,,,,,,,,,,
Jurassic World Evolution 2,,,,,,,,,,,,,,,,,
Jurassic World Evolution 2,,,,,1,,,,,,,,,,,,
Jurassic World Evolution 2,,,,,,,,,,,,,,,,,
Jurassic World Evolution 2,,,,1,1,,,1,,,,1,,,,,-1
Jurassic World Evolution 2,,,-1,,,,,,,,,,,,,,-1
Jurassic World Evolution 2,,,,,,,,,,,,,,,1,,
Jurassic World Evolution 2,,,,,,,,,,,,,,,,,-1
Jurassic World Evolution 2,,,,1,1,-1,1,-1,1,1,1,1,-1,,-1,-1,-1
Jurassic World Evolution 2,,,,-1,,,,,,,,,,,,,-1
Jurassic World Evolution 2,,,,,,,,,,,,,,,,,
Jurassic World Evolution 2,,,,,1,-1,1,1,,,,,,,-1,-1,-1
Jurassic World Evolution 2,,,,,,,,,,,,,,,,,-1
Jurassic World Evolution 2,,,,,1,,,,,,,1,,,,,
Library Of Ruina,,,,,,,,,,,,,,,,,
Library Of Ruina,,,,,1,,,,,,,,,,,,
Library Of Ruina,,-1,,,0,,,,-1,,-1,,,,,,
Library Of Ruina,,,,,1,,,,,,,,,,,,
Library Of Ruina,,,,,1,,1,,,,,1,,,,,
Library Of Ruina,,1,,1,1,,1,,1,1,1,,,,,,
Library Of Ruina,,,,1,1,,1,1,1,,,1,,,,,
Library Of Ruina,,,,,1,,1,,,,,,,,,,
Library Of Ruina,,,,,,,,,,,,,,,,,
Library Of Ruina,,,,-1,1,-1,,-1,,,,1,-1,,-1,,-1
Library Of Ruina,,,,,,,,,,,,,,,,,
Library Of Ruina,,,,,1,,,,,,,,,,,,
Library Of Ruina,,,,,,,,,,,,,,,,,
Library Of Ruina,,,,,1,,,,,,,,,,,,
Library Of Ruina,,,,,,,,,,,,,,,,,
Library Of Ruina,,,,,1,,,,,,,,,,,,
Library Of Ruina,,,,,,,,,1,,1,1,,,,,
Library Of Ruina,,,,1,1,,,,,,,,,,,,
Library Of Ruina,,,,,1,,,,,,,,,,,,
Library Of Ruina,,,,,1,,,,,,,,,,,,
Library Of Ruina,,,,,1,,,,,,,,,,,,
Library Of Ruina,,,,,,,,,,,,0,,,,,
Library Of Ruina,,,,,1,,,,,,,,,,,,
Library Of Ruina,,,,,1,,,,,,,,,,,,
Library Of Ruina,,,,,,,,,,,,1,,,,,
Library Of Ruina,,,,,1,,,,,,,,,,,-1,
Library Of Ruina,,,,,,,,,,,,,,,,,
Library Of Ruina,,,,,1,,,,,,,,,,,,
Library Of Ruina,,,,1,1,,,1,,,,,,,,,-1
Library Of Ruina,,,,,1,,1,1,,,,,,,1,,
Library Of Ruina,,,,,,,,,,,,,,,,,
Library Of Ruina,,,,,,,,,,,,,,,,,
Library Of Ruina,,,,,1,,,,,,,,,,,,
Library Of Ruina,,,,,1,,,,,,,,,,,,
Library Of Ruina,,,,,1,,,,,,,,,,,,
Library Of Ruina,,,,,1,,,,,,,,,,,,
Library Of Ruina,,,,,1,,,,,,,,,,,,
Library Of Ruina,,,,,,,,,,,,,,,,,
Library Of Ruina,,,,,,,,,,,,,,,-1,,
Library Of Ruina,,,,-1,1,-1,,,,,,,,,,,-1
Library Of Ruina,,,,,,,,,,,,,,,0,,
Library Of Ruina,,,,,,,,,,,,,,,,,
Library Of Ruina,,,,,,-1,,,,,,,,,-1,,
Library Of Ruina,,,,,1,,,,,,,,,,,,
Library Of Ruina,,,,1,1,,,,,,,,,,,,
Library Of Ruina,,,,,,,,,,,,,,,,,
Library Of Ruina,,,,,,,,,,,,0,,,,,
Library Of Ruina,,,,-1,1,,,,,,,,,,,,-1
Library Of Ruina,,,,,,,,,,,,,,,,,
Library Of Ruina,,,,,,,,,,,,,,,-1,-1,
Library Of Ruina,,,,,1,,,,,,,-1,-1,,-1,-1,
Library Of Ruina,,,,,1,,,,,,,,,,-1,-1,
Library Of Ruina,,,,,,,,,,,,,,,,,
Library Of Ruina,,,,,1,,,,,,,,,,1,1,
Library Of Ruina,,,,,,,,,,,,,,,,,
Library Of Ruina,,,,-1,,,,,,,,,,,,,-1
Library Of Ruina,,,,,,,,,,,,,,,,,
Library Of Ruina,,,,,,,,,,,,,,,,,
Library Of Ruina,,,,,1,,,,,,,,,,,,
Library Of Ruina,,,,,,,,,,,,,,,,,
Library Of Ruina,,,,,1,,,,,,,,,,,,
Library Of Ruina,,,,,1,,,,,,,,,,,,
Library Of Ruina,,,,,,,,,,,,,,,,,
Library Of Ruina,,,,,,,,,,,,1,,,,,
Library Of Ruina,,,,,1,,,,,,,1,,,,,
Library Of Ruina,,,,,,,,,,,,,,,,,
Library Of Ruina,,,,,1,,,,,,,,,,,,
Library Of Ruina,,,,,1,,,,,,,,,,,,
Library Of Ruina,,,,,,,,,,,,,,,,,
Library Of Ruina,,,,,-1,-1,-1,-1,,,,,,-1,,,
Library Of Ruina,,,,,1,-1,,,,,,,-1,-1,-1,-1,-1
Library Of Ruina,-1,-1,-1,-1,1,-1,-1,0,0,-1,-1,,-1,-1,-1,-1,-1
Library Of Ruina,,,-1,,1,-1,-1,,,,,,-1,-1,,-1,
Library Of Ruina,,,,,,,,,,,,,,,,,
Library Of Ruina,,,,1,1,-1,,,,,,,-1,-1,-1,-1,-1
Library Of Ruina,-1,-1,-1,1,0,-1,-1,-1,-1,-1,-1,-1,-1,-1,-1,-1,-1
Library Of Ruina,-1,,-1,,-1,-1,,,,,,,-1,-1,,,
Library Of Ruina,,,,1,-1,,,,,,,,-1,1,,,
Library Of Ruina,,,,,0,-1,,,,,,,,-1,,,
Library Of Ruina,-1,-1,-1,,1,,,,-1,,-1,,,,,-1,
Library Of Ruina,,,,,,,,,,,,,,,,,
Library Of Ruina,,,,,,,,,,,,,,,,,
Library Of Ruina,,,,,,,,,,,,,,,,,
Library Of Ruina,-1,,-1,,1,-1,,,,,,,-1,-1,,-1,
Library Of Ruina,,,,,0,,,,,,,,,-1,,,
Library Of Ruina,,,,,1,-1,1,1,,,,,,0,,-1,
Library Of Ruina,,,,,,-1,,,,,,,-1,,,-1,
Library Of Ruina,,,,,0,,0,0,0,,,,,-1,,,
Library Of Ruina,-1,-1,-1,,1,-1,1,0,,,,,,-1,-1,-1,
Library Of Ruina,,,-1,,,,,,,,,,,-1,,,
Library Of Ruina,-1,,-1,,,,,,,,,,,-1,,,
Library Of Ruina,,,,,,,1,,,,,,,,,,
Library Of Ruina,,,,,,-1,,,,,,,,,,,
Library Of Ruina,,,,,,,,,,,,,,,,,
Library Of Ruina,,,,,1,-1,,,,,,,-1,1,,-1,
Library Of Ruina,,,-1,,,,-1,,,-1,,-1,-1,-1,,,
Library Of Ruina,,,,,1,-1,-1,,0,-1,,,,,-1,-1,
Library Of Ruina,,,-1,,1,-1,,,,,,,,-1,,,
Library Of Ruina,-1,,-1,,-1,,,,,,,,-1,-1,,,
Library Of Ruina,,,,,1,,,,,,,,,,,-1,
3on3 FreeStyle: Rebound,,,,,,,,,,,,,,,,,
3on3 FreeStyle: Rebound,,,,,1,,,,,,,,,,,,
3on3 FreeStyle: Rebound,,,,,1,,,,,,,,,,,,
3on3 FreeStyle: Rebound,,,-1,,,-1,,,,,,,,-1,-1,,
3on3 FreeStyle: Rebound,,,,,,,,,,,,,,,,,
3on3 FreeStyle: Rebound,-1,,-1,,1,,,,,,,,,,,,-1
3on3 FreeStyle: Rebound,-1,,-1,,,,,,,,,,,,,,
3on3 FreeStyle: Rebound,-1,-1,-1,,,-1,,-1,,,,,,-1,,-1,
3on3 FreeStyle: Rebound,,,,,,,,,,,,,-1,,,,
3on3 FreeStyle: Rebound,,,,,,-1,,,,,,,-1,-1,,,
3on3 FreeStyle: Rebound,,,,,,,,,,,,,,,,,
3on3 FreeStyle: Rebound,,,,,-1,-1,,,,,,,,-1,,,
3on3 FreeStyle: Rebound,,,,,,-1,,,,,,,,-1,,,
3on3 FreeStyle: Rebound,,,,1,1,,1,1,,,,,,,-1,-1,
3on3 FreeStyle: Rebound,,,,,,,,,,,,,,,,,
3on3 FreeStyle: Rebound,,,,,1,,,,,,,,,,,,
3on3 FreeStyle: Rebound,,,,,1,,,,,,,,,,,,
3on3 FreeStyle: Rebound,,,,,,,,,,,,,,,,,
3on3 FreeStyle: Rebound,,,,,,,,,,,,,,,,,
3on3 FreeStyle: Rebound,,,,,,,,,,,,,,-1,,,
3on3 FreeStyle: Rebound,,,,,,,,,,,,,,,,,
3on3 FreeStyle: Rebound,,,,,1,,,,,,,,,,,,
3on3 FreeStyle: Rebound,,1,,,1,-1,1,,1,1,1,,-1,,,,
3on3 FreeStyle: Rebound,,,,,,0,,,,,,,,,,,
3on3 FreeStyle: Rebound,-1,,-1,,-1,,-1,,-1,,,-1,-1,-1,,,
3on3 FreeStyle: Rebound,-1,-1,-1,,1,-1,,-1,-1,-1,-1,,,-1,-1,-1,
3on3 FreeStyle: Rebound,,,,,,,,,,,,,,,,,
3on3 FreeStyle: Rebound,,,,,,,-1,,,,,-1,,,,,
3on3 FreeStyle: Rebound,,,,,,,,,,,,,,,,,
3on3 FreeStyle: Rebound,,,,,1,,1,,1,1,,,,,,-1,
3on3 FreeStyle: Rebound,,,,,,,,,,,,,,,,,
3on3 FreeStyle: Rebound,,,,,,,,,1,1,,,,,,,
3on3 FreeStyle: Rebound,,,,,,,,,,,,,,,,,
3on3 FreeStyle: Rebound,,,,,,,,,,,,,,,,,
3on3 FreeStyle: Rebound,,,,,1,,,,,,,,,,,,
3on3 FreeStyle: Rebound,-1,-1,-1,,0,-1,,,,,-1,,-1,-1,,-1,-1
3on3 FreeStyle: Rebound,,,,,1,,,,,,,,,,,,
3on3 FreeStyle: Rebound,,,-1,,,,,,,,,,,-1,,,
3on3 FreeStyle: Rebound,,,,,,-1,,,,,,,-1,,,-1,
3on3 FreeStyle: Rebound,,,,,,,,,,,,,,,,,
3on3 FreeStyle: Rebound,,,,,,,,,,,,,,,,,
3on3 FreeStyle: Rebound,,,,,1,,,,,,,,,,,,
3on3 FreeStyle: Rebound,,,,,1,,,,,,,,,,,,
3on3 FreeStyle: Rebound,,,-1,,,,,,,,,,,,,,
3on3 FreeStyle: Rebound,,,,,1,,,,,,,,,,,,
3on3 FreeStyle: Rebound,,,,,,,,,,,,,,,,,
3on3 FreeStyle: Rebound,,,,,,,,,,,,,,,,,
3on3 FreeStyle: Rebound,,,,,,,,,,,,,,,,,
3on3 FreeStyle: Rebound,,,,,,,,,,,,,,,,,
3on3 FreeStyle: Rebound,,,,,,,,,,,,,,,,,
3on3 FreeStyle: Rebound,,,,,,,,,,,,,,,,,
3on3 FreeStyle: Rebound,,,,1,,,,1,,,,,,,1,1,
3on3 FreeStyle: Rebound,,,,,1,-1,,,,,,,-1,,,,
3on3 FreeStyle: Rebound,-1,1,-1,,1,,,,-1,,,,,,,,
3on3 FreeStyle: Rebound,,,,,1,,,,,,,,,,,,
3on3 FreeStyle: Rebound,,,,,,-1,,,,,,,,,,,
3on3 FreeStyle: Rebound,,,,,,,,,,,,,,,,,
3on3 FreeStyle: Rebound,,,,,,-1,,,,,,,,,-1,-1,
3on3 FreeStyle: Rebound,,,,,1,,,,,,,,,,,,
3on3 FreeStyle: Rebound,,,,,,,,,,,,,,,,,
3on3 FreeStyle: Rebound,1,1,,1,1,-1,1,1,0,1,1,1,,1,0,-1,-1
3on3 FreeStyle: Rebound,,,,,-1,,,,,,,,,,,,
3on3 FreeStyle: Rebound,,,,,,,,,,,,,,,,,
3on3 FreeStyle: Rebound,-1,,-1,,1,-1,,,,,,,,-1,,,
3on3 FreeStyle: Rebound,,,,,,-1,,,,,,,,-1,,,
3on3 FreeStyle: Rebound,,,,,,,,,,,,,-1,,,,
3on3 FreeStyle: Rebound,,,,,0,-1,,,,,,,,-1,,-1,
3on3 FreeStyle: Rebound,,,,,-1,,,,,,,,,,-1,-1,
3on3 FreeStyle: Rebound,,,-1,,,,,,,,,,-1,-1,,,
3on3 FreeStyle: Rebound,,,,1,-1,,-1,-1,,,,,,,,-1,
3on3 FreeStyle: Rebound,-1,-1,-1,-1,-1,-1,-1,,-1,-1,-1,,-1,-1,,,
3on3 FreeStyle: Rebound,,,-1,-1,0,-1,-1,-1,,,,-1,-1,-1,-1,-1,-1
3on3 FreeStyle: Rebound,,,,,,,,,,,,,,,-1,-1,
3on3 FreeStyle: Rebound,,,,,1,,,,,,,,,,,,
3on3 FreeStyle: Rebound,,,,,1,-1,-1,-1,,,,,,-1,,,
3on3 FreeStyle: Rebound,,,,,-1,-1,-1,-1,,,,,,-1,,-1,-1
3on3 FreeStyle: Rebound,,,,0,1,0,,,,,,,,0,,-1,
3on3 FreeStyle: Rebound,,,,,0,,,,,,,,,-1,,,
3on3 FreeStyle: Rebound,,,,,,,-1,,,,,,,-1,,,
3on3 FreeStyle: Rebound,,,,0,0,-1,-1,-1,,,,,,-1,-1,-1,-1
3on3 FreeStyle: Rebound,,,-1,,1,-1,-1,,,,,,,-1,,,
3on3 FreeStyle: Rebound,,,,,-1,,,,,,,,,,,-1,
3on3 FreeStyle: Rebound,,,,,,-1,,,,,,,,,,,
3on3 FreeStyle: Rebound,,,,1,0,,,,,,,,,-1,,,
3on3 FreeStyle: Rebound,,,,,,,-1,,,,,,,-1,,,
3on3 FreeStyle: Rebound,,,,1,0,,,,0,,,,,,,,
3on3 FreeStyle: Rebound,-1,-1,-1,1,0,,1,1,-1,,,,,-1,,-1,
3on3 FreeStyle: Rebound,,,,-1,,,,,,,,,,-1,,,
3on3 FreeStyle: Rebound,,,,,,-1,-1,,,,,,,-1,,,
3on3 FreeStyle: Rebound,,,,,-1,,,,,,,,,,,,
3on3 FreeStyle: Rebound,,,,,,,,,,,,,,,,,
3on3 FreeStyle: Rebound,,,,,-1,,,,-1,-1,,-1,,,,,
3on3 FreeStyle: Rebound,-1,,-1,,,,,,,,,,,-1,,-1,
3on3 FreeStyle: Rebound,,,,,1,,,,,,,,,,,,
3on3 FreeStyle: Rebound,,,,,,,,,,,,,,,,,
3on3 FreeStyle: Rebound,-1,,-1,,,-1,,-1,,,,,,-1,,-1,-1
3on3 FreeStyle: Rebound,,,,,1,,,,1,1,,,,,,,
3on3 FreeStyle: Rebound,,,,,,,,,,,,,,-1,,,
3on3 FreeStyle: Rebound,,,,,,,,,,,,,,,,,
3on3 FreeStyle: Rebound,,,,1,1,-1,1,1,,,,0,,,-1,-1,-1
Sid Meier's Civilization VII,,,,,,,-1,,,,,,,,,,
Sid Meier's Civilization VII,,,,,-1,-1,,,,,,,,,,,
Sid Meier's Civilization VII,,,-1,,,,,,,,,,,-1,,,
Sid Meier's Civilization VII,,,,,1,,,,,,,,,,,,
Sid Meier's Civilization VII,,,,,1,,,,,,,,,,,,
Sid Meier's Civilization VII,-1,,,,0,,,,,,,,,,,,
Sid Meier's Civilization VII,,,,,-1,,,,,,,,,-1,,,
Sid Meier's Civilization VII,-1,,-1,,-1,,,,-1,-1,,,,,,,
Sid Meier's Civilization VII,,,,0,1,-1,0,,,,,,,0,,-1,
Sid Meier's Civilization VII,,,,,,,,,,,,,,,,,
Sid Meier's Civilization VII,-1,-1,-1,,0,-1,-1,,0,,-1,,,,-1,-1,-1
Sid Meier's Civilization VII,-1,,-1,,,,,,,,,,,-1,,,
Sid Meier's Civilization VII,,,,,,,,,,,,,,,,,
Sid Meier's Civilization VII,,,,,,,,,,,,,,,,,
Sid Meier's Civilization VII,,,,,-1,-1,-1,,,,,,,-1,,,
Sid Meier's Civilization VII,,-1,,-1,-1,-1,-1,-1,-1,-1,-1,-1,,,-1,-1,-1
Sid Meier's Civilization VII,,,,,,,,,,,,,,,,,
Sid Meier's Civilization VII,,,-1,1,1,-1,1,1,,,,1,-1,1,-1,-1,-1
Sid Meier's Civilization VII,,,,,,,,,,,,,,,,,
Sid Meier's Civilization VII,,,,,1,,,,,,,,,,,,
Sid Meier's Civilization VII,,,,,1,,,,-1,,,,,,,,
Sid Meier's Civilization VII,,,,,0,-1,,,,,,,-1,,,,-1
Sid Meier's Civilization VII,,,,,1,-1,,,,,,,,1,,,
Sid Meier's Civilization VII,,,,,,,,,,,,,,,,,
Sid Meier's Civilization VII,-1,,-1,,,,,,,,,,,,,,
Sid Meier's Civilization VII,,,,,,,,,,,,,,,,,
Sid Meier's Civilization VII,,,,,,,,,,,,,,,,,
Sid Meier's Civilization VII,-1,-1,-1,,-1,-1,-1,,-1,-1,-1,,,,,,
Sid Meier's Civilization VII,,,,,,,,,,,,,,,-1,,
Sid Meier's Civilization VII,,,,-1,-1,,,,,,,,,,,,
Sid Meier's Civilization VII,,,,,1,,,,,,,,,,,,-1
Sid Meier's Civilization VII,-1,-1,,-1,-1,-1,-1,-1,-1,-1,-1,-1,,-1,-1,-1,-1
Sid Meier's Civilization VII,,,,,1,,,,,,,,,1,,,
Sid Meier's Civilization VII,,,,,,,,,,,,,,,,,
Sid Meier's Civilization VII,,1,,0,1,,,1,0,,,,,,0,,-1
Sid Meier's Civilization VII,,,,,1,0,1,1,,,,,,0,,,
Sid Meier's Civilization VII,,,,,-1,-1,-1,,,,,,,-1,,-1,
Sid Meier's Civilization VII,,,,,1,,,,,,,,,,,,
Sid Meier's Civilization VII,,,,,,,,,,,,,,,,,
Sid Meier's Civilization VII,,,,,,,,,,,,,,,,,
Sid Meier's Civilization VII,,,,,1,,1,,1,0,,,,1,,,
Sid Meier's Civilization VII,-1,-1,,,1,-1,1,,0,-1,-1,,-1,-1,-1,-1,-1
Sid Meier's Civilization VII,,,,,,-1,,,,,,,,0,,,
Sid Meier's Civilization VII,,,,,,,,,,,,,,-1,,,
Sid Meier's Civilization VII,,,,,,,,,,,,,,,,,
Sid Meier's Civilization VII,,,,,,-1,-1,,,,,,,-1,,,
Sid Meier's Civilization VII,,,,,0,,,,,,,,,,,,
Sid Meier's Civilization VII,,,,,,,,,,,,,,-1,,,
Sid Meier's Civilization VII,-1,,-1,,,,,,,,,,,,,,
Sid Meier's Civilization VII,,,,1,1,,,,,,,,,,,,
Sid Meier's Civilization VII,-1,,-1,,1,,,,,,,,,-1,,,
Sid Meier's Civilization VII,,,,,,-1,,,,,,,,,,,
Sid Meier's Civilization VII,,,,-1,1,,-1,,,,,,,-1,,,
Sid Meier's Civilization VII,,,,,1,,1,,,,,,,,,,
Sid Meier's Civilization VII,,,-1,,,,,,,,,,,,,,
Sid Meier's Civilization VII,,,,,,,,,,,,,,,,,
Sid Meier's Civilization VII,,,,,1,,,,,,,,,,,,
Sid Meier's Civilization VII,,,,,-1,,-1,,,,,,,,,,
Sid Meier's Civilization VII,,,,,,,,,,,,,,,,,
Sid Meier's Civilization VII,-1,,-1,,1,,-1,-1,-1,,,-1,,-1,,,
Sid Meier's Civilization VII,,,,,,-1,0,0,,,,,,,-1,-1,
Sid Meier's Civilization VII,,,,,-1,,-1,,,,,,,,,,
Sid Meier's Civilization VII,,,,,-1,,,,,,,,,,,-1,
Sid Meier's Civilization VII,,,,-1,,,,,,,,,-1,-1,,,
Sid Meier's Civilization VII,,,,,-1,,,,,,,,,,,,
Sid Meier's Civilization VII,,,,,1,,,,,,,,,,,,
Sid Meier's Civilization VII,,,,,1,,,,,,,,,,,,
Sid Meier's Civilization VII,,,,,,,,,,,,,,,,,
Sid Meier's Civilization VII,,,,,1,,,,,,,,,,,,
Sid Meier's Civilization VII,-1,,-1,1,1,-1,0,0,1,-1,,0,-1,0,-1,-1,-1
Sid Meier's Civilization VII,-1,-1,-1,1,1,-1,1,1,1,1,-1,1,,-1,-1,-1,-1
Sid Meier's Civilization VII,,,,1,1,,1,1,,,,1,,,,-1,-1
Sid Meier's Civilization VII,,,,,1,-1,,,,,,,,,-1,,-1
Sid Meier's Civilization VII,-1,,-1,1,1,-1,1,-1,1,1,,-1,-1,-1,-1,-1,-1
Sid Meier's Civilization VII,-1,1,,1,1,-1,1,1,1,,1,,,,0,-1,
Sid Meier's Civilization VII,,,,,,,,,,,,,,,,,
Sid Meier's Civilization VII,,,,,1,,,,,,,,,,,,
Sid Meier's Civilization VII,,1,,,,,,1,,,,,,,,,
Sid Meier's Civilization VII,,,,,1,,,,,,,1,,,,,-1
Sid Meier's Civilization VII,,,,1,1,,,,,,,,,,,-1,-1
Sid Meier's Civilization VII,,,,1,1,,,,,,,,,,,,
Sid Meier's Civilization VII,,,,1,1,-1,,1,,,,1,,,1,-1,-1
Sid Meier's Civilization VII,,,,,1,,1,1,,,,1,,,,,
Sid Meier's Civilization VII,,,,-1,1,,-1,1,0,-1,,-1,,,-1,-1,-1
Sid Meier's Civilization VII,,,,,,,,,,,,,,,,,
Sid Meier's Civilization VII,,,,1,1,,1,1,,,,,,1,,1,
Sid Meier's Civilization VII,,,,1,1,,,,,,,,,,,,1
Sid Meier's Civilization VII,,,,,1,,,,1,1,,,,,,,
Sid Meier's Civilization VII,-1,,-1,,-1,-1,-1,,,,,,-1,-1,,,
Sid Meier's Civilization VII,,,,,,,,,,,,,,,,,
Sid Meier's Civilization VII,,,,,,,,,,,,,,,,,
Sid Meier's Civilization VII,,,,,,-1,,,,,,,,,-1,,
Sid Meier's Civilization VII,,,,,,-1,,,,,,,,,,,
Sid Meier's Civilization VII,,,,,,-1,,,,,,,,,,,
Sid Meier's Civilization VII,,,,,,,,,,,,,,,,,
Sid Meier's Civilization VII,,,,,,-1,,,,,,,,,,,
Sid Meier's Civilization VII,,,,,1,,1,1,,,,,,,,,
Sid Meier's Civilization VII,,,,-1,1,,,,,,,,,,,-1,-1
Sid Meier's Civilization VII,1,,,1,1,1,,1,,,,,,,1,1,-1
Sid Meier's Civilization VII,,,,1,1,,,,,,,,,,,,
Cult of the Lamb,,,,,,-1,0,,,,,,,,,,
Cult of the Lamb,,,,,,,,,,,,,,,,,
Cult of the Lamb,,,,,,,1,1,,,,,,,,,
Cult of the Lamb,,,,1,1,,1,1,,,,,,1,1,1,
Cult of the Lamb,-1,-1,-1,-1,1,,,,-1,,-1,,,,-1,-1,-1
Cult of the Lamb,,,,,1,,,,,,,,,,,,
Cult of the Lamb,,,,1,1,,,1,,,,1,,,,,
Cult of the Lamb,,,,,,,,,,1,,,,,,,
Cult of the Lamb,,,,,1,,,,,1,,,,,,,
Cult of the Lamb,,,,,,,,,,,,,,,,,
Cult of the Lamb,,,,,1,,,,,,,,,,,,-1
Cult of the Lamb,,,,,1,,,,,,,,,,,,
Cult of the Lamb,,,,,,,,,,,,,,,,,
Cult of the Lamb,,,-1,1,1,-1,1,0,,,,0,-1,-1,-1,-1,-1
Cult of the Lamb,,,,,1,,,,1,1,,,,,,,
Cult of the Lamb,,,,-1,-1,-1,-1,-1,-1,-1,,,,-1,-1,-1,-1
Cult of the Lamb,,,,,1,,,,-1,-1,,-1,,,,,
Cult of the Lamb,,,,1,1,,,1,,,,,,,,,-1
Cult of the Lamb,,,,,,,,,,,,,,,,,
Cult of the Lamb,,,,1,1,,,1,,,,,,,1,-1,
Cult of the Lamb,,,,,1,,,,,,,,,,,,
Cult of the Lamb,,,,,1,,1,1,1,1,,1,,,1,,
Cult of the Lamb,,,,,1,-1,1,1,1,1,,,,,-1,,
Cult of the Lamb,,,,,1,,,,1,1,,,,,,,
Cult of the Lamb,,,,,,,,,,,,,,,,,
Cult of the Lamb,,,,1,1,,,,,,,,,,,,
Cult of the Lamb,,,,,1,,,,,,,,,,,,
Cult of the Lamb,,,,,1,,,1,1,1,,1,,,,,
Cult of the Lamb,,,,,1,-1,1,1,0,0,,1,,,-1,,
Cult of the Lamb,-1,,,1,1,,1,-1,1,,,,,,-1,-1,-1
Cult of the Lamb,,,,,1,,,,,,,,,,,,
Cult of the Lamb,,,,,,,,,1,1,,,,,,,
Cult of the Lamb,,,,,,,,,,,,,,,,,
Cult of the Lamb,,,,,,,,,,,,,,,,,
Cult of the Lamb,,,,,,,,,,,,,,,,,
Cult of the Lamb,,,,,,,,,,,,,,,,,
Cult of the Lamb,,,,,,,,,,,,,,,,,
Cult of the Lamb,,,,,1,,,,,,,,,,,,
Cult of the Lamb,,,,1,1,0,,1,,,,,,1,0,1,1
Cult of the Lamb,,,,-1,,,,-1,,,,,,,,,-1
Cult of the Lamb,,,,,,,,,,,,,,,,,
Cult of the Lamb,,,,,1,,,,-1,-1,,,,,,,
Cult of the Lamb,,,,,,,,,,,,,,,,,
Cult of the Lamb,,,,1,1,1,1,,1,1,,,,1,,,
Cult of the Lamb,,,,,1,,,,,,,,,,,,
Cult of the Lamb,,,,,,,,,,1,,,,,,,
Cult of the Lamb,,,,,,,,1,,,,,,,,,
Cult of the Lamb,,,,,,,,,,,,,,,,,
Cult of the Lamb,,,,,1,,,0,-1,-1,,,,,,,-1
Cult of the Lamb,,,,,1,,,,,,,,,,,,
Cult of the Lamb,,,,-1,0,,,,,,,,,,,-1,-1
Cult of the Lamb,,,,,1,,,,,,,,,,,,
Cult of the Lamb,,,,,,-1,,,,,,,,0,,,
Cult of the Lamb,,,,,,,,,0,1,,,,,,,
Cult of the Lamb,,,,,,,,,,,,,,,,,
Cult of the Lamb,,,,,1,,,,,,,,,,,,
Cult of the Lamb,,,,1,1,,,,1,1,,,,,,,
Cult of the Lamb,,,,,1,,,,,,,,,,,,-1
Cult of the Lamb,,,,,,,,,,,,,,,-1,,
Cult of the Lamb,,,,,,-1,,,,,,,,,,,
Cult of the Lamb,,,,1,1,,,,,,,1,,,,,
Cult of the Lamb,,,,,1,,,,,,,,,,,,
Cult of the Lamb,,,,,1,,,,,,,,,,,,
Cult of the Lamb,,,,,,,,,,,,,,,,,
Cult of the Lamb,,,,,1,,,,,,,,,,,,
Cult of the Lamb,,,,,1,,,,,,,,,,,,
Cult of the Lamb,,,,,,,,,,,,,,-1,,,
Cult of the Lamb,,,,0,1,,,,,,,,,,,,-1
Cult of the Lamb,,,,,,,,,,,,,,,,,
Cult of the Lamb,,,,1,1,,,0,,,,,,,,,-1
Cult of the Lamb,,,,,1,,,,,,,,,,,-1,
Cult of the Lamb,,,,,-1,,,,,,,,,-1,,,
Cult of the Lamb,,,,-1,-1,-1,-1,-1,,,,-1,,,-1,-1,-1
Cult of the Lamb,,,,,,,1,1,,,,,,-1,,,
Cult of the Lamb,-1,-1,-1,0,1,-1,-1,0,0,,-1,,,,,-1,-1
Cult of the Lamb,,,,,1,,,1,,,,,,,0,-1,
Cult of the Lamb,,,,,,,,,,,,,,,,,
Cult of the Lamb,1,1,-1,1,1,-1,,1,,,,1,,1,-1,-1,-1
Cult of the Lamb,-1,1,-1,,1,,,1,,,,,,,,,-1
Cult of the Lamb,,,-1,1,1,-1,,-1,,,,,,,-1,-1,-1
Cult of the Lamb,,-1,,1,1,-1,-1,0,,,,,,,-1,-1,-1
Cult of the Lamb,,,,,1,,1,,,,,,,,,,
Cult of the Lamb,,,,,1,,,1,,,,,,,1,,
Cult of the Lamb,,,,,,,,1,,,,,,,,,-1
Cult of the Lamb,,,,,,,,1,1,1,,,,,1,,
Cult of the Lamb,,,,-1,,,1,1,,,,,,-1,,,
Cult of the Lamb,,,,,,-1,1,1,,,,,,1,1,-1,
Cult of the Lamb,,,,,1,,,,,,,,,,,1,
Cult of the Lamb,,,,1,,,,1,,,,,,,1,,1
Cult of the Lamb,,,,,,,,,,,,,,,,,
Cult of the Lamb,,,,,1,,,,,,,,,,,,
Cult of the Lamb,,,,-1,1,,,-1,,,,,,-1,,,
Cult of the Lamb,,,-1,,,-1,,,,,,,,0,,,
Cult of the Lamb,,,,,1,,,,,,,,,,,,
Cult of the Lamb,,,,,1,,,1,,,,,,,,,-1
Cult of the Lamb,,,,0,1,,,,,,,,,,-1,-1,-1
Cult of the Lamb,,,,,1,,,,,,,,,,,,
Cult of the Lamb,,,,,1,,,,,,,,,,,,
Cult of the Lamb,,,,,1,,,,,,,,,,1,1,
Cult of the Lamb,,,,,1,,,,,,,,,,,,
shapez,,-1,,-1,1,,,,-1,,-1,-1,,,-1,-1,-1
shapez,,,,,,,1,1,,,,,,,,,
shapez,,,,1,1,,,,,,,,,,1,1,1
shapez,,-1,,,,,0,,0,,,,,,,,
shapez,,,,,,,,,,,,,,,,,
shapez,,,,,,,,,,,,,,,,,
shapez,,,-1,,,,,,,,,,,,,,
shapez,,,,1,1,,,,,,,,,,,0,
shapez,,,,,,,,,,,,,,,,,
shapez,,,,,1,,,,,,,,,,,,
shapez,,,,0,,,,0,,,,,,,-1,-1,-1
shapez,,,,,1,,,,,,,,,,,,
shapez,,,,,1,,,,,,,,,,1,,
shapez,,,,,,,,,,,,,,,,,
shapez,,,,,,,,,,,,,,,,,
shapez,-1,0,-1,1,1,-1,1,1,,,,,,0,-1,-1,-1
shapez,,,,,1,,,,,,,,,,,,
shapez,,,,1,1,,,,,,,,,,,,-1
shapez,,,,,1,,,,,,,,,,-1,,-1
shapez,,,,,1,,,,,,,,,,,,
shapez,,,,,1,,,,,,,,,,,,
shapez,,,,,1,,1,1,,,,,,,1,1,1
shapez,,,,,,,,0,,,,,,,,,
shapez,,,,,1,,,,,,,,,,,1,
shapez,,,,,1,,,,,,,,,,,,
shapez,,,,1,1,-1,1,1,,,,,,,0,0,-1
shapez,,,,1,1,1,1,1,,,,,,1,1,1,
shapez,,,,,,,,,,,,,,,,,
shapez,,,,,1,,,,,,,,,,-1,-1,-1
shapez,,,,,-1,,,,,,,,,,,,
shapez,,,,,,,,,-1,-1,,,,,,,
shapez,,,,,,,,,,,,,,,,,
shapez,,,,,,,,,,,,,,,,,
shapez,-1,,-1,,1,,-1,-1,,,,,,-1,,,
shapez,,,,-1,,,,,,,,,,,,-1,-1
shapez,-1,-1,-1,1,1,-1,1,1,0,-1,-1,-1,,-1,-1,-1,-1
shapez,,,,-1,1,,,,,,,,,,,,-1
shapez,,,,,1,,,,,,,,,,,,
shapez,,,,,1,,,,,,,,,,,-1,
shapez,-1,1,-1,,1,,,-1,,,,,,,-1,,-1
shapez,,,,,,,,,,,,,,,0,,-1
shapez,,,,1,,,,,,,,,,,,,
shapez,,,,,1,,,,,,,,,,,,-1
shapez,,,,1,,,,,,,,,,,,,1
shapez,,,,,,,,,,,,,,,,,
shapez,,,,,,,,,,,,,,,,,
shapez,,,,,1,,,1,,,,,,,,,1
shapez,,,,,,,,,,,,,,,,,
shapez,,,,,1,,,,,,,,,,,,
shapez,,,,,1,,,,,,,,,,,,-1
shapez,,,,,1,,,,,,,,,,,,
shapez,-1,,-1,,1,,,,,,,,,,,,
shapez,,,,,1,,,,,,,,,,,,
shapez,,,,,1,,1,1,,,,,,,,,
shapez,,,,,,,,,,,,,,,,,
shapez,,,,,1,,,,,,,,,,,,
shapez,,,,,,,,,,,,,,,-1,,-1
shapez,,,,1,1,,,1,,,,,,,,,
shapez,,,,1,1,,,1,,,,,,,,,-1
shapez,,,,,,,,,,,,,,,,,
shapez,,,,,1,,,,,,,,,,,,
shapez,,,,,1,,,,,,,,,,,,
shapez,,,,,,,,,,,,,,,1,,1
shapez,,,,,1,,,,,,,,,,,,
shapez,,,,,1,,,,,,,,,,,,
shapez,,,,,,,,,,,,,,,,,
shapez,,,,,1,,,,,,,,,,,,
shapez,1,1,-1,1,1,,1,,1,,1,,,1,,,
shapez,,,,-1,,,,,,,,,,,,,
shapez,,,,,,-1,,,,,,,,,,,
shapez,,,,,1,,,,,,,,,,,,
shapez,,,,-1,1,,,,,,,,,,,-1,-1
shapez,,,,1,1,,,,,,,,,,,,0
shapez,,1,,1,1,-1,1,1,1,1,1,1,,,0,1,-1
shapez,,,,,1,-1,,,,,,,,,-1,,-1
shapez,,,,1,1,0,1,1,,,,0,,,0,0,-1
shapez,,,,1,1,-1,1,1,,,,1,,1,,,
shapez,,,,,1,,1,1,,,,,,,-1,,-1
shapez,,,,1,1,-1,1,1,,,,1,,,-1,-1,-1
shapez,,,-1,,,,,,,-1,,,-1,-1,,,
shapez,,,,,1,,,,1,1,,,,,,,
shapez,,,,,1,,,1,,,,1,,,,,
shapez,,,,0,0,,,0,,,,,,,,,-1
shapez,1,,,1,1,1,1,1,1,1,1,1,,,1,1,1
shapez,,1,,1,1,0,1,1,1,1,1,1,,,0,0,0
shapez,,,,1,1,,0,1,,,,0,,,,-1,-1
shapez,,,,,1,,,,,,,,,,,,
shapez,,,,,1,,,,,,,,,,,-1,
shapez,,,-1,1,1,-1,1,0,,,,,-1,-1,-1,-1,-1
shapez,,,,,1,,,,,,,,,,,,
shapez,,,,1,1,,-1,,,,,,,,,,
shapez,,,,1,1,,,,,,,,,1,,,
shapez,,,,,1,,,,,,,,,,,,-1
shapez,,,,,1,,,,,,,,,,,,-1
shapez,,,,1,1,,,1,,,,,,,,,
shapez,,,,,1,,,,,,,,,,,,
shapez,,,,,1,,,,,,,,,,,,
shapez,,,,1,1,-1,1,1,,,,1,,1,-1,-1,-1
shapez,,,,,1,,,,,,,,,1,,,
shapez,,,,1,1,,,,,,,,,1,,,
Against the Storm,,,,-1,1,,,-1,,,,,,,,,
Against the Storm,,,,1,1,-1,-1,1,,,,1,,,-1,-1,-1
Against the Storm,,,,,1,,,,,,,,,,,,
Against the Storm,-1,-1,-1,-1,0,-1,-1,-1,-1,,,,,-1,-1,-1,-1
Against the Storm,0,,-1,1,1,,,1,,,,,,1,,,
Against the Storm,-1,,-1,1,1,-1,,1,,,,,,1,-1,-1,-1
Against the Storm,,,,,1,,,,,,,,,,,,
Against the Storm,,,,,1,,,,,,,,,,-1,-1,-1
Against the Storm,,,,,1,,,,,,,,,,,,
Against the Storm,,,,,1,,,,,,,,,,,,
Against the Storm,,,,,1,,,,,,,,,,,,
Against the Storm,,,,,1,,,,,,,,,,,,
Against the Storm,,,,,1,,,,,,,,,,,,
Against the Storm,,,,,1,,,,,,,,,,1,,
Against the Storm,,,,,1,,,,,,,,,,,,
Against the Storm,,,,,1,,,,,,,,,,,,
Against the Storm,,,,,1,,,,,,,,,,,-1,
Against the Storm,,,-1,,1,,,,,,,,,,,,-1
Against the Storm,,,,,,,,,,,,,,,,,
Against the Storm,,,,,1,,,,1,1,,,,,,,
Against the Storm,,,,,0,,,,,,,,,,,,
Against the Storm,,,,1,1,,,,,,,,,,0,-1,
Against the Storm,,,,,1,,,,,,,,,,,,
Against the Storm,,,,,1,-1,,,,,,,,,,,
Against the Storm,,,,,1,,,,,,,,,,,,
Against the Storm,,,,1,1,,,,,,,,,,,,
Against the Storm,,,,,,,,,,,,,,,,,
Against the Storm,,,,,1,,,,,,,,,,,,
Against the Storm,,,,,1,,,,,,,,,,,,
Against the Storm,,,,,1,,,,,,,,,,,,
Against the Storm,,,,,1,,,,,,,,,,,,
Against the Storm,,,,,1,,,,,,,,,,1,,
Against the Storm,,,,,,,,,,,,,,,,,
Against the Storm,,,,,1,,,,,,,,,,,,
Against the Storm,,,,,1,,,,,,,,,,,,
Against the Storm,,,,,1,,,,,,,,,,,,
Against the Storm,,,,,1,,,,,,,,,,,,
Against the Storm,,,,,1,,,,,,,,,,,-1,
Against the Storm,,,,,1,,,,,,,,,,,,
Against the Storm,,,,,1,,,,,,,,,,,,
Against the Storm,,,,1,1,,,1,,,,1,,,,,-1
Against the Storm,,,,,,,,,,,,,,,,,
Against the Storm,,,,0,1,,,-1,0,,,-1,,,-1,-1,-1
Against the Storm,,,,,1,,,,0,0,,,,,,-1,
Against the Storm,,,,,,,,,,,,,,,,,
Against the Storm,,,,1,1,,,,,,,,,,,-1,
Against the Storm,,,,,1,,,,,,,,,,,,
Against the Storm,,,,,1,,1,1,,,,1,,,,,
Against the Storm,,,,,,,,,,,,,,-1,,,
Against the Storm,,,,,1,,,,,,,,,,,,
Against the Storm,,,,,,,,,,,,,,,,,
Against the Storm,,,,,,,,,,,,,,-1,,,
Against the Storm,,,,,1,,,,,,,,,,,,
Against the Storm,,,,1,1,,,,,,,,,,,-1,
Against the Storm,,,,,1,,,,,,,,,,,,
Against the Storm,,,,,1,,,,,,,,,,,,
Against the Storm,,,,,,,,,,,,,,,,,
Against the Storm,,,,,1,,,,,,,,,,,,
Against the Storm,,,,1,1,0,1,1,,,,,,,0,-1,
Against the Storm,,,,,,,,,,,,,,,,,
Against the Storm,,,,,1,,,,,,,,,,,-1,
Against the Storm,,-1,,-1,1,,,,0,,-1,,,,,-1,
Against the Storm,,,,,,,,,,,,,,,,,
Against the Storm,,,,,,,,,,,,,,,,,
Against the Storm,,,,,1,,,,,,,,,,,,
Against the Storm,,,,,1,,,,,,,,,,,,
Against the Storm,,,,,1,,,,,,,,,,,,
Against the Storm,,,,,1,,,,,,,,,,,,
Against the Storm,,,,,1,,,,,,,,,,,,
Against the Storm,0,1,0,1,1,0,1,1,0,0,1,0,0,0,0,0,0
Against the Storm,,,,,1,,,,,,,,,,,,
Against the Storm,,,,,0,,,,,,,-1,,,,,
Against the Storm,,-1,,-1,0,-1,-1,-1,-1,-1,-1,-1,-1,-1,-1,-1,-1
Against the Storm,-1,,,-1,1,-1,1,-1,0,-1,,,,-1,-1,-1,
Against the Storm,,,-1,1,1,-1,1,-1,,,,-1,-1,-1,-1,-1,-1
Against the Storm,-1,-1,-1,1,0,-1,-1,-1,0,-1,,,,-1,,,
Against the Storm,,,,,,,,,,,,,,-1,,,
Against the Storm,,,,,1,,,,,,,,,,,,
Against the Storm,,,,,,-1,,,,,,,,,-1,,-1
Against the Storm,,,,,1,,1,,,,,0,,,,,
Against the Storm,,,,,,,,,,,,,,,-1,,
Against the Storm,-1,,-1,,-1,-1,-1,-1,,,,-1,,-1,,-1,-1
Against the Storm,,,,,,,,,,,,,,,,,
Against the Storm,,,,,-1,,-1,,,,,,,-1,,,
Against the Storm,,,,,0,,-1,-1,-1,-1,,,,,,,
Against the Storm,,,,,1,,,,,,,,,,,,
Against the Storm,,,,,0,,-1,-1,-1,-1,-1,-1,,,,,
Against the Storm,0,0,0,1,1,-1,0,1,0,-1,0,-1,-1,0,0,-1,0
Against the Storm,-1,-1,-1,,,-1,-1,-1,,,,,,-1,,,
Against the Storm,,,,-1,0,,,-1,,,,-1,,-1,-1,-1,-1
Against the Storm,,,,,0,-1,-1,,,,,,,-1,,,
Against the Storm,-1,-1,-1,-1,1,-1,-1,-1,-1,-1,-1,-1,,-1,-1,-1,-1
Against the Storm,,,,,,,,,,,,,,,,,
Against the Storm,,,,,,,,,,,,,,,,,
Against the Storm,,,,1,1,-1,1,1,0,0,1,1,,0,0,-1,-1
Against the Storm,,,,,,,,,,,,,,,,,
Against the Storm,,,,1,1,-1,1,1,1,1,,1,,,-1,-1,-1
Against the Storm,-1,-1,-1,,,,,,,,-1,,,,,,
Against the Storm,,,,0,1,,,-1,,,,,,,,-1,-1
Against the Storm,,,,,1,,,,,,,,,,,,
DYNASTY WARRIORS 9 Empires,,,,1,1,,1,1,,,,,,,,,
DYNASTY WARRIORS 9 Empires,,,,1,1,0,1,1,,,,,,,0,-1,
DYNASTY WARRIORS 9 Empires,,,,,,,,,,,,,,,,,
DYNASTY WARRIORS 9 Empires,-1,0,-1,0,1,,-1,-1,0,,-1,,,,,-1,
DYNASTY WARRIORS 9 Empires,,,,-1,-1,,-1,-1,,,,,,-1,-1,-1,-1
DYNASTY WARRIORS 9 Empires,,,,,1,,,,,,,,,,,,
DYNASTY WARRIORS 9 Empires,,,,,1,,,,,,,,,,,,
DYNASTY WARRIORS 9 Empires,,,,,,,,,,,,,,,,,
DYNASTY WARRIORS 9 Empires,,,,,,-1,,,,,,,,,,,
DYNASTY WARRIORS 9 Empires,,-1,,,0,-1,-1,,-1,-1,-1,,,,,,
DYNASTY WARRIORS 9 Empires,,,,,,,,,,,,,,,,,
DYNASTY WARRIORS 9 Empires,,,,,,,,,,,,,,,,,
DYNASTY WARRIORS 9 Empires,-1,-1,-1,,,,,,,,,,,,,,
DYNASTY WARRIORS 9 Empires,,,,,1,,,,,,,,,,,,
DYNASTY WARRIORS 9 Empires,,,,,,,,,,,,,,,,,
DYNASTY WARRIORS 9 Empires,,,,,1,,,,,,,,,,,,
DYNASTY WARRIORS 9 Empires,,,,,1,,1,1,,,,,,,1,1,
DYNASTY WARRIORS 9 Empires,-1,,,,1,-1,-1,,0,-1,,,,-1,-1,-1,
DYNASTY WARRIORS 9 Empires,-1,1,-1,1,1,-1,1,1,,,,,,0,,-1,
DYNASTY WARRIORS 9 Empires,,,,,1,,,,,,,,,,,,
DYNASTY WARRIORS 9 Empires,,,,,1,,,,,,,,,,,,
DYNASTY WARRIORS 9 Empires,,,,,1,,,,,,,,,,,,
DYNASTY WARRIORS 9 Empires,,,,,1,,,,,,,,,,,,
DYNASTY WARRIORS 9 Empires,0,1,-1,1,,,1,1,0,0,1,0,,0,,,
DYNASTY WARRIORS 9 Empires,-1,-1,-1,,-1,-1,,,-1,,-1,,,,,,
DYNASTY WARRIORS 9 Empires,,,,,,,,,,,,,,,-1,-1,-1
DYNASTY WARRIORS 9 Empires,,,,,1,,1,,,,,,,,,,
DYNASTY WARRIORS 9 Empires,,,,1,1,-1,1,1,,,,0,-1,0,,-1,-1
DYNASTY WARRIORS 9 Empires,,,,,1,,,,,,,,,,,,
DYNASTY WARRIORS 9 Empires,,,,,1,-1,,,,,,,-1,,,,-1
DYNASTY WARRIORS 9 Empires,,,,,1,-1,-1,-1,-1,-1,,-1,,,,,-1
DYNASTY WARRIORS 9 Empires,,,,,0,,-1,,,,,,,-1,,-1,
DYNASTY WARRIORS 9 Empires,,,,,1,,1,,,,,,,,,,
DYNASTY WARRIORS 9 Empires,,,,,1,,,,,,,,,,,,
DYNASTY WARRIORS 9 Empires,-1,1,,,,-1,,,-1,,-1,,,,-1,,
DYNASTY WARRIORS 9 Empires,,,,,1,,,,,,,,,,,,
DYNASTY WARRIORS 9 Empires,,,,,-1,,,,,,,,,,,,
DYNASTY WARRIORS 9 Empires,,,,,1,,1,1,0,,,,,,,,
DYNASTY WARRIORS 9 Empires,,,,-1,-1,,-1,-1,0,-1,-1,-1,-1,,,,
DYNASTY WARRIORS 9 Empires,,,,,-1,,,,,,,,,,,,
DYNASTY WARRIORS 9 Empires,,,,,,,,,,,,,,,,,
DYNASTY WARRIORS 9 Empires,,,,,1,,,,,,,,,,,,
DYNASTY WARRIORS 9 Empires,,,,,1,,,,,,,,,,,,
DYNASTY WARRIORS 9 Empires,,,,,1,,1,,,,,,,,,,
DYNASTY WARRIORS 9 Empires,,,,,1,,,,,,,,,,,,
DYNASTY WARRIORS 9 Empires,,,,,1,,1,,,,,,,,,-1,
DYNASTY WARRIORS 9 Empires,-1,-1,-1,,-1,-1,-1,,-1,-1,-1,,-1,-1,,-1,
DYNASTY WARRIORS 9 Empires,,,,-1,,,,,,,,,,,,,
DYNASTY WARRIORS 9 Empires,,,,,,,,,,,,,,-1,,,
DYNASTY WARRIORS 9 Empires,,,,,1,,,,,,,,,,,,
DYNASTY WARRIORS 9 Empires,,,,,,,,,,,,,,,,,
DYNASTY WARRIORS 9 Empires,,,,,,,,,,,,,,,,,
DYNASTY WARRIORS 9 Empires,,,,,1,,,,,,,,,,-1,,
DYNASTY WARRIORS 9 Empires,,,,-1,1,-1,1,-1,-1,-1,,-1,-1,-1,,,
DYNASTY WARRIORS 9 Empires,,,,,1,,,,,,,,,,,,
DYNASTY WARRIORS 9 Empires,,,,,,,1,,,,,,,,,,
DYNASTY WARRIORS 9 Empires,,,,,1,,,,,,,,,,,,
DYNASTY WARRIORS 9 Empires,,,,,1,,,,,,,,,,,,
DYNASTY WARRIORS 9 Empires,-1,-1,,,1,,,,-1,,,,,,-1,,
DYNASTY WARRIORS 9 Empires,,,,-1,1,-1,1,-1,,,,,,-1,-1,-1,
DYNASTY WARRIORS 9 Empires,,,,,-1,,,,,,,,,,,,
DYNASTY WARRIORS 9 Empires,,,,-1,-1,-1,-1,-1,,,,-1,,-1,,-1,-1
DYNASTY WARRIORS 9 Empires,,,,,,,,,,,,,,,,,
DYNASTY WARRIORS 9 Empires,,,,,1,-1,,1,,,,,,,,,-1
DYNASTY WARRIORS 9 Empires,,,-1,-1,-1,-1,,,,,,,,-1,,,
DYNASTY WARRIORS 9 Empires,,,,,1,-1,,,,,,,,,-1,,
DYNASTY WARRIORS 9 Empires,,,,,1,,,1,,,,,,,0,0,
DYNASTY WARRIORS 9 Empires,,,,,-1,-1,,,,,,,,,,,
DYNASTY WARRIORS 9 Empires,,,,,,,,,,,,,,,,,
DYNASTY WARRIORS 9 Empires,,,,1,1,,1,1,,,,0,,,,,-1
DYNASTY WARRIORS 9 Empires,,,,,,,,,,,,,,,,,
DYNASTY WARRIORS 9 Empires,,,-1,1,1,-1,1,1,,,,,,-1,-1,-1,-1
DYNASTY WARRIORS 9 Empires,,,,,1,-1,,,-1,-1,,,,-1,,,
DYNASTY WARRIORS 9 Empires,,,,,1,-1,1,1,0,-1,,,,1,,,
DYNASTY WARRIORS 9 Empires,,,,,1,,,0,,,,,,,,,-1
DYNASTY WARRIORS 9 Empires,,,,,,-1,,,,,,,,-1,,,
DYNASTY WARRIORS 9 Empires,,,,,,-1,,,,,,,,-1,,,
DYNASTY WARRIORS 9 Empires,,,,,,,,,,,,,,,,,
DYNASTY WARRIORS 9 Empires,,,,,,,,,,,,,,-1,,,
DYNASTY WARRIORS 9 Empires,-1,,-1,-1,1,-1,1,-1,-1,-1,-1,-1,-1,-1,-1,-1,-1
DYNASTY WARRIORS 9 Empires,,,,,0,,,,,,,,,,,,
DYNASTY WARRIORS 9 Empires,,,,,,,,,,,,,,-1,,,
DYNASTY WARRIORS 9 Empires,,,,,0,-1,,,,,,,,,,,
DYNASTY WARRIORS 9 Empires,,,,-1,1,,,,,,,,,,,-1,
DYNASTY WARRIORS 9 Empires,,,,,,,,,,,,,,,,,
DYNASTY WARRIORS 9 Empires,,,,,,,,,,,,,,,,,
DYNASTY WARRIORS 9 Empires,-1,-1,,,,,,,,,,,,,,,
DYNASTY WARRIORS 9 Empires,,,,,-1,-1,-1,-1,,,,,,-1,-1,-1,-1
DYNASTY WARRIORS 9 Empires,,,,,1,,,,,,,,,,-1,-1,-1
DYNASTY WARRIORS 9 Empires,,,,,0,,,,,,,,,,,,
DYNASTY WARRIORS 9 Empires,,,-1,,,-1,,,,,,,,,-1,,-1
DYNASTY WARRIORS 9 Empires,,,,1,1,-1,1,0,1,-1,,,,-1,-1,-1,-1
DYNASTY WARRIORS 9 Empires,,,,,,,,,,,,,,,,,
DYNASTY WARRIORS 9 Empires,,,,,1,-1,,,,,,,,,,-1,
DYNASTY WARRIORS 9 Empires,,,,,1,-1,,,,,,,,,,,
DYNASTY WARRIORS 9 Empires,,,,,,-1,,,,,,,-1,-1,,,
DYNASTY WARRIORS 9 Empires,,,,,1,,,,,,,,,,,,
DYNASTY WARRIORS 9 Empires,,,,,,,,,,,,,,,,,
DYNASTY WARRIORS 9 Empires,,1,,,,,,,1,,1,,,,,,
DYNASTY WARRIORS 9 Empires,,,,1,1,,,,,,,,,1,,-1,
SMASH LEGENDS,,,,,,-1,,,,,,,,,-1,,
SMASH LEGENDS,,,,,,-1,,,,,,,,,-1,,
SMASH LEGENDS,,,,-1,0,,,,,,,,,,,,-1
SMASH LEGENDS,,,,-1,1,,,,,,,,,,,,-1
SMASH LEGENDS,,,,-1,1,-1,,-1,,,,,,-1,-1,-1,-1
SMASH LEGENDS,,,,,,-1,,,,,,,,,,,
SMASH LEGENDS,-1,1,,,1,,1,1,,,,,,,,,
SMASH LEGENDS,,,,,,-1,,,,,,,,,-1,,
SMASH LEGENDS,,,,,,-1,,,,,,,,,,,
SMASH LEGENDS,,,,,,,,,,,,,,,,,
SMASH LEGENDS,,,,1,1,-1,1,1,1,-1,,,,1,-1,-1,-1
SMASH LEGENDS,,,,,,,,,,,,,,,,,
SMASH LEGENDS,,,,,1,,,,,,,,,,,,-1
SMASH LEGENDS,,,,,,,,,,,,,,,,,
SMASH LEGENDS,,,,,,,,,,,,,,,,,
SMASH LEGENDS,,,,,,-1,,,,,,,,-1,,,
SMASH LEGENDS,,,,,,,,,,,,,,,,,
SMASH LEGENDS,-1,,-1,,1,,,,,,,,,,,,
SMASH LEGENDS,,,,,,,,,,,,,,,,,
SMASH LEGENDS,,,-1,,1,,,,,,,,-1,,,,
SMASH LEGENDS,,,,,1,,,,,,,,,,,,
SMASH LEGENDS,,,,,,,,,,,,,,,,,
SMASH LEGENDS,-1,,-1,-1,1,-1,1,-1,,,,,-1,-1,-1,-1,
SMASH LEGENDS,,,,,,-1,,,,,,,,,,,
SMASH LEGENDS,,,,,-1,-1,,,,,,,,-1,,,
SMASH LEGENDS,,,,0,1,,,,,,,,,,,,
SMASH LEGENDS,,,,,1,,,,,,,,-1,0,,-1,
SMASH LEGENDS,,,,,1,,,,,,,,,,,,
SMASH LEGENDS,,,,,-1,,,,,,,,,,,,
SMASH LEGENDS,,,,,,-1,,,,,,,,-1,,,
SMASH LEGENDS,,,,,-1,-1,,,,,,,,-1,,-1,
SMASH LEGENDS,,,,,,,,,,,,,,,,,
SMASH LEGENDS,,,,,,,,,,,,,,,,,
SMASH LEGENDS,,,,,,-1,,,,,,,,-1,,,
SMASH LEGENDS,,,,,,,,,,,,,,,,,
SMASH LEGENDS,-1,,-1,,-1,-1,,,,,,,-1,-1,,-1,-1
SMASH LEGENDS,,,,,,,,,,,,,,-1,,,
SMASH LEGENDS,,,,,,,,,,,,,,-1,,,
SMASH LEGENDS,,,,,,-1,,,,,,,,,,,
SMASH LEGENDS,,,,,-1,-1,,,,,,,,,,,
SMASH LEGENDS,,,,,1,,,,,,,,,,,,
SMASH LEGENDS,,,,,1,-1,1,,,1,,,-1,-1,,,
SMASH LEGENDS,,,,,,,,,,,,,,,,,
SMASH LEGENDS,,,,,,,,,,,,,,,,,
SMASH LEGENDS,,,,,,-1,,,,,,,,,,,
SMASH LEGENDS,1,1,,,1,,,,1,,,,,,,,
SMASH LEGENDS,,,,,,,,,,,,,,,,,
SMASH LEGENDS,,,,,1,-1,,,,,,,,,,,
SMASH LEGENDS,,,,,1,,,,,,,,,,,,
SMASH LEGENDS,,,,,,-1,,,,,,,-1,-1,,,
SMASH LEGENDS,,,,,1,,,,,,,,,,,,
SMASH LEGENDS,,,,,,,,,,,,,,,,,
SMASH LEGENDS,,,,,,-1,,,,,,,,,,,
SMASH LEGENDS,,,,,1,,,,,,,,,,,,
SMASH LEGENDS,,,,,1,,,,,,,,,,,,
SMASH LEGENDS,,,,,,,,,,,,,,,-1,,
SMASH LEGENDS,,,,,,,,,,,,,,,,,
SMASH LEGENDS,,,,,1,,,,,,,,,,,,
SMASH LEGENDS,1,1,,1,1,,,1,1,1,1,,,,1,1,1
SMASH LEGENDS,,,,,1,,,,,,,,,,,,
SMASH LEGENDS,,,,,1,-1,,,,,,,,,,,-1
SMASH LEGENDS,,1,,,,,,,1,,1,,,,,,
SMASH LEGENDS,,,,-1,1,-1,,-1,,,,,,-1,-1,-1,
SMASH LEGENDS,,,,,1,,,,,,,,,,,,-1
SMASH LEGENDS,,,,,,,,,,,,,,,,,
SMASH LEGENDS,,,,,,-1,,,,,,,,,,,
SMASH LEGENDS,,,,,,-1,,,,,,,,,,,
SMASH LEGENDS,,,,,-1,-1,,0,,,,,,,-1,-1,-1
SMASH LEGENDS,,,,,1,,,,,,,,,,0,,-1
SMASH LEGENDS,,,,,-1,,,,,,,,,,,,
SMASH LEGENDS,,,,,1,,,,,,,-1,,,,,
SMASH LEGENDS,,,,,1,-1,,,,,,,,,-1,-1,-1
SMASH LEGENDS,,,,-1,1,,,,,,,,,,,-1,
SMASH LEGENDS,,,,,1,,,,,,,,,,,,
SMASH LEGENDS,,,,,1,,,,,,,,,,,-1,
SMASH LEGENDS,,,,,,,,,,,,,,,,,
SMASH LEGENDS,,,,,1,,,,,,,,,,,,0
SMASH LEGENDS,,,,,,,,,,1,,,,,,,
SMASH LEGENDS,,,,,,-1,,,,,,,,-1,,,
SMASH LEGENDS,,,,,,,,,,,,,,-1,,,
SMASH LEGENDS,,,,,1,-1,,,,,,,,0,,,
SMASH LEGENDS,,,,,1,,,,,,,,,,-1,-1,
SMASH LEGENDS,,,,,1,-1,-1,-1,-1,,,,,,,-1,
SMASH LEGENDS,,,,,1,,,,,,,,,,,-1,
SMASH LEGENDS,-1,-1,,-1,1,,,,,,,,,,,-1,-1
SMASH LEGENDS,,,,,,,,,,,,,,,,-1,
SMASH LEGENDS,,-1,,,,,,,1,,1,,,,,,
SMASH LEGENDS,,,,,,,,,,,,,,,,,
SMASH LEGENDS,,,,,1,,,,,,,,,,,-1,
SMASH LEGENDS,,,,,1,,,,,,,,,,,,
SMASH LEGENDS,-1,-1,-1,,1,,,,-1,,,,,,,,
SMASH LEGENDS,,,,,,,,,,,,,,,,-1,
SMASH LEGENDS,,,,1,1,,,,,,,,,,-1,-1,-1
SMASH LEGENDS,,,,,,,,,,,,,,,,-1,
SMASH LEGENDS,,,,,1,,,,,,,,,,,,-1
SMASH LEGENDS,,,,,1,,,,,,,,,,,,
SMASH LEGENDS,,,,,,,,,,,,,,,,,
SMASH LEGENDS,,,-1,,1,,,,,,,,,,,,
SMASH LEGENDS,,,,,0,,,,,,,,,,,,
SMASH LEGENDS,,,,,1,,,,,,,,,,,,-1
In Silence,,,,,1,,,,,,,,,,,,
In Silence,,,,,1,,,,,,,,,,,,
In Silence,,,,,,,,,,,,,,,,,
In Silence,,,,,1,-1,,,,,,,,-1,,,
In Silence,-1,,-1,-1,,,-1,-1,,,,,-1,-1,,-1,
In Silence,,,,,1,,,,,,,,,,,,
In Silence,,,,,1,,,,,,,,,,,,
In Silence,,,,,1,,,,,,,,,,,-1,
In Silence,,,,,-1,,,,,,,,,-1,,,
In Silence,,,,,,,,,,,,,,,,,
In Silence,,,,,1,,,,,,,,,,,,
In Silence,,,,,,,,,,,,,,,,,
In Silence,,,,,,,,,,,,,,,,,
In Silence,,,,,1,,,,,,,,,,,,
In Silence,,,,,,,,,,,,,,,,,
In Silence,-1,,-1,,,,,,,,,,,,,,
In Silence,,,,,1,,,,,,,,,,,,
In Silence,-1,-1,,,,,,,,,,,,,,,
In Silence,,,,,,,,,,,,,,,,,
In Silence,,,,,1,,,,,,,,,,,,
In Silence,,,-1,,,,,,,,,,,,,,
In Silence,,,,,1,,,,,,,,,,,,-1
In Silence,-1,,-1,,,,,,,,,,,,,,
In Silence,,,,,,-1,,,,,,,,,,,-1
In Silence,,,,,0,-1,-1,0,,,,,,-1,-1,,
In Silence,-1,,-1,,1,,,,,,,,,-1,,,
In Silence,-1,1,,-1,1,,1,,0,-1,,,,-1,,,
In Silence,,,,,1,,,,,,,,,,,,
In Silence,,,,,1,,,,,,,,,,,,
In Silence,,,,,1,,,,,,,,,,,,
In Silence,,,,,,,,,,,,,,,,-1,
In Silence,,,,,,,,,,,,,,,,-1,
In Silence,-1,,-1,,,,,,,,,,,,,,
In Silence,,-1,,,-1,,,,-1,,-1,,,,,,
In Silence,,,,,,,,,,,,,,,,,
In Silence,,,,,1,-1,1,,,,,,,-1,-1,-1,
In Silence,,,,,1,,,,,,,,,,,-1,
In Silence,,,,,,,,,,,,,,,,,
In Silence,,,,,1,,,,,,,,,,,,
In Silence,,,,,1,,,,,,,,,,-1,-1,-1
In Silence,,,,,1,-1,,,,,,,,,,-1,
In Silence,,,,,,,,,,,,,,,,,
In Silence,,,,-1,,,,,,,,,,,,,
In Silence,,,,,,,,,,,,,,-1,,,
In Silence,,,,,1,,,,,,,,,,,,
In Silence,,,,,1,,,,,,,,,,,,
In Silence,,,,,,,,,,,,,,,,-1,
In Silence,,,,,1,,,,,,,,,,-1,,
In Silence,,,,,,,,,1,1,,,-1,-1,,-1,
In Silence,,,,,,,,,,,,,,,,,
In Silence,,,,,1,-1,,,,,,,,,-1,,
In Silence,-1,-1,-1,-1,-1,-1,-1,,-1,-1,-1,-1,-1,,-1,-1,-1
In Silence,,,,-1,1,,,,,,,,,,,-1,
In Silence,,,,,,,,,,,,,,,,,
In Silence,,,,,1,,,,,,,,,,,,
In Silence,,,,,1,,,,,,,,,-1,,,
In Silence,-1,-1,-1,,,,,,-1,,-1,,,,,,
In Silence,,,,,1,,,,,,,,,,,,
In Silence,,,,,,,-1,,,-1,,,,-1,,,
In Silence,,,,,,,,,,,,,,,,,
In Silence,,,,,,,,,,,,,,,,,
In Silence,,,,,,-1,,,,,,,,-1,,,
In Silence,,-1,,0,0,,,,0,,-1,1,,,,-1,-1
In Silence,,,,,,,,,,,,,,,,,
In Silence,,,,0,1,,,,,,,,,,,,
In Silence,,,,,1,,,,,,,,,,,,
In Silence,,,,,1,-1,,,,,,,,,,-1,
In Silence,-1,,-1,,,,,,,,,,,,,,
In Silence,,,,,0,,,,,,,,,,,,
In Silence,-1,,-1,,-1,,-1,,-1,-1,,,,-1,,,
In Silence,,,,,-1,,,,,,,,,-1,,,
In Silence,,,,,1,,,,,,,,,-1,,,
In Silence,-1,,-1,,1,-1,,,,,,,-1,-1,,,
In Silence,-1,-1,-1,-1,0,-1,,-1,,,,,,-1,,-1,
In Silence,-1,,-1,,,-1,-1,,,,,,-1,-1,,,
In Silence,-1,,-1,-1,-1,-1,,1,,,,,-1,-1,-1,-1,-1
In Silence,,,,1,1,,,,,,,,,-1,,,
In Silence,,,,,,,,,,,,,,-1,,,
In Silence,,,,,1,,,,,,,,,,,,
In Silence,,,-1,,,,,,,,,,,,,,
In Silence,,,,,,,,,,,,,,-1,,,
In Silence,,,-1,1,0,-1,0,0,,,,,,-1,,-1,
In Silence,,,-1,,1,,,,,,,,,1,,,
In Silence,-1,,-1,,1,,-1,-1,1,,,-1,,-1,,,
In Silence,0,,0,,1,,,,,,,,,1,,,
In Silence,,,,,,,,,,,,,,,,,
In Silence,,1,,1,1,-1,1,1,1,1,1,1,,,0,-1,-1
In Silence,,,,,1,,,,,,,,,,,,-1
In Silence,,,,,,-1,,,,,,,,-1,,,
In Silence,-1,,-1,,,,0,,,,,,,-1,,,
In Silence,1,,0,,,,,,,,,,,1,,,
In Silence,,,,0,0,,0,0,,,,,,-1,,,
In Silence,,,,,,-1,,,,,,,,,,,
In Silence,-1,,0,0,1,,,,,,,,,0,,-1,
In Silence,-1,,-1,1,-1,,-1,-1,,,,-1,,-1,,,
In Silence,,,,,-1,,,,-1,-1,,,,,,,
In Silence,,,,,1,,,,,,,,,,,,
In Silence,,,,,,,,,,,,,,-1,,,
In Silence,,,-1,-1,,-1,,-1,,,,,,-1,,-1,-1
In Silence,-1,,-1,,-1,,,,,,,,,-1,,,
Manor Lords,,,,,1,,,,,,,,,,,-1,
Manor Lords,,,,-1,-1,,,,,,,,,-1,,,
Manor Lords,,,,,1,,-1,,,,,,,-1,,,
Manor Lords,,,,,,,-1,,,,,,,,,,
Manor Lords,,,,,,,,,,,,,,,,,
Manor Lords,,,,,1,,,,,,,,,,,,
Manor Lords,,,,,,,,,,,,,,,,,
Manor Lords,,,,,1,,1,,,,,,,0,,,
Manor Lords,,,,,,,,,,,,,,,,,
Manor Lords,-1,,-1,,1,,,,,,,,,-1,,,
Manor Lords,,,,,1,,,,,,,,,,,,
Manor Lords,,,-1,,,,,,,,,,-1,,,,
Manor Lords,-1,-1,-1,,1,-1,-1,-1,,,,,,-1,-1,-1,-1
Manor Lords,,,,,,,,,,,,,,-1,,,
Manor Lords,,1,,1,1,-1,-1,,1,1,1,1,1,1,,,
Manor Lords,,,,-1,1,,,,,,,,,,,,
Manor Lords,-1,,-1,,-1,-1,-1,-1,,,,,,-1,,,
Manor Lords,,,,,,,,,,,,,,-1,,,
Manor Lords,-1,1,-1,1,0,-1,,0,,,,,-1,-1,,-1,-1
Manor Lords,-1,,,,,,,,,,,,,,,,
Manor Lords,,,,,,,,,,,,,,-1,,,
Manor Lords,,,,,1,,,,,,,,,-1,,,
Manor Lords,,,,,1,,,,,,,,,,,,
Manor Lords,-1,,-1,,1,,,,,,,,,-1,,,
Manor Lords,,,,1,1,-1,1,1,1,1,1,1,,,-1,-1,-1
Manor Lords,,,-1,,,,,,,,,,,-1,,,
Manor Lords,-1,-1,-1,,,-1,,,,,,,,,,-1,
Manor Lords,-1,1,-1,1,1,-1,,1,1,1,1,1,-1,-1,,,-1
Manor Lords,,,,,1,,-1,,,,,,,-1,,,
Manor Lords,,,,,,-1,,,,,,,,1,,,
Manor Lords,,,,,,,,,,,,,,,,,
Manor Lords,1,1,-1,1,1,0,1,1,1,1,1,1,-1,1,,,
Manor Lords,,,,,1,,0,1,,,,,,0,,,
Manor Lords,,,,,1,,1,,1,,,,,,,,
Manor Lords,-1,1,-1,,1,-1,,,,,,,,,,-1,
Manor Lords,,,,,,,,,,,,,,,,-1,
Manor Lords,,,,0,,,0,0,0,0,,0,,0,-1,,
Manor Lords,,,,,1,,,,,,,,,1,,-1,
Manor Lords,,,,,,,,,,,,,,,,,
Manor Lords,,,,-1,,,,,,,,,,,,,
Manor Lords,,,,,,,,,,,,,,-1,,,
Manor Lords,,,-1,,,,,,,,,,,-1,,,
Manor Lords,,,-1,,,,,,,,,,,-1,,,
Manor Lords,,,,,1,-1,,,,,,,,-1,-1,-1,
Manor Lords,,,,0,1,,,,,,,,,,0,-1,0
Manor Lords,,,,1,1,,,,,,,,,,,-1,-1
Manor Lords,,,,,1,,,,,,,,,,,-1,
Manor Lords,,,,,,,,,,,,,,-1,,,
Manor Lords,,,,1,1,-1,-1,1,,,,,,-1,,,
Manor Lords,,,,,1,,,,,,,,,,-1,,-1
Manor Lords,-1,,-1,,1,,,,,,,,,,,,
Manor Lords,-1,1,,,,,,,1,,,,,,,,
Manor Lords,,,,,,,,1,,,,,,,,,
Manor Lords,,,,,1,,,,,,,,,-1,,,
Manor Lords,,,,,,,,,,,,,,,,,
Manor Lords,1,,-1,1,1,-1,1,1,1,1,1,1,,0,-1,,-1
Manor Lords,,,,-1,0,,,,,,,,,,,-1,
Manor Lords,,,,,1,,,,,,,,,-1,,,
Manor Lords,,,,,1,,,,,,,,,,,,
Manor Lords,,,-1,,,,,,,,,,,,,,
Manor Lords,,,,,,,,,,,,,,-1,,,
Manor Lords,,,,,,-1,,,,,,,,-1,,,
Manor Lords,-1,,,,1,,,,,,,,,,-1,-1,
Manor Lords,,,,-1,1,-1,-1,-1,,,,,,-1,,,
Manor Lords,,,,,1,-1,1,,,1,,,-1,-1,,,
Manor Lords,-1,,,,,,,,,,,,,,,,
Manor Lords,,,,,1,,1,1,,1,,,,,,,
Manor Lords,,,,-1,1,,,,,,,,,,,,
Manor Lords,,,,,,,,,,,,,,,-1,-1,
Manor Lords,-1,-1,-1,-1,1,-1,-1,-1,-1,-1,-1,-1,,,-1,-1,-1
Manor Lords,,,,,1,,-1,1,,,,,,,,,
Manor Lords,,,,,1,,,,,,,,,,-1,,
Manor Lords,,,,,,,,,,,,,,-1,,,
Manor Lords,,1,,,,-1,1,1,,,,,,,-1,-1,-1
Manor Lords,,,,,,,,,,,,,,-1,,,
Manor Lords,,,,,,,,,,,,,,,,,
Manor Lords,-1,,-1,1,1,-1,1,0,,,,,,0,,-1,
Manor Lords,,,,,1,,,,,,,,,-1,,,
Manor Lords,,,,1,1,,,1,,,,,,1,-1,-1,-1
Manor Lords,,,,1,1,,,,,,,,,-1,,,
Manor Lords,,,,,1,,,,,,,,,,,,
Manor Lords,,,-1,1,1,-1,1,1,1,1,1,1,,1,,-1,-1
Manor Lords,,,,-1,1,-1,,-1,,,,,,-1,,-1,-1
Manor Lords,,,,,1,,,,,,,,,,,,
Manor Lords,,,,,,,1,1,,,,,,1,,,
Manor Lords,,,-1,,1,,,,,,,,,-1,,,
Manor Lords,1,1,,1,1,,1,,1,1,,,,1,,,
Manor Lords,,,,,1,,,,,,,,,0,,,
Manor Lords,0,1,-1,1,1,-1,1,1,,1,1,,-1,0,-1,-1,-1
Manor Lords,,,,,,,,,,,,,,-1,,,
Manor Lords,,,,0,,,,,,,,,,,,,
Manor Lords,,,,,,,,,,,,,,,-1,-1,
Manor Lords,-1,-1,-1,1,1,-1,,1,,,,,,,-1,-1,-1
Manor Lords,-1,1,,1,1,,,1,1,,,,,,1,1,-1
Manor Lords,,,,1,0,,,,,,,,,,,,-1
Manor Lords,1,1,,,1,,1,1,1,,,,,,,,
Manor Lords,,,,,,,,,,,,,,,,,
Manor Lords,-1,1,,,1,,,,,,,,,,,-1,
Manor Lords,,,,,,,,,,,,,,,,,
Manor Lords,,,,,,-1,,,,,,,,-1,,,
Dyson Sphere Program,,,,,1,,,,,,,,,,,,
Dyson Sphere Program,,,,,,,,,,,,,,,,,
Dyson Sphere Program,,,-1,1,0,-1,1,0,,,,0,-1,0,-1,-1,-1
Dyson Sphere Program,,,,-1,1,,,,-1,,,-1,,,-1,-1,
Dyson Sphere Program,,,,,1,,,,,,,,,,,,
Dyson Sphere Program,-1,1,-1,1,1,0,1,1,1,1,1,1,,1,0,-1,-1
Dyson Sphere Program,,,,,1,-1,,,,,,,,0,-1,-1,
Dyson Sphere Program,,,,,,,,,,,,,,,,,
Dyson Sphere Program,,,,-1,,,,,,,,,,,,,
Dyson Sphere Program,,,,,,,,,,,,,,-1,,,
Dyson Sphere Program,,,,,1,,,,,,,,,,,,
Dyson Sphere Program,1,1,-1,1,1,,1,1,1,,1,1,,,1,-1,
Dyson Sphere Program,-1,-1,-1,1,1,-1,,1,,,,,,,-1,,-1
Dyson Sphere Program,-1,1,,,1,,,,1,,,,,,,,
Dyson Sphere Program,,,,,1,,,,,,,,,,,,
Dyson Sphere Program,,,,,1,,-1,,,,,,,,,,
Dyson Sphere Program,,,,1,1,,,1,,,,,,,-1,-1,
Dyson Sphere Program,,,,,,,,,,,,,,,,,
Dyson Sphere Program,,,,,1,,,,,,,,,,,,
Dyson Sphere Program,,,,,1,,,,,,,,,,,,
Dyson Sphere Program,,1,,0,1,0,1,1,0,0,1,,,,-1,-1,-1
Dyson Sphere Program,,,,,1,,,,,,,,,,,,
Dyson Sphere Program,,,,,,,,,,,,,,,,,
Dyson Sphere Program,,,,,1,,1,,,,,,,,,,
Dyson Sphere Program,,,,,1,,,,,,,,,,,,
Dyson Sphere Program,1,,-1,,1,,,,,,,,,1,,,
Dyson Sphere Program,,,,,,,,,,,,,,,,,
Dyson Sphere Program,,,,,1,,,,,,,,,,,,
Dyson Sphere Program,,,,,1,,,,,,,,,0,,,
Dyson Sphere Program,,,,0,0,,,0,,,,,,,,,
Dyson Sphere Program,1,1,,1,1,,1,1,1,,1,1,,,0,-1,-1
Dyson Sphere Program,-1,,,0,1,,,0,,,,,,-1,,-1,
Dyson Sphere Program,,,,,,,,,,,,,,,,,
Dyson Sphere Program,-1,1,-1,,,,,,1,,-1,-1,,,,,
Dyson Sphere Program,,,,1,1,-1,1,1,,,,1,,,-1,-1,-1
Dyson Sphere Program,,,,,1,-1,1,1,,,,,,-1,-1,,
Dyson Sphere Program,,,,,1,,,,,,,,,,,,
Dyson Sphere Program,,,,,1,-1,-1,1,1,,,,,1,-1,-1,
Dyson Sphere Program,,,,,,,,,,,,,,,,,
Dyson Sphere Program,,,,,1,,,,,,,,,,,,
Dyson Sphere Program,,,,,,,,,,,,,,,,0,
Dyson Sphere Program,,,,,1,,,,,,,,,,,,
Dyson Sphere Program,-1,,-1,,1,,,,,,,,,-1,,,
Dyson Sphere Program,,,,,1,,,,,,,,,,,,
Dyson Sphere Program,,,,,1,,0,,1,,,,,,,,
Dyson Sphere Program,,,,1,1,,-1,,,,,,,-1,,,
Dyson Sphere Program,,,,,1,,,,,,,1,,,,,
Dyson Sphere Program,,,,,1,,1,,,,,,,,,,
Dyson Sphere Program,,,,,1,,,,,,,,,,,,
Dyson Sphere Program,,,,,,,,,,,,,,,,,
Dyson Sphere Program,,,,,1,,1,1,1,1,,1,,,,,
Dyson Sphere Program,,,,1,1,,1,1,,,,,,,,,
Dyson Sphere Program,,,,,,,,,,,,,,,,,
Dyson Sphere Program,,,,,1,,,,,,,,,,,,
Dyson Sphere Program,,,,,1,,1,,,,,,,,,,
Dyson Sphere Program,,,,,1,,,,,,,,,,,,
Dyson Sphere Program,,,,,,,,,,,,,,,,,
Dyson Sphere Program,,,,,,,,,,,,,,,,,
Dyson Sphere Program,,,,,1,,,,,,,,,,,,
Dyson Sphere Program,,,,,1,,,,,,,,,,,,
Dyson Sphere Program,,,-1,,1,-1,1,1,-1,-1,-1,-1,-1,-1,,,
Dyson Sphere Program,,,,,1,,,,,,,,,,,,
Dyson Sphere Program,,,,,,,,,,,,,,,,,
Dyson Sphere Program,,,,,1,,,,-1,,,,,,,,
Dyson Sphere Program,,,,,,,,,,,,,,,,,
Dyson Sphere Program,,,,,1,,1,,1,,,,,,,-1,
Dyson Sphere Program,,,,,1,,,,,,,,,,,,
Dyson Sphere Program,,,,,1,,,,,,,,,,,,
Dyson Sphere Program,,,,1,1,,1,,,,,,,,,,
Dyson Sphere Program,,,,,1,-1,,,,,,,,,,,
Dyson Sphere Program,,,,,1,,,,-1,-1,,,,,-1,-1,
Dyson Sphere Program,,,,,,-1,,,,,,,,,,,
Dyson Sphere Program,,,,,,,,,,,,,,,,,
Dyson Sphere Program,,,,,1,,,,,,,,,,,-1,
Dyson Sphere Program,,,,-1,0,-1,,,,,,,,,-1,-1,-1
Dyson Sphere Program,-1,,-1,,1,-1,,,,,,,-1,-1,,-1,-1
Dyson Sphere Program,,0,,,0,,,,1,,1,,,,-1,,
Dyson Sphere Program,,,,,1,,,,,,,,,,-1,-1,-1
Dyson Sphere Program,,,,,1,-1,,,,,,,,-1,-1,-1,
Dyson Sphere Program,,,,,1,-1,,,,,,,-1,-1,,,
Dyson Sphere Program,,,,,,-1,,,,,,,,-1,,-1,
Dyson Sphere Program,,,,,1,,,,,,,,,,,,-1
Dyson Sphere Program,,,,,,-1,,,,,,,,,,,
Dyson Sphere Program,,,,,1,-1,,,,,,,,,,-1,
Dyson Sphere Program,,,,,,,,,,,,,,,,,
Dyson Sphere Program,,,,,1,-1,,,,-1,,,-1,-1,,,
Dyson Sphere Program,0,,1,1,1,0,1,1,1,1,1,0,1,0,,,-1
Dyson Sphere Program,,,,,1,,,,,,,,,,,,-1
Dyson Sphere Program,,,,,1,-1,,,-1,-1,,,,-1,,,
Dyson Sphere Program,,,,,,,,,,,,,,,,,
Dyson Sphere Program,,,,,,-1,,,,,,,,,,,
Dyson Sphere Program,,,,,1,,,,1,1,,,,,,,
Dyson Sphere Program,,,,,,,,,,,,,,,,,
Dyson Sphere Program,,,,,,,,,,,,,,,,,
Dyson Sphere Program,,,,,-1,-1,,,,,,,-1,-1,,-1,
Dyson Sphere Program,,,,,,,,,1,1,,,,,,,
Dyson Sphere Program,,,,,1,,,,,,,,,,,,-1
Dyson Sphere Program,,,,,,,,,,,,,,,,,
Dyson Sphere Program,,,,,,-1,,,,,,,,,-1,,-1
Dyson Sphere Program,1,,-1,,1,-1,,,1,1,1,,-1,1,-1,-1,-1
World of Tanks,,,,,1,-1,,,,,,,,-1,,-1,
World of Tanks,,,,,-1,-1,,,,,,,-1,-1,,-1,
World of Tanks,,,,,0,-1,-1,0,,,,,,-1,,-1,
World of Tanks,,,,,,-1,,,,,,,,,,,
World of Tanks,,,,,-1,-1,,,,,,,,-1,,,
World of Tanks,,,,,,,,,,,,,,,,,
World of Tanks,,,-1,,0,-1,,,,,,,,,,-1,
World of Tanks,,,,,0,-1,,,,,,,,,,-1,-1
World of Tanks,,,,,,-1,,,,,,,,-1,-1,-1,
World of Tanks,,,,,,-1,,,,,,,,-1,-1,,
World of Tanks,,,,,,,,,,,,,,,,,
World of Tanks,,,,,-1,-1,,,,,,,,-1,,,
World of Tanks,,,,,0,-1,-1,1,,,,,,0,-1,-1,
World of Tanks,,,,1,1,-1,1,1,,,,1,,1,-1,,-1
World of Tanks,-1,,-1,,-1,-1,,,,,,,,-1,,,
World of Tanks,,,,,,,,,,,,,,,,,
World of Tanks,,,,,,,,,,,,,,,,,
World of Tanks,,,,,1,-1,1,-1,,,,,,-1,-1,-1,
World of Tanks,-1,1,,,1,-1,,,1,,,,,,-1,-1,
World of Tanks,,,,,1,-1,,,,,,,,,,-1,-1
World of Tanks,,,,,1,,,,,,,,,,,-1,
World of Tanks,,,,,1,,,,,,,,,,,,
World of Tanks,,,,,,,,,,,,,,,,,
World of Tanks,,,,,,,,,,,,,,,,,
World of Tanks,,,,,,,,,,,,,,,,,
World of Tanks,,,,,,,,,,,,,,,,,
World of Tanks,,,,,,,,,,,,,,,,,
World of Tanks,,,,,1,-1,,,,,,,,1,,-1,
World of Tanks,,,-1,,,,,,,,,,,,,,
World of Tanks,,,,,-1,-1,,,,,,,,-1,,,
World of Tanks,,,-1,,1,,,,,,,,,,,,
World of Tanks,,,,,1,-1,,,,,,,-1,-1,,-1,
World of Tanks,,,,,1,,,,,,,,,-1,,,
World of Tanks,,,,,,,,,,,,,-1,-1,,,
World of Tanks,,,,,1,,,,,,,,,,,,
World of Tanks,,,,,-1,-1,,,,,,,-1,-1,,,
World of Tanks,,,,,,,,,,,,,,,,,
World of Tanks,,,,,0,-1,-1,,,,,,-1,-1,,-1,
World of Tanks,,,,,,,,,,,,,,,,,
World of Tanks,,,,,1,,,,,,,,,,,,
World of Tanks,,,,,-1,-1,,,,-1,,,,-1,,,-1
World of Tanks,,,,,1,,,,,,,,,,,,
World of Tanks,,,,,0,-1,,,,,,,-1,-1,,,
World of Tanks,,,,,,,,,,,,,,,,,
World of Tanks,,,,,1,-1,,,,,,,,,,,
World of Tanks,,,,,,-1,,,,,,,,-1,,,
World of Tanks,,,,1,,,,1,,,,,,1,1,1,
World of Tanks,,,,,1,,,,,,,,,,,,
World of Tanks,,,,,1,,,,,,,,,,,,
World of Tanks,,,,,,,,,,,,,,,,,
World of Tanks,,,,,1,,,,,,,,,,,,-1
World of Tanks,,,,,,,,,,,,,,,,,
World of Tanks,,,,,,,,,,,,,,,,,
World of Tanks,,,,,,,,,,,,,,,,,
World of Tanks,,,,,,,,,,,,,,,,,
World of Tanks,,,,,,,,,,,,,,,,,
World of Tanks,,,,1,1,,1,,,,,,,1,,,
World of Tanks,,,,,,-1,,,,,,,,-1,-1,-1,
World of Tanks,,,,,1,,,,,,,,,,,,
World of Tanks,,,,,,,,,,,,,,,,,
World of Tanks,,,,,,-1,,,,,,,,,,,
World of Tanks,-1,1,-1,1,1,-1,1,1,1,,,,,,-1,-1,-1
World of Tanks,,,,,,,,,,,,,,,,,
World of Tanks,,,-1,,-1,,,,,,,,,,,,-1
World of Tanks,-1,-1,-1,1,0,-1,,,,,,,-1,-1,,-1,-1
World of Tanks,,,,,,-1,,,,,,,,-1,,,
World of Tanks,,,,,1,,,,,,,,,,,,
World of Tanks,,,,,,,,,,,,,,,,,
World of Tanks,,,,,,-1,,,,,,,,,-1,,-1
World of Tanks,,,,,1,,,,,,,,,,,,
World of Tanks,,,,,1,,,,,,,,,,,,
World of Tanks,,,,,,,,,,,,,,,,,
World of Tanks,,,,,1,,,,,,,,,,,,
World of Tanks,,,,1,1,,-1,,,,,,,1,,,
World of Tanks,,,,,,,,,,,,,,,,,
World of Tanks,,-1,,-1,0,,-1,,-1,-1,-1,,,-1,,,
World of Tanks,,,,,1,,,,,,,,,,,,
World of Tanks,-1,,-1,,,,,,,,,,,-1,,,
World of Tanks,,,,,,,,,,,,,,,,,
World of Tanks,-1,,-1,-1,1,-1,,1,,,,,,,-1,-1,-1
World of Tanks,,,,,1,,,,,,,,,0,,,
World of Tanks,,,,,1,,,,,,,,,,,,
World of Tanks,,,,,1,,,,,,,,,,,,
World of Tanks,,,,,1,,,,,,,,-1,1,,,
World of Tanks,,,,1,1,,,1,,,,,,,-1,-1,
World of Tanks,-1,,0,,1,,1,1,,,,,,1,,,
World of Tanks,-1,,-1,,1,,,,,,,,,-1,,,
World of Tanks,-1,,-1,,,,,,,,,,,,,,
World of Tanks,-1,-1,-1,-1,-1,-1,-1,-1,-1,,-1,,,-1,,,
World of Tanks,,,,-1,1,-1,-1,,,,,,,-1,,,
World of Tanks,-1,,-1,,-1,,,,,,,,,,,,
World of Tanks,,,,,1,,,,1,,,,,,,,
World of Tanks,,,,,,,,,,,,,,,,,
World of Tanks,-1,-1,-1,-1,1,,1,-1,0,-1,1,-1,,-1,,-1,
World of Tanks,,,,,,,,,,,,,,,,,
World of Tanks,-1,,-1,,,,,,,,,,,,,,
World of Tanks,-1,,-1,,1,,,,,,,,,,-1,,
World of Tanks,,,,1,1,,0,,,,,,,,,-1,
World of Tanks,,,,,1,,,,,,,,,,,,
World of Tanks,,,,1,1,,,,,,,1,,,,,
Uncharted Waters IV HD Version,,,,-1,,,,-1,,,,,,,,,
Uncharted Waters IV HD Version,-1,,0,1,0,,,0,,,,0,,0,,,
Uncharted Waters IV HD Version,,,,,,,,,,,,,,,,,
Uncharted Waters IV HD Version,,,,,,,,,,,,,,,,,
Uncharted Waters IV HD Version,,,,,1,,,,,,,,,,,,
Uncharted Waters IV HD Version,-1,,-1,,1,,1,,0,,,,-1,-1,,,
Uncharted Waters IV HD Version,-1,,-1,-1,1,,-1,,,,,-1,,-1,,,
Uncharted Waters IV HD Version,,,,,1,,,,,,,,,,,,
Uncharted Waters IV HD Version,,,,,1,,1,,0,0,,,,,,,
Uncharted Waters IV HD Version,-1,,-1,,-1,,,,,,,,,,,,
Uncharted Waters IV HD Version,-1,,-1,,,,,,,,,,,,,,
Uncharted Waters IV HD Version,-1,,-1,,,,,,,,,,,,-1,-1,
Uncharted Waters IV HD Version,,,,,0,,,,,,,,,,,,
Uncharted Waters IV HD Version,,,,,,,1,,,,,,,0,,,
Uncharted Waters IV HD Version,-1,,-1,,1,,,,,,,,,,,,
Uncharted Waters IV HD Version,,,,,1,,,,,,,,,,,,
Uncharted Waters IV HD Version,,,,,,,,-1,,,,,,,-1,,-1
Uncharted Waters IV HD Version,,,,0,1,,,,,,,,,,,,
Uncharted Waters IV HD Version,,,,,1,,,,,,,,,,,,
Uncharted Waters IV HD Version,-1,,-1,,,,,,,,,,,-1,,,
Uncharted Waters IV HD Version,,,,,1,,,,,,,,,,,,
Uncharted Waters IV HD Version,,,,,1,,,,,,,,,,,,
Uncharted Waters IV HD Version,,,,-1,1,,,,,,,,,-1,,-1,
Uncharted Waters IV HD Version,,,,,0,,,,,,,,,,,,
Uncharted Waters IV HD Version,-1,,-1,,,,,,,,,,,,,,
Uncharted Waters IV HD Version,,,,,1,,1,1,,,,,,,,,
Uncharted Waters IV HD Version,-1,,-1,,1,,,,,,,,,-1,,,
Uncharted Waters IV HD Version,-1,,-1,,1,,,,,,,,,,,,
Uncharted Waters IV HD Version,,,,,1,,,,,,,,,,,,
Uncharted Waters IV HD Version,-1,1,-1,1,1,,1,1,1,,1,1,,,,-1,
Uncharted Waters IV HD Version,,,-1,,,,,,,,,,,,,,
Uncharted Waters IV HD Version,,,,,1,,,,,,,,,,,,
Uncharted Waters IV HD Version,,,,,1,,,,,,,,,,,,
Uncharted Waters IV HD Version,,,,,1,,1,,,,,,,,,,
Uncharted Waters IV HD Version,,,,,,,,,,,,,,,,,
Uncharted Waters IV HD Version,-1,,-1,,,,,,,,,,,-1,,,
Uncharted Waters IV HD Version,,,-1,,,,,,,,,,,,,,
Uncharted Waters IV HD Version,,,-1,,1,,,,,,,,,,,,-1
Uncharted Waters IV HD Version,,,,,,,,,,,,,,,,,
Uncharted Waters IV HD Version,,,,,,,,,,,,,,,,,
Uncharted Waters IV HD Version,,,,,0,,,,,,,,,,,,
Uncharted Waters IV HD Version,,,,,1,,,,,,,,,,,,
Uncharted Waters IV HD Version,,,,,1,,,,,,,,,,,,
Uncharted Waters IV HD Version,,,,,,,,,,,,,,,,,
Uncharted Waters IV HD Version,-1,,-1,,,,,,,,,,,,,,
Uncharted Waters IV HD Version,,,,,1,,,,,,,,,,,,
Uncharted Waters IV HD Version,,1,,1,1,,1,,1,,1,,,,,-1,
Uncharted Waters IV HD Version,,,,,,,,,,,,,,,,,
Uncharted Waters IV HD Version,,,,,1,,,,,,,,,,,,
Uncharted Waters IV HD Version,,,,,1,,,,,,,,,,,,
Uncharted Waters IV HD Version,,,,,1,,,,1,,,,,,,,
Uncharted Waters IV HD Version,,,,,1,,,,,,,,,,,,
Uncharted Waters IV HD Version,,,,,1,,,,,,,,,,-1,-1,
Uncharted Waters IV HD Version,,,,,,,,,,,,,,,,,
Uncharted Waters IV HD Version,,,,,1,,,,,,,,,,,,
Uncharted Waters IV HD Version,,,,,1,,,,,,,,,,,,
Uncharted Waters IV HD Version,,,,,1,,,,,,,,,,,,
Uncharted Waters IV HD Version,,,,,1,,,,,,,,,,,,
Uncharted Waters IV HD Version,,,,,1,,,,,,,,,,,,
Uncharted Waters IV HD Version,,,,,,,,,,,,,,,,,
Uncharted Waters IV HD Version,,,,,1,,,,,,,,,,,,
Uncharted Waters IV HD Version,,,,,,,,,,,,,,,,,
Uncharted Waters IV HD Version,,,,,1,,,,,,,,,,,,
Uncharted Waters IV HD Version,,,,1,1,,,,,,,,,,,,
Uncharted Waters IV HD Version,,,-1,,,,,,,,,,,,,,
Uncharted Waters IV HD Version,-1,,-1,1,1,,,1,,,,,,1,,-1,
Uncharted Waters IV HD Version,,,,1,1,,1,1,0,0,1,1,,,-1,-1,
Uncharted Waters IV HD Version,,,,1,1,,,,,,,,,,,,
Uncharted Waters IV HD Version,,,,,1,,,,,,,,,,,,
Uncharted Waters IV HD Version,,,,,1,-1,,,,,,,,,,,
Uncharted Waters IV HD Version,0,0,-1,1,1,-1,1,,0,0,1,0,,0,0,-1,
Uncharted Waters IV HD Version,,,,,-1,-1,,,,,,,,-1,,-1,
Uncharted Waters IV HD Version,,,,,,,,,,,,,,-1,,,
Uncharted Waters IV HD Version,-1,,,-1,1,-1,,,,,,,,-1,,-1,
Uncharted Waters IV HD Version,,,,,,,,,,,,,,-1,,,
Uncharted Waters IV HD Version,,,-1,,,,,,,,,,,-1,,,
Uncharted Waters IV HD Version,,,,,,,,,,,,,,-1,,,
Uncharted Waters IV HD Version,,,,,,,,,,,,,,-1,,,
Uncharted Waters IV HD Version,,,,,,,,,,,,,,,,,
Uncharted Waters IV HD Version,,,,0,1,-1,1,1,,,,1,,1,-1,-1,-1
Uncharted Waters IV HD Version,,-1,-1,,,,,-1,,,,,,,,,
Uncharted Waters IV HD Version,-1,,-1,,1,,,,,,,,-1,-1,,,
Uncharted Waters IV HD Version,,,,,,,,,,,,,,-1,,,
Uncharted Waters IV HD Version,,,,,,,,,,,,,,-1,,,
Uncharted Waters IV HD Version,,,,,,,,,,,,,,,,,
Uncharted Waters IV HD Version,,,,,1,-1,,,,,,,,-1,,,
Uncharted Waters IV HD Version,,,,,1,,,,,,,,,-1,,,
Uncharted Waters IV HD Version,-1,-1,,-1,1,,-1,,0,,-1,,,,,-1,
Uncharted Waters IV HD Version,,,,,,,,,,,,,,,,,
Uncharted Waters IV HD Version,,,,,1,,,,,,,,,,,,
Uncharted Waters IV HD Version,,,,,,,,,,,,,,,,,
Uncharted Waters IV HD Version,,,,,1,-1,1,1,,-1,,1,,1,-1,-1,-1
Uncharted Waters IV HD Version,,,,,,,,,,,,,,-1,,,
Uncharted Waters IV HD Version,,,,,,-1,,,,,,,,-1,,,
Uncharted Waters IV HD Version,,,,,,,,,,,,,,-1,,,
Uncharted Waters IV HD Version,,,,,1,-1,-1,0,,,,-1,,,-1,,
Uncharted Waters IV HD Version,,-1,,,1,,,,1,,,,,,,,
Uncharted Waters IV HD Version,,,-1,,1,-1,,,,,,,,-1,-1,-1,-1
Uncharted Waters IV HD Version,-1,-1,-1,,,,,,,,,,-1,0,,,
Uncharted Waters IV HD Version,,,,,,,,,,,,,,-1,,,
Age of Darkness: Final Stand,-1,,-1,,,,,,,,,,,-1,,,
Age of Darkness: Final Stand,,,,,,,,1,,,,,,-1,,,
Age of Darkness: Final Stand,,,,,1,,,,,,,,,0,,,
Age of Darkness: Final Stand,0,0,,1,0,-1,0,0,0,0,0,0,,,0,-1,-1
Age of Darkness: Final Stand,-1,-1,-1,-1,-1,,-1,-1,-1,,-1,-1,,,,,
Age of Darkness: Final Stand,,,,,,,,,,,,,,,,,
Age of Darkness: Final Stand,,,,,1,,,,,,,,,,,,
Age of Darkness: Final Stand,,,,,,-1,,,,,,,,,-1,,-1
Age of Darkness: Final Stand,,,,,1,,1,1,1,1,,,,,,,
Age of Darkness: Final Stand,,,,,,-1,,,,,,,,,-1,,
Age of Darkness: Final Stand,-1,,-1,0,1,-1,1,-1,,,,,,-1,,-1,
Age of Darkness: Final Stand,,,,-1,1,,,-1,,,,,,,,-1,-1
Age of Darkness: Final Stand,,,,,1,,-1,,,,,,,-1,,,
Age of Darkness: Final Stand,,,,,,,,,,,,,,,,,
Age of Darkness: Final Stand,-1,,,1,1,,,1,,,,,,-1,,,
Age of Darkness: Final Stand,,,,-1,0,-1,,-1,,,,,,,-1,-1,-1
Age of Darkness: Final Stand,,,,,,,,,,,,,,-1,,,
Age of Darkness: Final Stand,-1,1,,0,0,-1,-1,1,1,-1,-1,-1,,-1,-1,-1,-1
Age of Darkness: Final Stand,,,,,,,,,,,,,,-1,,,
Age of Darkness: Final Stand,,,,,,,,,,,,,,-1,,,
Age of Darkness: Final Stand,,,,,,,,,,,,,,,,,
Age of Darkness: Final Stand,,,,,,,,,,,,,,-1,,,
Age of Darkness: Final Stand,,,,,,-1,,,,-1,,,,-1,-1,-1,
Age of Darkness: Final Stand,,,,,1,,,,,,,,,,,,
Age of Darkness: Final Stand,-1,,-1,,,,,,,,,,,,,,
Age of Darkness: Final Stand,,,,,1,,,,,,,,,,,,
Age of Darkness: Final Stand,,,,,,,,,,,,,,,,,
Age of Darkness: Final Stand,,,,,1,,,,,,,,,,-1,,
Age of Darkness: Final Stand,,,,,,,,,,,,,,,,,
Age of Darkness: Final Stand,,,,1,1,-1,-1,,,,,,,-1,,,
Age of Darkness: Final Stand,-1,0,-1,,1,-1,1,1,1,,,,,0,-1,-1,
Age of Darkness: Final Stand,,,,,,,,,,,,,,,,,
Age of Darkness: Final Stand,,,,,1,-1,,,,,,,,0,-1,-1,
Age of Darkness: Final Stand,,,,-1,1,-1,,-1,,,,,,,-1,-1,-1
Age of Darkness: Final Stand,-1,-1,-1,-1,-1,,,,,,,,,-1,,-1,
Age of Darkness: Final Stand,,-1,-1,,,-1,,-1,,,-1,,,-1,-1,,-1
Age of Darkness: Final Stand,,,,,-1,-1,,,,,,,,,,,-1
Age of Darkness: Final Stand,,,-1,-1,-1,-1,-1,,,,,,-1,-1,,-1,
Age of Darkness: Final Stand,,,-1,,,,,,,,,,,-1,,,
Age of Darkness: Final Stand,-1,,-1,,1,,,,,,,,,,,,
Age of Darkness: Final Stand,,,,,,,,,,,,,,,,,
Age of Darkness: Final Stand,,,,,,,,,,,,,,,,,
Age of Darkness: Final Stand,-1,,-1,,,,,,,,,,,,,,
Age of Darkness: Final Stand,,,,,,,,,,,,,,,,,
Age of Darkness: Final Stand,-1,1,,0,1,-1,,1,0,,-1,,,,-1,-1,-1
Age of Darkness: Final Stand,,,,,-1,,,,,,,,,,,,
Age of Darkness: Final Stand,,,,,1,-1,,1,,,,-1,,,-1,-1,-1
Age of Darkness: Final Stand,,,,,1,,,,,,,,,,,,
Age of Darkness: Final Stand,-1,-1,,,,,,,-1,,-1,,,,,,
Age of Darkness: Final Stand,,,,,,,,,,,,,,,,,
Age of Darkness: Final Stand,-1,,-1,,1,,,,,,,,,,,,
Age of Darkness: Final Stand,-1,,-1,,1,,,,,,,,,,,,
Age of Darkness: Final Stand,,,,,1,-1,,,,,,,-1,,,,
Age of Darkness: Final Stand,,,,,,,,,,,,,,,-1,,
Age of Darkness: Final Stand,,-1,,,-1,,,,-1,,-1,,,,,-1,
Age of Darkness: Final Stand,,,,,,,,,,,,,,,,,
Age of Darkness: Final Stand,,,,,,,,,,,,,,,,,
Age of Darkness: Final Stand,,,,,1,,,,,,,,,,,,
Age of Darkness: Final Stand,,,,,,-1,,,,,,,,-1,-1,,
Age of Darkness: Final Stand,,,,,-1,,,,,,,,,,,-1,
Age of Darkness: Final Stand,,,,,1,,,,,,,,,,,,
Age of Darkness: Final Stand,,,,,1,,,,,,,,,,,,
Age of Darkness: Final Stand,,,-1,,,,,,,,,,,-1,,,
Age of Darkness: Final Stand,,,,,1,,,,,,,,,,-1,,
Age of Darkness: Final Stand,-1,,-1,,1,-1,,,,,,,,0,-1,,
Age of Darkness: Final Stand,,,,,,,,,,,,,,-1,,,
Age of Darkness: Final Stand,,,-1,,,,,,,,,,,,,,
Age of Darkness: Final Stand,,1,,1,1,-1,1,1,1,1,1,,,1,,,
Age of Darkness: Final Stand,-1,-1,-1,,,-1,,-1,,,,,,-1,,,-1
Age of Darkness: Final Stand,,,,,,-1,,,,,,,,,,,
Age of Darkness: Final Stand,,,,,,-1,,,,,,,,,,,
Age of Darkness: Final Stand,,,,,,-1,,,,,,,,,-1,,
Age of Darkness: Final Stand,,,,,,-1,,,,,,,,,,,
Age of Darkness: Final Stand,,,-1,,-1,-1,,,,,,,,-1,,,
Age of Darkness: Final Stand,,,-1,,,-1,,,,,,,,-1,,,
Age of Darkness: Final Stand,,,,,1,-1,,,,,,,,,,,
Age of Darkness: Final Stand,,,,,1,,,,,,,,,,,,
Age of Darkness: Final Stand,,,,,,,,,,,,,,,,,
Age of Darkness: Final Stand,,,,-1,-1,,,-1,,,,,,,,,
Age of Darkness: Final Stand,,,,,1,,,,,,,,,,,,
Age of Darkness: Final Stand,,,,,,,,,,,,,,,,,
Age of Darkness: Final Stand,,,,,1,-1,,0,,,,,,,0,,
Age of Darkness: Final Stand,,,,,1,,,,,,,,,,,-1,
Age of Darkness: Final Stand,,,,0,1,-1,0,1,,,,,,0,0,0,-1
Age of Darkness: Final Stand,,,,,,-1,,,,-1,,,,-1,-1,,
Age of Darkness: Final Stand,,,,,,-1,,,,,,,,,-1,,
Age of Darkness: Final Stand,,,,0,1,,,,,,,,,,,-1,
Age of Darkness: Final Stand,,,,,1,-1,,,,,,,,,-1,-1,
Age of Darkness: Final Stand,,,,,,-1,,,,,,,,,,,
Age of Darkness: Final Stand,,,,,,-1,,,,,,,,,-1,-1,
Age of Darkness: Final Stand,,,,,0,-1,,,,,,,,,,,
Age of Darkness: Final Stand,,,,,1,,,,,,,,,,,-1,
Age of Darkness: Final Stand,,,,,,,,,,,,,,,,,
Age of Darkness: Final Stand,,,,,1,0,,1,,,,,,,0,,-1
Age of Darkness: Final Stand,,,,-1,1,,,,,,,,,,-1,-1,-1
Age of Darkness: Final Stand,,,,,,-1,,,,,,,,-1,,,
Age of Darkness: Final Stand,,,,,1,-1,,,,,,,,,-1,,-1
Age of Darkness: Final Stand,,,,,1,,0,,1,,,,,,-1,,
Age of Darkness: Final Stand,,,,,,,,,,,,,,,,,
Age of Darkness: Final Stand,,,,,,,,,,,,,,-1,,,
Yu-Gi-Oh! Master Duel,,,,,,,,,,,,,,,,,
Yu-Gi-Oh! Master Duel,,,,,,,,,,,,,,,,,
Yu-Gi-Oh! Master Duel,,,,,,,,,,,,,,,,,
Yu-Gi-Oh! Master Duel,,,,,1,,,,,,,,,,,,
Yu-Gi-Oh! Master Duel,,,,,,,,,,,,,,,,,
Yu-Gi-Oh! Master Duel,,,,,1,,,,,,,,,,,,
Yu-Gi-Oh! Master Duel,,,-1,,,,,,,,,,-1,,,,
Yu-Gi-Oh! Master Duel,,,,,,,,,,,,,,,1,,
Yu-Gi-Oh! Master Duel,,,,,1,,,,,,,,,,-1,-1,-1
Yu-Gi-Oh! Master Duel,,,,,1,,,,,,,,,,,,
Yu-Gi-Oh! Master Duel,-1,-1,,,1,,,-1,,,,,,,,,
Yu-Gi-Oh! Master Duel,,,,,1,,,,,,,,,,,,
Yu-Gi-Oh! Master Duel,,,,,,,,,,,,,,,,,
Yu-Gi-Oh! Master Duel,,,,,,,,,,,,,,,,,
Yu-Gi-Oh! Master Duel,,,,1,1,,,1,,,,,,,-1,-1,
Yu-Gi-Oh! Master Duel,,,,,,,,,,,,,,,,,
Yu-Gi-Oh! Master Duel,,,,,,,,,,,,,,,,,
Yu-Gi-Oh! Master Duel,,,,,1,,,,,,,,,,,,
Yu-Gi-Oh! Master Duel,,,,,,,,,,,,,,,,,
Yu-Gi-Oh! Master Duel,,,,,,,,,,,,1,,,,,
Yu-Gi-Oh! Master Duel,,,-1,,1,-1,,,,,,,-1,,,,-1
Yu-Gi-Oh! Master Duel,,,,,,,,,,,,,,,,,
Yu-Gi-Oh! Master Duel,,,,,,-1,,,,,,,,-1,,,
Yu-Gi-Oh! Master Duel,,,,,,,,,,,,,,,,,
Yu-Gi-Oh! Master Duel,,,,,1,-1,,,,,,,,,,-1,-1
Yu-Gi-Oh! Master Duel,,,,,-1,-1,,,,,,,,,,,-1
Yu-Gi-Oh! Master Duel,,,,,1,,,,,,,,,,,,
Yu-Gi-Oh! Master Duel,,,,,1,,1,1,,,,1,,,,,
Yu-Gi-Oh! Master Duel,,,,,,-1,,,,,,,,-1,-1,-1,
Yu-Gi-Oh! Master Duel,,,,,,,,,,,,,-1,-1,,,
Yu-Gi-Oh! Master Duel,,,,,,-1,,,,,,,,,,,
Yu-Gi-Oh! Master Duel,,,,,,,,,,,,,,,,,
Yu-Gi-Oh! Master Duel,,,,,1,,,,,,,,,,,,
Yu-Gi-Oh! Master Duel,,,,,,,,,,,,,,,,,
Yu-Gi-Oh! Master Duel,,,,,,,,,,,,,,,,,
Yu-Gi-Oh! Master Duel,,,,,,-1,,,,,,,,,,,
Yu-Gi-Oh! Master Duel,,,,,1,-1,1,1,,,,,,,,,
Yu-Gi-Oh! Master Duel,,,,,1,,1,0,,,,,,,,,
Yu-Gi-Oh! Master Duel,,,,,,,,,,,,,,,,,
Yu-Gi-Oh! Master Duel,,,,,1,,,,,,,,,,,,
Yu-Gi-Oh! Master Duel,,,,,0,-1,,,,,,,,0,,-1,
Yu-Gi-Oh! Master Duel,,,,,1,,,,,,,,,,,,
Yu-Gi-Oh! Master Duel,,,,,1,-1,,,,,,,,,,,
Yu-Gi-Oh! Master Duel,,,,1,1,,1,1,,,,,,0,,,
Yu-Gi-Oh! Master Duel,,,,,,,,,,,,,,,,,
Yu-Gi-Oh! Master Duel,,,,,1,,,,,,,,,,,,
Yu-Gi-Oh! Master Duel,,,,,1,,,,,,,,,,,,
Yu-Gi-Oh! Master Duel,,,,,,-1,,-1,,,,,,,,,
Yu-Gi-Oh! Master Duel,,,,,1,-1,,,,,,,,,,-1,
Yu-Gi-Oh! Master Duel,,,,,,,,,,,,,,,,0,
Yu-Gi-Oh! Master Duel,,,,,,,,,,,,,,,,,
Yu-Gi-Oh! Master Duel,,,,,,,,,,,,,,,,,
Yu-Gi-Oh! Master Duel,,,,,,,,,,,,,,,-1,-1,-1
Yu-Gi-Oh! Master Duel,,,,,,,,,,,,,,,,,
Yu-Gi-Oh! Master Duel,,,,,0,,,,,,,,,,,,
Yu-Gi-Oh! Master Duel,,,,,,,,,,,,,-1,,,,
Yu-Gi-Oh! Master Duel,,,,1,1,-1,1,1,,,,,,1,-1,-1,-1
Yu-Gi-Oh! Master Duel,,,,,1,,,,,,,,,,,,
Yu-Gi-Oh! Master Duel,,,,,,,,,,,,,,,,,
Yu-Gi-Oh! Master Duel,,,,1,1,,,1,,,,,,,,,-1
Yu-Gi-Oh! Master Duel,,,-1,,,-1,,,,,,,,,,,
Yu-Gi-Oh! Master Duel,,,-1,,,-1,,,,,,,-1,-1,,,-1
Yu-Gi-Oh! Master Duel,,,,,,,,,,,,,,,,,
Yu-Gi-Oh! Master Duel,,,,,1,,,,,,,,,,,,
Yu-Gi-Oh! Master Duel,,,,,,-1,,,,,,,,,,,
Yu-Gi-Oh! Master Duel,,,,,,,,,,,,,,,,,
Yu-Gi-Oh! Master Duel,,,,,,-1,,,,,,,,,,,
Yu-Gi-Oh! Master Duel,,,,,,,,,,,,,,,,,
Yu-Gi-Oh! Master Duel,-1,,,1,1,,,1,,,,,,,-1,-1,-1
Yu-Gi-Oh! Master Duel,,,,1,1,,,,,,,,,,,,
Yu-Gi-Oh! Master Duel,,,,,,,,,,,,,,,,,
Yu-Gi-Oh! Master Duel,,,,,1,,,,,,,,,,,,
Yu-Gi-Oh! Master Duel,,,,,1,,1,1,,,,,,,,,
Yu-Gi-Oh! Master Duel,,,,,1,,,,,,,,,,,,
Yu-Gi-Oh! Master Duel,,,,,,,,,,,,,,,-1,,-1
Yu-Gi-Oh! Master Duel,,,,,,,,,,,,,,,,,
Yu-Gi-Oh! Master Duel,,,,,1,,,1,,,,1,,,,,1
Yu-Gi-Oh! Master Duel,,,,,1,,1,1,,,,1,,,,,
Yu-Gi-Oh! Master Duel,,,,,,,,1,,,,,,,,,-1
Yu-Gi-Oh! Master Duel,,,,,1,,,1,,,,1,,,,,
Yu-Gi-Oh! Master Duel,,,,,,,,,,,,,,,,,
Yu-Gi-Oh! Master Duel,,,,,,,,,,,,,,,,,
Yu-Gi-Oh! Master Duel,,,,,,,,,,,,,,,,,
Yu-Gi-Oh! Master Duel,,,,,1,,,,1,,,,,,,,
Yu-Gi-Oh! Master Duel,,,,,1,,1,,,,,,,,,,
Yu-Gi-Oh! Master Duel,,,,,,,0,,,,,,,,,,
Yu-Gi-Oh! Master Duel,,,,,,,,,,,,,,,,,
Yu-Gi-Oh! Master Duel,,,,,,-1,,,,,,,,,,,
Yu-Gi-Oh! Master Duel,,,,,,,,,,,,,,,,,
Yu-Gi-Oh! Master Duel,,,,,,,,,,,,,,,,,
Yu-Gi-Oh! Master Duel,,,,1,1,,1,1,,,,,,,,-1,-1
Yu-Gi-Oh! Master Duel,,,,,,,,,,,,,,,,,
Yu-Gi-Oh! Master Duel,-1,,-1,,,,,,,,,,,,,,
Yu-Gi-Oh! Master Duel,,,,,,,,,,,,,,,,,
Yu-Gi-Oh! Master Duel,,,,,,,,,,,,,,,,,
Yu-Gi-Oh! Master Duel,,,,,,,1,1,,,,,,1,,,
Yu-Gi-Oh! Master Duel,,,,,,,,,,,,,,,,,
Yu-Gi-Oh! Master Duel,,,,0,0,,,,,,,,,,,,
Yu-Gi-Oh! Master Duel,,,,,,,,,,,,,,,,,-1
Yu-Gi-Oh! Master Duel,-1,,-1,,1,,,,,,,,,,,,-1
Cookie Clicker,,,,,1,,,,,,,,,,,,
Cookie Clicker,,,,,,,,,,,,,,,,,
Cookie Clicker,,,,,,-1,,,,,,,,-1,,,
Cookie Clicker,,,,,,,,,,,,,,,,,
Cookie Clicker,,,,,1,,,,,,,,,,,,
Cookie Clicker,-1,,-1,-1,1,,,1,,,,,,-1,,,-1
Cookie Clicker,,,,,,,,,,,,,,,,,
Cookie Clicker,,,,,,,,,,,,,,,,,
Cookie Clicker,,,,,,,,,,,,,,,,,
Cookie Clicker,,,,,1,-1,,,,,,,,-1,,,
Cookie Clicker,,,,1,1,,,,1,1,,,,,-1,-1,
Cookie Clicker,,,,,,,,,,,,,,,,,
Cookie Clicker,,,,,1,,,,,,,,,,,,
Cookie Clicker,,,,1,1,,,,,,,,,,,,-1
Cookie Clicker,,,,,,,,,,,,,,,,,
Cookie Clicker,,,,,1,,,,,,,,,,,,
Cookie Clicker,,,,-1,,,,,,,,,,,,-1,-1
Cookie Clicker,,,,,,,,,,,,,,,,,
Cookie Clicker,,,-1,,,,,,,,,,,,,,
Cookie Clicker,,,,,1,,,,,,,,,,-1,-1,
Cookie Clicker,,,,,1,,,,,,,,,,-1,,
Cookie Clicker,,,,,1,,,,,,,,,,,,
Cookie Clicker,,,,,1,,1,,,,,,,,,,
Cookie Clicker,,,,1,1,,,0,,,,,,,-1,-1,-1
Cookie Clicker,,,,,0,,,,,,,,,,,,
Cookie Clicker,,,,,,-1,,1,,,,,,,,,-1
Cookie Clicker,,,,,1,,,,,,,,,,,,
Cookie Clicker,,,,,,,,,,,,,,,,,
Cookie Clicker,,,,,,,,,,,,,,,,,
Cookie Clicker,,,,1,1,,1,1,1,,,,,1,,1,
Cookie Clicker,,,,,,,,,,,,,,,,,
Cookie Clicker,,,,,1,,,,,,,,,,-1,-1,
Cookie Clicker,,,,,1,,,,,,,,,,,,
Cookie Clicker,,-1,,,,,,,-1,-1,-1,,,,,,
Cookie Clicker,,,,0,0,-1,,,,,,,,,-1,-1,-1
Cookie Clicker,,,,,,,,,,,,,,,,,
Cookie Clicker,,,,,,,,,,1,,,,,,,
Cookie Clicker,,,,,,,,,,,,,,,,,
Cookie Clicker,,,,1,1,,,,,,,,,,,,
Cookie Clicker,,,,,,,,,,,,,,,,,
Cookie Clicker,,,,,,,,,,,,,,,,,
Cookie Clicker,,,,,,,,,,,,,,,,,
Cookie Clicker,,,,,,,,,,,,,,,,,
Cookie Clicker,,,,1,1,,,,,,,,,,,,
Cookie Clicker,,,,,1,,,,,,,,,,,,
Cookie Clicker,,,,,1,,,,,,,,,,,,
Cookie Clicker,,,,,,,,,,,,,,,,,
Cookie Clicker,,,,,,,1,,,,,,,,,,
Cookie Clicker,,,,,,,,,,,,,,,,,
Cookie Clicker,,,,,,,,,,,,,,,,,
Cookie Clicker,,,,1,1,,,,,,,,,,,,
Cookie Clicker,,,,,,,,,,,,,,,,,
Cookie Clicker,,,,,1,,,,,,,,,,,,
Cookie Clicker,,,,,1,,1,,,,,,,,,,
Cookie Clicker,-1,,-1,,,,,,,,,,,-1,,,
Cookie Clicker,,,,,,,,,,,,,,,,,
Cookie Clicker,,,,,,,,,,,,,,,,,
Cookie Clicker,,,,,1,,,,,,,,,,,,
Cookie Clicker,,,,,,,,,,,,,,,,,
Cookie Clicker,,,,,,,,,,,,,,,,,
Cookie Clicker,,,,,1,,,,,,,,,,,,
Cookie Clicker,,,,,,,,,,,,,,,,,
Cookie Clicker,,,,,1,,,,,,,,,,,,
Cookie Clicker,,,,1,1,,,,,,,,,,,,
Cookie Clicker,,,,,1,,1,,,,,,,,,,
Cookie Clicker,,,,,1,,,,,,,,,,,,
Cookie Clicker,,,,,1,,-1,,,,,,,,,,
Cookie Clicker,,,,,,,,,,,,,,,,,
Cookie Clicker,,,,,,,,,,,,,,,,,
Cookie Clicker,,,,,1,,,,,,,,,,,,
Cookie Clicker,,,,,0,-1,,,,,,,,,-1,,-1
Cookie Clicker,,-1,-1,1,1,-1,1,1,,,,0,,,-1,-1,-1
Cookie Clicker,,,,,1,,,1,1,1,,0,,,,,
Cookie Clicker,,,,,,,,,,,,,,,,,
Cookie Clicker,,,,,-1,,,,,,,,,,,,
Cookie Clicker,,,,,1,,,1,1,-1,,,,,,,-1
Cookie Clicker,,1,,1,1,-1,1,1,1,,1,1,,,-1,-1,-1
Cookie Clicker,,,,,1,-1,,,,,,,,,-1,-1,-1
Cookie Clicker,,,,1,0,,1,1,0,1,1,1,,,-1,-1,-1
Cookie Clicker,,,,,1,,,,,,,,,,,,
Cookie Clicker,,,,,0,-1,,-1,,,,,,,-1,-1,-1
Cookie Clicker,,,-1,1,1,-1,,1,,,,,-1,-1,,,-1
Cookie Clicker,,,,,1,,,1,,,,,,,0,-1,-1
Cookie Clicker,,,-1,1,0,-1,1,0,,,,0,,,0,-1,-1
Cookie Clicker,,,,,1,,,,,,,,,,,,
Cookie Clicker,,,,1,1,,,,,,,,,,,,1
Cookie Clicker,,,,1,1,,,1,1,0,,,,,,,-1
Cookie Clicker,,1,,1,1,,1,1,1,,1,1,,,,,
Cookie Clicker,,,,1,1,-1,1,1,1,0,,0,,,-1,,-1
Cookie Clicker,,,,,1,,,,,,,,,,,,
Cookie Clicker,,,,1,1,-1,1,1,,1,,1,,1,-1,,-1
Cookie Clicker,,,,,1,,,,,,,,,,,,
Cookie Clicker,,,,,1,,,,,,,,,,,,
Cookie Clicker,,,,,,,,,,,,,,,,,
Cookie Clicker,,,,,0,,,,,,,,,,,,-1
Cookie Clicker,,,,,1,,,,,,,,,,,,
Cookie Clicker,,,,,1,,,-1,,,,,,,-1,,-1
Cookie Clicker,,,,,1,,,,,,,,,,,,
Cookie Clicker,,,,,1,,,1,0,,,,,,-1,-1,
Cookie Clicker,,,,1,1,,,,,,,,,,,,
Dorfromantik,,,,,1,,,,,,,,,,,,-1
Dorfromantik,,,,,1,,,,,,,,,,,,
Dorfromantik,,,,,-1,,-1,-1,-1,-1,,,,,-1,-1,
Dorfromantik,,,,-1,0,,,,-1,,,,,,,,
Dorfromantik,,,,,1,,1,1,1,1,,,,,-1,-1,
Dorfromantik,,,,,1,,,1,,,,,,,,,
Dorfromantik,,,,,1,,,,,,,,,,-1,-1,
Dorfromantik,,1,,,1,,1,1,1,1,,,,,1,,
Dorfromantik,,,,1,1,-1,1,1,,,,1,,,0,-1,-1
Dorfromantik,,,,,1,,1,,,,,,,,,-1,
Dorfromantik,,,,,1,,,,,,,,,,,,-1
Dorfromantik,,,,,1,-1,,,,,,,,,-1,,-1
Dorfromantik,,,,,1,-1,1,1,1,1,,1,,,0,-1,-1
Dorfromantik,,,,,0,,,,,,,,,,-1,-1,
Dorfromantik,,,,,1,-1,,,,,,,,,-1,,-1
Dorfromantik,,,,,1,,1,1,1,,,1,,,-1,,
Dorfromantik,,,,,-1,,,,,,,,,,,,-1
Dorfromantik,,,,,1,,,,,,,,,,,,
Dorfromantik,,,,,1,,,,,,,,,,,-1,
Dorfromantik,,,,,1,,,,,,,,,,1,-1,
Dorfromantik,,1,,1,1,,,1,1,,1,1,,,1,-1,0
Dorfromantik,,,,1,1,,,,,,,,,,,,-1
Dorfromantik,,,,,1,,,,,,,,,,,1,
Dorfromantik,,,,1,1,,,,,,,,,,,,
Dorfromantik,,,,0,1,,,,,,,0,,,,,
Dorfromantik,1,1,,1,1,,,,1,,1,,,,,,
Dorfromantik,,,,,1,,,-1,-1,-1,,,,,-1,-1,-1
Dorfromantik,,,,,1,,,,,,,,,,,,
Dorfromantik,,,,,1,,,,,,,,,,,,
Dorfromantik,,,,,1,,,,,,,,,,,,
Dorfromantik,,,,-1,1,-1,1,1,-1,,,-1,,,-1,-1,-1
Dorfromantik,,,,,1,,,,,,,,,,,,
Dorfromantik,,,,,1,,,,0,,,,,,,,
Dorfromantik,,,,1,1,,,,,,,,,,1,-1,
Dorfromantik,,,,,1,,,,,,,,,,,,
Dorfromantik,,,,,1,,,,,,,,,,,,
Dorfromantik,,,,,1,,,,,,,,,,,,
Dorfromantik,,,,,,,,,,,,,,,-1,,
Dorfromantik,,,,1,1,,,,,,,,,,,-1,
Dorfromantik,,1,,,1,,,,1,,1,,,,,,
Dorfromantik,,,,-1,1,,1,1,,,,-1,,,,,
Dorfromantik,,,,,0,,,,1,-1,,,,,,,
Dorfromantik,,,,,,,,,,,,,,,,,
Dorfromantik,,,,,,,,,,,,,,,,,
Dorfromantik,,,,1,1,,1,1,1,,,1,,,-1,-1,-1
Dorfromantik,,,,,1,,,,,,,,,,,,
Dorfromantik,,,,,-1,,,,,,,,,,,,
Dorfromantik,,,,,1,,,,,,,,,,,,-1
Dorfromantik,,,,,1,,,,,,,,,,-1,,-1
Dorfromantik,,,,1,1,,0,0,0,0,,0,,,-1,-1,-1
Dorfromantik,,,,,1,,,,,,,,,,,,
Dorfromantik,,1,,1,1,-1,1,1,0,-1,1,0,,,-1,-1,-1
Dorfromantik,,,,,,,,1,,,,,,,,,
Dorfromantik,,,,-1,1,,-1,-1,-1,-1,,-1,,,,,
Dorfromantik,,,,,,,,,,,,,,,,,
Dorfromantik,,,,,,,,,,,,,,,,,
Dorfromantik,,,,,1,,1,1,,,,,,,,,
Dorfromantik,,,,1,1,,,,,,,,,,,,-1
Dorfromantik,,,,,,,,,,,,,,,,,-1
Dorfromantik,,,,-1,,,,,,,,,,,,,
Dorfromantik,,,,,1,,,,,,,,,,,,
Dorfromantik,,,,,1,,,,,,,,,,,,
Dorfromantik,,,,,1,,,,,,,,,,,,
Dorfromantik,,,,,1,,,,,,,,,,,,-1
Dorfromantik,,,,,1,,1,1,1,,,,,,1,1,
Dorfromantik,,,,,-1,,,,,,,,,,,,
Dorfromantik,,,,,1,,,,,,,,,1,,,
Dorfromantik,,,,,0,,,,,,,,,,,,
Dorfromantik,,,,,1,,,,,,,,,,,,
Dorfromantik,,,,,,,-1,,-1,-1,,,-1,-1,,,
Dorfromantik,,,,,,-1,-1,,,,,,,-1,,,
Dorfromantik,,,,,1,,1,,,,,,,,,,
Dorfromantik,,,,,1,-1,,,,,,,,-1,,,
Dorfromantik,,,,,0,,,,,,,,,,,,-1
Dorfromantik,,-1,,1,1,-1,1,1,0,-1,-1,1,,1,-1,-1,-1
Dorfromantik,,1,,,1,-1,,,-1,1,1,,,,,,
Dorfromantik,,,,,,,,,,,,,,,,,
Dorfromantik,-1,,-1,,,,,,,,,,,-1,,,
Dorfromantik,,,,,1,,1,1,1,0,,,,-1,,,
Dorfromantik,,,,,1,,,,,,,,,-1,,,
Dorfromantik,-1,,-1,,,,,,,,,,,,,,
Dorfromantik,,,,1,1,,1,1,1,1,,1,,,,,
Dorfromantik,,,,,0,-1,1,1,1,1,,,,,-1,-1,
Dorfromantik,,,,,1,,1,1,,,,,,,,,
Dorfromantik,,,,,1,-1,,,,,,,-1,-1,,,
Dorfromantik,,,,1,1,,1,1,,,,,,,1,1,
Dorfromantik,-1,,-1,,,,,,,,,,,-1,,,
Dorfromantik,,,,,1,,,,,,,,,,,,
Dorfromantik,,,,1,1,,1,1,,,,,,1,,1,
Dorfromantik,,,,,,-1,,,,,,,,,,,
Dorfromantik,,,,,1,-1,,,,,,,,-1,,,
Dorfromantik,-1,-1,,-1,,,,,-1,,-1,,,,-1,-1,
Dorfromantik,,,,,1,,,,,,,,,,,,
Dorfromantik,,,,,,,-1,,,,,,,-1,,,
Dorfromantik,-1,-1,-1,,,,1,,,,,,,0,,,
Dorfromantik,,,,,1,,,,,,,,,,,,
Dorfromantik,,,,,1,,1,,,,,,,,,,
Dorfromantik,,,,1,1,-1,1,1,,,,,,1,-1,-1,
Dorfromantik,,,,,1,,,,,,,,,,,,
Dorfromantik,,,,,1,,1,,,,,,,,,1,
Age of Empires IV: Anniversary Edition,-1,,,,,,,,,,,,,,,,
Age of Empires IV: Anniversary Edition,,,,,,,,,,,,,,-1,,,
Age of Empires IV: Anniversary Edition,,,,,1,,,,,,,,,,,,
Age of Empires IV: Anniversary Edition,,-1,,,1,,1,,-1,,-1,,,,,,
Age of Empires IV: Anniversary Edition,,,,,,,,,,,,,,,,,
Age of Empires IV: Anniversary Edition,,,,,1,,,,,,,,,,,,
Age of Empires IV: Anniversary Edition,-1,,-1,,1,,1,,,,,,,-1,,,
Age of Empires IV: Anniversary Edition,,,,,,,,,,,,,,-1,,,
Age of Empires IV: Anniversary Edition,,,,-1,,,,,,,,,,,,,
Age of Empires IV: Anniversary Edition,,,,,,,,,,,,,,,-1,-1,
Age of Empires IV: Anniversary Edition,,,,,,,,,,,,,,,,,
Age of Empires IV: Anniversary Edition,,,,,,,,,,,,,,,,,
Age of Empires IV: Anniversary Edition,,,,,1,,,,,,,,,,,,
Age of Empires IV: Anniversary Edition,-1,,-1,,,,,,,,,,,,,,
Age of Empires IV: Anniversary Edition,,,,,1,,1,1,,,,1,,,,,
Age of Empires IV: Anniversary Edition,,,,,,,,,,,,,,,,,
Age of Empires IV: Anniversary Edition,,,,,,-1,-1,,,,,,,-1,,,
Age of Empires IV: Anniversary Edition,,,-1,,,,,,,,,,,,,,
Age of Empires IV: Anniversary Edition,,,,,,,,,,,,,,,,,
Age of Empires IV: Anniversary Edition,,,,-1,1,,-1,,-1,,,,,,,,
Age of Empires IV: Anniversary Edition,,,,,,,,,,,,,,,,,
Age of Empires IV: Anniversary Edition,,,,1,1,,,,,,,,,,,,
Age of Empires IV: Anniversary Edition,,,,,1,,,,,,,,,,,,
Age of Empires IV: Anniversary Edition,,,,,1,,,,,,,,,,,,
Age of Empires IV: Anniversary Edition,,,,,,,,,,,,,,,,,
Age of Empires IV: Anniversary Edition,,,,,1,,,,,,,,,,,,
Age of Empires IV: Anniversary Edition,-1,,,,,,,,,,,,,,,,
Age of Empires IV: Anniversary Edition,,,,,1,,,,,,,,,,,,
Age of Empires IV: Anniversary Edition,-1,1,-1,1,1,,1,,1,,1,,,-1,,,
Age of Empires IV: Anniversary Edition,,,,,1,,,,,,,,,,,,
Age of Empires IV: Anniversary Edition,,,,,1,,,,,,,,,,,,
Age of Empires IV: Anniversary Edition,,,,,,,,,,,,,,-1,,,
Age of Empires IV: Anniversary Edition,,,,,1,,,,,,,,,,,,
Age of Empires IV: Anniversary Edition,,,,,,,,,,,,,,,,,
Age of Empires IV: Anniversary Edition,,,,,1,,,,,,,,,,,,
Age of Empires IV: Anniversary Edition,,,,,1,,,,,,,,,,,,
Age of Empires IV: Anniversary Edition,,,,1,1,-1,1,1,,,,1,,,0,1,-1
Age of Empires IV: Anniversary Edition,,,,,1,,,,,,,,,,,,
Age of Empires IV: Anniversary Edition,,,,,1,,,,,,,,,,,,
Age of Empires IV: Anniversary Edition,,,,,1,,,,,,,,,,,-1,
Age of Empires IV: Anniversary Edition,,,,,1,,,,,,,,,,,,
Age of Empires IV: Anniversary Edition,,,,,1,-1,,1,,,,,,,-1,-1,-1
Age of Empires IV: Anniversary Edition,,,,,1,,,,,,,,,,,,
Age of Empires IV: Anniversary Edition,,,,,1,,,,1,,,,,,,,
Age of Empires IV: Anniversary Edition,,,-1,,,,,,,,,,,,,,
Age of Empires IV: Anniversary Edition,,,,,1,,,,,,,,,,,,
Age of Empires IV: Anniversary Edition,,,,,1,,,,,,,,,,,,
Age of Empires IV: Anniversary Edition,-1,,-1,,,,,,,,,,,,,,
Age of Empires IV: Anniversary Edition,,,,,1,,,,,,,,,,,,
Age of Empires IV: Anniversary Edition,,,,,,,,,,,,,,,,,-1
Age of Empires IV: Anniversary Edition,,,,,1,,,,,,,,,,,,
Age of Empires IV: Anniversary Edition,,,,,1,,,,,,,,,,,,1
Age of Empires IV: Anniversary Edition,,,,,,,,,,,,,,,,,
Age of Empires IV: Anniversary Edition,,,,,1,,1,,,,,,,,,,
Age of Empires IV: Anniversary Edition,,,-1,,,-1,-1,-1,,,,,,-1,,,
Age of Empires IV: Anniversary Edition,,,,,1,,,,,,,,,,,,
Age of Empires IV: Anniversary Edition,-1,,-1,,,,,,,,,,,,,,
Age of Empires IV: Anniversary Edition,,,,,1,,,,,,,,,,,,
Age of Empires IV: Anniversary Edition,,,,,1,,,,,,,,,,,-1,
Age of Empires IV: Anniversary Edition,,,,,1,,,,,,,,,,,,
Age of Empires IV: Anniversary Edition,-1,-1,-1,,,,,,-1,-1,-1,,,,,,
Age of Empires IV: Anniversary Edition,,,,,1,,-1,-1,0,,,,,,,,
Age of Empires IV: Anniversary Edition,,,,1,1,-1,1,1,1,1,1,1,,,-1,,-1
Age of Empires IV: Anniversary Edition,,,,,1,,1,1,,,,1,,,,,
Age of Empires IV: Anniversary Edition,,,,,1,,,,,,,,,1,,,
Age of Empires IV: Anniversary Edition,,,,,,,,,,,,,,,,,
Age of Empires IV: Anniversary Edition,,,,1,1,,,,,,,,,,,1,1
Age of Empires IV: Anniversary Edition,,,,1,1,-1,-1,1,,,,1,,,-1,-1,-1
Age of Empires IV: Anniversary Edition,-1,,-1,-1,1,-1,,,,,,,,-1,,,
Age of Empires IV: Anniversary Edition,,,,,,,-1,,,,,,,-1,,,
Age of Empires IV: Anniversary Edition,,,,-1,-1,,,,,,,,,,,-1,-1
Age of Empires IV: Anniversary Edition,,,,,1,-1,,,,,,,,,-1,-1,-1
Age of Empires IV: Anniversary Edition,,,,,,-1,,-1,,,,,,-1,-1,-1,
Age of Empires IV: Anniversary Edition,,,,-1,,,,,,,,,,-1,,,
Age of Empires IV: Anniversary Edition,,,,,1,,,,,,,,,,,,-1
Age of Empires IV: Anniversary Edition,-1,,-1,,1,,,,,,,,,-1,,,
Age of Empires IV: Anniversary Edition,,,,-1,0,-1,-1,0,0,-1,,-1,,-1,-1,-1,-1
Age of Empires IV: Anniversary Edition,,,,,-1,-1,,,,,,,,,-1,,-1
Age of Empires IV: Anniversary Edition,,,,1,0,-1,-1,0,0,-1,,1,,-1,-1,-1,-1
Age of Empires IV: Anniversary Edition,,,,0,0,-1,,,,,,,,,-1,-1,
Age of Empires IV: Anniversary Edition,-1,,-1,,-1,,,,,,,,,-1,,,
Age of Empires IV: Anniversary Edition,,,,-1,,,,,,,,,,,,,-1
Age of Empires IV: Anniversary Edition,,,,-1,,,-1,,,,,,,-1,,,
Age of Empires IV: Anniversary Edition,,,,1,1,,,,,,,,,-1,-1,-1,-1
Age of Empires IV: Anniversary Edition,,,,1,1,,,,,,,,,,,,
Age of Empires IV: Anniversary Edition,,,,0,0,-1,1,1,,,,0,-1,0,-1,-1,-1
Age of Empires IV: Anniversary Edition,,,,1,1,-1,1,1,,1,,0,,0,-1,-1,-1
Age of Empires IV: Anniversary Edition,,,,,0,,,,,,,,,,,,
Age of Empires IV: Anniversary Edition,,,,-1,1,,,-1,,,,,,-1,,-1,-1
Age of Empires IV: Anniversary Edition,-1,,-1,,,-1,,,,,,,,-1,,,
Age of Empires IV: Anniversary Edition,,,,1,1,,,,,,,,,,,,
Age of Empires IV: Anniversary Edition,,,,0,1,-1,-1,-1,,-1,,0,-1,,-1,-1,-1
Age of Empires IV: Anniversary Edition,,,,,1,,,,1,1,,,,,,,
Age of Empires IV: Anniversary Edition,-1,-1,-1,-1,1,,,1,,,,,,,-1,-1,-1
Age of Empires IV: Anniversary Edition,,,,1,1,-1,,1,,,,,,,-1,-1,-1
Age of Empires IV: Anniversary Edition,,,,-1,1,,,,,,,,,,,,
Age of Empires IV: Anniversary Edition,,,,-1,0,,,,,,,,,,,,-1
Age of Empires IV: Anniversary Edition,,,,,1,,,,,,,,,,,,-1
Age of Empires IV: Anniversary Edition,,,,1,1,,,,,,,,,,,,
Age of Empires IV: Anniversary Edition,,,,1,0,,,0,,,,1,,,,-1,-1
Wartales,,,,,1,,,,,,,,,,,,
Wartales,,,,1,1,,,,,,,,,,,,
Wartales,,,-1,,1,-1,,-1,,,,,,,-1,-1,-1
Wartales,,,,,0,,,,,,,,,,,-1,
Wartales,,,,,1,,,,,,,,,,,,
Wartales,,,,,1,,,,,,,,,,,,
Wartales,,,,,1,,,,,,,,,,,,
Wartales,,,,0,1,,1,1,,,,0,,,,,
Wartales,,,,,0,,,,,,,,,,,,-1
Wartales,,,,,,-1,,,,,,,,-1,,,
Wartales,,,,,,,,,,,,,-1,,,,
Wartales,,,,,,,,,,,,,,,,,
Wartales,,,,,1,,,,,,,,,,,,
Wartales,,,,,,,,,,,,,,,,,
Wartales,,,,1,1,,,,,,,,,,,-1,-1
Wartales,,,,,,,,,,,,,,,-1,,
Wartales,,,,,,,,,,,,,,,,,
Wartales,,,,,,,,,,,,,,,,,
Wartales,,,,,1,,,,,,,,,,,,
Wartales,,,,,1,,,,,,,,,,-1,-1,
Wartales,,,,,1,,,,,,,,,,,,
Wartales,,,,,,,,,,,,,,,,,
Wartales,,,,,1,,,,,,,,,,,,
Wartales,,,,,,-1,,,,,,,-1,-1,,,
Wartales,,,,,1,,,,,,,,,,,,
Wartales,,,,,,,,,,,,,,,,,
Wartales,,,,0,1,,,,,,,,,,,,
Wartales,,,,,,,,,,,,,,,,,
Wartales,,,,,1,,,,,,,1,,,,,
Wartales,,,,,1,,,,,,,,,,,,
Wartales,,,,,1,-1,,,,,,,,,,-1,-1
Wartales,,,,0,1,,,,,,,,,,,,
Wartales,,,,,,,,-1,,,,,,,,,
Wartales,,,,,,,,,,,,,,,-1,-1,
Wartales,,,,,1,,,,,,,,,,,,
Wartales,,,,,1,,,,,,,,,,,,
Wartales,,,,,1,,,,,,,,,,,,
Wartales,,,,,,,,,,,,,,,,,
Wartales,,,,,1,,,,,,,,,,,,
Wartales,,,,,1,,,,,,,,,-1,,,
Wartales,,,,1,1,,,,,,,,,,,,
Wartales,,,,0,1,,,,,,,,,,,,
Wartales,,,,,,-1,0,0,,,,,,,,,
Wartales,,,,,,,,,,,,,,,,,
Wartales,,,,,,,,,,,,,,,,,
Wartales,,,,,0,,,,,,,,,,,,
Wartales,,,,,1,,,,,,,,,,,,
Wartales,-1,,,,1,,,,,,,,,,,,
Wartales,,,,1,1,,,,,,,,,,,,
Wartales,,,,,1,,,,,,,,,,,,
Wartales,,,,,1,,,,,,,,,,,,
Wartales,,,,1,1,,1,1,,,,,,1,,,
Wartales,,,,,0,,,,,,,,,,,,-1
Wartales,,,,,,,,,,,,,,,,,
Wartales,,,,,1,,,,,,,,,,,,
Wartales,,,,,1,,,,,,,,,,,,
Wartales,,,,,1,,1,1,,,,,,,-1,-1,
Wartales,,,,,,,,,,,,,,,,,
Wartales,,,,,1,-1,,-1,,,,,,,-1,-1,
Wartales,,,,,1,,,,,,,,,,,,
Wartales,,,,,,,,,,,,,,-1,,,
Wartales,,,,,1,,,,,,,,,,,,
Wartales,,,,1,1,,,,,,,,,1,,,
Wartales,,,,,,,,,,,,,,,,,
Wartales,,,,,-1,,,,,,,,,,,,
Wartales,,,-1,,1,,,,,,,,,0,,,
Wartales,,,,,1,,,,,,,,,,,,
Wartales,,,,,1,,,,,,,,,,,,
Wartales,,,,,1,-1,,,,,,,-1,,,-1,
Wartales,,,,,,-1,,,,,,,,,-1,,
Wartales,,,,,1,,,,,,,,,,,,
Wartales,,,,,1,,,,,,,,,,,,
Wartales,,,,,,,,,,,,,,,,,
Wartales,,,,,,,,,,,,,,,-1,-1,
Wartales,,,,,,,,,,,,,,,,,
Wartales,,,,,1,-1,1,,,,,1,,,,,
Wartales,,,,,1,,,,,,,,,,,,
Wartales,,,,,1,,,,,,,,,,,,
Wartales,,,,,,,,,,,,,,,,,
Wartales,,,,,1,,,,,,,,,,,,
Wartales,,,,,1,,,,,,,,,,,-1,
Wartales,,,,,1,,,,,,,,,,,,
Wartales,,,,,,,,,,,,,,,1,,
Wartales,,,,,,,,,,,,,,,,,
Wartales,-1,,-1,,,,,,,,,,,,,,
Wartales,,,,,,,,,,,,,,,,,
Wartales,,,,,1,,,,,,,,,,,,
Wartales,,,,,,,,,,,,,,,,,
Wartales,,,,,1,,,,,,,,,,,,
Wartales,,,,,1,,,,,,,,,,,,
Wartales,,,,,-1,,,,,,,,,,,,
Wartales,,,,,1,,,,,,,,,,,,
Wartales,,,,,1,,,,,,,,,,,,
Wartales,,,,,,,,,,,,,,,,,
Wartales,,,,,1,,,,,,,,,,,,
Wartales,,,,,1,,,,,,,,,,,,
Wartales,,,,,,,,,,,,,,,,,
Wartales,,,,,,,,,,,,,,,,,
Wartales,,,,,1,,,,,,,,,,,,
Wartales,,,,,1,,,,,,,,,,,,
Goose Goose Duck,,,,,1,,,,,,,,,,,,
Goose Goose Duck,,,,,1,,,,,,,,,,,,
Goose Goose Duck,,,,,1,,,,,,,,,,,,
Goose Goose Duck,,,,,,,,,,,,,,,,,
Goose Goose Duck,,,,,,,,,,,,,,,,,
Goose Goose Duck,,,,,,,,,,,,,,,,,
Goose Goose Duck,,,,,1,,,,,,,,,,,,
Goose Goose Duck,,,,,1,,,,,,,,,,,,
Goose Goose Duck,,,,,1,,,,,,,,,,,,
Goose Goose Duck,,,,,1,,,,,,,,,,,,
Goose Goose Duck,,,,,1,,,,,,,,,,,,
Goose Goose Duck,,,,,,,,,,,,,,,,,
Goose Goose Duck,,,,,,-1,,,,,,,,,,,
Goose Goose Duck,,,,,,,,,,,,,,,,,
Goose Goose Duck,,,,,,,,,,,,,,,,,
Goose Goose Duck,,,,,1,-1,,,,,,,,,,,-1
Goose Goose Duck,,,,,,,,,,,,,,,,,
Goose Goose Duck,,,,,1,,,,,,,,,,,-1,
Goose Goose Duck,,,,,,,,,,,,,,,,-1,
Goose Goose Duck,,,,,,,,,,,,,,,,,
Goose Goose Duck,,,,,1,,,,,,,,,,,,
Goose Goose Duck,,,,,1,,,,,,,,,,,,
Goose Goose Duck,,,,1,1,,,,,,,,,,,,
Goose Goose Duck,,,,,,,,,,,,,,,,,
Goose Goose Duck,,,,,,,,,,,,,,,,,
Goose Goose Duck,,,,,,,,,,,,,,,,,
Goose Goose Duck,,,,,1,,,,,,,,,,,,
Goose Goose Duck,,,,,1,,,,,,,,,,,,
Goose Goose Duck,,,,,1,,,,,,,,,,,,
Goose Goose Duck,,,,,1,,,,,,,,,,,,
Goose Goose Duck,,,,,1,,,,,,,,,,,,
Goose Goose Duck,,,,,,,,,,,,,,,,,
Goose Goose Duck,,,,,1,,,,,,,,,,,,
Goose Goose Duck,,,,,,,,,,,,,,,,,
Goose Goose Duck,,,,,1,,,,,,,,,,,,
Goose Goose Duck,,,,,1,-1,,,,,,,,,,-1,-1
Goose Goose Duck,,,,,1,,,,,,,,,,,,
Goose Goose Duck,,,,,1,,,,,,,,,,,,
Goose Goose Duck,,,,,,,,,,,,,,,,,
Goose Goose Duck,,,,,,,,,,,,,,,,,
Goose Goose Duck,,,,,1,,,,,,,,,,,,
Goose Goose Duck,,,,,,,,,,,,,,,,,
Goose Goose Duck,,,,,1,,,,,,,1,,,,,
Goose Goose Duck,,,,,,,,,,,,,,,,,
Goose Goose Duck,,,,,,,,,,,,,,,,,
Goose Goose Duck,,,,,1,,,,,,,,,,,,
Goose Goose Duck,,,,,1,,,,,,,,,,,,
Goose Goose Duck,,,,,,,,,,,,,,,,,
Goose Goose Duck,,,,,,,,,,,,,,,,,
Goose Goose Duck,,,,,,,,,,,,,,,,,
Goose Goose Duck,,,,,1,,,,,,,,,,,,
Goose Goose Duck,,,,,1,,,,,,,,,,,,
Goose Goose Duck,,,,,1,,,,,,,,,,,,
Goose Goose Duck,,,,,1,,,,,,,,,,,,
Goose Goose Duck,,,,,,,-1,,,,,,,,,,
Goose Goose Duck,,,,,1,,,,,,,,,,,,
Goose Goose Duck,,,,,1,,,,,,,,,,,,
Goose Goose Duck,,,,,,-1,,,,,,,,,,,
Goose Goose Duck,,,,,,,,,,,,,,,,,
Goose Goose Duck,,,,,,,,,,,,,,,,,
Goose Goose Duck,,,,,,,,,,,,,,,,,
Goose Goose Duck,,,,,,,,,,,,,,,,,
Goose Goose Duck,,,,,,,,,,,,,,,,,
Goose Goose Duck,,,,,,,,,,,,,,,,,
Goose Goose Duck,,,,,,,,,,,,,,,,,
Goose Goose Duck,,-1,,1,1,,1,1,1,,,,,,,,
Goose Goose Duck,,,,,0,-1,,,,,,,,,,,
Goose Goose Duck,,,,1,1,,,0,,,,,,,0,0,-1
Goose Goose Duck,,1,,,1,-1,,,,,,,,,-1,-1,-1
Goose Goose Duck,,,,1,0,-1,1,1,,,,,,,-1,-1,-1
Goose Goose Duck,,,,,,-1,,,,,,,,,,,
Goose Goose Duck,,,,,1,,,,,,,,,,-1,-1,
Goose Goose Duck,,,,,,-1,,,,,,,,-1,,,
Goose Goose Duck,,,,1,1,,0,1,,,,,,,,,
Goose Goose Duck,,,,1,1,,,1,,,,,,,-1,-1,-1
Goose Goose Duck,,,,,,,,,,,,-1,,,,,
Goose Goose Duck,,,,,1,,,,,,,,,,,-1,
Goose Goose Duck,,,,1,1,,,1,,,,1,,,,,-1
Goose Goose Duck,,,,,,,,,,,,,,,,,
Goose Goose Duck,-1,1,-1,1,1,,1,1,,,1,,,1,,-1,
Goose Goose Duck,,,,,1,,,,,,,,,,,,
Goose Goose Duck,,,,,1,-1,,,,,,,,,,-1,
Goose Goose Duck,,,,,,,,,,,,,,,,,
Goose Goose Duck,,,-1,,,-1,,,,,,,-1,,,,-1
Goose Goose Duck,0,0,,,1,,0,,0,,1,,,,0,-1,-1
Goose Goose Duck,,,,,1,-1,,,,,,,,,,,
Goose Goose Duck,,,,,,,,,,,,,-1,,,,
Goose Goose Duck,,,,,,,,,,,,,,,,,
Goose Goose Duck,,,,0,1,,1,,,,,,,,,,
Goose Goose Duck,,,,,1,,,,,,,,,,,,
Goose Goose Duck,,,,,1,-1,,,,,,,,,-1,,-1
Goose Goose Duck,,,,,,,,,,,,,,,,,
Goose Goose Duck,,,,,,,,,,,,,,,,,
Goose Goose Duck,,,,,,-1,,,,,,,,,-1,,
Goose Goose Duck,,,,,,,,,,,,,,,,,
Goose Goose Duck,,,,-1,1,,,,,,,,,,,,
Goose Goose Duck,,,-1,,,,,-1,,,,,,,,,-1
Goose Goose Duck,,,,,,,,,,,,,,,,,
Goose Goose Duck,,,,,,,,,,,,,,,-1,,-1
Goose Goose Duck,-1,-1,-1,-1,,,,-1,,,,,,-1,-1,-1,
PlateUp!,,,,,,,,,,,,,-1,-1,,,
PlateUp!,-1,,-1,,1,,,,,,,,,-1,,,
PlateUp!,,,,1,1,,,,,,,,,,,-1,
PlateUp!,,,,,1,,,,,,,,,,,,
PlateUp!,,,,,,,,,,,,,,,,,
PlateUp!,,,,,1,,,,,,,,,,,,-1
PlateUp!,,,-1,,,-1,,,,,,,-1,,-1,-1,-1
PlateUp!,,,,,1,,,,,,,,,,,,
PlateUp!,,,,,,,,,,,,,,,,,
PlateUp!,,,,1,,,1,1,,,,,,,,,
PlateUp!,,,,,,,,,,,,,,,,,
PlateUp!,,,,,1,,,,,,,,,,,,-1
PlateUp!,,,,,1,,1,,,,,,,1,,,
PlateUp!,,,,,1,,,,,,,,,,,,
PlateUp!,,,,,,-1,,,,,,,,,,,
PlateUp!,,,,,,,,,,,,,,,,,
PlateUp!,,,,,1,,,,,,,,,,,,
PlateUp!,,,,,,,,,,,,,,,,,
PlateUp!,,,,,,,,,,,,,,,,,
PlateUp!,,,,1,1,1,1,1,,,,,,,,,-1
PlateUp!,,,,-1,1,,,,,,,,,,,,
PlateUp!,,,,,1,-1,,,,,,,,,,,
PlateUp!,,,,,1,,,1,,,,,,,,,
PlateUp!,,,,,-1,,,,,,,,,-1,,,
PlateUp!,,,,,,,,,,,,,,,,,
PlateUp!,,,,,1,,,-1,,,,,,,-1,,-1
PlateUp!,,,,,,,,,,,,,,,,,
PlateUp!,,,,,1,,,,,,,,,,,,-1
PlateUp!,,,,,1,-1,,,,,,,,-1,,,
PlateUp!,,,,0,0,,-1,,,,,,,,,,
PlateUp!,,,,,,,,,,,,,,,,,
PlateUp!,,,,,1,,,,,,,,,,-1,,
PlateUp!,,,,,,,,,,,,,,,,,
PlateUp!,,,,,,,,,,,,,,,,,
PlateUp!,,,,,1,,,,,,,,,,,,
PlateUp!,,,,,1,,-1,,,,,,,,,-1,
PlateUp!,,,,,,-1,,,,,,,,,-1,,
PlateUp!,,,,,,,,,,,,,,,,,
PlateUp!,,,,,1,,,,0,,,,,,-1,-1,
PlateUp!,,,,,1,,,,,,,,,,,,
PlateUp!,,,,,1,,-1,,0,0,,,,,,,
PlateUp!,,,,,1,,,,,,,,,,,,
PlateUp!,,,,,,,,,,,,,,,,,
PlateUp!,,,,,,,,,,,,,,,,,
PlateUp!,,,,,1,,,,,,,,,,,-1,
PlateUp!,,,,,1,,,,,,,,,,,,
PlateUp!,,,,,1,,,,,,,,,,,,
PlateUp!,,,,,,,,,,,,,,,,,
PlateUp!,,,,,1,,,,,,,,,,,,
PlateUp!,,,,-1,,,-1,,,,,,,-1,,,
PlateUp!,,,,,1,,,,,,,,,,,,
PlateUp!,,,,,1,,,,,,,,,,,,
PlateUp!,,,,,,,,,,,,,,,,,
PlateUp!,,,,,,,,,,,,,,,,,
PlateUp!,,,,-1,,,,,,,,,,-1,,,
PlateUp!,,,,,1,,,,,,,,,,,,
PlateUp!,,,,,,-1,,,,,,,,,-1,,-1
PlateUp!,,,,,,,,,,,,,,,,,
PlateUp!,,,,,,,,,,,,,,,,,
PlateUp!,,,,,,,,,,,,,,,,,
PlateUp!,,,,,,-1,,,,,,,,-1,-1,-1,
PlateUp!,,,,,,,,,,,,,,,,,
PlateUp!,,,,1,1,,,1,,,,,,,,,
PlateUp!,,,,,1,,,,,,,,,,-1,,
PlateUp!,,,,,,,,,,,,,,,,,
PlateUp!,,,,,1,,,,,,,,,,1,,
PlateUp!,,,,,1,,,,-1,,,,,,-1,-1,-1
PlateUp!,,,,,-1,,-1,0,,,,-1,,,,,
PlateUp!,,,,-1,,,,,,,,,,-1,,,
PlateUp!,,,,1,1,-1,1,1,1,1,1,1,-1,-1,-1,-1,-1
PlateUp!,,,,,1,-1,1,1,1,1,1,1,,,,,-1
PlateUp!,,,,-1,1,-1,-1,-1,,,,,,-1,-1,-1,-1
PlateUp!,,,,1,1,-1,1,1,1,-1,,1,,,-1,-1,-1
PlateUp!,,,,1,1,-1,0,-1,,,,-1,,-1,-1,-1,-1
PlateUp!,,,,-1,-1,,,-1,,,,,,,,-1,
PlateUp!,,,,,1,,1,,,,,,,,,,
PlateUp!,,,-1,1,1,-1,,1,,,,1,,,,,-1
PlateUp!,-1,-1,-1,,,-1,,,,,,,,-1,,-1,
PlateUp!,-1,1,-1,1,1,-1,1,1,0,,1,1,,1,-1,-1,-1
PlateUp!,,,,,,,,,,,,,,,,,
PlateUp!,-1,-1,-1,1,1,-1,-1,-1,-1,,-1,,,,,,
PlateUp!,,,,1,1,-1,1,1,,,,0,,,-1,-1,-1
PlateUp!,-1,-1,-1,,-1,,,,-1,,-1,,,-1,,,
PlateUp!,,,,,1,-1,,-1,,,,,,,-1,-1,-1
PlateUp!,,,,0,1,,,0,0,0,,0,,,-1,-1,-1
PlateUp!,,,,1,0,-1,1,0,1,0,1,0,,,-1,-1,-1
PlateUp!,,,,,1,,,,,,,,,,,,
PlateUp!,,,,-1,0,,-1,,0,-1,,,,-1,,,
PlateUp!,-1,,-1,,,,,,,,,,,,,,
PlateUp!,,,,-1,1,,,,,,,,,,,,-1
PlateUp!,,,,,1,-1,-1,-1,,,,,,,,,
PlateUp!,,,,1,1,-1,1,1,1,,,1,,,-1,,-1
PlateUp!,-1,1,-1,1,0,-1,1,1,1,,1,0,,0,-1,-1,-1
PlateUp!,,,,,,,,,,,,,,,,,
PlateUp!,-1,-1,-1,-1,-1,,-1,-1,-1,,-1,-1,,-1,,,
PlateUp!,,,,-1,-1,-1,,-1,-1,,-1,-1,,,-1,-1,-1
PlateUp!,,,,,0,,-1,,,,,,,,,,
PlateUp!,,,,,1,,,,,,,,,,,,
PlateUp!,,,,0,1,,,,,,,,,,,-1,
PlateUp!,,,,,1,,,,-1,-1,,,,-1,,-1,
Frostpunk 2,,,,,1,,1,1,,,,,,1,,,
Frostpunk 2,-1,,-1,,,,,,,,,,,-1,,,
Frostpunk 2,,,,-1,1,,,0,,,,,,,,-1,-1
Frostpunk 2,,,,-1,-1,,,-1,,,,,,-1,-1,-1,-1
Frostpunk 2,,,,,,,,,,,,,,,,,
Frostpunk 2,,,,,1,,1,1,,,,,,,,,
Frostpunk 2,,,,,,,,,,,,,,,,,
Frostpunk 2,-1,,-1,,1,,,,,,,,,,,,
Frostpunk 2,,,,,,,,,,,,,,,,,
Frostpunk 2,,,,-1,1,,,,,,,,,,,-1,
Frostpunk 2,,,,,1,,,,,,,,,,,,-1
Frostpunk 2,,,,,,-1,,,,,,,,,,,
Frostpunk 2,-1,,-1,,1,,,,,,,,,,,,
Frostpunk 2,,,,,1,,,,,,,,,,-1,,
Frostpunk 2,,,,,1,,,,,,,,,1,,,
Frostpunk 2,,,,-1,1,,,-1,,,,-1,,,,,
Frostpunk 2,,,,,1,,,,,,,,,,,,
Frostpunk 2,,,,,0,,,,,,,1,,,,,-1
Frostpunk 2,,,,,1,,,,,,,,-1,-1,,,
Frostpunk 2,,,-1,,0,,1,-1,,,,-1,-1,-1,,-1,
Frostpunk 2,,,,,,,-1,,,,,,,-1,,,
Frostpunk 2,,,,,,,,,,,,,,,,,
Frostpunk 2,,-1,,,-1,,-1,-1,,,,,,,,,
Frostpunk 2,,,,,,,,,,,,,,,-1,,
Frostpunk 2,,,,,,,,,,,,,,,,,
Frostpunk 2,,,,,,,,,,,,,,,,,
Frostpunk 2,,,,,-1,,,,,,,,,,,,
Frostpunk 2,,,,1,0,,,,,,,,,,,,
Frostpunk 2,,,,,,,,,,,,,,,,,
Frostpunk 2,,,,,,,,,,,,,,,-1,,
Frostpunk 2,-1,0,-1,0,1,,1,0,0,,-1,0,,,,,
Frostpunk 2,1,,-1,1,1,-1,0,0,0,,1,0,,0,-1,-1,-1
Frostpunk 2,,,,,,,,,,,,,,,,,
Frostpunk 2,-1,,-1,1,1,,,,,,,,,1,,-1,
Frostpunk 2,,,,,1,,0,1,,,,0,,,,,
Frostpunk 2,,,,,1,,,,1,,,1,,,,,
Frostpunk 2,,,,,1,,,,,,,,,,,,
Frostpunk 2,,,,,1,,,,,,,,,,,,
Frostpunk 2,-1,,-1,,,,,,,,,,,-1,,,
Frostpunk 2,-1,,-1,,1,,,,,,,,,,,,
Frostpunk 2,,,,,,,,,,,,,,-1,,,
Frostpunk 2,,,,1,1,1,1,1,1,1,1,1,,1,0,-1,
Frostpunk 2,,,,,,,,,,,,,,,,,
Frostpunk 2,,,,1,1,,1,1,,,,1,,,,,1
Frostpunk 2,,,,,,,,,,,,,,,,,
Frostpunk 2,,,,,1,,-1,,,,,,,,,-1,
Frostpunk 2,,,,,,,,,,,,,,,,,
Frostpunk 2,,,,,1,,1,,,,,,,,,,-1
Frostpunk 2,-1,,,,,,,,,,,,,,,,
Frostpunk 2,,,,,1,,,,,,,,,,,,
Frostpunk 2,,,,,1,,,,,,,,,,,,
Frostpunk 2,-1,,-1,,1,,,,,,,,,,,,
Frostpunk 2,-1,-1,-1,,-1,-1,,,-1,,-1,,,,-1,-1,
Frostpunk 2,-1,,-1,,,,,,,,,,,,,,
Frostpunk 2,,,,1,1,,-1,1,,,,1,,0,,,
Frostpunk 2,,,,,,,,,,,,,,,,,
Frostpunk 2,,,,-1,-1,-1,,-1,,,,,,,-1,-1,-1
Frostpunk 2,,,,,,,,,,,,,-1,,,,
Frostpunk 2,,,,,0,,,,,,,0,,,,,
Frostpunk 2,,,,,-1,,,,,,,,,,,,
Frostpunk 2,,,,-1,0,,-1,-1,,,,-1,,,,,-1
Frostpunk 2,,,,,-1,,,,,,,,,,,,
Frostpunk 2,-1,-1,-1,,1,,,-1,,,,,,,,,
Frostpunk 2,-1,,-1,-1,,,,,,,,,,-1,,,
Frostpunk 2,,,,,,,,,,,,,,,,,
Frostpunk 2,,,,,,,,,,,,,,,-1,-1,-1
Frostpunk 2,,,,-1,0,,-1,-1,,,,-1,,,,,-1
Frostpunk 2,,,-1,,-1,-1,,,,,,,-1,-1,,-1,
Frostpunk 2,,,-1,1,1,-1,-1,,,,,,-1,-1,,-1,
Frostpunk 2,,,,1,1,-1,-1,-1,,,,,,-1,-1,-1,-1
Frostpunk 2,,,,,,,,,,,,,-1,,,,
Frostpunk 2,-1,,-1,,1,,,,,,,,,,,,
Frostpunk 2,,,,,,,,,,,,,,,,,
Frostpunk 2,,,,,1,-1,,,,,,,-1,-1,,-1,
Frostpunk 2,,,,,,,,,,,,,-1,,,,
Frostpunk 2,-1,,-1,,1,-1,1,0,,,,,,-1,,-1,
Frostpunk 2,,,-1,,,,,,,,,,,-1,,,
Frostpunk 2,,,,,1,-1,1,1,1,1,1,,,-1,-1,-1,-1
Frostpunk 2,,,-1,,,-1,,,,,,,,-1,,,
Frostpunk 2,,,,,,,,,,,,,,,,,
Frostpunk 2,,,,,1,,,,,,,,,,,,
Frostpunk 2,,,,,,,,,,,,,,,,,
Frostpunk 2,,,,,1,,,,,,,,,-1,,,
Frostpunk 2,,,,,1,,,,,,,,,-1,,-1,
Frostpunk 2,,,,,,,,,,,,,,-1,,,
Frostpunk 2,,,,,-1,-1,,,,,,,,-1,,,
Frostpunk 2,,,,,1,-1,,,,,,,,-1,,,
Frostpunk 2,,,,,,-1,,,,,,,,-1,,,
Frostpunk 2,,,,,,-1,,,,,,,,,,,
Frostpunk 2,-1,,-1,,1,-1,1,,,,,,,-1,,,
Frostpunk 2,,,,,,,,,,,,,,,,,
Frostpunk 2,,,,,1,-1,,,,,,,,-1,,,
Frostpunk 2,,,,,,,,,,,,,,,,,
Frostpunk 2,,,,,,,,,,,,,,,,,
Frostpunk 2,,,,,1,,,,,,,,-1,-1,,-1,
Frostpunk 2,,,,,1,,1,1,,,,,,,,,
Frostpunk 2,,,,,,,,,,,,,-1,,,,
Frostpunk 2,,,,,1,,,,,,,,,,,,
Frostpunk 2,,,,,,,,,,,,,,,,,
Frostpunk 2,,,-1,,1,-1,-1,-1,,,,,,-1,-1,-1,
Broken Arrow,,,,,,,,,,,,,,,,,
Broken Arrow,-1,,-1,1,1,,,1,,,,,,-1,,,
Broken Arrow,0,0,-1,1,1,-1,1,1,0,0,0,0,-1,0,,-1,-1
Broken Arrow,,,,,,-1,,,,,,,,,,,
Broken Arrow,,,,-1,1,-1,-1,,-1,-1,-1,-1,-1,-1,,-1,-1
Broken Arrow,,,,,1,-1,-1,,,,,,-1,-1,,-1,
Broken Arrow,,,,,1,,-1,,,,,,,-1,,,
Broken Arrow,,,,,,,,,,,,,,-1,,,
Broken Arrow,,,,0,1,,1,,,,,,,1,,-1,
Broken Arrow,-1,,-1,,,,,,,,,,,-1,,,
Broken Arrow,,,,,,-1,,,,,,,,,,,
Broken Arrow,,,,,,,,,,,,,,,,,
Broken Arrow,-1,,-1,,,,,,,,,,,-1,,,
Broken Arrow,,,,,1,-1,,,,,,,-1,-1,,-1,
Broken Arrow,,,,,-1,-1,,,,,,,-1,-1,,-1,
Broken Arrow,,,,,1,-1,,,,,,,,,-1,,
Broken Arrow,,,,,,-1,,,,,,,,-1,,,
Broken Arrow,,,,,1,-1,,,,,,,-1,-1,,-1,
Broken Arrow,-1,-1,,,1,,,,,,,,,,,,
Broken Arrow,,,,,,,,,,,,,1,,,,
Broken Arrow,,,-1,,1,-1,,,,,,,-1,-1,,,
Broken Arrow,,,,,1,-1,,,,,,,-1,-1,,,
Broken Arrow,,,,,,-1,,,,,,,,,,,
Broken Arrow,-1,,-1,,-1,-1,,,,,,,-1,-1,,-1,
Broken Arrow,,,,,1,-1,,,,,,,,-1,-1,,
Broken Arrow,,,,,,,,,,,,,,,,,
Broken Arrow,,,,,,,,,,,,,-1,,,,
Broken Arrow,,,,,,,,,,,,,,,,,
Broken Arrow,,,-1,,,,,,,,,,-1,-1,,,
Broken Arrow,-1,,-1,,1,-1,,,,,,,,0,-1,-1,
Broken Arrow,-1,,-1,,,,,,,,,,,-1,,,
Broken Arrow,,,,,,,,,,,,,,,,,
Broken Arrow,,,,,0,-1,,,,,,,,,,,
Broken Arrow,,,,,1,,,,1,,,,,,,,
Broken Arrow,-1,,-1,,,,,,,,,,,,,,
Broken Arrow,,,,,,,,,,,,,,,,,
Broken Arrow,,,,,1,,1,,,,,,,,,,
Broken Arrow,,,,,,,,,,,,,,,,,
Broken Arrow,,,,,1,-1,1,1,1,,,1,,,-1,-1,
Broken Arrow,,,,,,,,,,,,,,,,,
Broken Arrow,,,,,1,,1,,1,1,,1,,1,,,
Broken Arrow,,,,,1,,1,,,,,,,,,,
Broken Arrow,,,,,,,,,,,,,,,,,
Broken Arrow,,,-1,,,-1,,,,,,,,-1,,,
Broken Arrow,,,,,,-1,,,,,,,,-1,,,
Broken Arrow,-1,,-1,,,,,,,,,,,-1,,,
Broken Arrow,,,,,1,,,,,,,,,,,,
Broken Arrow,,,,,1,,,,,,,,,-1,,,
Broken Arrow,,,,-1,1,,1,1,,,,,,,-1,-1,
Broken Arrow,,,,-1,1,-1,,,,,,,,-1,-1,-1,-1
Broken Arrow,,,,,1,,,,,,,,,,,,
Broken Arrow,,,,,0,-1,,,,,,,-1,-1,,,
Broken Arrow,,,,,1,-1,,,,,,,-1,,,-1,
Broken Arrow,,,,,1,-1,1,,,,,,,,,,
Broken Arrow,,,,,,,,,,,,,,,,,
Broken Arrow,,,,,1,-1,,,,,,,,,,,
Broken Arrow,-1,,-1,,,,,,,,,,,,,,
Broken Arrow,,,,,1,,,,,,,,,,,,
Broken Arrow,,,,,,,,,,,,,,,,,
Broken Arrow,,,,,,,,,,,,,,,,,
Broken Arrow,,,-1,,,,,,,,,,,-1,,,
Broken Arrow,,,,,-1,-1,,,,,,,,,,-1,
Broken Arrow,-1,,-1,,1,,,,1,,1,,,,,,
Broken Arrow,,,,,,-1,,,,,,,,-1,,,
Broken Arrow,,,,,-1,-1,,,,,,,,-1,,,
Broken Arrow,-1,-1,-1,,1,-1,,,,,,,,-1,,-1,
Broken Arrow,,,,,,,,,,,,,-1,,,,
Broken Arrow,1,1,0,1,1,,1,1,1,1,,,,1,,,
Broken Arrow,,,,,1,-1,1,1,,,,,,,-1,-1,
Broken Arrow,,,,1,1,-1,1,1,,,,,,-1,-1,-1,-1
Broken Arrow,,,,,0,-1,,-1,,,,,,-1,-1,-1,-1
Broken Arrow,,,,1,1,-1,1,1,1,1,1,1,-1,0,-1,-1,-1
Broken Arrow,,,-1,,,,,,,,,,,,,,
Broken Arrow,,,-1,,1,-1,,1,,,,1,,,-1,,-1
Broken Arrow,,,,,1,,,1,,,,1,,,-1,-1,-1
Broken Arrow,,,,,1,-1,1,,,,,,,,-1,,
Broken Arrow,,,,,,-1,,,,,,,,,-1,-1,-1
Broken Arrow,,0,,0,1,-1,1,-1,,,1,0,,0,-1,-1,-1
Broken Arrow,-1,-1,-1,1,1,-1,1,1,0,,-1,0,,-1,-1,-1,-1
Broken Arrow,,,,1,1,-1,-1,-1,-1,-1,,-1,,-1,-1,-1,-1
Broken Arrow,,,,,0,-1,-1,,0,-1,,,-1,-1,,,
Broken Arrow,-1,,-1,,,,,,,,,,,-1,,,
Broken Arrow,,,,,,,,,,,,,,,0,,
Broken Arrow,,,,,1,,,,,,,,,,,,
Broken Arrow,-1,,-1,,,,,,,,,,,1,,,
Broken Arrow,,,,-1,0,-1,-1,-1,,-1,,,,-1,-1,-1,-1
Broken Arrow,,,,,1,-1,1,0,,,,,,-1,-1,-1,-1
Broken Arrow,,,,,1,,-1,-1,,,,,,-1,,,
Broken Arrow,-1,1,,1,1,-1,1,1,1,,1,1,,,-1,-1,-1
Broken Arrow,,,,1,1,-1,1,1,,,,,,-1,-1,-1,-1
Broken Arrow,-1,,-1,1,1,-1,1,1,,,,1,,-1,-1,-1,-1
Broken Arrow,-1,,-1,1,1,,1,1,,,,0,,-1,-1,-1,-1
Broken Arrow,,,,,1,,,,,,,,,,,,
Broken Arrow,-1,,-1,,1,-1,,,,,,,,-1,,,
Broken Arrow,-1,-1,,-1,0,-1,-1,-1,0,-1,-1,,,-1,-1,-1,
Broken Arrow,,,,,1,-1,,,,,,,,,-1,-1,
Broken Arrow,,,,,,-1,,,,,,,,,-1,-1,
Broken Arrow,,,,,1,,1,,,,,,,,,,
Broken Arrow,,,,,,,,,,,,,,,,,
Broken Arrow,,,,-1,-1,-1,-1,-1,,,,,,-1,,,
"Warhammer 40,000: Chaos Gate - Daemonhunters",,,,,1,,,,,,,,,,,,
"Warhammer 40,000: Chaos Gate - Daemonhunters",,,,,,,,,,,,,,-1,,,
"Warhammer 40,000: Chaos Gate - Daemonhunters",,,,,1,,1,,,,,,,0,,,
"Warhammer 40,000: Chaos Gate - Daemonhunters",,,,1,1,,1,,,,,,,0,,,
"Warhammer 40,000: Chaos Gate - Daemonhunters",-1,,,1,1,,-1,,1,1,,,,1,,,
"Warhammer 40,000: Chaos Gate - Daemonhunters",,,,,,,1,,,,,1,,,,,
"Warhammer 40,000: Chaos Gate - Daemonhunters",,,,,,,,,,,,,,,,,
"Warhammer 40,000: Chaos Gate - Daemonhunters",,,-1,,1,-1,,1,,,,,,,-1,-1,-1
"Warhammer 40,000: Chaos Gate - Daemonhunters",,1,,0,1,,1,1,1,,,,,,0,-1,
"Warhammer 40,000: Chaos Gate - Daemonhunters",,,,,,,,,,,,,,,,,
"Warhammer 40,000: Chaos Gate - Daemonhunters",,,,,1,,,,,,,,,,,,
"Warhammer 40,000: Chaos Gate - Daemonhunters",,,,,,,,,,,,,,,,,
"Warhammer 40,000: Chaos Gate - Daemonhunters",-1,,-1,1,1,-1,1,1,,,,1,,0,-1,,-1
"Warhammer 40,000: Chaos Gate - Daemonhunters",,,,,1,,,,,,,,,,,,
"Warhammer 40,000: Chaos Gate - Daemonhunters",,,,,,,,,,,,,,,,,
"Warhammer 40,000: Chaos Gate - Daemonhunters",,,,,,,,,,,,,,,,,
"Warhammer 40,000: Chaos Gate - Daemonhunters",,,,,,,,,,,,,,,,,
"Warhammer 40,000: Chaos Gate - Daemonhunters",,,,,,,,,,,,,,,,,
"Warhammer 40,000: Chaos Gate - Daemonhunters",,,,,,,,,,,,,,,,,
"Warhammer 40,000: Chaos Gate - Daemonhunters",,,,,1,,,,,,,,,,,,
"Warhammer 40,000: Chaos Gate - Daemonhunters",-1,1,-1,,1,-1,1,1,1,1,1,1,,-1,-1,,-1
"Warhammer 40,000: Chaos Gate - Daemonhunters",,,,,1,0,0,1,,,,,,,0,-1,
"Warhammer 40,000: Chaos Gate - Daemonhunters",1,,-1,,1,-1,,1,,,,,,1,-1,-1,-1
"Warhammer 40,000: Chaos Gate - Daemonhunters",,,,1,,,,,,,,,,,,,-1
"Warhammer 40,000: Chaos Gate - Daemonhunters",,,-1,-1,-1,-1,-1,-1,,,,,,-1,-1,-1,-1
"Warhammer 40,000: Chaos Gate - Daemonhunters",,,,,1,,,,,,,,,,,,
"Warhammer 40,000: Chaos Gate - Daemonhunters",,,,,,,,,,,,,,,,,
"Warhammer 40,000: Chaos Gate - Daemonhunters",,,,,1,,,,,,,,,,,,
"Warhammer 40,000: Chaos Gate - Daemonhunters",,,,,1,-1,,,,,,,,,-1,-1,-1
"Warhammer 40,000: Chaos Gate - Daemonhunters",,,,,1,,,,,,,,,,,,
"Warhammer 40,000: Chaos Gate - Daemonhunters",,,,,,,,,,,,,,,,-1,-1
"Warhammer 40,000: Chaos Gate - Daemonhunters",,,,1,1,,,,,,,0,,,-1,-1,
"Warhammer 40,000: Chaos Gate - Daemonhunters",,1,,1,1,,1,,1,1,1,1,,,,,
"Warhammer 40,000: Chaos Gate - Daemonhunters",1,,,,1,,,,,,,,,1,,,
"Warhammer 40,000: Chaos Gate - Daemonhunters",,,,,,,,,,,,,,,,,
"Warhammer 40,000: Chaos Gate - Daemonhunters",,,,,,,,,,,,,,,,,
"Warhammer 40,000: Chaos Gate - Daemonhunters",,,,,,,,,,,,,,,,,
"Warhammer 40,000: Chaos Gate - Daemonhunters",,,,,1,,1,1,,,,,,,-1,,
"Warhammer 40,000: Chaos Gate - Daemonhunters",-1,-1,-1,0,1,-1,1,1,1,,1,-1,,0,-1,-1,-1
"Warhammer 40,000: Chaos Gate - Daemonhunters",,,-1,,,,,,,,,,,,,,
"Warhammer 40,000: Chaos Gate - Daemonhunters",,,,,,,,,,,,,,,,,
"Warhammer 40,000: Chaos Gate - Daemonhunters",,,,,1,,,,,,,1,,,,,
"Warhammer 40,000: Chaos Gate - Daemonhunters",,,,,1,,0,,,,,,,,,,
"Warhammer 40,000: Chaos Gate - Daemonhunters",,,,,1,,,,,,,,,,,,
"Warhammer 40,000: Chaos Gate - Daemonhunters",-1,,-1,,,,,,,,,,,,,,
"Warhammer 40,000: Chaos Gate - Daemonhunters",-1,-1,-1,-1,-1,-1,-1,-1,-1,-1,-1,-1,,-1,-1,-1,-1
"Warhammer 40,000: Chaos Gate - Daemonhunters",,,,,,,,,,,,,,,,,
"Warhammer 40,000: Chaos Gate - Daemonhunters",-1,-1,,,,-1,,-1,-1,,-1,,,,-1,-1,-1
"Warhammer 40,000: Chaos Gate - Daemonhunters",,,,-1,1,-1,1,1,,,,,,-1,-1,-1,-1
"Warhammer 40,000: Chaos Gate - Daemonhunters",,,,,1,,,,,,,,,,,,
"Warhammer 40,000: Chaos Gate - Daemonhunters",,,,,,,,,,,,,,,,,
"Warhammer 40,000: Chaos Gate - Daemonhunters",,,,,,-1,,,,,,,,,,,
"Warhammer 40,000: Chaos Gate - Daemonhunters",,,,,0,,-1,,,,,,-1,-1,,,
"Warhammer 40,000: Chaos Gate - Daemonhunters",,,,,,,,,,,,,,,,,
"Warhammer 40,000: Chaos Gate - Daemonhunters",,,,-1,1,,,-1,,,,,,,-1,-1,-1
"Warhammer 40,000: Chaos Gate - Daemonhunters",,,,,1,,,1,,,,,,,,,
"Warhammer 40,000: Chaos Gate - Daemonhunters",,,,,,,,,,,,,,,,,
"Warhammer 40,000: Chaos Gate - Daemonhunters",,,,,1,-1,,1,,,,,,,-1,,-1
"Warhammer 40,000: Chaos Gate - Daemonhunters",,,,1,1,,,,,,,,,,,,
"Warhammer 40,000: Chaos Gate - Daemonhunters",,,,,,,,,,,,,,,,,
"Warhammer 40,000: Chaos Gate - Daemonhunters",,,,,,,,,,,,,,,,,
"Warhammer 40,000: Chaos Gate - Daemonhunters",,,,1,1,,,,,,,,,1,,,
"Warhammer 40,000: Chaos Gate - Daemonhunters",,,,1,1,,,,,,,,,,,,-1
"Warhammer 40,000: Chaos Gate - Daemonhunters",,,,,1,,,,1,,,1,,,,,
"Warhammer 40,000: Chaos Gate - Daemonhunters",,,,,1,-1,,-1,,,,,,,-1,-1,-1
"Warhammer 40,000: Chaos Gate - Daemonhunters",,,,-1,,,,,,,,,,,-1,-1,
"Warhammer 40,000: Chaos Gate - Daemonhunters",,,,,,-1,,,,,,,,,,,
"Warhammer 40,000: Chaos Gate - Daemonhunters",,,,,,-1,,,,,,,,-1,,,
"Warhammer 40,000: Chaos Gate - Daemonhunters",,,,,1,-1,,,,,,,,-1,,,
"Warhammer 40,000: Chaos Gate - Daemonhunters",-1,-1,-1,-1,0,,-1,,0,-1,-1,-1,,-1,,,
"Warhammer 40,000: Chaos Gate - Daemonhunters",-1,,-1,,,-1,,,,,,,-1,1,,,
"Warhammer 40,000: Chaos Gate - Daemonhunters",,,,,-1,-1,,,,,,,,-1,,,-1
"Warhammer 40,000: Chaos Gate - Daemonhunters",,,,,,-1,,,,,,,,-1,,,
"Warhammer 40,000: Chaos Gate - Daemonhunters",-1,,-1,,1,-1,,,,,,,,-1,,,
"Warhammer 40,000: Chaos Gate - Daemonhunters",,,-1,,0,-1,,,,,,,,-1,-1,,-1
"Warhammer 40,000: Chaos Gate - Daemonhunters",,,,,0,-1,0,0,,,,,,0,-1,-1,-1
"Warhammer 40,000: Chaos Gate - Daemonhunters",,,,,,-1,,,,,,,,,,,
"Warhammer 40,000: Chaos Gate - Daemonhunters",,,,,,,,,,,,,,-1,,,
"Warhammer 40,000: Chaos Gate - Daemonhunters",,,,,1,-1,,,,,,,,1,,,
"Warhammer 40,000: Chaos Gate - Daemonhunters",,,,,1,,1,,,,,,,,1,,
"Warhammer 40,000: Chaos Gate - Daemonhunters",,,,,1,1,1,1,,,,,,1,-1,-1,-1
"Warhammer 40,000: Chaos Gate - Daemonhunters",,,,,1,-1,-1,,0,-1,,,,-1,,,
"Warhammer 40,000: Chaos Gate - Daemonhunters",,,,-1,1,-1,1,1,-1,-1,,,,-1,,-1,
"Warhammer 40,000: Chaos Gate - Daemonhunters",,,,1,1,-1,1,1,1,,,1,,1,-1,-1,
"Warhammer 40,000: Chaos Gate - Daemonhunters",,,-1,,1,-1,,,,,,,,1,-1,-1,
"Warhammer 40,000: Chaos Gate - Daemonhunters",,,,,1,,,,,,,,,,,,
"Warhammer 40,000: Chaos Gate - Daemonhunters",,,,,1,,,,,,,,,,,,
"Warhammer 40,000: Chaos Gate - Daemonhunters",-1,,,1,1,,,,,,,,,0,,,
"Warhammer 40,000: Chaos Gate - Daemonhunters",,,,1,1,,1,1,,,,,,1,1,-1,
"Warhammer 40,000: Chaos Gate - Daemonhunters",,,,,,-1,,,,,,,,,,,
"Warhammer 40,000: Chaos Gate - Daemonhunters",,,,1,1,,,,,,,,,,,,-1
"Warhammer 40,000: Chaos Gate - Daemonhunters",,,-1,,,-1,,,,,,,,-1,,,
"Warhammer 40,000: Chaos Gate - Daemonhunters",,,,0,1,-1,1,0,,,,0,,-1,-1,-1,-1
"Warhammer 40,000: Chaos Gate - Daemonhunters",,,,-1,1,,,,,,,,,-1,,-1,
"Warhammer 40,000: Chaos Gate - Daemonhunters",,,,,-1,-1,,,,,,,,-1,,,
"Warhammer 40,000: Chaos Gate - Daemonhunters",,,-1,,,,,,,,,,-1,-1,,,
"Warhammer 40,000: Chaos Gate - Daemonhunters",,,,,1,-1,,,,,,,,1,,,
"Warhammer 40,000: Chaos Gate - Daemonhunters",,,,0,0,-1,0,0,0,0,,,,-1,,-1,
"Warhammer 40,000: Chaos Gate - Daemonhunters",,,,1,1,-1,-1,1,,,,,,-1,-1,-1,
"Warhammer 40,000: Chaos Gate - Daemonhunters",,,,,1,,1,,,,,,,,,,
The Bazaar,,,,1,,,1,1,,,,,,1,,,
The Bazaar,,,,,,-1,,,,,,,,-1,,,
The Bazaar,,,,,-1,-1,,,,,,,,-1,,-1,
The Bazaar,,,,,-1,-1,,,,,,,,-1,,,
The Bazaar,,,,1,1,-1,1,,,,,,,0,,1,
The Bazaar,-1,,-1,,0,-1,,,,,,,,-1,,,
The Bazaar,,,-1,,1,-1,,-1,,,,,,,-1,,-1
The Bazaar,,,,,1,-1,,,,,,,,0,,,
The Bazaar,,,,,,,,,,,,,,,-1,-1,
The Bazaar,,,,,,,,,,,,,,,,,
The Bazaar,,,,,1,-1,-1,,,,,,,,,,
The Bazaar,-1,,-1,,,-1,,,,,,,-1,-1,,,
The Bazaar,,,,0,1,-1,1,1,,,,,,0,,,
The Bazaar,,,,,0,-1,,,,,,,,,,,
The Bazaar,,,,,1,,,,,,,,,,,,
The Bazaar,,,,,1,-1,1,1,,,,,,-1,,,
The Bazaar,,,,,1,,,,,,,,,,,,
The Bazaar,,,,,1,,,,,,,,,,,,
The Bazaar,,,,,1,,,,,,,,,,,,
The Bazaar,,,,,-1,-1,,,,,,,,,-1,,
The Bazaar,,,,,1,-1,,,,,,,,-1,,,
The Bazaar,,,,,1,,,,,,,,,,,,
The Bazaar,,,,,,-1,,,,,,,,0,,,
The Bazaar,,,,,1,-1,,,,,,,,1,,,-1
The Bazaar,0,1,,1,1,-1,1,1,1,0,1,,,0,-1,-1,-1
The Bazaar,,,,,1,,,,,,,,,,,,
The Bazaar,,,,,,-1,,,,,,,,-1,,,
The Bazaar,,,,,1,,,,,,,,,,,,
The Bazaar,,,,,1,,,,,,,,,1,,,
The Bazaar,,,,,,-1,,,,,,,,-1,,,
The Bazaar,,,,,,,,,,,,,,,,,
The Bazaar,,,,1,1,0,1,1,,,,,,1,0,1,-1
The Bazaar,,,,,1,-1,,,,,,,,,,,
The Bazaar,,,,,,,,,,,,,,,,,
The Bazaar,,,,,1,,,,,,,,,,,,
The Bazaar,,,,,1,,,,,,,,,,,,
The Bazaar,,,,,,,,,,,,,,,,,
The Bazaar,,,,,1,1,,,,,,,,,,1,
The Bazaar,,,,,,,,,,,,,,,,,
The Bazaar,,,,,,,,,,,,,,,,,
The Bazaar,,,,1,1,,,,,,,,,,,,
The Bazaar,,,,,,-1,,,,,,,,,,,
The Bazaar,,,,,,-1,,-1,,,,,,-1,,,
The Bazaar,,,,,1,,,,,,,,,,,,
The Bazaar,,,,,,,,,,,,,,,,,
The Bazaar,,,,,1,,,,,,,,,,,,
The Bazaar,,,,,,,,,,,,,,,,,
The Bazaar,-1,-1,,,,-1,,,,,,,,-1,,,
The Bazaar,,,,,,,-1,,,,,,,,,,
The Bazaar,-1,,-1,,,-1,,,,,,,,-1,,,
The Bazaar,,,,,1,,,,,,,,,,,,
The Bazaar,,,,-1,1,,,,,,,,,-1,,,
The Bazaar,-1,-1,,1,1,-1,0,1,1,,1,,,,-1,-1,-1
The Bazaar,,,,,1,,,,,,,,,,,,
The Bazaar,,,,,1,,,,,,,,,,,,
The Bazaar,,,,,1,,1,,,,,,,-1,,,
The Bazaar,,,,,1,,,,,,,,,,,,
The Bazaar,,,,,1,,,,,,,,,,,,
The Bazaar,,,,,1,,,,,,,,,,,,
The Bazaar,,,,-1,1,,,-1,,,,,,,-1,-1,-1
The Bazaar,,,,,1,,,,,,,,,,,,
The Bazaar,,,,,1,,,,,,,,,,,,
The Bazaar,,,,1,1,,,,,,,,,,,,
The Bazaar,,,,,,,,,,,,,,,,,
The Bazaar,,,,,1,,,,,,,,,,,,
The Bazaar,,,,,1,,,,,,,,,,,,
The Bazaar,,,,,1,,,,,,,,,,,,
The Bazaar,,,,,1,-1,,,,,,,,,,,
The Bazaar,-1,,-1,-1,-1,,-1,-1,,,-1,-1,-1,-1,,,-1
The Bazaar,,,,,,,,,,,,,,,,,
The Bazaar,,,,,-1,-1,,,,,,,,,,,
The Bazaar,,,,,,,,,,,,,,,-1,-1,
The Bazaar,,,-1,,-1,-1,-1,,,,,,-1,-1,,,
The Bazaar,,,,,,,,,,,,,,,,,
The Bazaar,,,-1,-1,-1,-1,,-1,,,,,,,-1,-1,-1
The Bazaar,,,,,1,,,1,,,,,,,1,-1,
The Bazaar,,,,1,0,,,,,,,,,,,,-1
The Bazaar,,,,,,,,,,,,,,,,,
The Bazaar,,,,,1,,,,,,,,,,1,,
The Bazaar,,,,,,,,,,,,,,,,,
The Bazaar,,,,,1,,,,,,,,,,,,
The Bazaar,-1,-1,-1,-1,-1,,,,-1,-1,-1,,,,-1,-1,-1
The Bazaar,,,,,1,-1,,,,,,,,-1,,,
The Bazaar,,,,,,,,,,,,,-1,-1,,,
The Bazaar,,,,1,0,-1,,-1,,,,,,,,-1,-1
The Bazaar,,,,,1,,,,,,,,,,,,
The Bazaar,-1,,-1,,,,,,,,,,-1,,,,
The Bazaar,0,,0,1,0,,,1,,,,,,1,,-1,
The Bazaar,,,,,,-1,,,,,,,,-1,,,
The Bazaar,,,,,1,,,,,,,,,,,,
The Bazaar,,,,,1,-1,1,1,,,,,,1,0,-1,
The Bazaar,,,,1,1,-1,,,,,,,,,,,
The Bazaar,,,,,,,,,,,,,,,,,
The Bazaar,,,,,1,,1,,,,,,,,,,
The Bazaar,-1,,-1,1,1,-1,1,1,1,-1,1,0,-1,-1,,,-1
The Bazaar,-1,,-1,,0,,,-1,-1,-1,,-1,,-1,-1,,
The Bazaar,,,,,0,,,,-1,,,,,,,,
The Bazaar,,,,,1,,,,,,,,,,,,-1
The Bazaar,,,,,,,,,,,,,,,,,
The Bazaar,,,,,,,,,,,,,,,,,
For The King II,,,,0,0,-1,0,0,,,,0,,,-1,,-1
For The King II,,,,,0,,,,,,,,,,,,
For The King II,-1,,-1,,1,,,,1,,,,,,,-1,
For The King II,,,-1,,1,-1,1,,,,,,,1,,,
For The King II,,,,,1,-1,,,,,,,,,,,
For The King II,,,,,1,,,,1,,,,,,,,
For The King II,,,-1,-1,1,-1,-1,-1,-1,-1,-1,-1,,,-1,-1,-1
For The King II,,,,,-1,-1,,,,,,,,,,,-1
For The King II,-1,,-1,,,,,,,,,,,,,,
For The King II,,,,,1,,0,,,,,,,0,,,
For The King II,-1,,-1,,,,,,,,,,,,,,
For The King II,,,,,1,,,,,,,,,,,,
For The King II,-1,,-1,,1,,,,,,,,,,,,
For The King II,,,,,,,,,,,,,,,,,
For The King II,,,,,,,,,,,,,,,,,
For The King II,,,,,,,,,,,,,,,,,
For The King II,,,,1,1,,1,,,,,,,1,,,
For The King II,,,,,1,,,,,,,,,,,,
For The King II,,,,,1,,,,,,,,,,,,
For The King II,,,,,,,,,,,,,,,,,
For The King II,,,,0,0,,0,0,,,,,,-1,,-1,
For The King II,,,,,-1,,,,-1,,,,,,,-1,
For The King II,,,,,,,,,,,,,,,,,
For The King II,,,-1,,0,-1,-1,0,,,,,,-1,-1,,
For The King II,,,-1,,,,,,,,,,,,,,
For The King II,,,-1,,1,,,,,,,,,0,,,
For The King II,,,,,,,,,,,,,-1,,,-1,
For The King II,,,,,,,,,,,,,,,,,
For The King II,,,,,,-1,,,,,,,-1,,,,
For The King II,,1,,1,1,-1,1,1,0,0,,,,1,-1,-1,
For The King II,,,,,1,,,,,,,,,,,,
For The King II,,,,,1,,,,,,,,,,,,
For The King II,,,,,-1,,,,,,,,,,,,
For The King II,0,,0,,1,,1,1,,,,,,1,,,
For The King II,,,,,1,,,,,,,,,,,,
For The King II,,,,,1,-1,,,,,,,,,,,-1
For The King II,,,,1,1,-1,1,1,,,,,,0,-1,-1,-1
For The King II,,,,,,,,,,,,,,1,,,
For The King II,,,,,1,,,,,,,,,,,,
For The King II,,,,,1,,,,,,,,,,,,
For The King II,-1,,-1,,1,,,,,,,,,-1,,,
For The King II,,,,,,,-1,-1,,,,,,,,,
For The King II,,,,,1,,,,,,,,,,,,
For The King II,-1,-1,-1,1,1,-1,1,,1,1,1,,-1,1,,-1,
For The King II,,,,,1,,,,,,,,,,,,
For The King II,,,,,,,,,,,,,,-1,,,
For The King II,,-1,,,,,,1,,,,,,,,,
For The King II,-1,,-1,,1,,-1,,,,,1,-1,1,,,
For The King II,,,,,,,,,,,,,,1,,,
For The King II,,,,,1,,,,,,,,,,,,
For The King II,0,,,1,1,,1,1,1,,,,,1,0,,
For The King II,,,,,,,,,,,,,,,,,
For The King II,,,,,,,,,,,,,,,,,
For The King II,,,-1,,,-1,,,,,,,,,,,-1
For The King II,,,,,,,,,,,,,,,,,
For The King II,,,,,,,,,,,,,,,,,
For The King II,,,,,,,,,,,,,,,,,
For The King II,,,,,1,0,,,,,,,,1,0,-1,
For The King II,,,,,1,,,,,,,,,,,,
For The King II,,,,,1,,,,,,,,,,,,
For The King II,,,,-1,,,,1,,,,,,,,,
For The King II,,,,,,,0,,,,,,,,,,
For The King II,,,,,1,,,,,,,,,,,,
For The King II,,,,-1,-1,,,,,,,,,,,,-1
For The King II,,,,1,1,-1,-1,1,,-1,,,,-1,-1,-1,-1
For The King II,,,,,,,,,,,,,,,-1,,
For The King II,-1,,-1,1,1,-1,-1,1,,,,,,-1,,-1,
For The King II,,,,,,,,,,,,,,,,,
For The King II,,,,,1,-1,,,,,,,,,,,-1
For The King II,,,,,-1,-1,,,,,,,,-1,,,
For The King II,-1,-1,-1,1,1,-1,-1,-1,1,-1,-1,-1,-1,-1,,-1,-1
For The King II,,,,,,-1,,,,,,,,-1,-1,-1,
For The King II,,,,,,-1,,,,,,,,,,,
For The King II,-1,-1,-1,-1,1,-1,-1,-1,-1,-1,-1,,,-1,-1,-1,-1
For The King II,,,,-1,-1,,,,,,,,,-1,,-1,
For The King II,,,,,-1,,,,,,,,,,,,
For The King II,,,,-1,1,,-1,,,,,,,-1,-1,-1,
For The King II,,,,,,,,,,,,,,,,,
For The King II,,,,,,,,,,,,,,,,,
For The King II,,,,,1,-1,1,,,,,,,0,-1,-1,
For The King II,,,,,,,,,,,,-1,,,,,
For The King II,,,,,-1,-1,,,,,,,,,-1,-1,
For The King II,,,,,,-1,,,,,,,,,,,
For The King II,,,,,,-1,,,,,,,,-1,,,
For The King II,,,,,,-1,,,,,,,,,,,
For The King II,,,,,1,,-1,,,,,,,,,,
For The King II,,,-1,,0,,,,,,,,-1,-1,,,
For The King II,,,,,,-1,,,,,,,,-1,,,
For The King II,-1,,-1,,,,,,,,,,,,,,
For The King II,,,,,,,0,,,,,,,,,,
For The King II,,,,,,,,,,,,,,,,,
For The King II,,,,,,,,,,,,,,,,,
For The King II,,,,,,,,,,,,,,,,,
For The King II,,,,,-1,,,,,,,,,,,,
For The King II,,,,-1,,,-1,,,,,,,-1,,,
For The King II,,,,,,,1,,,,,,,,,,
For The King II,,,,,,-1,,,,,,,,-1,,,
For The King II,,,,-1,0,,-1,,,,,,,-1,,,
For The King II,,-1,,-1,1,,1,,1,,-1,,,,,,
For The King II,,,,,,,,,,,,,,,,,
Company of Heroes 3,,,,,,-1,,,,,,,,,,,
Company of Heroes 3,,,,,,-1,,,,,,,,-1,-1,,
Company of Heroes 3,,,,,0,-1,-1,,,,,,,-1,,,
Company of Heroes 3,,,,,-1,-1,,,,,,,,-1,,-1,
Company of Heroes 3,,,,,1,-1,1,1,,,,,,-1,-1,,
Company of Heroes 3,,,,,,,,,,,,,,,,,
Company of Heroes 3,-1,-1,-1,0,1,-1,-1,-1,0,,-1,,,-1,,-1,
Company of Heroes 3,,,,-1,0,-1,-1,,,,,,-1,-1,,-1,-1
Company of Heroes 3,,,,,1,,,,,,,,,,,,
Company of Heroes 3,-1,,-1,,,,,,,,,,,-1,,,
Company of Heroes 3,,,,,-1,-1,,,,,,,,,,,
Company of Heroes 3,,,,,-1,-1,,,,,,,,-1,,,
Company of Heroes 3,,,,1,1,,,,,,,,,,,,
Company of Heroes 3,,,,1,1,,1,,1,1,,,,1,,,
Company of Heroes 3,,,,,,-1,,,,,,,,-1,,,
Company of Heroes 3,,,,,1,,,,,,,,,,0,,
Company of Heroes 3,,,,,0,-1,-1,0,,,,,,-1,-1,-1,
Company of Heroes 3,,,,,1,,,,,,,,,,,,
Company of Heroes 3,,,,,1,,,,,,,,,,,,
Company of Heroes 3,,,,,1,-1,,,,,,,,,,-1,
Company of Heroes 3,-1,-1,-1,-1,-1,-1,,-1,,,,,,-1,-1,-1,-1
Company of Heroes 3,,,,,-1,-1,,,,,,,-1,-1,,,
Company of Heroes 3,-1,,-1,,,-1,,,,,,,,-1,,-1,
Company of Heroes 3,,,,,,-1,,,,-1,,,-1,-1,,,
Company of Heroes 3,,,,,,-1,,,,,,,,,-1,,
Company of Heroes 3,,,,,-1,-1,,,,,,,-1,-1,,-1,
Company of Heroes 3,-1,-1,-1,-1,-1,-1,-1,,-1,-1,-1,,,-1,,,
Company of Heroes 3,,,,-1,,-1,,-1,,,,,,-1,,-1,
Company of Heroes 3,,,,,,,,,,,,,,,,,-1
Company of Heroes 3,-1,,-1,,,,,1,,,,,,-1,,,
Company of Heroes 3,,,,,1,,1,,1,1,,,,,,,
Company of Heroes 3,,,,,,,,,,,,,,,,,
Company of Heroes 3,,-1,-1,,1,-1,1,1,1,-1,-1,-1,-1,-1,,,
Company of Heroes 3,1,1,,,,,,,,,,,,1,,,
Company of Heroes 3,,,,,-1,-1,,,,,,,,-1,,,
Company of Heroes 3,,,,1,-1,,-1,0,,,,0,,-1,,,
Company of Heroes 3,,,,,0,,,,,,,,,,,,
Company of Heroes 3,,,,,1,,,,,,,,,,,,
Company of Heroes 3,,,,,,,,,,,,,,,,,
Company of Heroes 3,,,,,,,,,,,,,,-1,,,
Company of Heroes 3,,,,,1,,,,,,,,,,,,
Company of Heroes 3,,,,,1,,1,,,,,,,,,,
Company of Heroes 3,,,,,,-1,,,,,,,,,-1,-1,
Company of Heroes 3,-1,-1,,-1,1,,1,,0,,,,,,,-1,
Company of Heroes 3,,,,,1,,1,,,,,,,1,,,
Company of Heroes 3,,,,,,,,,,,,,,,,,
Company of Heroes 3,,,,,1,,,,,,,,,,,,
Company of Heroes 3,,,,,,,,,,,,,,,,,
Company of Heroes 3,,,,,1,,1,,,,,,,,,,
Company of Heroes 3,,,,,,,,,,,,,,,,,
Company of Heroes 3,,,,,,,,,,,,,,,,,
Company of Heroes 3,,,,,,-1,,,,,,,,-1,,,
Company of Heroes 3,,,-1,,1,-1,1,1,,1,,,,-1,-1,,
Company of Heroes 3,,,,,,,,,,,,,,,,,
Company of Heroes 3,,,,,,,,,,,,,-1,,,,
Company of Heroes 3,,,,-1,1,,,,,,,,,-1,,,
Company of Heroes 3,,,,,1,,1,,,,,,,,,,
Company of Heroes 3,,,,,1,,,,,,,,,,,,
Company of Heroes 3,,,,,1,,,,,,,,,,,,
Company of Heroes 3,,,,,,,,,,,,,,,-1,,
Company of Heroes 3,,,,,1,-1,-1,,,,,,,1,,-1,
Company of Heroes 3,,,,,1,,,,,,,,,,,,
Company of Heroes 3,,,,,1,,1,,-1,-1,,,,-1,,,
Company of Heroes 3,,,,,1,,,,,,,,,,,,
Company of Heroes 3,,,,,,-1,,,,,,,,,,,
Company of Heroes 3,,,,,,,,,,,,,,,,,
Company of Heroes 3,,,,,,,1,,1,1,,,,,,,
Company of Heroes 3,,,,,,-1,,,,,,,,-1,,,
Company of Heroes 3,,,-1,,1,,,,,,,,,,,,-1
Company of Heroes 3,,,,,1,,1,,,,,,,,,,
Company of Heroes 3,,,,,,,,,,,,,,,,-1,
Company of Heroes 3,,,,,,,,,,,,,,,,,
Company of Heroes 3,,,,,,-1,,,,,,,,-1,,,
Company of Heroes 3,,,,,1,,,,,,,,,,-1,,-1
Company of Heroes 3,,,,-1,1,,-1,,,,,,-1,-1,,,
Company of Heroes 3,,,,,1,,,,,,,,,,,,
Company of Heroes 3,,,,,1,,,,,,,,,,,,
Company of Heroes 3,,,,,,,,,,,,,,,,,
Company of Heroes 3,-1,0,-1,0,1,,1,1,0,0,0,0,,0,,,
Company of Heroes 3,,,,,,,,,,,,,,,,,
Company of Heroes 3,,,,,,,,,,,,-1,,,,,
Company of Heroes 3,-1,1,-1,1,1,-1,1,1,1,1,1,1,-1,-1,,-1,
Company of Heroes 3,,,,,,,,,,,,,,,,,
Company of Heroes 3,,,-1,1,1,-1,1,1,1,0,1,1,-1,1,,-1,-1
Company of Heroes 3,,,,,1,,1,-1,1,1,,-1,,,,,
Company of Heroes 3,,,,-1,,,,,-1,-1,,,-1,-1,,,
Company of Heroes 3,,,,,1,,,,,,,,,,,,
Company of Heroes 3,-1,,-1,,1,,,,,,,,,0,,-1,
Company of Heroes 3,,,,,1,,,,,,,,,,,,
Company of Heroes 3,,,,,1,,,,,,,,,0,,,
Company of Heroes 3,,,,,1,,,,,,,1,,,,,
Company of Heroes 3,,,,,1,,1,,,,,,,-1,,,
Company of Heroes 3,,,,1,1,-1,1,1,1,1,,1,-1,,-1,,-1
Company of Heroes 3,,1,,0,1,-1,1,1,0,1,1,1,,1,-1,-1,
Company of Heroes 3,,,,,1,,,,0,,,0,,,-1,-1,
Company of Heroes 3,,,,,,,,,,,,,,0,,,
Company of Heroes 3,,,,,,,,,,,,,,,,,
Company of Heroes 3,,,,,1,,,,,,,,,,,,
Company of Heroes 3,,,,,1,,1,,,,,,,,,,
Company of Heroes 3,,,,,1,,,,,,,,,,,,
Persona 3 Portable,,,,,,,,,,,,,,,,,
Persona 3 Portable,,,,1,1,,,,1,1,,,,1,,,
Persona 3 Portable,,,,1,1,,1,,1,0,1,1,,,-1,-1,
Persona 3 Portable,,,,1,1,,0,,,,,,,1,,,
Persona 3 Portable,,-1,,-1,-1,,-1,,-1,-1,-1,,,,,,
Persona 3 Portable,-1,-1,,,,,,,,,-1,,,,,,
Persona 3 Portable,,,,,,,,,,,,,,,,,
Persona 3 Portable,,,,-1,0,,-1,-1,,-1,,-1,,-1,,,
Persona 3 Portable,,,,1,1,,,,,,,,,,,,-1
Persona 3 Portable,,,,-1,-1,,-1,-1,0,,-1,-1,,-1,,,
Persona 3 Portable,,,,1,1,,-1,1,1,-1,,,,,,,
Persona 3 Portable,,,,,1,,,,,,,1,,,,,
Persona 3 Portable,,,,,,,,,,,,,,,,,
Persona 3 Portable,,,,,,,,,,,,,,,,,
Persona 3 Portable,,,,,1,,,,,,,,,,,,
Persona 3 Portable,,,,1,1,,1,1,1,0,1,1,,,0,-1,-1
Persona 3 Portable,,,,1,1,,,,,,,,,,,,
Persona 3 Portable,,,,,1,,,,,,,,,,,,-1
Persona 3 Portable,,,,,,-1,,,,,,,,,-1,,-1
Persona 3 Portable,,,,,1,,,,,,,,,,,,
Persona 3 Portable,,,,1,1,,,,,,,,,,,,
Persona 3 Portable,,,,,1,,,,1,-1,,,,,-1,-1,
Persona 3 Portable,,,,,1,,,,,,,,,,,,
Persona 3 Portable,,,,,,,,,,,,,,,,,
Persona 3 Portable,,,,,1,,-1,,0,,,,,-1,,,
Persona 3 Portable,,,,,1,,1,,,,,,,,,,
Persona 3 Portable,,,,,,,,,,,,,,,,,
Persona 3 Portable,,,,,1,,,,,,,,,-1,,,
Persona 3 Portable,,,,,,,,,,,,,,,,,
Persona 3 Portable,,,,,1,,,,,,,,,,,,
Persona 3 Portable,,,,,,,,,,,,,,,,,
Persona 3 Portable,,,,1,1,,,1,1,1,,1,,,-1,,-1
Persona 3 Portable,,,,,1,,,,,,,,,,,,
Persona 3 Portable,,,,,1,,,,,,,1,,,,,
Persona 3 Portable,,,,,,,,,,,,,,,,,
Persona 3 Portable,,,,,,,,,,,,,,,,,
Persona 3 Portable,,,0,,1,,0,1,,0,,0,-1,0,,,
Persona 3 Portable,,,,,0,,,,,,,,,,,,
Persona 3 Portable,,,,,,,,,,,,,,,-1,,-1
Persona 3 Portable,,,,,1,,,,-1,-1,,,,,,,
Persona 3 Portable,,-1,,1,1,-1,1,1,1,,1,1,,,,,-1
Persona 3 Portable,,,,,1,,1,,1,,1,,,,,,
Persona 3 Portable,,,,,1,,,,,,,,,,,,
Persona 3 Portable,,,,,1,,1,,,,,,,,,,
Persona 3 Portable,,,,1,1,,,,,,,,,,-1,-1,
Persona 3 Portable,,,,,,,,,,1,,,,,,,
Persona 3 Portable,,,,,0,,,,0,0,1,1,,,-1,,-1
Persona 3 Portable,,,,,1,,,,,,,,,,,,
Persona 3 Portable,,,,1,1,,1,,1,,,,,1,,,
Persona 3 Portable,,,,,1,,,,,,,,,,,,
Persona 3 Portable,,,,,1,,,,1,1,,1,,,,,
Persona 3 Portable,,,,,1,,,,,,,,,,,,
Persona 3 Portable,,,,,,,,,,,,,,,,,
Persona 3 Portable,,,,,,,,,,,,,,,,,
Persona 3 Portable,,,,,,,,,,,,,,,,,
Persona 3 Portable,,,,,1,-1,1,1,,,,1,,,1,,
Persona 3 Portable,,,,1,1,,1,1,1,1,1,1,,,-1,,-1
Persona 3 Portable,,,,,,,,,,,,,,,,,
Persona 3 Portable,,,,,1,-1,,-1,,,,,,,,,-1
Persona 3 Portable,,,,,,,,,,,,,,,,,
Persona 3 Portable,,,,,1,,,,,,,1,,,,,
Persona 3 Portable,,,,,,,,,,,,,,,,,
Persona 3 Portable,,,,,,,,,,,,,,,,,
Persona 3 Portable,,,,,,,,,,,,,,,,,
Persona 3 Portable,,,,,1,,,,,,,,,,,,
Persona 3 Portable,,,,,1,,1,,1,1,,,,0,,,
Persona 3 Portable,,,,1,1,-1,,-1,,,,,,,-1,-1,-1
Persona 3 Portable,,,-1,-1,,-1,,-1,,,,,,-1,,,
Persona 3 Portable,-1,,-1,-1,1,,,,,,,-1,,,,,-1
Persona 3 Portable,,,,,-1,,,,,,,,,,,,-1
Persona 3 Portable,,,,1,0,-1,1,0,,,,1,,,-1,-1,-1
Persona 3 Portable,-1,-1,-1,-1,-1,-1,-1,-1,,,,,-1,-1,-1,-1,-1
Persona 3 Portable,,,,,,-1,,,,,,,,-1,,,
Persona 3 Portable,,,,,1,,1,1,,,,,,,,,
Persona 3 Portable,,,,-1,1,,,1,,,,,,,-1,,-1
Persona 3 Portable,,,,,1,,,,,,,,,-1,,,
Persona 3 Portable,,,,1,1,-1,1,1,,,,,,-1,-1,-1,-1
Persona 3 Portable,-1,-1,-1,-1,0,-1,-1,-1,-1,-1,-1,-1,-1,-1,-1,-1,-1
Persona 3 Portable,-1,-1,,-1,1,-1,1,1,1,,1,1,,-1,-1,-1,-1
Persona 3 Portable,,,,,,,,,,,,,,,,,
Persona 3 Portable,-1,,-1,1,1,-1,1,1,,,,-1,-1,-1,-1,-1,-1
Persona 3 Portable,,,,,1,-1,,1,,,,,,,-1,-1,-1
Persona 3 Portable,,,-1,1,1,,,1,,,,1,,0,-1,-1,-1
Persona 3 Portable,,,-1,0,,-1,,0,,,,,,1,-1,-1,-1
Persona 3 Portable,,,-1,1,1,-1,1,1,,,,,,1,-1,,
Persona 3 Portable,-1,,-1,,1,,,,,,,,,-1,,,
Persona 3 Portable,,,,1,1,-1,,1,,,,,-1,1,-1,-1,-1
Persona 3 Portable,,,,,1,-1,-1,,,,,,,-1,,-1,
Persona 3 Portable,,,,1,1,-1,1,1,,,,1,,0,-1,-1,-1
Persona 3 Portable,,,,0,1,-1,1,1,,,,,,0,-1,-1,
Persona 3 Portable,,-1,,,1,-1,-1,-1,-1,-1,,,,,-1,,-1
Persona 3 Portable,,,-1,,,,,,,,,,,-1,,,
Persona 3 Portable,,,,,1,-1,,-1,-1,-1,,,-1,-1,-1,-1,-1
Persona 3 Portable,-1,-1,-1,,,-1,,-1,,,,,,-1,-1,,-1
Persona 3 Portable,,,,1,1,-1,,1,,,,,,-1,-1,-1,-1
Persona 3 Portable,,,,,1,-1,,,,,,,,,-1,-1,-1
Persona 3 Portable,,,-1,,,,,,,,,,-1,-1,,,
Persona 3 Portable,,,,,,,,,,,,,,,,,
Persona 3 Portable,-1,-1,-1,-1,,-1,,-1,-1,,-1,,,-1,,-1,-1
Persona 3 Portable,,,,,1,,,,,,,,,0,,,
Bellwright,,,,,,,,,,,,,,,,,
Bellwright,0,,0,1,1,,1,1,,,,,,0,,0,
Bellwright,,,,1,1,,,,,,,,,,,,-1
Bellwright,-1,,-1,,1,,,,,,,,,-1,,,
Bellwright,,,,-1,1,-1,,1,,,,,,,-1,-1,-1
Bellwright,,,,,1,-1,,1,,,,,,-1,-1,-1,-1
Bellwright,,,-1,,,,,,,,,,,,,,
Bellwright,-1,-1,,1,1,,1,1,0,,-1,,,,,-1,
Bellwright,,,,,,-1,,,,,,,,,0,-1,
Bellwright,,,,,1,,,,,,,,,-1,,,
Bellwright,-1,-1,-1,,1,-1,,1,-1,,-1,,,-1,,-1,-1
Bellwright,,,,,,,,,,,,,,,,,
Bellwright,,,,,1,,,,,,,,,,,,
Bellwright,,,,,1,,1,,,,,,,1,,,
Bellwright,-1,,-1,1,1,,,1,,,,,,-1,,,
Bellwright,,,,0,,,,,,,,,,,,,
Bellwright,,,,,1,-1,,1,,,,,,,,,-1
Bellwright,,,,,0,-1,,0,,,,,,,-1,,-1
Bellwright,,,,,1,,,,,,,,,,,,
Bellwright,,,,,,,,,,,,,,,,,
Bellwright,,,,,,,,,,,,,,,0,,
Bellwright,,,,1,1,,,1,,,,,,,,,-1
Bellwright,,,,,1,,1,,,,,,,1,,,
Bellwright,-1,,-1,,1,-1,,,,,,,,,,-1,-1
Bellwright,-1,,-1,,,-1,,,,,,,,-1,,,
Bellwright,,,,1,1,-1,-1,1,,,,0,,-1,-1,-1,-1
Bellwright,,,,1,1,,,,,,,,,,,,
Bellwright,,,,1,1,-1,,1,,,,1,,,-1,-1,-1
Bellwright,,,,,1,,,1,,,,,,,,,
Bellwright,,,,,1,,,,,,,,,-1,,,
Bellwright,,,,,1,,,,,,,,,,,-1,
Bellwright,-1,,-1,,1,,,,,,,,,,,,
Bellwright,,,,1,1,,1,1,,,,,,,,,
Bellwright,,,,,,,,,,,,,,,,,
Bellwright,,,,,1,,1,1,,,,,,-1,,,
Bellwright,,,,,1,,,,,,,,,,,,
Bellwright,,,,,1,,,,,,,,,,,,
Bellwright,,,,,1,,-1,,1,1,,,,,,,
Bellwright,,,,1,1,,,-1,,,,,,,,,-1
Bellwright,,,,1,1,,,,,,,,,,-1,-1,-1
Bellwright,,,,,,,,,,,,,,,,,
Bellwright,,,,,,,,,,,,,,,,,-1
Bellwright,,-1,-1,,1,-1,,-1,,,,,,,-1,,-1
Bellwright,,,,-1,1,,,,,,,,,,,,-1
Bellwright,,,,,,-1,,,-1,-1,,,,,,,
Bellwright,,,,1,1,,,,,,,,,1,,,
Bellwright,,,,,1,,,,,,,,,,,,
Bellwright,,,,,,,,,,,,,,,,,
Bellwright,,,,,,,,,,,,,,,,,
Bellwright,,,,,1,,,,,,,,,,,,
Bellwright,,,,1,1,,,,,,,,,,,,
Bellwright,,1,,,1,,,,0,-1,,,,,-1,,
Bellwright,,-1,,-1,1,-1,,-1,-1,-1,-1,,-1,-1,-1,-1,-1
Bellwright,-1,-1,-1,-1,-1,-1,,-1,,,,,,-1,,-1,-1
Bellwright,,,,,,,,,,,,,,,,,
Bellwright,-1,1,-1,1,1,,1,1,0,,,,,1,,-1,
Bellwright,,,,,1,,,,,,,,,,,,
Bellwright,,,,,1,,,,,,,,,,,,
Bellwright,,,,,1,,,,,,,,,,,,
Bellwright,,,,,,,,,,,,,,,,,
Bellwright,-1,1,,1,1,,,1,1,,1,,,,,-1,
Bellwright,,,,,,,,,,,,,,,,,
Bellwright,,1,,,1,1,,1,,,,,,,1,1,
Bellwright,,,-1,-1,-1,-1,,-1,,,,,,-1,,,-1
Bellwright,,,-1,,1,,,,,,,,,,,,-1
Bellwright,,,,,1,,,,,,,,,,,,
Bellwright,,,,,1,,1,1,,,,0,,,,,
Bellwright,,,,-1,-1,-1,-1,-1,-1,-1,-1,-1,,-1,-1,-1,-1
Bellwright,1,1,-1,1,1,-1,1,1,1,1,1,1,,0,-1,-1,-1
Bellwright,,,,,,,,,,,,,,-1,,,
Bellwright,,,,-1,-1,,,-1,,,,-1,,,,,-1
Bellwright,,,,,1,,1,1,1,,,-1,,,,-1,
Bellwright,,,,-1,-1,,,,,,,-1,,,,,-1
Bellwright,,,,,0,-1,,0,0,-1,,0,,,,,-1
Bellwright,-1,,-1,1,1,-1,1,1,0,-1,1,0,,0,0,-1,-1
Bellwright,,,,,-1,-1,,,-1,-1,,,-1,,,,
Bellwright,,,,0,0,-1,,-1,,-1,,-1,-1,,,,-1
Bellwright,,,,,1,,1,1,,,,1,,,,,-1
Bellwright,,,,,0,,,-1,0,0,,-1,,,,,-1
Bellwright,,,,1,1,,1,1,1,1,,1,,,-1,,-1
Bellwright,,,,,-1,-1,-1,-1,-1,-1,,,-1,-1,,,
Bellwright,-1,-1,-1,1,0,-1,1,0,0,-1,-1,-1,-1,-1,-1,-1,-1
Bellwright,,,,,,,,,,,,,,,,,
Bellwright,,,,,0,,,,,,,,,,,,
Bellwright,,,,,,,0,,,,,,,,,,
Bellwright,,,,,1,,0,1,,,,,,,,,
Bellwright,,,,,1,,,,,,,,,,,,
Bellwright,-1,-1,-1,-1,-1,-1,,-1,-1,,-1,-1,,,-1,-1,-1
Bellwright,-1,1,-1,1,1,-1,1,0,0,1,1,1,-1,,-1,-1,-1
Bellwright,,-1,,-1,-1,,-1,-1,-1,-1,-1,-1,,,,,
Bellwright,,1,,1,1,-1,1,1,1,1,1,1,-1,,-1,-1,-1
Bellwright,,,,,1,-1,,,,,,,,,,,
Bellwright,,,,,,,,,,,,,,,,,
Bellwright,,,,,1,,,,,,,1,,,,,
Bellwright,,,,,-1,,,,,,,,,,,,
Bellwright,,,,-1,0,,,-1,,,,-1,,,,,-1
Bellwright,,,,,0,-1,,,-1,-1,,,,,,,
Bellwright,,,,,1,,,,-1,-1,,,,,,,
Bellwright,,,,,1,,1,,,,,,,,,,
Bellwright,1,,-1,1,1,,1,1,1,,,1,,,,,
Dragon Age™: The Veilguard,,,,,1,,,,,,,,,,,,
Dragon Age™: The Veilguard,,,,,-1,,,,,,,,,,,,
Dragon Age™: The Veilguard,,,,-1,0,,-1,-1,0,-1,,-1,-1,,,,-1
Dragon Age™: The Veilguard,,,,,,,,,,,,,,-1,,,
Dragon Age™: The Veilguard,,,-1,1,0,-1,-1,-1,,-1,,-1,,,-1,-1,-1
Dragon Age™: The Veilguard,,,,,1,-1,-1,0,0,-1,,0,,,-1,-1,
Dragon Age™: The Veilguard,,,,,,,,,,,,,,,,,
Dragon Age™: The Veilguard,,,,,1,-1,1,1,,,,,,1,,,
Dragon Age™: The Veilguard,,,,-1,0,,,,,,,,,,,,-1
Dragon Age™: The Veilguard,,,,,-1,,,,,,,,,,,,
Dragon Age™: The Veilguard,,,,1,1,,1,1,,,,1,,,-1,,-1
Dragon Age™: The Veilguard,,,,,1,,,,,,,,,,,,
Dragon Age™: The Veilguard,,,,,0,-1,-1,0,0,-1,-1,0,-1,-1,,,
Dragon Age™: The Veilguard,-1,,,1,-1,-1,-1,-1,-1,-1,-1,-1,-1,-1,,-1,
Dragon Age™: The Veilguard,,,-1,-1,-1,-1,-1,-1,-1,-1,-1,-1,-1,-1,-1,-1,-1
Dragon Age™: The Veilguard,,,,-1,1,,,-1,,,,,,,,,-1
Dragon Age™: The Veilguard,-1,1,-1,-1,1,-1,1,1,0,-1,-1,,-1,-1,,-1,-1
Dragon Age™: The Veilguard,,,,,1,,,,,,,,,,,,
Dragon Age™: The Veilguard,,,,,0,,,,,,,,,,,,-1
Dragon Age™: The Veilguard,-1,,-1,,1,,,,,,,,,,,,
Dragon Age™: The Veilguard,,,,,-1,,-1,,,,,,,,,-1,
Dragon Age™: The Veilguard,1,1,-1,1,1,-1,1,1,1,-1,1,1,,1,-1,-1,-1
Dragon Age™: The Veilguard,,,,-1,-1,-1,-1,-1,-1,-1,-1,-1,,-1,-1,-1,-1
Dragon Age™: The Veilguard,,,,0,1,,,1,0,0,,-1,,,,,
Dragon Age™: The Veilguard,,,,-1,1,,,,,,,,,,,,
Dragon Age™: The Veilguard,,,,-1,0,,,,,,,,,,,,
Dragon Age™: The Veilguard,,,,-1,-1,,,,,,,,,,,,
Dragon Age™: The Veilguard,,,,,,,,,,,,,,,,,
Dragon Age™: The Veilguard,,,,,,,,,,,,,,,,,
Dragon Age™: The Veilguard,,,,,-1,,,,,,,,,,,,
Dragon Age™: The Veilguard,,,,,-1,,,,,,,,,,,,
Dragon Age™: The Veilguard,,,,,,,,,,,,,,,,,
Dragon Age™: The Veilguard,,,,,1,,,,,,,,,,,,
Dragon Age™: The Veilguard,,,,1,1,,,,,,,,,,,,
Dragon Age™: The Veilguard,,,,,1,,0,,,,,,,,,,
Dragon Age™: The Veilguard,,,,,-1,,,,,,,,,,,,
Dragon Age™: The Veilguard,,,,,,,,,,,,,,,,,
Dragon Age™: The Veilguard,,,,,,,,,,,,,,,,,
Dragon Age™: The Veilguard,,,,,-1,,,,,,,,,,,,
Dragon Age™: The Veilguard,,,,,1,,,,,,,,,,,-1,
Dragon Age™: The Veilguard,,,,,1,,,,,,,,,,,,
Dragon Age™: The Veilguard,,,,,-1,-1,,-1,,,,,,,-1,-1,-1
Dragon Age™: The Veilguard,,,,1,1,,,1,0,-1,,0,,-1,,,-1
Dragon Age™: The Veilguard,,,,,-1,,,,,,,,,,,,
Dragon Age™: The Veilguard,-1,-1,-1,1,0,-1,0,0,0,-1,-1,0,-1,0,-1,-1,-1
Dragon Age™: The Veilguard,,,,,1,,,,1,,,,,,,,
Dragon Age™: The Veilguard,,,-1,-1,0,-1,,-1,-1,-1,-1,-1,-1,,-1,-1,-1
Dragon Age™: The Veilguard,,,,1,1,,,,,,,1,,,,,
Dragon Age™: The Veilguard,,,,,1,,1,1,0,0,,1,,,,,
Dragon Age™: The Veilguard,,,,,1,,,,,,,,,,,,
Dragon Age™: The Veilguard,-1,1,,1,1,-1,0,0,0,0,1,0,,0,-1,-1,
Dragon Age™: The Veilguard,-1,0,-1,0,1,-1,1,0,1,1,1,0,-1,0,-1,-1,-1
Dragon Age™: The Veilguard,,,,,1,,,,,,,,,,,,
Dragon Age™: The Veilguard,1,1,,,1,,,,1,,1,,,,,,
Dragon Age™: The Veilguard,,,,,,,-1,,,,,,,,,,
Dragon Age™: The Veilguard,0,1,-1,1,1,,1,,0,1,1,0,,0,-1,-1,
Dragon Age™: The Veilguard,,,,-1,1,,-1,0,,,,-1,,,,,
Dragon Age™: The Veilguard,0,-1,-1,0,0,,-1,-1,-1,0,-1,-1,,-1,,,
Dragon Age™: The Veilguard,,,,,-1,-1,-1,,,-1,,,-1,-1,,,
Dragon Age™: The Veilguard,,,,,1,,,,1,,,,,,,,
Dragon Age™: The Veilguard,,,,1,1,,1,1,,,,,,-1,,,
Dragon Age™: The Veilguard,,,,,1,,,,,,,,,,,,
Dragon Age™: The Veilguard,,,,,1,,,,,,,,,,,,
Dragon Age™: The Veilguard,,,,,1,,-1,,0,,,,,,,-1,
Dragon Age™: The Veilguard,0,1,-1,1,0,,1,0,0,0,0,0,,0,,,
Dragon Age™: The Veilguard,,,,,1,,,,,,,1,,,,,-1
Dragon Age™: The Veilguard,1,1,,1,1,-1,1,1,1,1,1,1,,0,-1,-1,-1
Dragon Age™: The Veilguard,,,,,,,,,,,,,,,,-1,
Dragon Age™: The Veilguard,,,,-1,-1,-1,-1,-1,,,,-1,,,,,-1
Dragon Age™: The Veilguard,,,,1,1,1,1,1,,,,1,,,1,1,-1
Dragon Age™: The Veilguard,,-1,-1,-1,0,-1,-1,-1,0,-1,-1,0,-1,-1,-1,-1,-1
Dragon Age™: The Veilguard,-1,1,-1,1,1,-1,1,1,1,,1,1,,,1,-1,-1
Dragon Age™: The Veilguard,-1,,-1,-1,1,-1,-1,-1,-1,,-1,-1,-1,,-1,-1,-1
Dragon Age™: The Veilguard,,,,-1,1,,-1,-1,,,,-1,,,,,-1
Dragon Age™: The Veilguard,,,,,1,,,1,,,,0,,,0,0,
Dragon Age™: The Veilguard,,,,1,0,-1,-1,-1,0,0,-1,-1,,,-1,-1,-1
Dragon Age™: The Veilguard,-1,1,-1,,1,,,,1,,1,,,,,,
Dragon Age™: The Veilguard,,,,1,0,-1,1,1,1,-1,1,1,,,,-1,-1
Dragon Age™: The Veilguard,,,-1,1,1,-1,-1,1,1,-1,1,1,-1,-1,-1,-1,-1
Dragon Age™: The Veilguard,,,,-1,-1,,,,,,,-1,,,,,-1
Dragon Age™: The Veilguard,,,,1,1,,1,1,,,,1,,,,,-1
Dragon Age™: The Veilguard,,,,,1,,1,1,1,,,1,,,,,
Dragon Age™: The Veilguard,,,,1,1,-1,1,1,1,1,,1,,0,0,1,-1
Dragon Age™: The Veilguard,,,,-1,1,,,1,,,,-1,,,-1,,-1
Dragon Age™: The Veilguard,,,,-1,0,-1,,-1,,,,,,,,,-1
Dragon Age™: The Veilguard,,,,-1,1,-1,1,1,,,,0,,-1,-1,-1,-1
Dragon Age™: The Veilguard,,,,,0,,-1,0,,0,,0,,,,,
Dragon Age™: The Veilguard,,,,1,0,-1,-1,-1,0,-1,,-1,,,-1,-1,-1
Dragon Age™: The Veilguard,-1,-1,-1,-1,0,-1,-1,0,0,-1,-1,-1,,-1,-1,,-1
Dragon Age™: The Veilguard,,,,1,1,,,,,,,,,,,,
Dragon Age™: The Veilguard,,0,,0,1,0,1,0,0,1,0,0,,0,0,0,0
Dragon Age™: The Veilguard,,,,1,1,-1,1,0,1,1,1,1,,,-1,-1,-1
Dragon Age™: The Veilguard,,,,1,1,-1,1,1,1,1,,1,,,-1,-1,-1
Dragon Age™: The Veilguard,,,,1,1,,1,1,,1,,,,1,,,
Dragon Age™: The Veilguard,,,,,,,,,,,,,,,,,
Dragon Age™: The Veilguard,,,,,1,,,,,,,,,,,,
Dragon Age™: The Veilguard,,,,,1,-1,1,-1,-1,-1,,-1,,-1,-1,-1,
Dragon Age™: The Veilguard,,,,1,1,,,,,1,,,,,,,
Dragon Age™: The Veilguard,,,,1,1,,,,,,,1,,1,,,
Dragon Age™: The Veilguard,,,,,1,,,,,,,,,,-1,-1,
TRIANGLE STRATEGY,,,,-1,1,,,1,,,,,,,,,
TRIANGLE STRATEGY,,,,1,0,,1,1,0,0,1,0,,,,,-1
TRIANGLE STRATEGY,,,,,,,,,,,,-1,,,,,-1
TRIANGLE STRATEGY,,,,,1,,,,,,,,,,,,
TRIANGLE STRATEGY,-1,-1,-1,-1,0,-1,-1,-1,-1,,-1,-1,-1,,-1,-1,-1
TRIANGLE STRATEGY,,,,,1,-1,,,,1,,,,,,,
TRIANGLE STRATEGY,,,,1,1,,,,,,,,,,,,
TRIANGLE STRATEGY,,,,,-1,,-1,-1,-1,-1,,-1,,,,,
TRIANGLE STRATEGY,,,,,1,,,,,,,,,,,,
TRIANGLE STRATEGY,,,,1,1,,,1,0,-1,1,1,,,-1,,-1
TRIANGLE STRATEGY,,,,,-1,,,,,,,,,,,,
TRIANGLE STRATEGY,,,,,1,,,,,,,,,,,,
TRIANGLE STRATEGY,,,,,1,,,,,,,,,,,,
TRIANGLE STRATEGY,,,,1,1,,1,1,1,1,1,1,,,,,
TRIANGLE STRATEGY,,,,-1,-1,-1,-1,-1,,-1,,-1,,,-1,-1,-1
TRIANGLE STRATEGY,,,,,1,,,,,,,,,,,,
TRIANGLE STRATEGY,,,,,,,,,,,,,,,,,
TRIANGLE STRATEGY,,,,,1,,,,,,,,,,,,
TRIANGLE STRATEGY,,,,1,1,,,1,,,,,,,-1,-1,-1
TRIANGLE STRATEGY,,,,,,,,,,,,,,,,,
TRIANGLE STRATEGY,,,,,1,,,,,,,,,,,,
TRIANGLE STRATEGY,,,,-1,1,,,,,,,,,,-1,,-1
TRIANGLE STRATEGY,,,,,,-1,,-1,,,,,,-1,-1,,
TRIANGLE STRATEGY,,,,,,,,,,,,,,,,,
TRIANGLE STRATEGY,,,,0,1,,,1,,,,0,,,,,-1
TRIANGLE STRATEGY,,,,,1,,,,,,,,,,,,
TRIANGLE STRATEGY,,,,-1,-1,-1,,-1,,,,,,,-1,-1,-1
TRIANGLE STRATEGY,,,,1,0,-1,-1,-1,,,,-1,,-1,-1,-1,-1
TRIANGLE STRATEGY,,,,1,1,,,,1,1,1,1,,,1,,
TRIANGLE STRATEGY,,,,1,1,,,1,1,1,1,1,,,1,,
TRIANGLE STRATEGY,,,,1,1,,,1,,,,1,,,-1,,-1
TRIANGLE STRATEGY,,,,,1,,,,,,,,,,,,
TRIANGLE STRATEGY,,,,,1,,,,,,,,,,,,
TRIANGLE STRATEGY,,,,,1,,,,,,,,,,,,
TRIANGLE STRATEGY,,,,1,1,,1,1,1,1,1,1,,1,1,-1,
TRIANGLE STRATEGY,,,,,1,,,,,,,,,,,,
TRIANGLE STRATEGY,,,,,1,,,,,1,,,,,,,
TRIANGLE STRATEGY,,,,,1,,,,,,,,,,,,
TRIANGLE STRATEGY,,,,,1,,,,,,,,,,,,
TRIANGLE STRATEGY,,,,,,,,,,,,,,,,,
TRIANGLE STRATEGY,,,,,,,,,,,,,,,,,
TRIANGLE STRATEGY,,,,,1,,,,,,,,,,,,
TRIANGLE STRATEGY,,,,-1,1,,,,,,,-1,,,,,-1
TRIANGLE STRATEGY,,,,,1,,1,1,1,1,,,,,,,
TRIANGLE STRATEGY,,,,1,1,,,,,,,,,,,,
TRIANGLE STRATEGY,,,,,1,,,,,,,,,,,,
TRIANGLE STRATEGY,,,,,1,,,,,,,,,,,,
TRIANGLE STRATEGY,,,,,,,1,,,,,,,-1,,,
TRIANGLE STRATEGY,,,,,,-1,,,,,,,,,,,
TRIANGLE STRATEGY,,,,0,0,,,,,,,,,,,,
TRIANGLE STRATEGY,-1,,-1,,,,,,,,,,,,,,
TRIANGLE STRATEGY,,,,,1,,,,,,,,,,,,
TRIANGLE STRATEGY,,,,,,,,,,,,,,,,,
TRIANGLE STRATEGY,,,,,,,,,,,,,,,,,
TRIANGLE STRATEGY,,,,,1,,,,,,,,,,,,
TRIANGLE STRATEGY,,,,,1,,1,0,,,,-1,,,,,
TRIANGLE STRATEGY,,,,,,,,,,,,,,,,,
TRIANGLE STRATEGY,,,,,1,,,1,,,,1,,,,,
TRIANGLE STRATEGY,,,,,1,,,,,,,,,,,,
TRIANGLE STRATEGY,,,,,,,,,,,,,,,-1,-1,
TRIANGLE STRATEGY,,,,0,1,-1,1,0,0,,,0,,,-1,-1,-1
TRIANGLE STRATEGY,-1,,-1,,,,,,,,,,,-1,,,
TRIANGLE STRATEGY,,,,1,1,-1,1,1,1,1,,1,,1,0,-1,-1
TRIANGLE STRATEGY,,,,,1,,,,,,,,,,,,
TRIANGLE STRATEGY,,,,,1,,,,,,,1,,,,,
TRIANGLE STRATEGY,,,,1,1,,,,,,,,,,,-1,-1
TRIANGLE STRATEGY,,,,-1,1,-1,,,,,,,,-1,,,
TRIANGLE STRATEGY,,,,1,1,,,,,,,,,1,,,
TRIANGLE STRATEGY,,,,,,,,,,,,,,,,,
TRIANGLE STRATEGY,,,,0,1,,,,,,,,,,,-1,-1
TRIANGLE STRATEGY,,,,,1,,,,,,,,,,,,
TRIANGLE STRATEGY,,,,1,1,,,1,1,,,-1,,,-1,-1,-1
TRIANGLE STRATEGY,,,,1,1,,,,1,,,,,,,,
TRIANGLE STRATEGY,,,,1,1,,1,,,,,,,-1,-1,-1,
TRIANGLE STRATEGY,0,1,,1,1,,,1,1,,,,,,,,-1
TRIANGLE STRATEGY,,,,1,1,,,1,,,,,,,,,-1
TRIANGLE STRATEGY,,,,1,1,,,,1,,,,,,,,1
TRIANGLE STRATEGY,,,,1,1,,,,,,,,,,1,-1,
TRIANGLE STRATEGY,,,,-1,1,,,,,,,,,,,,
TRIANGLE STRATEGY,,,,,,,,,,,,,,,,,
TRIANGLE STRATEGY,,,,1,1,,,,1,,1,1,-1,,-1,-1,-1
TRIANGLE STRATEGY,,,,1,1,-1,1,0,,,,,,-1,-1,-1,-1
TRIANGLE STRATEGY,,,,,,,,,,,,,,,,-1,
TRIANGLE STRATEGY,,,,1,1,,1,,,,,,,,,-1,
TRIANGLE STRATEGY,,,,,0,,,,,,,,,,,,
TRIANGLE STRATEGY,,,,,,,,,,,,,,,,,
TRIANGLE STRATEGY,,,,1,0,,,1,,,,1,,,,,
TRIANGLE STRATEGY,,,,,1,,1,,,,,,,,,-1,
TRIANGLE STRATEGY,,,,1,,,,,,,,,,,,,
TRIANGLE STRATEGY,,,,,1,,,,,,,,,,-1,-1,
TRIANGLE STRATEGY,,,,,,,,,,,,,,,,,
TRIANGLE STRATEGY,,,,,0,-1,,,,,,,,,-1,,
TRIANGLE STRATEGY,,,,,1,,,,,,,,,,,,
TRIANGLE STRATEGY,,,,,,,,,,,,,,,,,
TRIANGLE STRATEGY,,,,1,1,-1,,0,,,,,,,-1,-1,-1
TRIANGLE STRATEGY,,,,,0,,,,,,,,,,-1,-1,-1
TRIANGLE STRATEGY,,,,,0,,,,0,,,,,,,,
TRIANGLE STRATEGY,,,,,1,,,,,,,,,,,-1,
TRIANGLE STRATEGY,,,,,1,,,,,,,,,,,,
TRIANGLE STRATEGY,,,,,,-1,,,,1,,,-1,-1,,-1,
Stacklands,,,,,1,,,,,,,,,,,,
Stacklands,,,,-1,0,,,-1,,,,,,,,,-1
Stacklands,-1,-1,-1,1,1,-1,1,0,,-1,,,,-1,-1,-1,-1
Stacklands,,,,,1,,,,,,,,,,-1,-1,
Stacklands,,,,,1,,,,,,,,,1,,,
Stacklands,,,,,1,,,,,,,,,,,,
Stacklands,,,,,,,,,,,,,,,,,
Stacklands,,,,,1,,,,,,,,,,,,
Stacklands,-1,,-1,,,,,,,,,,,,,,
Stacklands,,,,,,,,,,,,,,,,,
Stacklands,,,,,1,,,,,,,,,,,,
Stacklands,,,,,1,,,,,,,,,,,,
Stacklands,,,,,1,,,,,,,,,,,,
Stacklands,,,,,,,,,,,,,,,,,
Stacklands,,,,,1,,,,,,,,,,,,
Stacklands,,,,,1,,,,,,,,,,,,
Stacklands,,,,,1,,,,,,,,,,,,
Stacklands,,,,,1,,,,,,,,,,,,
Stacklands,,1,,1,1,,1,1,1,1,1,1,,,0,1,-1
Stacklands,,,,,1,,,,,,,,,,,,
Stacklands,,,,,1,,,1,,,,,,,1,,
Stacklands,-1,-1,,1,1,-1,,1,1,-1,,,,,-1,-1,-1
Stacklands,,,,1,1,,,,1,,,1,,,,,
Stacklands,,,,,,,,,,,,,,,,,-1
Stacklands,,,,,1,,,,,,,,,,,,
Stacklands,,,,,1,,,,,,,,,,,,
Stacklands,,,,,1,,1,,,,,1,,,,,
Stacklands,,,,,,,,,,,,,,,,,
Stacklands,,,,,,,,,,,,,,,,,
Stacklands,-1,1,-1,1,1,-1,,1,,,,,,,-1,-1,-1
Stacklands,,,,,,,,,,,,,,,,,
Stacklands,,,,,1,,,1,,,,,,,,,
Stacklands,,,,,1,,,,,,,,,,-1,,
Stacklands,,,-1,,1,,,-1,,,,,,,-1,,-1
Stacklands,,,,1,1,,,1,,,,1,,,-1,-1,-1
Stacklands,,,,,1,,,,,,,,,,,,
Stacklands,,,,,1,,1,1,1,1,,,,,,,
Stacklands,,,,,,,,,,,,,,,,,
Stacklands,,,,1,1,,,,,,,,,,,,
Stacklands,,,,-1,,,,,,,,,,-1,,,
Stacklands,,,,1,1,,1,1,,,,1,,,1,-1,-1
Stacklands,,,,,1,,,,,,,,,,,-1,
Stacklands,,,,,1,,,,,,,,,,,,
Stacklands,,,,,,,,,,,,,,,,,-1
Stacklands,,,,,,,,,,,,,,,,,
Stacklands,,,-1,1,1,-1,,1,,,,,,0,,-1,-1
Stacklands,,,,-1,,,,,,,,,,-1,,,
Stacklands,,,,,1,,,,,,,,,-1,,,
Stacklands,,,,,,,,,,,,,,,,,
Stacklands,,,,,1,,,,,,,,,,,,
Stacklands,,,,,1,,,,,,,,,,,,
Stacklands,,,,1,1,-1,1,1,1,1,,,,,-1,,-1
Stacklands,,,,,0,,,,,,,,,,,,-1
Stacklands,,,,,1,,,,,,,,,,,,
Stacklands,,,,1,1,,,,,,,,,,,,1
Stacklands,1,,,,1,,,1,,,,,,,1,1,1
Stacklands,,,,,1,,,,,,,,,,,,
Stacklands,,,,-1,1,,,-1,,,,,,-1,,,
Stacklands,,,,,1,,,,,,,,,,,,
Stacklands,,,,,,,,,,,,,,,,,
Stacklands,,,,,1,,,,,,,,,,,,
Stacklands,,,,,1,,,1,,,,,,,1,-1,
Stacklands,,,,,1,,,,,,,,,,,,
Stacklands,,,,,1,,,,,,,,,,,,
Stacklands,,,,,1,,1,,,,,,,,,,
Stacklands,,,,,,,,,,,,,,,,,
Stacklands,,,-1,,,,,,,,,,,-1,,,
Stacklands,,,,,-1,-1,,,,,,,,-1,,-1,
Stacklands,,,,,,-1,,,,,,,,,,,
Stacklands,-1,,-1,,,-1,,,,,,,,-1,,,
Stacklands,,,,,,,,,,,,,,-1,,,
Stacklands,,,,,,,,,,,,,,,,,
Stacklands,,,-1,,,,,,,,,,,-1,,,
Stacklands,-1,,-1,,,,,,,,,,,-1,,,
Stacklands,,,-1,,,-1,,,,,,,,,,-1,
Stacklands,,,,,,,,,,,,,-1,-1,,,
Stacklands,,,,,-1,-1,1,-1,1,-1,,,,-1,-1,-1,
Stacklands,,,,1,,,,,,,,,,-1,,,
Stacklands,,,,,,,,,,,,,,-1,,,
Stacklands,,,-1,,,,,,,,,,,-1,,,
Stacklands,,,,,0,-1,-1,,1,-1,,,,-1,-1,-1,
Stacklands,,,,,,,,,,,,,,-1,,,
Stacklands,-1,-1,-1,,,-1,,-1,,,,,,,,,-1
Stacklands,,,,,,,,,,,,,,,,,
Stacklands,,,,,1,,,,,,,,,,,,
Stacklands,,,,,,,,,,,,,,,,,
Stacklands,,,,,,-1,,,,,,,,-1,-1,,
Stacklands,,,,,,,,,,,,,,,,,
Stacklands,,,,,,,,,,,,,,,,,
Stacklands,,,,,,,,,,,,,,,,,
Stacklands,,,,,,,,,,,,,-1,,,,
Stacklands,,,,,1,-1,-1,-1,,1,,-1,,,,,
Stacklands,,,,,1,-1,,-1,-1,-1,,-1,,,-1,,-1
Stacklands,,,,,,,,,,,,,,,,,
Stacklands,,,,,,,,,,1,,,,,,,
Stacklands,,,,,1,,,,,,,,-1,,,,
Stacklands,,,,-1,1,,-1,,,,,,,,,-1,
Stacklands,-1,,-1,,,,,,,,,,,,,,
Stacklands,,,,1,1,,,1,,,,,,,1,1,1
Stacklands,,,,,,,,,,,,,,,,,
Riichi City - Japanese Mahjong,,,,,,,,,,,,,,,,,
Riichi City - Japanese Mahjong,,,,,,-1,,,,,,,,-1,,,
Riichi City - Japanese Mahjong,,,,,,,,,,,,,,,-1,-1,
Riichi City - Japanese Mahjong,,,,,1,,1,,1,1,,,,-1,,,
Riichi City - Japanese Mahjong,,,,,,,,,,,,,,,,,
Riichi City - Japanese Mahjong,,,-1,,,,,,,,,,,,,,
Riichi City - Japanese Mahjong,,,,,,,,,,,,,,,,,
Riichi City - Japanese Mahjong,,1,0,,,,,1,,,,,,,,,1
Riichi City - Japanese Mahjong,,,,,0,-1,,,0,-1,,,-1,-1,,,
Riichi City - Japanese Mahjong,,,-1,,,,,,,,,,,,,,
Riichi City - Japanese Mahjong,,,,,,,,,,,,,,-1,,-1,
Riichi City - Japanese Mahjong,,,,,,,,,,,,,,,,,
Riichi City - Japanese Mahjong,,,,,1,-1,,,,,,,,,-1,-1,
Riichi City - Japanese Mahjong,,,,-1,0,-1,-1,-1,-1,-1,,-1,,-1,-1,-1,-1
Riichi City - Japanese Mahjong,,,,,1,,,,,,,,,,,,
Riichi City - Japanese Mahjong,,,,,,,,,,,,,,,,,
Riichi City - Japanese Mahjong,,,,,1,,,,,,,,,,,,
Riichi City - Japanese Mahjong,,,,,,-1,,,,,,,,,,,
Riichi City - Japanese Mahjong,,,-1,,1,,,,,,,,,-1,,,
Riichi City - Japanese Mahjong,,,,,,,,,1,,,,,,,,
Riichi City - Japanese Mahjong,,,,,-1,-1,,,,,,,,-1,,-1,
Riichi City - Japanese Mahjong,,,,,1,,,1,,,,,,,-1,-1,-1
Riichi City - Japanese Mahjong,,,,,,,,,,,,,,,,,
Riichi City - Japanese Mahjong,,,,,,,,,,,,,,,,,
Riichi City - Japanese Mahjong,,,,,-1,,,,,,,,,-1,,,
Riichi City - Japanese Mahjong,,,,,,-1,,,,,,,,-1,,,
Riichi City - Japanese Mahjong,,,,,1,,1,,1,1,,1,,,,,
Riichi City - Japanese Mahjong,,,,,,-1,,,,,,,,,,,
Riichi City - Japanese Mahjong,,,,,,-1,-1,1,1,1,,,,-1,,,
Riichi City - Japanese Mahjong,,,,,1,,-1,,1,1,,1,,,,,
Riichi City - Japanese Mahjong,,,,0,1,-1,1,1,,0,,,,1,,,
Riichi City - Japanese Mahjong,,,,,,-1,,,,,,,,,,,
Riichi City - Japanese Mahjong,,,,,,-1,,,,,,,,-1,-1,,
Riichi City - Japanese Mahjong,,,,,,,,,,,,,,,,,
Riichi City - Japanese Mahjong,,,,,1,,,,,,,,,,,1,
Riichi City - Japanese Mahjong,,,,,,,,,,,,,,,,,
Riichi City - Japanese Mahjong,,,,,,-1,,,,,,,,,-1,,
Riichi City - Japanese Mahjong,,,,,,,,,,,,,,,,,
Riichi City - Japanese Mahjong,-1,,-1,,,,,,,,,,,,,,
Riichi City - Japanese Mahjong,,,,,,,,,,,,,,,,,
Riichi City - Japanese Mahjong,,,,,,,,,,,,,,-1,,,
Riichi City - Japanese Mahjong,,,,,,,,,,,,,,-1,,,
Riichi City - Japanese Mahjong,,,,,,,,,,,,,,,,,
Riichi City - Japanese Mahjong,,,,,,,,,,,,,,,,,-1
Riichi City - Japanese Mahjong,,,,,,-1,-1,-1,,,,,,-1,,,
Riichi City - Japanese Mahjong,,,,,,,,,,,,,,,,,
Riichi City - Japanese Mahjong,,,,,,,,1,,,,0,,,,,
Riichi City - Japanese Mahjong,,,,,,,,-1,,,,-1,,,,,
Riichi City - Japanese Mahjong,,,,1,1,,,,,,,,,,,,
Riichi City - Japanese Mahjong,,,,,,,,,,,,,,,,,
Riichi City - Japanese Mahjong,,,,,,,,,,,,,,,,,-1
Riichi City - Japanese Mahjong,,,,,,,,,,,,,,,,,
Riichi City - Japanese Mahjong,,,,-1,-1,-1,-1,-1,-1,-1,,-1,,,,,
Riichi City - Japanese Mahjong,-1,-1,-1,,,,,,,,,,,,,,
Riichi City - Japanese Mahjong,,,,,,,,,,,,,,,,,
Riichi City - Japanese Mahjong,,,,,,,,,,,,,,-1,,,
Riichi City - Japanese Mahjong,,,,,1,-1,,,,,,,-1,,-1,-1,-1
Riichi City - Japanese Mahjong,,1,,,,,,1,,,,,,,1,,
Riichi City - Japanese Mahjong,,,,,-1,-1,-1,,-1,-1,,,-1,-1,,-1,
Riichi City - Japanese Mahjong,,,,,,,,,,,,,,,,,
Riichi City - Japanese Mahjong,,,,,,,,,,,,,,,,,
Riichi City - Japanese Mahjong,,,,1,1,,,,,,,,,,,,
Riichi City - Japanese Mahjong,,,,,,-1,,,,,,,,,,,
Riichi City - Japanese Mahjong,-1,-1,,,,,,,,,,,,-1,,,
Riichi City - Japanese Mahjong,,,,,,-1,-1,,-1,-1,,,-1,-1,,,
Riichi City - Japanese Mahjong,0,1,0,1,1,,1,1,1,0,1,1,-1,1,0,-1,
Riichi City - Japanese Mahjong,,,,,,-1,,,,,,,,,,,
Riichi City - Japanese Mahjong,,,,,,,,,,,,,,,,,
Riichi City - Japanese Mahjong,-1,,-1,,,,,,,,,,,-1,,,
Riichi City - Japanese Mahjong,,,,,,,,,,,,,,,,,
Riichi City - Japanese Mahjong,,,,,,,,,,,,,,,,,
Riichi City - Japanese Mahjong,,,,-1,,,,,,,,,,-1,,,
Riichi City - Japanese Mahjong,,,,,,,,,,,,,,,,,
Riichi City - Japanese Mahjong,,,,,1,,,,,,,,,,,,
Riichi City - Japanese Mahjong,,,,,1,,-1,1,1,1,,1,,,,,
Riichi City - Japanese Mahjong,,,,,1,-1,,1,1,,,1,,,-1,-1,-1
Riichi City - Japanese Mahjong,,,,,1,,1,,,,,,,,,,
Riichi City - Japanese Mahjong,,,,,1,,1,,1,,,,,,,-1,
Riichi City - Japanese Mahjong,,,,,1,,,1,1,,,1,,,,,
Riichi City - Japanese Mahjong,,,,,,,,,,,,1,,,,,
Riichi City - Japanese Mahjong,,,,,1,,,,,,,1,,,,,
Riichi City - Japanese Mahjong,,,,,,,,,,,,,,,,,
Riichi City - Japanese Mahjong,,,,,1,,,,,,,1,,,,,
Riichi City - Japanese Mahjong,,,,,,,,,,,,,,,,,
Riichi City - Japanese Mahjong,,,,,1,,,,,,,,,,,-1,
Riichi City - Japanese Mahjong,,,,,,,,,,,,-1,-1,,,,
Riichi City - Japanese Mahjong,,,,,,,,,,,,,,,,,
Riichi City - Japanese Mahjong,,,,,1,,,,,,,1,,,,,
Riichi City - Japanese Mahjong,,,,,1,,,,,,,,,,,,
Riichi City - Japanese Mahjong,,,,,1,,,,,,,,,,,,
Riichi City - Japanese Mahjong,,,,1,1,,,1,,,,1,,,,,
Riichi City - Japanese Mahjong,,,,,1,,,,,,,,,,,,
Riichi City - Japanese Mahjong,,,,,,,,,,,,,,,,,
Riichi City - Japanese Mahjong,,,,,,,,,,,,,,,,,
Riichi City - Japanese Mahjong,,,,,,,0,,,,,0,,,,,
Riichi City - Japanese Mahjong,,,,,1,,,,1,1,,,,,,,
Riichi City - Japanese Mahjong,,,,,1,,,,,,,,,,,,
Riichi City - Japanese Mahjong,,,,,1,,,,,,,,,,,,
Riichi City - Japanese Mahjong,,,,,,,,,,,,,,,,,
Riichi City - Japanese Mahjong,,,-1,1,1,-1,1,1,1,1,1,1,-1,1,-1,-1,-1
Limbus Company,,,,,,,,,,,,,,,,,
Limbus Company,,,-1,1,1,-1,1,1,1,1,1,1,-1,1,-1,-1,-1
Limbus Company,,,,,,,,,,,,,,,1,-1,
Limbus Company,,,,,1,,,,,,,,,,,,
Limbus Company,,,,,1,,,,,,,,,,,,
Limbus Company,,,,,1,,1,,,,,,,1,,,
Limbus Company,,,,,1,,,,1,1,,1,,,,,
Limbus Company,,,,,,,,,,,,,,,,,
Limbus Company,,,,,,-1,,,,,,,,,,,
Limbus Company,,,,,,,,,,,,,,,,,
Limbus Company,,,,,1,-1,,1,,,,,,,-1,,
Limbus Company,,,,,,,,,,,,,,,,,
Limbus Company,,,,,-1,,,,,,,,,,,,
Limbus Company,,,,,,,,,1,1,,1,,,,,
Limbus Company,,,,,1,,,,,,,,,,,,
Limbus Company,,,,,,,,,,,,,,,,,
Limbus Company,,,,1,1,1,1,,1,1,,,1,1,,,
Limbus Company,,,,1,1,,,1,1,1,,,,,-1,,
Limbus Company,-1,-1,-1,,,,,,,,,,,-1,,,
Limbus Company,,,,,1,,,,,,,,,,,,-1
Limbus Company,,,,,,,,,,,,,,,,,
Limbus Company,,,,1,1,,,1,,-1,,1,,,-1,,-1
Limbus Company,,,,,,-1,,,,,,,,,,,
Limbus Company,,,,,1,,,,,,,,,,,,
Limbus Company,,,,,,,,,,,,,,,,,
Limbus Company,,,,,1,,,,,,,,,,,,
Limbus Company,,,,,,,,,,,,,,,,,
Limbus Company,,,,,,,,,,,,,,,,,
Limbus Company,,,,-1,1,,,1,,,,1,,,-1,,
Limbus Company,,,,,1,,,,,,,,,,,,
Limbus Company,,,,,,,,,,,,,,,,,
Limbus Company,,,,,,,,,,,,,,,,,
Limbus Company,-1,,-1,,,,,,,,,,,,,,
Limbus Company,,,,,1,,,,,,,,,,1,1,
Limbus Company,,,,,,,,,,,,,,,,,
Limbus Company,,,,,1,,,,,,,,,,,,
Limbus Company,,,,,1,,,,,,,,,,0,-1,
Limbus Company,,,,,1,,,,,,,1,,,,,
Limbus Company,,,,,1,,,,,,,,,,,,
Limbus Company,,,,,,,,,,,,,,,,,-1
Limbus Company,,,,,1,,,,,,,,,,,,
Limbus Company,,,,,,,,,,,,1,,,,,
Limbus Company,,,,,1,,,,1,1,,1,,,,,
Limbus Company,,,,1,1,,,,,,,,,,,,
Limbus Company,,,,,1,,,,,,,,,,,,
Limbus Company,,,,1,1,-1,0,,,,,,,1,-1,-1,
Limbus Company,,,,1,1,,,1,,,,1,,,,,
Limbus Company,,,,,1,,1,1,1,1,,1,,1,,,
Limbus Company,,,,,1,-1,,,,,,,,,-1,,
Limbus Company,,,,,1,,,,,,,,,,,-1,
Limbus Company,,,,,,,,,,,,,,,,,
Limbus Company,,,,,1,,,,,,,,,,,,
Limbus Company,,,,,0,,,,,,,,,,-1,-1,
Limbus Company,,,,,,,,,,,,,,,,,
Limbus Company,,,,1,1,,,,,,,1,,,,,
Limbus Company,,,,1,1,-1,1,1,1,0,1,0,,0,-1,-1,-1
Limbus Company,,,,,,,,,,,,,,,,,
Limbus Company,,,,1,1,,,,,,,0,,,,,
Limbus Company,,,,,,-1,,,,,,,,,,,
Limbus Company,,,,,,,,,,,,,,,,,
Limbus Company,,,,1,1,,,1,1,1,,1,,,,,
Limbus Company,,,,,1,,,,,,,,,,,,
Limbus Company,,,-1,,,,,-1,,,,,,,,,
Limbus Company,,,,,1,,,,,,,1,,,,,
Limbus Company,,,,,,,,,,,,,,,,,
Limbus Company,,,,,,-1,,,,,,,,-1,,,
Limbus Company,-1,,-1,-1,,,-1,,,,,,-1,-1,,,
Limbus Company,,,,1,1,-1,1,1,,,,,,-1,,-1,-1
Limbus Company,-1,,-1,,,-1,,,,,,,-1,-1,,-1,
Limbus Company,,,,,,,,,,,,,,,-1,,
Limbus Company,,,-1,,1,-1,,,,,,,-1,-1,,,
Limbus Company,,,,,,,,,,,,,,,,,
Limbus Company,,,,,,-1,-1,,,,,,,-1,,-1,
Limbus Company,,,,,,,,,,,,,,,,,
Limbus Company,,,,,,,,,,,,,,-1,,,
Limbus Company,,,,0,1,-1,0,1,,1,,,,1,-1,-1,-1
Limbus Company,,,,,,-1,,,,,,,,,,-1,
Limbus Company,,,,,1,,,,,,,,,,,,
Limbus Company,,,,-1,1,-1,,,,,,,,-1,,,
Limbus Company,-1,,-1,,1,-1,,,,,,,,0,,-1,
Limbus Company,-1,,-1,-1,1,-1,,-1,,,,,-1,-1,,-1,-1
Limbus Company,,,,,0,,,,,,,,,,,,
Limbus Company,,,,1,1,,-1,-1,,,,,,,-1,-1,
Limbus Company,,,,,1,,,,,,,,,,,,
Limbus Company,,,,,0,-1,,,,,,,,,-1,,
Limbus Company,,,,,,,,,,,,,,-1,,,
Limbus Company,,,,,,,,,,,,,,,,,
Limbus Company,,,-1,-1,1,-1,,,,,,,-1,-1,,,-1
Limbus Company,,,,,1,-1,,,,,,,,0,,,
Limbus Company,,,,,,-1,,,,,,,,-1,,-1,
Limbus Company,,,,,1,,,,,,,,,,1,1,
Limbus Company,,,,,1,-1,,,,,,,,-1,,-1,
Limbus Company,,,,,,-1,,,,,,,,-1,,,
Limbus Company,,,,-1,-1,-1,-1,-1,,,,,,-1,,,
Limbus Company,,,,,,,,,,,,,,,,,
Limbus Company,,,-1,,,,,,,,,,-1,,,,
Limbus Company,-1,,-1,,,,,,,,,,,,,,
Limbus Company,,,,,,-1,,,,,,,,-1,,,
Limbus Company,-1,,-1,,1,,-1,0,,,,,,-1,,,
Limbus Company,,,,,-1,,,,,,,,,,,,
MARVEL SNAP,,,,,1,,,,,,,,,,,,
MARVEL SNAP,,,,,,,,,,,,,,,,,
MARVEL SNAP,,,,,,-1,,,,,,,,,,,
MARVEL SNAP,,,,,,,,,,,,,,,,,
MARVEL SNAP,,,,,,,,,,,,,,,,,
MARVEL SNAP,,,,1,1,1,1,1,1,1,,,,,1,-1,
MARVEL SNAP,,,,1,1,,,,,,,,,,,,-1
MARVEL SNAP,,,,,,,,,,,,,,-1,,,
MARVEL SNAP,,,,,1,,,,,,,,,,,,
MARVEL SNAP,,,,,,,,,,,,,,,,,
MARVEL SNAP,,,,1,1,,,,,,,,,,,-1,-1
MARVEL SNAP,,,,,,,,,,,,,,,,,
MARVEL SNAP,,,,,1,,,,,,,,,,,,-1
MARVEL SNAP,,,,,,,,,,,,,,,,,
MARVEL SNAP,-1,,-1,,,,,,,,,,,,,,
MARVEL SNAP,,,-1,,-1,-1,,,,,,,,-1,,,
MARVEL SNAP,1,1,,1,1,,1,1,1,,,,,1,,,
MARVEL SNAP,,,,,,,,,,,,,,,,,
MARVEL SNAP,,,,,,,,,,,,,,-1,,,
MARVEL SNAP,,,,,,,,,,,,,,,,,
MARVEL SNAP,,,,,1,-1,-1,1,1,-1,,-1,,,,,-1
MARVEL SNAP,,,,,,,,,,,,,,,,,
MARVEL SNAP,,,,,1,,,,,,,,,,,,
MARVEL SNAP,,,,,1,-1,,,,,,,,-1,-1,-1,-1
MARVEL SNAP,,,,,,,,,,,,,,,,,
MARVEL SNAP,,,,,1,,,,,,,,,,,,
MARVEL SNAP,-1,,-1,,,,,,,,,,-1,-1,,,
MARVEL SNAP,-1,,-1,,,-1,,,,,,,,-1,,-1,
MARVEL SNAP,,,-1,,0,-1,,,,,,,,,,-1,-1
MARVEL SNAP,,,,,-1,-1,,,,,,,,-1,,,
MARVEL SNAP,,,,-1,-1,-1,-1,-1,,,,,,-1,,-1,
MARVEL SNAP,,,,,,,,,,,,,,,,,
MARVEL SNAP,,,,,,,,,,,,,,,,,
MARVEL SNAP,,,,-1,-1,-1,,,,,,,,,-1,-1,-1
MARVEL SNAP,,,-1,,,,,,,,,,,-1,,,
MARVEL SNAP,,,,,,,,,,,,,,-1,,,
MARVEL SNAP,,,,,,-1,,,,,,,,-1,,,
MARVEL SNAP,,,,,1,,,,,,,,,1,,-1,
MARVEL SNAP,,,-1,,,,,,,,,,,-1,,,
MARVEL SNAP,,,,,,,,,,1,,,,-1,,,
MARVEL SNAP,-1,,-1,,,,,,,,,,,-1,,,
MARVEL SNAP,-1,,-1,,,,,,,,,,,-1,,,
MARVEL SNAP,-1,,-1,,,,,,,,,,,-1,,,
MARVEL SNAP,,,,,,,,,,,,,,,,,
MARVEL SNAP,,,,,,,,,,,,,,,,,
MARVEL SNAP,-1,,-1,,1,-1,-1,,,,,,-1,-1,,-1,
MARVEL SNAP,,,,,,,,,,,,,-1,-1,,,
MARVEL SNAP,,,-1,,,-1,,,,,,,,-1,-1,-1,
MARVEL SNAP,,,,,,,,,,,,,,,,-1,
MARVEL SNAP,,,,,,,,,,,,,,,,,
MARVEL SNAP,,,,,,,,,,,,,,,,,
MARVEL SNAP,,,,1,1,1,1,1,,,,,,1,,1,
MARVEL SNAP,,,,,1,,,,,,,,,,-1,,
MARVEL SNAP,,,,,,,,,,,,,,,,,
MARVEL SNAP,,,,,1,0,1,1,,,,1,,,0,,-1
MARVEL SNAP,,,,,1,-1,,,,,,,,,-1,-1,
MARVEL SNAP,,,,,1,,,,,,,,,,,,
MARVEL SNAP,,,,,,,1,,,,,1,,,,,
MARVEL SNAP,-1,,-1,,1,,,,,,,,,-1,,,
MARVEL SNAP,,,,,1,-1,1,1,,,,,,-1,-1,-1,-1
MARVEL SNAP,,,,,1,,1,,,,,,,,,,
MARVEL SNAP,,,,,1,-1,,,,,,,,,,,
MARVEL SNAP,,,,,,,,,,,,,,,,,
MARVEL SNAP,,,,,,,,,,,,,,,,,
MARVEL SNAP,,,,,,,,,,,,,,,,,
MARVEL SNAP,,,,,,,,,,,,,,,,,
MARVEL SNAP,,,,,1,,,,,,,,,,,,
MARVEL SNAP,,,,1,1,,,1,,,,,,,,,
MARVEL SNAP,,,,,,0,,,,,,,,,,,
MARVEL SNAP,,,,,,,,,,,,,,,,0,
MARVEL SNAP,,,,,,,,,,,,,,,,,
MARVEL SNAP,,,,1,1,,1,0,,,,0,,,-1,-1,-1
MARVEL SNAP,0,,0,0,1,-1,1,1,,,,0,,0,-1,-1,-1
MARVEL SNAP,,,,1,,,,,,,,,,,-1,-1,
MARVEL SNAP,-1,-1,,1,1,-1,1,-1,,,,,,,-1,-1,-1
MARVEL SNAP,,,,,1,,,,,,,,,,,,
MARVEL SNAP,,,,1,1,,1,1,1,,,1,,,-1,-1,
MARVEL SNAP,-1,,-1,,,,,,,,,,,-1,,,
MARVEL SNAP,,,,-1,,,-1,1,,,,,,-1,,,
MARVEL SNAP,-1,,-1,,,,,,,,,,,,,,
MARVEL SNAP,,,,,1,,,,,,,,,,,,
MARVEL SNAP,,,,,1,-1,,,,,,,,,-1,-1,
MARVEL SNAP,,,,1,1,,1,1,,,,,,1,0,1,
MARVEL SNAP,,,,1,1,-1,1,1,,,,,,1,-1,-1,-1
MARVEL SNAP,,,,,1,,1,,,,,,,,,,
MARVEL SNAP,,,,,1,-1,,,,,,,,-1,,-1,
MARVEL SNAP,,,,,,,,,,,,,,,,,
MARVEL SNAP,,,,,1,,,,1,,,,,,,,
MARVEL SNAP,,,,,1,,,1,,,,,,,,,
MARVEL SNAP,,,,,0,-1,,,,,,,,,,,-1
MARVEL SNAP,,,,,,0,1,1,,,,,,0,,,
MARVEL SNAP,,,,,,,,,,,,,,,,,
MARVEL SNAP,,,,,,0,,,,,,,,0,,,
MARVEL SNAP,,,,1,1,,,,,,,,,,,,
MARVEL SNAP,,,,,,,,-1,,,,,,,-1,-1,
MARVEL SNAP,,,,,1,-1,,1,,,,,,1,-1,,
MARVEL SNAP,,,,,,,0,,,,,,,,,,
MARVEL SNAP,1,,,1,1,,1,1,,,,,,1,1,1,
MARVEL SNAP,,,,,,,,,,,,,,,-1,,-1
MARVEL SNAP,,,,1,1,,,,,,,,,,,,1
The Farmer Was Replaced,,,,,1,,,,,,,,,,,,
The Farmer Was Replaced,,,,-1,1,,,,,,,,,,,,-1
The Farmer Was Replaced,,,,,,,,,,,,,,,-1,,
The Farmer Was Replaced,,,,,,,,,,,,,,,,,
The Farmer Was Replaced,,,,,,-1,,,,,,,,-1,,,
The Farmer Was Replaced,,,,,1,,,,,,,,,,,,
The Farmer Was Replaced,,,,,,-1,,,,,,,,,-1,-1,-1
The Farmer Was Replaced,,,,-1,-1,,,,,,,,-1,-1,,-1,-1
The Farmer Was Replaced,,,,,1,,1,,,,,,,,,,
The Farmer Was Replaced,,,,,1,,,,,,,,,,,,
The Farmer Was Replaced,,,,,,,,,,,,,,,,,
The Farmer Was Replaced,,,,,,-1,,,,,,,,,-1,-1,
The Farmer Was Replaced,,,,-1,,,,,,,,-1,,-1,,,
The Farmer Was Replaced,,,,,,,-1,,,,,,,-1,,,
The Farmer Was Replaced,,,,1,1,,,1,,,,,,,,,1
The Farmer Was Replaced,,,,,1,,,,,,,,,-1,,-1,
The Farmer Was Replaced,0,0,-1,,1,,0,1,0,,,,,,,,
The Farmer Was Replaced,,,,0,1,,-1,1,,,,,,-1,,,
The Farmer Was Replaced,,,,0,1,-1,1,0,,,,,,-1,-1,-1,-1
The Farmer Was Replaced,,,,,1,,,,,,,,,,,-1,
The Farmer Was Replaced,,,,,,,,,,,,,,,,,
The Farmer Was Replaced,,,,,1,,,,,,,,,,,,
The Farmer Was Replaced,1,,-1,,1,,,,,,,,,1,,-1,
The Farmer Was Replaced,,,,,1,,-1,-1,,,,,,,-1,,
The Farmer Was Replaced,,,,,,,,,,,,,,,-1,,
The Farmer Was Replaced,,,,,,,,,,,,,,,-1,,
The Farmer Was Replaced,,,,,,,,,,,,,,,-1,,
The Farmer Was Replaced,,,,,1,,,0,,,,,,,,,
The Farmer Was Replaced,,,,,,,,1,,,,,,,,,
The Farmer Was Replaced,,,,,,,-1,,,,,,,,,,
The Farmer Was Replaced,,,,,,,1,,,,,,,,,,
The Farmer Was Replaced,0,1,0,1,1,,,,,,,,,0,0,-1,
The Farmer Was Replaced,,,,,,,,,,,,,,,,,
The Farmer Was Replaced,,,-1,,,,,,,,,,,,,,-1
The Farmer Was Replaced,,,,,,,,,,,,,,,,,
The Farmer Was Replaced,-1,-1,-1,,1,-1,-1,-1,1,,,,,1,-1,-1,
The Farmer Was Replaced,,,,,1,,,,,,,,,,,,
The Farmer Was Replaced,,,,,,,,,,,,,,,,,
The Farmer Was Replaced,,,,,0,,,,,,,,,,,,-1
The Farmer Was Replaced,,,,,1,,,,,,,,,,,,
The Farmer Was Replaced,,,-1,,1,,,,,,,,,1,,,
The Farmer Was Replaced,,,,,1,,,,,,,,,,,,
The Farmer Was Replaced,,,,,,,,1,,,,,,,,,
The Farmer Was Replaced,-1,,,,,,,,1,1,,,,0,,,
The Farmer Was Replaced,,,,,,,-1,,,,,,,-1,,,
The Farmer Was Replaced,,,,,,,,,,,,,,1,,,
The Farmer Was Replaced,,,,,1,-1,1,1,,,,,,-1,-1,-1,-1
The Farmer Was Replaced,1,,,1,1,,,1,,,,,,1,,,
The Farmer Was Replaced,,,,,1,,1,1,,,,,,,1,1,
The Farmer Was Replaced,,,,,1,,,,,,,,,,,,
The Farmer Was Replaced,,,,,,,,,,,,,,,,,
The Farmer Was Replaced,,,,,1,,,1,,,,,,,-1,-1,
The Farmer Was Replaced,,,,,,,,,,,,,,,,,
The Farmer Was Replaced,,,,,,,,,,,,,,,-1,,-1
The Farmer Was Replaced,,,,,,-1,,-1,,,,,,,-1,,-1
The Farmer Was Replaced,,,,,,,1,,1,,,,,,,,
The Farmer Was Replaced,,,,-1,1,,,,,,,,,,,,-1
The Farmer Was Replaced,,,,,,,,,,,,,,,,,
The Farmer Was Replaced,,,,,1,,,,,,,,,,,,
The Farmer Was Replaced,,,,,1,,,,,,,,,,,,
The Farmer Was Replaced,,,,1,1,,,,,,,,,1,,,
The Farmer Was Replaced,,,,,1,,,,,,,,,,,,
The Farmer Was Replaced,,,,,1,,,,,,,,,,,,
The Farmer Was Replaced,,,,,,,,,,,,,,,,,-1
The Farmer Was Replaced,,,,,1,,,,,,,,,,,,
The Farmer Was Replaced,,,,1,1,,1,1,,,,-1,,,,-1,-1
The Farmer Was Replaced,,1,,1,1,-1,1,1,1,1,1,1,-1,,0,-1,1
The Farmer Was Replaced,,,,,0,,,,,,,,,,,,
The Farmer Was Replaced,,,,1,1,,,,,,,1,,,,,
The Farmer Was Replaced,,-1,,-1,1,,1,1,1,1,1,0,,,-1,-1,-1
The Farmer Was Replaced,,,,,1,,,,,,,,,,,,-1
The Farmer Was Replaced,,,,,1,-1,,,,,,,,,-1,,-1
The Farmer Was Replaced,,,,1,0,,1,1,1,1,1,1,,,,,-1
The Farmer Was Replaced,,,,1,1,,1,,,,,1,,,,,
The Farmer Was Replaced,,,,,,,0,,,,,0,,,,,
The Farmer Was Replaced,,,,,1,,,,,,,1,,,,,
The Farmer Was Replaced,,,,,,,,,,,,,,,,,
The Farmer Was Replaced,,,,1,1,,1,1,1,,,1,,,,,
The Farmer Was Replaced,,,,,,,,,,,,,,,,,
The Farmer Was Replaced,,,,,1,,,,,,,,,,,,
The Farmer Was Replaced,,,,,,,,,,,,,,,,,
The Farmer Was Replaced,,,,,,,,,,,,,,,,,
The Farmer Was Replaced,,,,,1,,,,,,,,,,,,-1
The Farmer Was Replaced,,,,,,,,,,,,,,,,,
The Farmer Was Replaced,,,,,1,,0,,,,,0,,,,,
The Farmer Was Replaced,,,,,1,,,,,,,1,,,,,
The Farmer Was Replaced,,,,,1,-1,,,,,,,,,,,-1
The Farmer Was Replaced,,,,,1,,,,,,,,,,,,
The Farmer Was Replaced,,,,,1,,,,,,,,,,,,
The Farmer Was Replaced,,,,,1,,,,,1,,-1,,,,,
The Farmer Was Replaced,,,,1,1,,1,1,1,1,,1,,1,,,
The Farmer Was Replaced,,,,,1,,,,,,,,,,,,-1
The Farmer Was Replaced,,,,,1,,,,,,,0,,,,,
The Farmer Was Replaced,-1,1,-1,1,1,,1,1,1,,1,1,,1,,,
The Farmer Was Replaced,,,,,1,,,,,,,,,,,,
The Farmer Was Replaced,,,,,1,,1,,,,,,,1,,,
The Farmer Was Replaced,,,,1,0,,1,1,,,,1,,,1,1,-1
The Farmer Was Replaced,,1,,,1,,,,1,,1,1,,,,,
The Farmer Was Replaced,,,,,1,,,,,,,,,,,,
The Farmer Was Replaced,,,,,,,,,,,,,,,,,
Persona 3 Reload,,,,,1,,,,,,,,,,,,
Persona 3 Reload,,,,,1,,,,,,,,,,,,
Persona 3 Reload,,,,,1,,,,1,,,1,,,,,
Persona 3 Reload,,,,,1,,,,1,,,,,,,,
Persona 3 Reload,,,,1,1,,,,,,,,,-1,,,
Persona 3 Reload,,,,,1,,,,,,,,,,,,
Persona 3 Reload,,,,,,,,,,1,,,,,,,
Persona 3 Reload,,,,,1,,,,,,,0,,,,,
Persona 3 Reload,,,,,1,,,,1,1,,-1,,,,,-1
Persona 3 Reload,,,,,0,-1,,,,-1,,,,-1,,,
Persona 3 Reload,,,,,1,,-1,,,,,,,-1,,,
Persona 3 Reload,-1,-1,,,,,,,-1,,-1,,,,,,
Persona 3 Reload,,,,,,,,,,,,,,,,,
Persona 3 Reload,,,,,,,,,,,,,,,,,
Persona 3 Reload,,,,,,,,,,1,,,,,,,
Persona 3 Reload,,,,,1,,,,,,,0,,,,,
Persona 3 Reload,,,,,1,,1,,,,,,,,,,
Persona 3 Reload,-1,1,,1,1,,1,1,1,1,1,1,,,-1,-1,-1
Persona 3 Reload,,,,,1,,,,,,,,,,,,
Persona 3 Reload,,,,,1,,,,,,,1,,,,,
Persona 3 Reload,,,,,1,,-1,0,1,0,,0,,,,,-1
Persona 3 Reload,,,,,,-1,,,,,,,,,-1,,
Persona 3 Reload,,,,,1,-1,,,,,,,,-1,,,
Persona 3 Reload,,,,,1,,1,,,,,1,,,,,
Persona 3 Reload,,,,,1,,1,,,,,,,,,,
Persona 3 Reload,,,,,,,,,,,,,,,,,
Persona 3 Reload,,,,,,,,,,,,,,,,,
Persona 3 Reload,,,,,,,,,,,,,,,,,
Persona 3 Reload,,,,1,1,,,,,,,1,,,,-1,
Persona 3 Reload,,,,,1,,,,,,,,,,,,
Persona 3 Reload,,,,,1,,,,,,,,,,,,-1
Persona 3 Reload,,,,,1,,,,,,,,,,,,
Persona 3 Reload,,,,,,,,,,,,,,,,,
Persona 3 Reload,,,,,,,,,,,,,,,,,
Persona 3 Reload,,,,,,,,,,,,,,,,,
Persona 3 Reload,,,,,,,,,1,1,1,,,,,,
Persona 3 Reload,,,,-1,1,,,,,,,,,,,,-1
Persona 3 Reload,,,,,1,-1,1,1,,,,,,-1,-1,-1,
Persona 3 Reload,,,,,1,,,,,,,,,,,,
Persona 3 Reload,,,,-1,,,,,,,,,,,,,
Persona 3 Reload,,,,1,1,,,,,,,,,,,,
Persona 3 Reload,,,,,1,,,,,,,,,,,,
Persona 3 Reload,,,,,,,,,,,,,,,,,
Persona 3 Reload,,,,,1,,,,,,,1,,,,,
Persona 3 Reload,,,,,1,,,,,,,1,,,,,
Persona 3 Reload,,,,1,1,,,,,,,,,,,,
Persona 3 Reload,,,,,1,,,,,,,,,,,,
Persona 3 Reload,,,,,1,,,,,,,,,,,,
Persona 3 Reload,,,,,,,,,,,,,,,,,-1
Persona 3 Reload,,,,,,,,0,,,,0,,,,,
Persona 3 Reload,,,,0,1,,1,0,0,,1,0,,,,-1,-1
Persona 3 Reload,,,,,1,,,,,,,,,,,,-1
Persona 3 Reload,,,,,,,,,,,,,,,,,
Persona 3 Reload,,,,,,,,,,,,,,,,,
Persona 3 Reload,,,,,,,,,,,,,,,,,
Persona 3 Reload,,,,,1,,0,,,,,0,,,,,
Persona 3 Reload,,,,,,,,,,,,,,,,,
Persona 3 Reload,,,,,1,,,,,,,,,,1,,-1
Persona 3 Reload,,,,,,,,,,,,,,,,,
Persona 3 Reload,,,,1,1,,1,1,1,,,,,,0,,-1
Persona 3 Reload,,,,,1,,,,,,,,,,,,
Persona 3 Reload,,-1,,0,1,,1,,0,0,1,0,,,-1,-1,
Persona 3 Reload,,,,,,,,,,,,,,,,,
Persona 3 Reload,,,,,1,,,,1,,1,1,,,,,
Persona 3 Reload,,,,,1,-1,,1,,,,,,1,-1,-1,-1
Persona 3 Reload,,,,,1,,,,,-1,,1,,,,,
Persona 3 Reload,1,1,1,1,1,1,1,1,1,1,1,1,,1,1,1,-1
Persona 3 Reload,,,,,,,,,,,,,,,,,
Persona 3 Reload,,,,1,0,,-1,0,,,,,,,-1,-1,-1
Persona 3 Reload,,,,,1,,,,,,,,,,,,-1
Persona 3 Reload,-1,1,,1,1,-1,1,1,1,1,1,,,1,-1,-1,-1
Persona 3 Reload,,0,,1,1,-1,1,1,,,,0,,,-1,-1,-1
Persona 3 Reload,,,,,1,,,,,,,,,,,,-1
Persona 3 Reload,,,,,,0,,,,,,,,,,,-1
Persona 3 Reload,,-1,,1,1,-1,-1,-1,1,,-1,-1,,,-1,-1,-1
Persona 3 Reload,,,,1,1,,1,1,,,,,,,,,
Persona 3 Reload,,,,,,,1,1,,,,,,,,,
Persona 3 Reload,-1,,,,1,,,,1,,,,,,,,
Persona 3 Reload,1,1,-1,1,1,,1,1,1,,,,,,,,
Persona 3 Reload,,,,,1,,,,1,1,,,,,,,
Persona 3 Reload,,,,,1,-1,-1,1,,,,,,,-1,,
Persona 3 Reload,,,,,0,,,,,,,,,,,,
Persona 3 Reload,,,,,1,,1,,,,,,,,,,
Persona 3 Reload,,,,1,,,1,1,,,,,,,0,-1,
Persona 3 Reload,0,1,-1,1,1,-1,1,1,1,,1,,,1,0,-1,
Persona 3 Reload,,,,1,1,,1,1,,,,,,,1,1,1
Persona 3 Reload,,,,-1,0,,,-1,,,,,,,,,
Persona 3 Reload,,1,,,1,1,1,1,,,,,,,,,
Persona 3 Reload,,,,,1,,,,,,,,,,,,
Persona 3 Reload,-1,0,-1,0,1,-1,0,1,,,,,,1,-1,-1,-1
Persona 3 Reload,,,,,1,,,,,,,,,,,,
Persona 3 Reload,-1,,-1,1,1,-1,1,1,0,,,-1,,-1,-1,-1,-1
Persona 3 Reload,1,-1,,1,1,-1,1,1,1,1,1,1,,,-1,-1,-1
Persona 3 Reload,,,,1,1,,,1,,,,,,,-1,-1,-1
Persona 3 Reload,-1,,,1,1,-1,,,,,,,,1,0,-1,-1
Persona 3 Reload,,,,,,-1,,,,,,,,,,,
Persona 3 Reload,-1,1,1,1,1,1,1,1,,,,1,,1,-1,-1,-1
Persona 3 Reload,,,,,1,,,,,,,,,,,1,
Persona 3 Reload,,,,,1,,,,,,,,,,,,
Persona 3 Reload,,,,,1,,1,,,,,,,1,,,
shapez 2 - Factory,,,,-1,1,,,-1,,,,-1,,,,,-1
shapez 2 - Factory,,,,1,1,,,,,,,,,1,,,
shapez 2 - Factory,,,,,,-1,,,,,,,,,,,
shapez 2 - Factory,,,,1,1,,1,1,,,,,,,1,1,
shapez 2 - Factory,0,1,0,,1,0,1,1,,,,,,1,0,0,0
shapez 2 - Factory,,,,,1,0,,1,,,,,,1,1,1,
shapez 2 - Factory,,,,,1,,,,1,1,,,,,,,
shapez 2 - Factory,,,,,1,,,,,,,,,,,,
shapez 2 - Factory,,,,,1,,,,,,,,,,,,
shapez 2 - Factory,,,,,1,,,,,,,,,,,,
shapez 2 - Factory,,,,1,1,,,1,,,,,,,0,-1,-1
shapez 2 - Factory,,,,-1,1,,,,,,,,,,,,
shapez 2 - Factory,,,,,1,,,,,,,,,,,,
shapez 2 - Factory,,,,,,,,,,,,,,,,,
shapez 2 - Factory,0,1,-1,1,1,-1,,1,,,,,,,0,-1,-1
shapez 2 - Factory,-1,1,,,1,,1,1,1,,,,,,-1,-1,
shapez 2 - Factory,,,,1,1,,,,,,,,,,1,-1,-1
shapez 2 - Factory,,,,1,1,,,,,,,,,,,,
shapez 2 - Factory,,,,-1,1,,,,,,,,,,,,
shapez 2 - Factory,,,,1,1,,1,1,,,,,,1,,,
shapez 2 - Factory,,,,,1,-1,,,,,,,-1,,,-1,-1
shapez 2 - Factory,,,,0,0,,0,1,,,,,,0,,,-1
shapez 2 - Factory,,,,0,1,,1,,,,,,,0,0,-1,
shapez 2 - Factory,,,,,0,,,,,,,,,,-1,,-1
shapez 2 - Factory,,,,,1,,,,,,,,,,,,
shapez 2 - Factory,,,,,1,,,,,,,,,,,,
shapez 2 - Factory,,,,,1,,,,,,,,,,,,
shapez 2 - Factory,-1,-1,-1,,,-1,,1,,,,,,-1,-1,-1,
shapez 2 - Factory,1,-1,-1,1,1,-1,1,1,1,1,1,1,,,-1,,-1
shapez 2 - Factory,,,,,1,,,,,,,,,,,,
shapez 2 - Factory,,,,,1,,,,,,,,,,,,
shapez 2 - Factory,,,,,,,,,,,,,,,,,
shapez 2 - Factory,,,,,1,,,,1,,,,,,,,
shapez 2 - Factory,,,,,1,,,,,,,,,,,,
shapez 2 - Factory,,,,,1,,,,,,,,,,,,-1
shapez 2 - Factory,,,,,,,,,,,,,,,,,
shapez 2 - Factory,-1,1,-1,1,1,-1,1,1,0,-1,1,1,,-1,-1,,
shapez 2 - Factory,,,,,,,,1,,,,,,,,,-1
shapez 2 - Factory,-1,,-1,,1,,,1,,,,,,,,-1,-1
shapez 2 - Factory,1,1,,1,1,,1,,1,1,1,,,1,,,
shapez 2 - Factory,,,,,1,,,,,,,,,,,,
shapez 2 - Factory,,,,,1,,,,,,,,,,,,
shapez 2 - Factory,,,,,1,,,-1,,,,,,-1,,,
shapez 2 - Factory,,,-1,,,,,,,,,,,-1,,,
shapez 2 - Factory,,,,,1,,,,,,,,,,,,-1
shapez 2 - Factory,1,1,,1,1,,,1,,,,,,,,-1,
shapez 2 - Factory,-1,-1,-1,1,1,-1,1,1,1,,1,,,-1,-1,-1,-1
shapez 2 - Factory,1,1,,1,1,,1,1,1,,,1,,,-1,-1,-1
shapez 2 - Factory,,,,,,,,,,,,,,,,,
shapez 2 - Factory,,,,1,1,,,,,,,,,,,,
shapez 2 - Factory,,,,,1,,,,,,,,,,,,
shapez 2 - Factory,-1,-1,-1,-1,1,-1,,-1,,,,,,,-1,-1,-1
shapez 2 - Factory,,,,,1,-1,0,1,,,,,,,1,-1,
shapez 2 - Factory,,,,,1,,,,,,,,,,,,
shapez 2 - Factory,,,,-1,1,,,,,,,,,,-1,-1,-1
shapez 2 - Factory,,,,1,1,,,,,,,,,,,1,
shapez 2 - Factory,,,,,1,,1,,1,,,1,,,,,
shapez 2 - Factory,,,,,,,,,,,,,,,,,
shapez 2 - Factory,,,,,1,,,,,,,,,,,,
shapez 2 - Factory,,,,,,,,,,,,,,,,,
shapez 2 - Factory,,,,,1,,,,,,,,,,,,
shapez 2 - Factory,,,,1,1,,,1,,,,,,,,-1,-1
shapez 2 - Factory,,,,,1,,,,,,,,,,,,
shapez 2 - Factory,,,,,1,,,,,,,,,,,,
shapez 2 - Factory,,,,,1,,1,,,,,,,,,,
shapez 2 - Factory,,,,,,,,,,,,,,,,,
shapez 2 - Factory,,,,,1,,-1,,,,,,,-1,,,
shapez 2 - Factory,,,,1,1,-1,1,1,,,,1,-1,0,0,-1,-1
shapez 2 - Factory,,,,,1,,,,,,,,,,,-1,
shapez 2 - Factory,,,,-1,1,,,-1,-1,-1,,,,,-1,-1,
shapez 2 - Factory,,,,,,,,,,,,,,,,,
shapez 2 - Factory,,,,,1,,,,,,,,,,,,
shapez 2 - Factory,-1,,-1,1,1,,,-1,,,,,,-1,,,
shapez 2 - Factory,1,1,-1,1,1,,1,1,1,1,1,1,,1,-1,-1,
shapez 2 - Factory,-1,,-1,,0,,,,,,,,-1,0,,,
shapez 2 - Factory,1,1,,1,1,-1,1,1,1,1,1,1,,,1,-1,-1
shapez 2 - Factory,,,,1,1,,,,,,,,,1,,,
shapez 2 - Factory,,,,1,1,,,,1,1,,,,1,,,
shapez 2 - Factory,,,,1,1,-1,1,1,,,,,,1,,,
shapez 2 - Factory,-1,,-1,0,1,,1,1,,,,0,,1,-1,-1,-1
shapez 2 - Factory,,,,,1,,1,,,,,,,,,,-1
shapez 2 - Factory,,,-1,,,,,,,,,,,-1,,,
shapez 2 - Factory,,,,,1,,,,,,,,,,,,
shapez 2 - Factory,,,,,1,,,,,,,,,,,,
shapez 2 - Factory,,,,1,1,,,,,,,,,,,,
shapez 2 - Factory,,,,1,0,-1,-1,1,1,-1,,1,,,-1,-1,-1
shapez 2 - Factory,,,-1,,1,-1,,,,,,,-1,-1,,,
shapez 2 - Factory,,,,,1,,,,,,,,,,0,-1,
shapez 2 - Factory,,,,,1,,,,,,,,,,,,
shapez 2 - Factory,,,,,1,,,,,,,,,,,,
shapez 2 - Factory,,,,1,0,-1,1,0,,,,,,-1,0,-1,-1
shapez 2 - Factory,,,,1,1,,,,,,,,,1,,,
shapez 2 - Factory,1,1,,1,1,-1,1,1,1,1,1,1,,,0,-1,-1
shapez 2 - Factory,,,,,1,,1,1,1,,1,1,,,-1,,-1
shapez 2 - Factory,,,,,1,,,,,,,,,,,,
shapez 2 - Factory,,,,,1,,,,,,,,,,,,
shapez 2 - Factory,,,,1,1,,,,,,,,,,,,
shapez 2 - Factory,,,,1,1,,,,,,,,,-1,,,
shapez 2 - Factory,,,,,1,,,,,,,,,,,,
shapez 2 - Factory,0,0,0,1,1,,1,1,1,,1,1,,0,,,0
Two Point Museum,,,,1,1,,,0,,,,,,,,,-1
Two Point Museum,,,,-1,,,,,,,,,,-1,,,
Two Point Museum,,,,-1,,-1,,-1,,,,,,-1,,-1,
Two Point Museum,,,,,1,,,,1,1,,,,,,1,
Two Point Museum,,,,,1,,,,,,,,,,,,
Two Point Museum,,,,,1,,,1,,,,1,,,,,
Two Point Museum,,,,1,1,,1,1,,,,,,1,,,-1
Two Point Museum,,,,,,,,,,,,,,,,,
Two Point Museum,1,,,1,1,,,1,,,,,,1,1,1,
Two Point Museum,,,,1,1,,1,1,1,1,,1,,,,,
Two Point Museum,,,,,1,,,,,,,,,,,,
Two Point Museum,,,,1,1,,,,,,,,,,,,
Two Point Museum,,,,,1,,,,,,,,,,,,
Two Point Museum,,,,,1,,,,,,,,,,1,1,
Two Point Museum,,,,,1,,,,,,,,,,,,
Two Point Museum,,,,,,,,,,,,,,,,,
Two Point Museum,,,,1,1,,1,1,,,,1,,,,,
Two Point Museum,,,,,1,,,,,,,,,,,,
Two Point Museum,,,,,,,,,,,,,,,,,
Two Point Museum,,,,,1,,,,,,,,,,,,
Two Point Museum,,,,,,,,,,,,,,,,,
Two Point Museum,,,,,1,,,,1,1,,,,,,,
Two Point Museum,-1,-1,-1,,,,,,,,,,,,,,
Two Point Museum,,,,,1,,,,,,,,,,,,
Two Point Museum,,,,-1,,,,,,,,,,,,,
Two Point Museum,,,,,1,,,,,,,,,,,,
Two Point Museum,,,,-1,,,,,,,,,,,,,
Two Point Museum,,,0,1,1,0,1,1,,1,,1,,1,,,
Two Point Museum,,,,,1,,,,,,,,,,,,
Two Point Museum,,,,,1,,,,,,,,,,,,
Two Point Museum,,,,,,,,,,,,,,,,,
Two Point Museum,,,,1,1,,,1,1,1,,,,1,1,,
Two Point Museum,,,,,1,,,,,,,,,,,,
Two Point Museum,,,,1,1,,,,,,,,,,,,-1
Two Point Museum,,,,1,1,,1,1,1,1,,1,,,1,1,-1
Two Point Museum,,,,,1,,,,,,,,,,,,
Two Point Museum,,,,,1,,,,,,,,,,0,,
Two Point Museum,,,,,1,,,,,,,,,,,,
Two Point Museum,,,,,,,,,,,,,,,-1,,
Two Point Museum,,1,,,1,,,,0,1,1,0,,,,,
Two Point Museum,,,,1,1,,1,1,1,1,,,,1,,1,
Two Point Museum,,,,,1,,,,,,,,,,,,
Two Point Museum,,,,,0,,,,,,,,,,,,
Two Point Museum,,,,1,1,,,,,,,,,,,,
Two Point Museum,,,,1,1,,1,1,,,,,,,,,
Two Point Museum,,,,,,,,,,,,,,,,,
Two Point Museum,,,,,1,,1,,1,,,1,,,,,
Two Point Museum,,,,,1,,,,,,,,,,,,
Two Point Museum,,,,,1,,,,,,,,,,,,
Two Point Museum,,,,,,,,,,,,,,,,,
Two Point Museum,,,,,1,,,,,,,,,,,,
Two Point Museum,,,,,1,,,,,,,,,,,,
Two Point Museum,,,,,1,,,,,,,,,,,,
Two Point Museum,,,-1,,1,,,,,,,,,,,,
Two Point Museum,,,,,1,,1,,,,,,,,,,
Two Point Museum,,,,,1,,,,,,,,,,,,
Two Point Museum,,,,,1,,,,,,,,,,,,
Two Point Museum,,,,,,,,,,,,,,,,,
Two Point Museum,,,,,1,,,,,,,,,,,,
Two Point Museum,,,,,1,,1,1,,,,,,,-1,,
Two Point Museum,,,,,1,,,,,,,,,,,,
Two Point Museum,,,,,,,,,,,,,,,,,
Two Point Museum,,,,,,,,,,,,,,,,,
Two Point Museum,,,,,,,,,,,,,,,,,
Two Point Museum,1,1,,,1,,,,1,,1,,,1,,,
Two Point Museum,,,,,1,,,,,,,,,,,,
Two Point Museum,,,,,1,,,,,,,,0,,,-1,
Two Point Museum,,1,,1,1,-1,1,1,1,-1,1,1,,,-1,-1,-1
Two Point Museum,,,,,1,-1,,,1,1,,,,,-1,-1,-1
Two Point Museum,,,,0,1,,,1,,,,,,,-1,-1,-1
Two Point Museum,,1,,1,1,1,1,1,1,,1,,,,,,
Two Point Museum,1,1,-1,1,1,0,1,1,1,,1,1,,1,0,1,-1
Two Point Museum,,,,1,1,,1,,,,,,,1,,,
Two Point Museum,,,,1,1,-1,1,1,,,,,,0,0,-1,-1
Two Point Museum,,,,1,1,-1,1,1,,,,1,,,1,1,-1
Two Point Museum,,,,0,1,,,,0,1,,,,,,-1,-1
Two Point Museum,,,,,1,,,,,,,,,,,,
Two Point Museum,,,,,1,,,,1,1,,,,,,,
Two Point Museum,,,,,1,,,,,,,,,,-1,,
Two Point Museum,,,,,1,,1,1,,,,,,,1,,
Two Point Museum,,,,,1,,,,,,,,,,-1,,
Two Point Museum,,,,1,0,,1,1,0,,,,,,,,
Two Point Museum,,,,,1,-1,0,,,,,,-1,,,,-1
Two Point Museum,,,,,1,,,,,,,,,1,,,
Two Point Museum,,,,-1,1,,,,,,,,,-1,,,
Two Point Museum,,,,1,1,,1,1,,,,,,1,,,
Two Point Museum,,,,,,,,,,,,,,,,,
Two Point Museum,,,,,1,,,,,,,,,,,,
Two Point Museum,,,,,1,,,,,,,,,,,,
Two Point Museum,0,1,0,1,1,0,1,1,1,1,1,1,,1,1,0,1
Two Point Museum,,,,1,1,,,1,,,,,,,,,1
Two Point Museum,,,,1,1,1,,1,,1,,,,1,1,1,1
Two Point Museum,,,,,1,,,,,,,,,,1,1,
Two Point Museum,,,,,1,,,,,,,,,,,,
Two Point Museum,,,,,,,,,,,,,,,,,
Two Point Museum,1,1,,1,1,,1,1,1,,1,,,,,1,-1
Two Point Museum,,,,1,1,,,,,,,,,,,,
Two Point Museum,,,,,1,,,,,,,,,,,,
Two Point Museum,,,,,1,,,,,,,,,,-1,-1,
Two Point Museum,,,,,1,,,,,,,,,,,,
Thronefall,,,,,1,,,,,,,,,,,,
Thronefall,,,,,1,,,,,,,,,,,,
Thronefall,,,,,1,,,,,,,,,,,,
Thronefall,,,,,,-1,,,,,,,,-1,,,
Thronefall,,,,,1,,,,1,,,,,,1,1,
Thronefall,,,,,,,,,,,,,,,,,
Thronefall,,,,,1,,,,,,,,,,,,
Thronefall,,,,,,,,,,,,,,,,,
Thronefall,,,,,1,,,,,,,,,,-1,,
Thronefall,,,,,1,,,,,,,,,,,,
Thronefall,,,,,,,,,,,,,,,,,
Thronefall,,,,-1,1,-1,,0,,,,,,,-1,-1,-1
Thronefall,,,,,1,,,,,,,,,,,,
Thronefall,1,1,,1,1,,1,,1,,1,,,,1,1,
Thronefall,,,,,1,,1,,1,,,,,,,,
Thronefall,,,,1,1,,,,,,,,,,,,
Thronefall,,,,,,,,,,,,,,,,,
Thronefall,,,,,1,,,,1,1,,,,,1,-1,
Thronefall,,,-1,0,1,-1,1,1,,,,,,0,,-1,-1
Thronefall,,,,,1,,,,,,,,,,,,
Thronefall,,,,,,,,,,,,,,,-1,,-1
Thronefall,,,,,1,-1,,,1,1,,,,1,-1,-1,
Thronefall,,,,,1,,,,,,,,,,,,
Thronefall,,,,,1,,,,,,,,,,,,
Thronefall,,,,,1,,,1,1,1,,,,,1,1,
Thronefall,,,,,1,-1,,,,,,,,-1,,,
Thronefall,,,,,,,,,,,,,,,,,
Thronefall,,,,,1,,,,,,,,,,,,
Thronefall,,,,,1,,1,1,,,,1,,,-1,-1,
Thronefall,,,,,1,-1,,-1,,,,,,,,,
Thronefall,,,,,1,,,,,,,,,,,,
Thronefall,,,,1,1,,,,,,,,-1,1,,,-1
Thronefall,,,,1,1,-1,1,1,,,,,,1,1,1,-1
Thronefall,,,,,1,,,,,,,,,,,,
Thronefall,,,,,-1,,,,,,,,,,,,
Thronefall,,,,1,1,,,,,,,,,1,,,
Thronefall,,,,,1,,,,,,,,,,,,
Thronefall,,,,,1,,,,,,,,,,1,1,
Thronefall,,,,,1,,1,1,,,,1,,,-1,-1,
Thronefall,,,,,1,,,,,,,,,,,,
Thronefall,,1,,,1,,1,1,1,1,1,1,,,-1,-1,-1
Thronefall,,,,,1,,,,,,,,,,-1,,
Thronefall,,,,,,,,,,,,,,,,,
Thronefall,0,1,,,,,1,1,,,,,,,,,
Thronefall,,,,,1,,,,,,,,,,,,
Thronefall,,,,,1,-1,1,1,,,,,,,1,,
Thronefall,,,,,1,,,,,,,,,,,,
Thronefall,,,,,,,,,,,,,,,,,
Thronefall,-1,1,,1,1,-1,,,1,,1,,,,,-1,-1
Thronefall,,,,,,,,,,,,,,,-1,-1,
Thronefall,,,,,,,,,,,,,,,,,
Thronefall,,,,,1,0,,1,,,,,,,1,,
Thronefall,,,,,1,,,,,,,,,,,,
Thronefall,,,,,,,,,,,,,,,,,
Thronefall,,,,,,,,,,,,,,,,,
Thronefall,,,,,1,,1,,,,,,,,,,
Thronefall,-1,,-1,,1,1,1,1,,,,,,1,-1,,
Thronefall,,,,,1,,,,,,,,,,,,
Thronefall,,,,,1,-1,,1,,,,,,,-1,,
Thronefall,,,,,1,1,,1,,,,,,,1,,1
Thronefall,,,,,,,,,,,,,,,,,
Thronefall,,,,,1,,,,,,,,,,,,
Thronefall,,,,,,,,,,,,,,,,,
Thronefall,,,,,1,,,,,,,,,,,,
Thronefall,,,,,1,,1,,,,,,,,,,
Thronefall,,,,,1,,,,,,,,,,,,
Thronefall,,,,,1,,1,,,,,1,,,,,
Thronefall,,,,,1,-1,-1,1,,,,,,0,-1,-1,
Thronefall,-1,1,-1,1,1,-1,1,1,1,,1,1,,,-1,-1,-1
Thronefall,-1,-1,-1,1,1,-1,0,1,0,,-1,-1,,,-1,-1,-1
Thronefall,,,,1,1,,,,,,,,,,,,
Thronefall,,,,,1,-1,,,,,,,,-1,,,
Thronefall,,,,,1,-1,,,,,,,,,-1,-1,
Thronefall,,,,,1,,,,,,,,,,,,
Thronefall,,,,,1,,,,,,,,,,,,
Thronefall,,,,,,,,,,,,,,,,,
Thronefall,,,,,1,,1,1,1,,,,,,-1,-1,
Thronefall,-1,-1,-1,,,-1,,,,,,,-1,-1,,,-1
Thronefall,,,,,1,-1,,,,,,,,,0,-1,-1
Thronefall,,,,,1,,1,,,,,,,,,,
Thronefall,,,,,1,,,,,,,,,,,,
Thronefall,,,,,0,,,0,,,,,,,-1,,
Thronefall,,,,,,,,,,,,,,,,,
Thronefall,,,,1,1,1,1,1,,,,,,1,1,-1,
Thronefall,-1,1,,1,1,-1,,1,,,,,,,-1,-1,-1
Thronefall,,,,,1,,,,,,,,,,,,
Thronefall,,,,,,,,,,,,,,,,,
Thronefall,,,,,1,-1,1,1,,,,,,1,,,
Thronefall,,,,,1,,,,,,,,,,,,
Thronefall,,,,,,,,1,,,,,,,-1,,
Thronefall,,,,,,,,,,,,,,,,,
Thronefall,,,,,1,-1,,,,,,,,,,,
Thronefall,,,,,0,-1,,,,,,,,,,,
Thronefall,,,,,1,,,,,,,,,,,-1,
Thronefall,,,,,,,,,,,,,,,,,
Thronefall,-1,,-1,,1,,,,,,,,,,,-1,
Thronefall,,,,,1,,1,1,1,1,,1,,,,,
Thronefall,,,,1,1,,,,,,,,,,,,-1
Thronefall,,,,,1,,1,1,,,,,,,,,
Thronefall,,,,,,,,,,,,,,,,,
Balatro,,,,,1,-1,1,1,,,,,,,-1,,-1
Balatro,,,,,,,,,,,,,,,,,
Balatro,,,,,1,-1,1,1,,,,,,0,,,
Balatro,,,,,1,,,,,,,,,,,,
Balatro,,,,,1,,,,,,,,,,,,
Balatro,,,,,1,,,,,,,,,,,,
Balatro,,,,,1,,,,,,,,,,,,
Balatro,,,,,1,,,,,,,,,,,,
Balatro,,,,,1,,,,,,,,,,,,
Balatro,,,,,1,,,,1,,,,,,,,
Balatro,,,,,1,,,,,,,,,,,-1,
Balatro,,,,1,1,,,,,,,,,,1,-1,
Balatro,,-1,,,1,,1,,1,,-1,,,,,,
Balatro,,,,,,,,,,,,,,,,,
Balatro,,,,,1,-1,,,,,,,,,-1,,-1
Balatro,,,,,,,,,,,,,,,,,
Balatro,,,,1,1,,,,,,,,,,,,
Balatro,,,,,,,,,,,,,,,,,
Balatro,,,,,1,1,1,,,,,,,1,1,,
Balatro,,,,,1,,,,,,,,,,,,
Balatro,,,,,1,,,,,,,,,,,,
Balatro,,,,1,1,,1,1,,,,1,,,0,-1,
Balatro,,,,,1,,,,,,,,,,,,
Balatro,,,,1,1,,,1,,,,,,,,1,
Balatro,,,,,1,,,,,,,,,,,,
Balatro,,,,,,,,,,,,,,,,,
Balatro,,,,,1,,,,,,,,,,,,
Balatro,,,,,,,,,,,,,,,,,
Balatro,,,,,1,,1,,,,,,,,,,
Balatro,,,,1,1,,,,,,,,,,,,
Balatro,,,,,1,,-1,,,,,-1,,,,,
Balatro,,,,,,,,,,,,,,,,,
Balatro,,,,,1,,,,,,,,,,,,
Balatro,,,,,1,,,,,,,,,,,,
Balatro,,,,,1,,,,,,,,,,,,
Balatro,,,,,1,,,,,,,,,,,,
Balatro,,,,,1,,,,1,,,,,,,,
Balatro,,,,,1,,,,,,,,,,,,
Balatro,,,,,,,,,,,,,,,,,
Balatro,,,,,1,,,,,,,,,,,,
Balatro,,,,,1,,,,,,,,,,,-1,-1
Balatro,,1,,,1,-1,1,1,1,1,1,,,1,,-1,
Balatro,,,,,,,,,,,,,,,,,
Balatro,,,,,1,,,,,,,,,,,,
Balatro,,,,,1,,,,,,,,,,,,
Balatro,,,,,1,,,,,,,,,,,,
Balatro,,,,,,,,,,,,,,,,,
Balatro,,,,,1,,1,1,,,,,,,,,
Balatro,,,,1,1,-1,1,1,,,,1,-1,1,,-1,
Balatro,,,,,1,,,,,,,,,,,,
Balatro,,,,,1,,,,,,,,,,,,
Balatro,,,,,1,,,,,,,,,,-1,,
Balatro,,,,,1,,,,,,,,,,,,
Balatro,,,,1,1,,1,-1,,,,,,,-1,-1,
Balatro,,,,,1,,,,,,,,,,,,
Balatro,,,,,1,,,,,,,,,,,,
Balatro,,,,,1,,1,,,,,,,,,,
Balatro,,,,,1,,,,,,,,,0,,,
Balatro,,,,,1,,,,,,,,,,,,
Balatro,,,,,1,,,,,,,,,,,,
Balatro,,,,,1,,,,,,,,,,,,
Balatro,,,,,1,,1,,1,,,,,,,,
Balatro,,,,,1,,,,,,,,,,,,-1
Balatro,,,,,1,,,,,,,,,,,,
Balatro,,,,,,,,,,,,,,,,,
Balatro,,,,,1,,,,,,,,,,,,
Balatro,-1,,-1,-1,0,-1,,-1,,,,,-1,-1,-1,-1,-1
Balatro,,,,1,1,-1,1,,,,,,,-1,-1,-1,
Balatro,,,,,0,-1,,,,,,,-1,,,-1,
Balatro,,,,,,,,,,,,,,,,,
Balatro,,,,1,1,-1,1,1,1,1,,,,1,,-1,
Balatro,,,,,1,-1,,,,,,,-1,-1,,-1,
Balatro,,,,,1,,,,,,,,,1,,,
Balatro,,,,,1,1,,,,,,,,,,1,
Balatro,,,,,,,,,1,1,,,,,,,
Balatro,,,,,1,,,,,,,,,,,,
Balatro,1,1,,,1,,,1,1,,,,,,1,1,1
Balatro,,,,,,,,,,,,,,,,,
Balatro,,,,,1,,,,,,,,,,,,
Balatro,,,,,,,,,,,,,,,,,
Balatro,,,,,1,,,,,,,,,,,,
Balatro,,,,,,,,,,,,,,,,,
Balatro,,,,,1,,,,,,,,,,,,
Balatro,,,,,1,,,,,,,,,,,,
Balatro,,,,,1,,,,,,,,,,,,
Balatro,,,,,1,1,,1,1,1,,,,,1,1,
Balatro,,,,,-1,-1,-1,,,,,,-1,-1,,-1,
Balatro,,,,,1,,1,,1,1,,,,,,,
Balatro,,,,,1,,,,,,,,,-1,,,
Balatro,,,,,1,,,,,,,,,,,,
Balatro,,,,,1,,,,1,,,,,,,,
Balatro,,,,,1,,,,,,,,,,,,
Balatro,,,,,1,,,,,,,,,,,,
Balatro,1,1,,1,1,1,1,1,1,,1,,,1,,,
Balatro,,-1,,,,,-1,,-1,-1,-1,,,,,,
Balatro,,,,,1,-1,-1,-1,,,,,,-1,-1,-1,-1
Balatro,,,,,1,,,,,,,,,,,,
Balatro,,,,,1,,,1,1,1,,,,,,,
Balatro,,,,,1,,,,,,,,,-1,,,
Balatro,,,,,1,,,,,,,,,,,1,
Storm Striker,,1,,,1,,,,1,,,,,,,1,
Storm Striker,,,,,1,,,,,,,,,,,,
Storm Striker,,,,,1,-1,1,-1,,,,,,-1,-1,-1,-1
Storm Striker,,,,,,,,,,,,,,,,,
Storm Striker,,,,,1,-1,-1,,,,,,,,,-1,
Storm Striker,1,1,,,1,1,1,1,1,1,1,,,,1,,
Storm Striker,,,,,1,,,,,,,,,,,,
Storm Striker,,,,,1,,,,,,,,,,,,
Storm Striker,,,,,1,-1,,,,,,,,,-1,-1,
Storm Striker,,,,1,1,-1,-1,-1,,,,,-1,-1,-1,-1,
Storm Striker,-1,1,,,1,-1,,,1,,,,,,-1,-1,
Storm Striker,,,,,1,,,,,,,,,,,,
Storm Striker,,,,,1,,,,,,,,,,,1,
Storm Striker,,,,,1,,,,,,,,,1,,,
Storm Striker,,,,,1,,,1,1,1,,,,,1,1,
Storm Striker,,,,,1,,,,,,,,,1,,,
Storm Striker,,,,,1,,,,,,,,,,,,
Storm Striker,,,,,,,,,,,,,,,,,
Storm Striker,,,-1,,,,,,,,,,-1,,,,
Storm Striker,,,,,1,,,,,,,,,,,,
Storm Striker,,,,,1,,,,,,,,,,,,
Storm Striker,,,,,0,,,,,,,,,,,,
Storm Striker,,,,,1,,,,,,,,,,,,
Storm Striker,,,,,1,,,,1,1,,,,,,,
Storm Striker,,,,,,,,,,,,,,,,,
Storm Striker,-1,,-1,,1,-1,,-1,,,,,,-1,-1,-1,
Storm Striker,-1,,-1,,0,-1,,,,,,,-1,-1,,-1,
Storm Striker,,,,,,,,,,,,,-1,,,,
Storm Striker,,,,,1,-1,,,,,,,,1,,-1,-1
Storm Striker,,,,,-1,,,,,,,,,,,-1,
Storm Striker,,,,,1,,,,,,,,,,,,
Storm Striker,,,,,1,,,,,,,,,,,,
Storm Striker,,,,,,,,,,,,,,,,,
Storm Striker,-1,,,,,,,,,,,,,,,,
Storm Striker,,,,1,1,,1,,,,,,,1,,1,
Storm Striker,,,,,1,-1,,,,,,,,-1,,,
Storm Striker,,,,,1,-1,,,,,,,,-1,,,
Storm Striker,,,,,1,,,,1,,,,,,,,
Storm Striker,,,,,1,-1,,,,,,,,-1,,,
Storm Striker,,,,,1,1,1,1,,,,,,,0,,-1
Storm Striker,-1,1,,-1,1,,1,1,-1,,-1,,,,,-1,
Storm Striker,,,,,1,,,,,,,,,,-1,,-1
Storm Striker,,,,1,1,,,,,,,,,,,1,1
Storm Striker,,,,,1,,,,,,,,,,,,
Storm Striker,,,,-1,1,,1,1,,,,,,1,,,
Storm Striker,,,,,1,,,,,,,,,,,,
Storm Striker,-1,1,,1,1,-1,1,,1,1,1,,-1,1,-1,-1,
Storm Striker,,,,,1,,,,,,,,,,,,
Storm Striker,,,,,1,-1,1,1,,,,,,,0,,
Storm Striker,-1,-1,-1,,,-1,,,-1,,-1,,,-1,,,
Storm Striker,,,,,0,-1,,,,,,,,-1,,,
Storm Striker,,,,,1,,,,,,,,,,,0,
Storm Striker,,,,,1,,,,,,,,,,,,
Storm Striker,,,,,1,-1,,,,,,,,,,,
Storm Striker,,,,,1,-1,,,,1,,,-1,1,,,
Storm Striker,,,,,1,,,,,,,,,,,,
Storm Striker,,,,,,,,,,,,,,,,,
Storm Striker,,1,,,1,-1,1,,1,-1,1,,-1,-1,,,
Storm Striker,,,,,,,,,,,,,,,,,
Storm Striker,,,,,,,,,,1,,,,,,,
Storm Striker,,,,,1,,,,,,,,,,,1,
Storm Striker,,,,,,,,,,-1,,,,,,,
Storm Striker,,,,,1,,,,,,,,,,,,-1
Storm Striker,,,,,1,,,,,,,,,,,,
Storm Striker,,,,,1,,,,,,,,,,,,
Storm Striker,,,,,1,,,,,,,,,,,,
Storm Striker,,,,,,,,,,,,,,,,,
Storm Striker,,,,-1,1,-1,,,,,,,-1,-1,,-1,-1
Storm Striker,,,,,-1,,-1,,-1,-1,,-1,-1,-1,,,
Storm Striker,,,-1,,,,,,,,,,,-1,,,
Storm Striker,,,,1,1,-1,,1,,,,1,,1,0,-1,-1
Storm Striker,,,,1,1,,,,,,,,,-1,,,-1
Storm Striker,,,,,1,,,,,,,,,,-1,,
Storm Striker,,,,1,1,-1,0,1,,,,,,1,,,
Storm Striker,,,,,,,,,,-1,,-1,,,,,
Storm Striker,0,1,0,1,1,,1,,1,,,,,1,,,
Storm Striker,,,,1,1,,,1,1,-1,,1,,,-1,-1,-1
Storm Striker,,,,,,,,,,,,,,-1,,,
Storm Striker,,,-1,,,,,,,,,,,-1,,,
Storm Striker,,,,,,,,,,,,,,,,,
Storm Striker,-1,,,-1,0,,,-1,,,,,,-1,,-1,-1
Storm Striker,,,,,1,-1,,,,,,,,-1,,,
Storm Striker,,,-1,,,,,,,,,,,-1,,,
Storm Striker,,,-1,,,,,,,,,,-1,-1,,,
Storm Striker,,,-1,,,,,,,,,,,,,,
Storm Striker,,,,1,1,,,,,,,,,,,-1,
Storm Striker,,1,,1,1,-1,1,1,1,-1,1,1,-1,,-1,-1,-1
Storm Striker,,,,,1,,,,,1,,1,,,,,
Storm Striker,,,,,,,,,,,,,,,,,
Storm Striker,,,,,1,,,,,,,,,,,,
Storm Striker,,,,,1,,,,,,,,,,,,
Storm Striker,,,,,1,,,,,,,1,,,,,
Storm Striker,,,,,1,,,,,,,,,,-1,-1,
Storm Striker,,,,,-1,,,-1,,,,-1,,,-1,,-1
Storm Striker,-1,-1,,-1,,,,-1,,,,,,,,,
Storm Striker,,,,,1,,,,,,,,,,,,
Storm Striker,,,,,1,,,,,,,,,,,,
Storm Striker,,,,,1,1,,,,,,,,1,,1,
Storm Striker,,,,,1,,,,,,,,,,,,
Storm Striker,,,,,,,,,,,,,,,,,
Sword of Convallaria,,,,,1,-1,1,,1,1,,1,,,,,
Sword of Convallaria,,,-1,,,,,,,,,,-1,-1,,,
Sword of Convallaria,,,,,,,1,0,,,,0,,,,,
Sword of Convallaria,,,,1,1,-1,1,1,1,1,,1,,,-1,-1,-1
Sword of Convallaria,,,,1,1,-1,1,1,,1,,1,,0,-1,-1,-1
Sword of Convallaria,,,,-1,-1,,-1,,,,,,,-1,,,
Sword of Convallaria,,,-1,,,-1,,,,,,,,,,,
Sword of Convallaria,,,,,,,,,,,,,,,,,
Sword of Convallaria,-1,1,,1,1,,,1,1,,-1,,,,,-1,-1
Sword of Convallaria,,,,,1,,,,,,,,,,,,
Sword of Convallaria,,,,,1,,1,,,,,,,,,,
Sword of Convallaria,-1,,-1,,,,,,,,,,,-1,,,
Sword of Convallaria,,,,1,1,,1,,,,,,,1,,1,
Sword of Convallaria,-1,-1,,0,1,,1,1,0,,-1,0,,,-1,-1,-1
Sword of Convallaria,,,,,1,,,,,,,1,,,,,
Sword of Convallaria,,,,,-1,,,,,,,,,,,,
Sword of Convallaria,,,,,1,,,,,,,,,,,,
Sword of Convallaria,,,,,1,,,,,,,,,,,,
Sword of Convallaria,,,,,,,,,1,1,,,,,,,
Sword of Convallaria,,,,,1,,,,,,,-1,,,,,
Sword of Convallaria,-1,,-1,,0,,-1,,-1,,,,,,,,
Sword of Convallaria,,,,1,1,-1,1,1,,,,-1,-1,-1,-1,-1,-1
Sword of Convallaria,,,,,1,,,,,,,1,,,,,
Sword of Convallaria,,,,,1,,,,,,,,,,,-1,
Sword of Convallaria,-1,,-1,,1,,,,,,,,-1,-1,,,
Sword of Convallaria,-1,,-1,1,0,-1,1,0,1,1,1,1,-1,-1,-1,-1,-1
Sword of Convallaria,,,,1,1,,1,,,,,,,1,,-1,
Sword of Convallaria,,,,,1,,,,,,,,,,,,
Sword of Convallaria,,,,,,,,,,,,,,-1,,,
Sword of Convallaria,,,-1,,,,,,,,,,,-1,,,
Sword of Convallaria,,,,,1,,,,,,,,,,,,
Sword of Convallaria,,,,,1,,,,,,,,,,,,
Sword of Convallaria,,,,,,,,,,,,,,,,,
Sword of Convallaria,,,-1,,,,,,,,,,-1,-1,,,
Sword of Convallaria,,,-1,,1,,,,,,,,,-1,,,
Sword of Convallaria,,,,,1,,,,,,,,,,,,
Sword of Convallaria,,,,1,1,,,,,,,,,,,,
Sword of Convallaria,,,,0,0,,-1,-1,0,0,-1,0,,,,,
Sword of Convallaria,-1,1,-1,,1,,,,1,,1,,,,,,
Sword of Convallaria,,,,,1,,,,,,,,,,,,
Sword of Convallaria,,,,1,1,,,,,,,,,,,1,
Sword of Convallaria,,,,,1,,1,,,,,,,,,,
Sword of Convallaria,,,,,1,,,,,,,,,,,,
Sword of Convallaria,,,,,,,,,1,1,,1,,,,,
Sword of Convallaria,,,,,,,,,,,,,,,,,
Sword of Convallaria,,,,,1,,,,,,,,,,,,
Sword of Convallaria,,,,,,,,,,,,,,,,,
Sword of Convallaria,,,,,,,,,,,,,,,,,
Sword of Convallaria,,,,,1,,,,,,,-1,,,,,
Sword of Convallaria,,,,,1,,,,,,,,,,,1,
Sword of Convallaria,,,,,1,,,,,,,1,,,,,
Sword of Convallaria,,,,,,,,,,,,,,,,,
Sword of Convallaria,,,,,,,1,,,,,,,-1,,,
Sword of Convallaria,,,,,-1,,,,,,,,,,,,
Sword of Convallaria,,,,,,,,,,,,,,,,,
Sword of Convallaria,,,,,1,,,,,,,,,,,,
Sword of Convallaria,-1,,-1,,,,,,,,,,-1,-1,,,
Sword of Convallaria,,,,,,,,,,,,,,-1,,,
Sword of Convallaria,,,,,1,,,,,,,,,,,,
Sword of Convallaria,-1,,,,1,,,,,,,,,,,,
Sword of Convallaria,,,,1,1,,1,1,,,,0,,,,,
Sword of Convallaria,,,,,1,,,,,,,,,,,,
Sword of Convallaria,,,,,1,,,,,,,,,,,,
Sword of Convallaria,,,,,1,,1,1,,,,,,,,,
Sword of Convallaria,,,,,,,,,,,,,,,,,
Sword of Convallaria,,,,,1,,1,,,,,,,,,,
Sword of Convallaria,,,-1,,,,,,,,,,-1,-1,,,
Sword of Convallaria,,,,,,,,,,,,,,,,,
Sword of Convallaria,,,,,,-1,,,,,,,,,,,-1
Sword of Convallaria,,,,,,,,,,,,,,,,,
Sword of Convallaria,,,,,,-1,,,,,,,,-1,,-1,
Sword of Convallaria,,,,,1,,,,,,,,,,,-1,
Sword of Convallaria,,,,,-1,,,,,,,,,-1,,,
Sword of Convallaria,,,,,,,,,,,,,,,,,
Sword of Convallaria,,,,,1,-1,,,0,-1,,,-1,-1,-1,-1,
Sword of Convallaria,,,-1,,,-1,,,,,,,,-1,-1,,
Sword of Convallaria,,,,,,,,,,,,,,,,-1,
Sword of Convallaria,,,,,1,,,,,,,,,,0,-1,-1
Sword of Convallaria,,,,,1,,,,,,,,,,,,
Sword of Convallaria,,,,,,,,1,,,,1,,,,,
Sword of Convallaria,,,,,,-1,-1,,,,,,,-1,,,
Sword of Convallaria,,,,,1,-1,,,,,,,,-1,,-1,
Sword of Convallaria,,,,,,-1,,-1,,,,,,-1,-1,-1,
Sword of Convallaria,,,,,,,1,1,,,,,,,,,
Sword of Convallaria,,,,,,-1,,,,,,,,,,,
Sword of Convallaria,,,,,,,,,,,,,,,,,
Sword of Convallaria,-1,,,0,1,,,0,,,,,,0,,,
Sword of Convallaria,,,,,,-1,,,,,,,,-1,,,
Sword of Convallaria,,,,,,-1,,,,,,,-1,,,,
Sword of Convallaria,,,,,1,,,,,,,,,,,,
Sword of Convallaria,-1,-1,-1,-1,,-1,,-1,,,,,,,-1,-1,-1
Sword of Convallaria,,,,,1,,,,,,,,,,,,
Sword of Convallaria,,,,,,,,,,,,,,,,,
Sword of Convallaria,,,,,,,,,,,,,,,,,
Sword of Convallaria,,,,,1,,,,,,,,,,,-1,
Sword of Convallaria,,,-1,-1,1,-1,,-1,,,,,-1,-1,-1,-1,-1
Sword of Convallaria,,,,,,,,,,,,,,,,,
Sword of Convallaria,,,,,1,,,,,,,,,,,,-1
Sword of Convallaria,-1,-1,-1,-1,1,,,-1,,,,,,,,-1,-1
Sword of Convallaria,,,,-1,1,-1,-1,,,-1,,-1,-1,-1,,-1,-1
Shadowverse: Worlds Beyond,,,,1,1,,1,1,,,,,,,,,
Shadowverse: Worlds Beyond,,,,,,,,,,,,,,,,,
Shadowverse: Worlds Beyond,,1,,,1,-1,-1,-1,-1,-1,-1,,,-1,-1,-1,-1
Shadowverse: Worlds Beyond,,,,0,0,-1,-1,-1,,,,,,-1,-1,-1,-1
Shadowverse: Worlds Beyond,,,,,,-1,,,,,,,,,,,
Shadowverse: Worlds Beyond,,,,,,,,,,,,,,,,,
Shadowverse: Worlds Beyond,,,,,,,-1,,,,,,,,,,
Shadowverse: Worlds Beyond,,,,,,-1,,,,,,,,-1,,,
Shadowverse: Worlds Beyond,,,,,,,,,,,,,,,,,
Shadowverse: Worlds Beyond,,,,1,1,1,,1,,,,,,1,,1,
Shadowverse: Worlds Beyond,,,,,-1,,,,,,,,,,,,
Shadowverse: Worlds Beyond,,,,,0,-1,,,-1,-1,,,,-1,-1,,-1
Shadowverse: Worlds Beyond,,,,,,,,,,,,,,,,,
Shadowverse: Worlds Beyond,,,,-1,,-1,,-1,,,,,,-1,,,
Shadowverse: Worlds Beyond,,,,1,1,-1,1,1,,,,0,,0,-1,-1,-1
Shadowverse: Worlds Beyond,,,,,,,,,,,,,,,,,
Shadowverse: Worlds Beyond,,,,,,,,,,,,,,,,,
Shadowverse: Worlds Beyond,,,,,-1,,,,,,,,,,,,
Shadowverse: Worlds Beyond,,,,,1,,-1,,,,,,,-1,,,
Shadowverse: Worlds Beyond,,,,,,,,,,,,,,,,,
Shadowverse: Worlds Beyond,,,,-1,-1,-1,,,,,,,,-1,-1,-1,-1
Shadowverse: Worlds Beyond,,,,-1,0,-1,-1,-1,,,,,,-1,-1,-1,-1
Shadowverse: Worlds Beyond,-1,-1,,0,1,,,0,,,,,,-1,,,
Shadowverse: Worlds Beyond,,,,,0,,,,,,,,,,,,
Shadowverse: Worlds Beyond,,,,,,,,,,,,,,,,,
Shadowverse: Worlds Beyond,1,,,,1,,,,1,,,,,,,,
Shadowverse: Worlds Beyond,,,,,,,,,,,,,,,,,
Shadowverse: Worlds Beyond,0,,,1,,,,1,,,,,,1,,-1,
Shadowverse: Worlds Beyond,,,,,,,,,,,,,,,,,
Shadowverse: Worlds Beyond,,,,,,0,,,,,,,,0,,,
Shadowverse: Worlds Beyond,,,,,1,,,,,,,,,,,,-1
Shadowverse: Worlds Beyond,,,,,-1,,,,,,,,,,,,
Shadowverse: Worlds Beyond,,,,,,,,,,,,,,,,,
Shadowverse: Worlds Beyond,,,,-1,-1,,,,,,,,,,,,
Shadowverse: Worlds Beyond,-1,-1,-1,,,,,,-1,,-1,,,-1,,,
Shadowverse: Worlds Beyond,,,,,,,,,,,,,,,,,
Shadowverse: Worlds Beyond,,,,,,,,,,,,,,,,,
Shadowverse: Worlds Beyond,,,,,1,,,,,,,,,,,-1,
Shadowverse: Worlds Beyond,,,,,1,,,,,,,,,,-1,-1,
Shadowverse: Worlds Beyond,,,,,1,,,,,,,,,,,,
Shadowverse: Worlds Beyond,-1,0,,1,0,-1,0,,0,-1,-1,,,0,,-1,-1
Shadowverse: Worlds Beyond,,,,,1,,,,,,,,,,,,
Shadowverse: Worlds Beyond,,,,,,,,,,,,,,,,,
Shadowverse: Worlds Beyond,,,,,,,,,,,,,,,,,
Shadowverse: Worlds Beyond,,,,,,,,,,,,,,,,,
Shadowverse: Worlds Beyond,-1,-1,,-1,1,-1,1,1,-1,-1,-1,,,-1,-1,-1,
Shadowverse: Worlds Beyond,,,,,,-1,,,,,,,,,1,,-1
Shadowverse: Worlds Beyond,,,,,1,,,,,,,1,,,,,
Shadowverse: Worlds Beyond,,,,,,,,,,,,,,,,,
Shadowverse: Worlds Beyond,,,,,,-1,,,,,,,,-1,,,
Shadowverse: Worlds Beyond,,,,-1,1,-1,1,-1,,-1,,,-1,-1,-1,-1,-1
Shadowverse: Worlds Beyond,,,,,1,-1,,,,,,,,,,-1,
Shadowverse: Worlds Beyond,,,,,,,,,,,,,,,,,
Shadowverse: Worlds Beyond,,,,,,,,,,,,,,,,,
Shadowverse: Worlds Beyond,,,,-1,1,-1,,1,,,,,,,-1,-1,-1
Shadowverse: Worlds Beyond,,,,,,,,,,,,,,,,,
Shadowverse: Worlds Beyond,,,,,1,,,,,,,,,,,,
Shadowverse: Worlds Beyond,,1,,,,,,,1,,1,,,,,,
Shadowverse: Worlds Beyond,,,,,,,,,,,,,,,,,
Shadowverse: Worlds Beyond,,,,1,1,-1,1,1,,0,,,,0,-1,-1,-1
Shadowverse: Worlds Beyond,,,,,,,,,,,,,,,,,
Shadowverse: Worlds Beyond,,,,,-1,,,,,,,,,,,,
Shadowverse: Worlds Beyond,,,,,,,,,,,,,,,,,
Shadowverse: Worlds Beyond,,,,,,,,,,,,,,,,,
Shadowverse: Worlds Beyond,,,,,,,,,,,,,,,,,
Shadowverse: Worlds Beyond,,,,,1,,,,,,,,,,,,
Shadowverse: Worlds Beyond,,,,-1,1,,,-1,,,,-1,,,,,
Shadowverse: Worlds Beyond,,,,1,1,,1,1,,,,1,,,,,
Shadowverse: Worlds Beyond,,,,,1,,1,1,,1,,1,,,,,
Shadowverse: Worlds Beyond,,,,1,1,-1,1,1,1,0,1,1,-1,,-1,-1,-1
Shadowverse: Worlds Beyond,,,,,1,,,-1,,,,-1,,,,,
Shadowverse: Worlds Beyond,,-1,-1,-1,0,-1,-1,-1,0,-1,-1,-1,,,-1,,-1
Shadowverse: Worlds Beyond,,,,1,1,-1,1,1,1,,,1,,,-1,,
Shadowverse: Worlds Beyond,,,,-1,1,,,,,,,-1,,,,-1,
Shadowverse: Worlds Beyond,,,,1,1,,,,,,,,,,,,
Shadowverse: Worlds Beyond,,,,1,1,,,,,,,1,-1,,,-1,-1
Shadowverse: Worlds Beyond,,,,-1,1,-1,1,1,,,,-1,,-1,-1,-1,-1
Shadowverse: Worlds Beyond,,,,,,,,,,,,,,,,,
Shadowverse: Worlds Beyond,,,,,1,,,,,,,,,,,,
Shadowverse: Worlds Beyond,,,,,1,,1,1,1,1,1,1,,,,,
Shadowverse: Worlds Beyond,,,,,1,,-1,1,,,,-1,,,,,
Shadowverse: Worlds Beyond,,,,,1,,,,1,1,,1,,,,,
Shadowverse: Worlds Beyond,,,,,,,,,,,,,,,,,
Shadowverse: Worlds Beyond,,,,,,-1,,,,,,,,,,,
Shadowverse: Worlds Beyond,,,,1,1,-1,-1,-1,0,-1,-1,-1,-1,,-1,-1,-1
Shadowverse: Worlds Beyond,,,,,1,,1,1,,,,,,,1,,
Shadowverse: Worlds Beyond,,,,,1,,,,,,,1,,,,,
Shadowverse: Worlds Beyond,,,,0,,,1,1,,,,,,,-1,,
Shadowverse: Worlds Beyond,,,,,1,,-1,,,,,,,,,,
Shadowverse: Worlds Beyond,-1,1,,-1,1,,1,,1,1,1,1,,,,,
Shadowverse: Worlds Beyond,,,,-1,1,,,,,,,,,,,,-1
Shadowverse: Worlds Beyond,,,,,,,,,,,,,,,,,
Shadowverse: Worlds Beyond,,,,1,1,,,1,,,,1,,,,,-1
Shadowverse: Worlds Beyond,,,,,1,,,1,,,,,,,-1,,-1
Shadowverse: Worlds Beyond,,,,-1,0,-1,-1,-1,0,-1,-1,-1,,,-1,-1,-1
Shadowverse: Worlds Beyond,,,,1,1,,,,0,1,,1,-1,,-1,,-1
Shadowverse: Worlds Beyond,,,,1,1,,1,1,1,1,1,1,,,,,
Shadowverse: Worlds Beyond,,,,1,1,,,,,,,,,,,,
Shadowverse: Worlds Beyond,,,,,,-1,,,,,,,,,,,
Shadowverse: Worlds Beyond,,,,,1,,,,,,,,,-1,,,
Dispatch,,,,,1,,,,,,,,,,,,
Dispatch,,,,,,,,,,,,,,,,,
Dispatch,,,,1,1,,1,1,1,0,1,1,,,,,-1
Dispatch,,,,1,1,,1,1,,,,1,,,,,
Dispatch,,,,,1,,,,,,,,,,,,
Dispatch,,,,,1,,,,,,,,,,,,
Dispatch,,,,,,,,,,,,,,,,,
Dispatch,,,,,1,,,,,,,,,,,,
Dispatch,,,,,1,,,,,,,,,,,,
Dispatch,,,,,1,,1,1,1,1,1,1,,,,,
Dispatch,,,,,,,,,,,,,,,,,
Dispatch,,,,,1,,,,,,,1,,,,,
Dispatch,,,,,,,,,,,,,,,,,
Dispatch,-1,,-1,,1,-1,,,,,,,-1,,,,-1
Dispatch,,,,-1,1,,,,-1,-1,,1,,,,,
Dispatch,,,,-1,1,,,,,,,,,-1,,,
Dispatch,,,,,,,,,,,,,,,,,
Dispatch,,,,,1,,,,,,,,,,,,
Dispatch,,,,-1,1,,,-1,-1,,,-1,,,,,
Dispatch,0,0,-1,1,1,0,1,1,1,1,1,1,,0,0,0,-1
Dispatch,,,,,1,-1,,-1,,-1,,-1,-1,,-1,,-1
Dispatch,,,,1,1,,1,1,1,,,1,,,0,1,-1
Dispatch,,,,-1,1,,-1,-1,,,,-1,,-1,,,
Dispatch,,,,,,,,,,,,,,,,,
Dispatch,,,,,1,,,,,,,,,,,,
Dispatch,,,0,1,1,-1,1,1,1,-1,1,1,,1,,,
Dispatch,,,,0,1,,,,,,,,,,,,
Dispatch,,,,,1,,,1,1,1,,1,,,,,
Dispatch,,,,1,1,,1,1,1,,,1,,,1,1,
Dispatch,,1,,-1,1,,-1,,1,1,1,1,,,,,
Dispatch,,,,,1,,-1,,,,,0,,,,,
Dispatch,,,,,1,,,,1,1,,1,,,,,
Dispatch,,,,,,,,,,,,,,,,,
Dispatch,,,,,1,,,,1,,,,,,,,
Dispatch,,,,,1,,1,1,0,-1,,1,,,,,
Dispatch,,,,,,,,,,,,,,,,,
Dispatch,,,,,1,,,,,,,,,,,,
Dispatch,,,,,1,-1,0,,0,-1,,-1,-1,-1,,,
Dispatch,,,,,1,,,,,,,,,,,,
Dispatch,,,,,1,,,,,,,,,,,,
Dispatch,,,,1,1,,1,1,,,,,,,,,
Dispatch,,,,,1,,,,,,,,,,,,
Dispatch,,,,,1,,,,0,,,0,,,,,
Dispatch,,,,,1,,,1,1,1,,1,,,,,
Dispatch,,,,,1,,,,,,,,,,,,
Dispatch,,,,,1,,,,,,,,,,,,
Dispatch,,,,1,1,,,,,,,,,,,,-1
Dispatch,,1,,1,1,,1,,1,,1,1,,,,,
Dispatch,,,,,1,,,,,,,,,,,,
Dispatch,,,,,1,,,,1,1,,,,,,,
Dispatch,,,,-1,1,,,,,,,,,,,,
Dispatch,,,,,1,,,,,,,,,,,,
Dispatch,,,,,1,,,,,,,,,,,,
Dispatch,,,,,1,,,,,,,,,,,,
Dispatch,,,,,,,,,,,,,,,-1,-1,
Dispatch,,,,,1,,,,,,,,,,,,
Dispatch,,,,,1,,,,,,,,,,,,
Dispatch,,,,1,1,,1,,,,,,,,,-1,
Dispatch,,,,,1,,,,,,,,,,,,
Dispatch,,,,,,,,,,,,,,,,,
Dispatch,,,,,1,,,,,,,,,,,,
Dispatch,,,,,1,,,,,,,,,,,,
Dispatch,,,,,1,,,,,,,,,,,,
Dispatch,,,,,,,,,,,,,,,,,
Dispatch,,,,,1,,,,,,,,,,,,
Dispatch,,,,,1,,1,,,1,,1,1,1,,,
Dispatch,,,,-1,1,,,,1,1,,,,-1,,,
Dispatch,,,,,,,,,,,,,,,,,
Dispatch,,,,,1,,,,,,,,,,,,
Dispatch,,,,,1,-1,,,,,,,,,-1,-1,
Dispatch,,,,,1,-1,,,,,,,,,,,
Dispatch,,,,,,,,,,,,,,,,,
Dispatch,,,,,1,,,,,,,,,,,,-1
Dispatch,,,,,1,-1,,,,,,,,1,,,
Dispatch,,,,,1,,,,,,,,,,,,
Dispatch,,,,,1,-1,1,1,,,,,,,-1,-1,
Dispatch,,,,1,1,,1,1,1,1,,,,1,,,
Dispatch,,,,,,,,,,,,,,,,,
Dispatch,,,,,,,,,,,,,,,,,
Dispatch,,,,,0,,,,,,,,,,,,-1
Dispatch,,,,,,,,,,,,,,,,,
Dispatch,-1,1,-1,1,1,-1,1,1,1,-1,1,1,,0,-1,-1,-1
Dispatch,,,,,,-1,,,,,,,,,,,
Dispatch,,,,,1,,,,,,,,,,,,
Dispatch,-1,,,,1,-1,1,1,1,,,,,,1,,
Dispatch,,,,,,,,,,,,,,,,,
Dispatch,,,,,1,,,,,,,,,,,,
Dispatch,0,0,-1,0,1,-1,0,0,0,-1,-1,0,,0,0,-1,-1
Dispatch,,,,,1,-1,,1,,,,,,1,-1,,-1
Dispatch,1,,,1,1,,1,,1,1,,,,1,,1,
Dispatch,,,,,,,,,,,,,,,,,
Dispatch,,,,,1,-1,,,,,,,,,-1,-1,-1
Dispatch,,,,,,,,,,,,,,,,-1,
Dispatch,,,,,,-1,,,,,,,,,-1,,
Dispatch,,,,,,,,,,,,,,,,,
Dispatch,,,,,,,,,,,,,,,-1,-1,
Dispatch,,,,-1,1,,,-1,,,,,,,,-1,-1
Dispatch,,,,,,-1,,,,,,,,,,,
Dispatch,,,,,0,-1,-1,-1,,,,,,-1,-1,-1,-1
Dispatch,,,,,1,-1,,-1,,,,,,,-1,,-1
Spectral Scream,,,,,1,-1,1,1,,,,,,,-1,-1,-1
Spectral Scream,,,,1,1,,,0,,,,0,,,,,-1
Spectral Scream,,,,,1,,,,,,,,,,1,,
Spectral Scream,,,,,1,,,,,,,,,,,,
Spectral Scream,,,,,1,1,1,1,,,,,,1,,,
Spectral Scream,-1,1,,,1,-1,,,0,0,1,,,,-1,-1,-1
Spectral Scream,,,,,1,,,,,,,,,,,,
Spectral Scream,-1,,-1,,-1,-1,,,,,,,-1,-1,,,
Spectral Scream,,,,,,,,,,,,,,,,,
Spectral Scream,,,,,,,,,,,,,,,,,
Spectral Scream,-1,,-1,,1,,,,,,,,,,,,
Spectral Scream,-1,,-1,-1,1,,,-1,,,,,,,,-1,-1
Spectral Scream,,,,,0,,,,,,,,,-1,,,
Spectral Scream,,,,-1,-1,,,,,,,,,,-1,-1,-1
Spectral Scream,,,,,1,,,,,,,,,,,,
Spectral Scream,-1,,-1,,1,,,,,,,,,,,,
Spectral Scream,,,,,,,,,,,,,,,,,
Spectral Scream,,,,,,,,,,,,,,,,,
Spectral Scream,,,,,,,,,,,,,,,,,
Spectral Scream,,,,-1,,,,,,,,,,,,,-1
Spectral Scream,,,,,,,,,,,,,,,,,
Spectral Scream,,,,,,-1,,,,,,,,,,,
Spectral Scream,,,,,,,,,,,,,,,,,
Spectral Scream,-1,-1,-1,,,,,,,,,,,,,,
Spectral Scream,,,,,,,,,,,,,,,,,
Spectral Scream,,,,,,,,,,,,,,,,,
Spectral Scream,,,,1,1,,,,,,,,,,,-1,
Spectral Scream,,,,,1,,,,,,,,,,,,
Spectral Scream,,,,-1,1,,,-1,,,,,,-1,,,
Spectral Scream,,,,,1,,,,,,,,,,,1,
Spectral Scream,,,,,1,,,,,,,,,,,,
Spectral Scream,,,,,,,-1,,,,,,,,,,
Spectral Scream,,,,1,0,-1,-1,-1,,,,,,-1,-1,-1,-1
Spectral Scream,-1,1,,,1,-1,,,1,0,1,,,,-1,-1,
Spectral Scream,,,,,1,,1,,,,,,,1,,,
Spectral Scream,,,,,1,,,,,,,,,,,,
Spectral Scream,,,,,,,,,,,,,,,,,
Spectral Scream,,,,,,,,,,,,,,,,,
Spectral Scream,,,,,1,,,,,,,,,,,,
Spectral Scream,,,,,,,,,,,,,,,,,-1
Spectral Scream,,,,,,,,,,,,,,,,,
Spectral Scream,,,,-1,0,-1,-1,-1,,,,,,-1,-1,-1,-1
Spectral Scream,,,,1,1,-1,1,-1,1,1,,-1,,,-1,-1,-1
Spectral Scream,,,,,,,,,,1,,,,,,,
Spectral Scream,,,,,-1,,,,,,,,,,,,
Spectral Scream,,,,1,,,,1,,,,,,,-1,-1,-1
Spectral Scream,,1,,1,1,-1,,1,1,,1,,,,1,-1,-1
Spectral Scream,,,,,,,,,,,,,,,,,
Spectral Scream,,,,,,,,,,,,,,,,,
Spectral Scream,,,,1,0,,,,0,1,,,,,0,-1,-1
Spectral Scream,,,,,,,,,,,,,,,,,
Spectral Scream,,,,,1,,,,,,,,,,,,
Spectral Scream,,,,,1,,1,1,,,,,,,1,,
Spectral Scream,-1,,-1,,,,,,,,,,,,,,
Spectral Scream,,,,,-1,,,,,,,,,,,,
Spectral Scream,-1,,-1,1,1,,,,,,,-1,,,,,
Spectral Scream,,,,,,,,,,,,,,,,,
Spectral Scream,,,,,,-1,,,,,,,,,-1,,
Spectral Scream,,,,,1,-1,,0,,,,,,,0,,-1
Spectral Scream,,,,,,,,,,,,,,,,,
Spectral Scream,,,,,1,-1,,,,,,,,,,,
Spectral Scream,,,,,1,0,,,,,,,,1,0,,
Spectral Scream,-1,,-1,,1,,,,-1,,,,,,,,
Spectral Scream,-1,,-1,,1,,,,,,,,,1,,-1,
Spectral Scream,,,,,1,,,,,,,,,,,,
Spectral Scream,,,,,,-1,-1,1,,,,,,,-1,,
Spectral Scream,,,,,,-1,,,,,,,-1,,,,
Spectral Scream,,,,1,1,-1,1,,,,,,-1,-1,,-1,
Spectral Scream,,,,,,,,,,,,,,,,,
Spectral Scream,,,,1,1,-1,1,,,0,,,-1,0,-1,-1,-1
Spectral Scream,,,,,-1,-1,,,,,,,,,-1,-1,
Spectral Scream,,,,1,0,,0,,0,0,,,,,,-1,
Spectral Scream,,,-1,,,,,,,,,,,,,-1,
Spectral Scream,,,,,1,,,,-1,1,,,,-1,,,
Spectral Scream,,,,,-1,,,,,,,,,,,-1,
Spectral Scream,,,,,1,,,,,1,,,,1,,,
Spectral Scream,,,,,,,,,,,,,,,,,
Spectral Scream,,,,,1,,,,,,,,,,,,
Spectral Scream,,,,,1,,,,,,,,,,,,
Spectral Scream,,,,,1,,,,,,,,,,,,-1
Spectral Scream,,,,,,,,,,,,,,,,,
Spectral Scream,,,,,,,,,,,,,,,,,
Spectral Scream,,,,0,0,,,0,,1,,,,,,,-1
Spectral Scream,,,,,-1,,,,,,,,,,,,
Spectral Scream,,,,,0,,,,,,,,,-1,,-1,
Spectral Scream,,,,1,1,,,1,,,,,,,,,
Spectral Scream,,,,,,,,,,,,,,,,,
Spectral Scream,,,,,,,,,,,,,,,,,
Spectral Scream,,,,,1,-1,1,,,,,,-1,-1,,-1,
Spectral Scream,,,-1,,,-1,,,,,,,,-1,,,
Spectral Scream,,,,,,,,,,,,,,,,,
Spectral Scream,,,,,,,,,,,,,,,,,
Spectral Scream,,,,1,1,,,1,1,1,,,,,,,1
Spectral Scream,,,,1,1,,,,,,,,,,,-1,
Spectral Scream,,,,,,,,,,,,,,,,,
Spectral Scream,,,,,1,,,,,,,,,,,,
Spectral Scream,1,,-1,1,1,0,1,1,1,1,,1,-1,0,0,-1,-1
Spectral Scream,,,,,,,,,,,,,-1,,,,
Spectral Scream,,,,,,-1,,,,-1,,,,,,,
Spectral Scream,,,,,,,,,,,,,,,,,
Astral Party,,,,,,,,,,,,,,1,,,
Astral Party,,,,1,1,-1,,,,,,,,-1,,,
Astral Party,,,,,,-1,,,1,1,,,-1,-1,,-1,
Astral Party,,,,1,1,,1,1,,,,,,,0,,
Astral Party,,,,,,,,,,,,,,,,,
Astral Party,,,-1,-1,,-1,,,,,,,-1,-1,,-1,
Astral Party,,,,,1,,,,,,,,,-1,,,
Astral Party,,,,,1,-1,,,,,,,,,,-1,
Astral Party,,,,,1,,,,,,,,,,,,
Astral Party,,,,,,,,,,,,,,,,,
Astral Party,,,,,,,,,,,,,,,,,
Astral Party,,,,,1,-1,1,1,1,1,,,,1,0,,-1
Astral Party,,,,,1,-1,,,,,,,,,,-1,
Astral Party,,,,,,,,,,,,,,,,,
Astral Party,,,,,0,-1,,,,-1,,,,-1,,,
Astral Party,,,,,1,1,,,,,,,,1,,,
Astral Party,,,,,,,,,,1,,,,,,,
Astral Party,,,,,-1,,,,,,,,,,,,
Astral Party,,,-1,-1,1,-1,,0,,,,,,-1,-1,-1,
Astral Party,,,,,1,-1,,,,1,,,,-1,,,
Astral Party,,,,,,,,,,,,,,,,,
Astral Party,,,,,,,,,,,,,,-1,,,
Astral Party,,,,,,-1,,,,,,,,,,,
Astral Party,,,,,,,,,,,,,-1,,,,
Astral Party,,,,1,1,-1,1,1,1,1,1,,,0,-1,-1,-1
Astral Party,,,,,,,,,,,,,,,,,
Astral Party,,,,,1,,,,,,,,,,,,
Astral Party,,,,,1,,,,,,,,,,,,
Astral Party,,,,,1,,,,,,,,,,,,
Astral Party,,,,1,1,-1,1,1,1,-1,,,,0,-1,-1,-1
Astral Party,,,-1,,,,,,,,,,,-1,,,
Astral Party,,,,,,,,,,,,,,,,,
Astral Party,,,,,1,-1,,,,1,,,,-1,,,
Astral Party,,,,,1,,,,1,1,,,,,,,
Astral Party,,,,,,,,,,,,,,,,,
Astral Party,,,,,1,,,,,,,,,,,,
Astral Party,,,,,1,,,,-1,-1,,,,,-1,,
Astral Party,,,,,,,,,,,,,,,,,
Astral Party,,,,,,,,,,,,,,,,,
Astral Party,,,,,1,,,,1,1,,,,,,,
Astral Party,,,,,,,,,,,,,,,,,
Astral Party,,,,,1,,,,,,,,,,,,
Astral Party,,,,,,,,,,,,,,,,,
Astral Party,,,,,,-1,,,,,,,,,,,
Astral Party,,,,,,,,0,-1,-1,,,,,,,
Astral Party,,,,,,,,,,,,,,,,,
Astral Party,,,,,,,,,,,,,,,,,
Astral Party,,,-1,,-1,-1,-1,1,,,,,,-1,-1,-1,-1
Astral Party,,,,,1,,,,,,,,,,,,
Astral Party,,,,,1,,,,,,,,,,,-1,
Astral Party,,,,,1,,,,,,,,,,,,
Astral Party,,,,,,,,,,,,,,,,,
Astral Party,,,,,0,-1,-1,0,,,,,,-1,-1,-1,
Astral Party,,,,,1,,,,,,,,,,,,
Astral Party,,,,,1,,,,,,,,,,,,
Astral Party,,,,,1,,,,,,,,,,,,
Astral Party,,,,,,,,,,,,,,,,,
Astral Party,,,,,,,,,,,,,,,,,
Astral Party,,,-1,,1,-1,,,,,,,-1,0,,,
Astral Party,,,,1,1,,,,,,,,,,,1,
Astral Party,,,,,,,,,,,,,,,,,
Astral Party,,,,,,,,,,,,,,,,,
Astral Party,,,,,1,-1,,,1,1,,,,,1,-1,
Astral Party,,,,,1,,,,,,,,,,,,
Astral Party,,,,,1,,,,,,,,,1,,,
Astral Party,,,,,,-1,,,,,,,,,,,
Astral Party,,,,1,1,0,1,1,1,0,1,1,,,0,0,-1
Astral Party,,,,,1,,1,1,,,,1,,,,,
Astral Party,-1,-1,,-1,1,,1,-1,0,1,-1,,,-1,-1,-1,-1
Astral Party,,,,,1,,,,,,,,,,,,-1
Astral Party,,,,,1,,,,1,,,,,,-1,,
Astral Party,,,,-1,1,-1,1,1,,,,-1,,-1,-1,-1,-1
Astral Party,,,,1,1,-1,,,,,,,,,-1,-1,-1
Astral Party,,,,,1,-1,,,,,,,,,-1,-1,-1
Astral Party,,,,,,,,,,,,,,,,,
Astral Party,,,-1,,1,-1,,,,,,,,,-1,,-1
Astral Party,-1,-1,,,1,,,,0,,-1,,,,,,-1
Astral Party,,,,,,,,,,,,,,,0,,0
Astral Party,,,,,1,-1,,,,,,,,,,,
Astral Party,,,,,1,,1,1,,,,,,,0,,-1
Astral Party,,,,,,-1,,,,,,,,,-1,,
Astral Party,,,,,0,,,,,,,,,,,,
Astral Party,,,,-1,1,,,0,,,,,,,,-1,-1
Astral Party,,,,,1,,,1,1,1,,1,,,1,,
Astral Party,,,,,,,,,,,,,,,,,
Astral Party,,,,,1,,,,,,,,,,,,
Astral Party,,,,,1,,,,,,,,,,,,
Astral Party,,,,,,-1,,,,,,,,,,,
Astral Party,,,,,1,,,,,,,,,,,,
Astral Party,,,,1,1,,,1,,1,,,,,-1,,-1
Astral Party,,,,1,1,,,1,,1,,,,1,,,
Astral Party,,,,1,1,,,1,,,,,,,,,-1
Astral Party,,,,,1,,,,,,,,,,,,1
Astral Party,,,,1,1,,,,,,,,,,,,
Astral Party,,,,,-1,,,,,,,,,,,,
Astral Party,,,,-1,-1,,,-1,,,,,,,-1,-1,-1
Astral Party,,,,,1,,,,,,,,,,,,-1
Astral Party,,,,,,-1,,,,,,,,,-1,,-1
Astral Party,,,,,1,-1,,,,,,,,,-1,,
Astral Party,,,,,,,1,1,,,,,,,,,
Rusty's Retirement,,,,,1,,,,,,,,,,,,
Rusty's Retirement,,,,-1,,,,,,,,,,,,,
Rusty's Retirement,,,,,,,,,,,,,,,,,
Rusty's Retirement,,,,,1,,,,,,,,,,1,,-1
Rusty's Retirement,,,,,1,,,,,,,,,,,,
Rusty's Retirement,,,,,1,,,,,,,,,,,,
Rusty's Retirement,,,,,1,,,,,,,,,,,,
Rusty's Retirement,-1,1,,,1,-1,,,1,,1,,,,,-1,
Rusty's Retirement,,,,,1,,,,,,,,,,,,
Rusty's Retirement,,,,,1,,,,,,,,,,,,
Rusty's Retirement,,,,,1,,,,1,1,,,,,,,
Rusty's Retirement,,,,-1,1,,-1,,,,,,,,,,
Rusty's Retirement,,,,,1,,,,,,,,,,,,-1
Rusty's Retirement,,,,,,,,,,1,,,,,,,
Rusty's Retirement,,,,,,,,,,,,,,,,,
Rusty's Retirement,,,,1,1,,1,,,,,,,,,,
Rusty's Retirement,,,,-1,,,,,,,,,,,,,
Rusty's Retirement,,,,,,,,,,,,,,,,,
Rusty's Retirement,,,,,,,,,,,,,,,,,
Rusty's Retirement,,,,,1,,,,,,,,,,,,
Rusty's Retirement,,,,,,-1,,,,,,,,-1,,,
Rusty's Retirement,,,,1,-1,,,,,,,,,,-1,-1,-1
Rusty's Retirement,,,,1,1,,,,,,,,,,,1,
Rusty's Retirement,,,,,,,,,,,,,,,,,-1
Rusty's Retirement,,,,,,,,,,,,,,,,,
Rusty's Retirement,,,,,1,,,,,,,,,,,,
Rusty's Retirement,,,,,1,,,,,,,,,,,,
Rusty's Retirement,,,,,1,,,,,,,,,,,,
Rusty's Retirement,-1,,-1,,1,,,,,,,,,-1,,,
Rusty's Retirement,,,,,1,,,,,,,,,,,,
Rusty's Retirement,,,,,1,,,,,,,,,,,,
Rusty's Retirement,,,,0,1,-1,,1,1,1,,0,,,-1,,-1
Rusty's Retirement,,,,,1,,,,,,,,,,,,
Rusty's Retirement,,,,,,,,,,,,,,,,,
Rusty's Retirement,,,,,1,,,,,,,,,,-1,,
Rusty's Retirement,,,,,1,,1,1,1,1,,,,,-1,,
Rusty's Retirement,-1,1,-1,0,1,-1,,1,,,,,,0,-1,-1,-1
Rusty's Retirement,,,,,1,,,,,,,,,,,,-1
Rusty's Retirement,,,,,-1,,,,,,,,,,,,
Rusty's Retirement,-1,-1,-1,0,1,,,1,,,,,,,,-1,
Rusty's Retirement,,,,-1,1,,,,,,,,,,,,-1
Rusty's Retirement,,,,,1,-1,,,,,,,,,-1,,-1
Rusty's Retirement,,,,,1,,,,,,,,,,,,
Rusty's Retirement,,,,,1,,,,,,,,,,-1,,-1
Rusty's Retirement,,,,1,1,,,1,,,,,,,-1,,-1
Rusty's Retirement,,,,,,,,,,,,,,,,,
Rusty's Retirement,,,,,,,,,,1,,,,,,,
Rusty's Retirement,,,,,,,,,,,,,,,,,-1
Rusty's Retirement,,,,,1,-1,,1,,,,,,,-1,,-1
Rusty's Retirement,,,,1,1,,,1,,,,,,,1,1,-1
Rusty's Retirement,,,,0,0,,,,,,,,,,,-1,-1
Rusty's Retirement,,,,,1,,,,,,,,,,,1,
Rusty's Retirement,,,,-1,1,,,,,,,,,,,,
Rusty's Retirement,,,,,1,,,,,,,,,,,,
Rusty's Retirement,,,,,1,,,,,,,,,,,,
Rusty's Retirement,,,,,,,,,,,,,,,,,
Rusty's Retirement,,,,1,1,,,,,,,,,,,1,
Rusty's Retirement,,,,,1,,,,,,,,,,,,-1
Rusty's Retirement,,,,,,,,1,,,,,,,-1,,
Rusty's Retirement,,,,,,,,,,,,,,,,,
Rusty's Retirement,,,,1,1,,,1,1,1,,,,1,,,
Rusty's Retirement,,,,,1,,1,,,,,,,,,,
Rusty's Retirement,,,,1,0,-1,,1,,,,,,,-1,-1,-1
Rusty's Retirement,,,,,1,,,,,,,,,,,,-1
Rusty's Retirement,,,,,1,,,,,,,,,,,,
Rusty's Retirement,,,,,1,,,,,,,,,,,,-1
Rusty's Retirement,,1,,1,1,-1,1,1,0,1,1,1,,-1,,-1,
Rusty's Retirement,,,,1,0,,-1,0,0,-1,-1,-1,,,,,-1
Rusty's Retirement,,,-1,1,1,-1,1,1,1,1,1,1,-1,,-1,-1,-1
Rusty's Retirement,,,,1,1,,1,1,1,1,,1,,,,-1,
Rusty's Retirement,,,,1,1,,1,1,1,1,,1,,1,,,
Rusty's Retirement,,,,-1,1,,1,1,,,,-1,,,-1,-1,-1
Rusty's Retirement,,,,1,1,,1,1,1,,1,1,,,-1,-1,-1
Rusty's Retirement,,,,-1,1,-1,1,-1,,,,,,-1,,-1,
Rusty's Retirement,-1,1,-1,1,1,-1,-1,1,1,-1,1,1,-1,1,-1,-1,-1
Rusty's Retirement,,1,,1,1,-1,-1,1,1,-1,1,1,,,-1,-1,-1
Rusty's Retirement,,1,,1,1,,1,1,1,,1,1,,,0,1,-1
Rusty's Retirement,,,,-1,-1,-1,,-1,,,,-1,,-1,-1,-1,-1
Rusty's Retirement,,,,1,1,,1,1,1,1,1,1,,,1,-1,-1
Rusty's Retirement,,,-1,0,0,-1,1,-1,0,-1,,-1,,,-1,-1,-1
Rusty's Retirement,,,,,1,,,,,,,-1,,,,,
Rusty's Retirement,,,,1,1,-1,-1,0,0,0,-1,-1,-1,-1,-1,-1,-1
Rusty's Retirement,,,,,1,,-1,1,,,,,,,,,
Rusty's Retirement,,1,,1,1,-1,1,1,1,0,1,1,,,1,1,
Rusty's Retirement,-1,,-1,0,1,,1,0,-1,-1,,0,,-1,-1,-1,
Rusty's Retirement,,,,1,0,-1,-1,-1,-1,1,,-1,-1,-1,-1,-1,-1
Rusty's Retirement,1,1,,1,1,,1,1,1,1,1,1,,,0,-1,-1
Rusty's Retirement,,1,,1,-1,-1,1,-1,1,1,1,1,,,-1,-1,-1
Rusty's Retirement,,,,-1,1,,1,1,,-1,,-1,,,,,
Rusty's Retirement,-1,1,,1,1,-1,1,1,1,1,1,0,,0,-1,-1,-1
Rusty's Retirement,,,,0,1,,,1,,,1,0,,,,,-1
Rusty's Retirement,,,,,1,,1,,,,,,,,,,
Rusty's Retirement,,,,0,0,-1,1,0,0,-1,,0,,,-1,-1,-1
Rusty's Retirement,0,1,,0,1,,0,,0,,1,,,,,-1,
Rusty's Retirement,,,,,,,,,,,,,,,,,
Rusty's Retirement,-1,1,,1,1,,,,1,,1,,,,0,-1,
Rusty's Retirement,,,,,1,,,,,,,,,,,,
Rusty's Retirement,,,,,1,,-1,,-1,-1,-1,,,,,,
Rusty's Retirement,,,,,1,,,,,,,,,,,,
Rusty's Retirement,,,,-1,1,,,,,,,,,,,,
Metaphor: ReFantazio,,,,1,1,,,,,,,0,,,,,
Metaphor: ReFantazio,,,,1,1,,,1,,,,1,,,,,1
Metaphor: ReFantazio,,,,,,,,,,,,,,,,,
Metaphor: ReFantazio,,,,,,,,,,,,,,,,,
Metaphor: ReFantazio,-1,1,,1,1,,1,,-1,-1,1,1,,,-1,-1,
Metaphor: ReFantazio,,,,,1,,,,,,,,,,,,
Metaphor: ReFantazio,,,,,,,,,,,,,,,,,
Metaphor: ReFantazio,,,,-1,1,,-1,0,,,,-1,,,-1,,-1
Metaphor: ReFantazio,,,,,,,,,,,,,,,,,
Metaphor: ReFantazio,,,,,,,,,,,,,,0,,,
Metaphor: ReFantazio,,,,,,,,,,,,,,,,,
Metaphor: ReFantazio,,,,,,,,,,,,,,,1,,
Metaphor: ReFantazio,,,,,1,,,,,,,,,,,,
Metaphor: ReFantazio,,,,,,,,,,,,,,,,,
Metaphor: ReFantazio,,,,,,,,,,,,,,,,,
Metaphor: ReFantazio,,,,,,,,,,,,,,,,,
Metaphor: ReFantazio,,,,,1,,1,,,,,,,,,,
Metaphor: ReFantazio,,,,1,1,-1,1,1,1,1,1,1,,,-1,-1,-1
Metaphor: ReFantazio,0,0,0,,,,,,,,,,,,,,
Metaphor: ReFantazio,,,,,1,,,,,,,,,,,,
Metaphor: ReFantazio,,,,,1,,1,,,,,,,1,,-1,
Metaphor: ReFantazio,,,,,1,,,,,,,1,,,,,
Metaphor: ReFantazio,,,,,1,,,,,,,,,,,-1,-1
Metaphor: ReFantazio,,,,,,,,,,,,,,,,,
Metaphor: ReFantazio,,,,,1,,,,,,,,,,,,
Metaphor: ReFantazio,-1,,-1,1,1,,1,1,1,,,1,,,,,-1
Metaphor: ReFantazio,,,,-1,1,,,1,-1,-1,,,,,,,
Metaphor: ReFantazio,,,,,1,,0,,,,,1,,,,,
Metaphor: ReFantazio,,,,-1,,,,,,,,,,,-1,,-1
Metaphor: ReFantazio,,,,,-1,,-1,,,-1,,,,-1,,,
Metaphor: ReFantazio,,,,1,,,,1,,,,,,,1,1,
Metaphor: ReFantazio,,,,,,,,,,,,,,,,,
Metaphor: ReFantazio,,,,,-1,-1,-1,,,,,,,-1,,,
Metaphor: ReFantazio,,,,1,1,,,,1,0,1,0,,,,,
Metaphor: ReFantazio,,,,,,,-1,,,,,,,,,,
Metaphor: ReFantazio,,,,,1,,,,,,,1,,,,,
Metaphor: ReFantazio,,,,,,,1,,,,,,,,,,
Metaphor: ReFantazio,,,,-1,1,-1,,-1,,,,-1,,,-1,-1,-1
Metaphor: ReFantazio,,,,,1,,,,,,,,,,,,
Metaphor: ReFantazio,,,,,1,,,,,,,,,,,,
Metaphor: ReFantazio,,,,,1,,,,,,,1,,,,,
Metaphor: ReFantazio,,,-1,,,,,,,,,,,,,,
Metaphor: ReFantazio,,,,,1,-1,,1,1,1,,,,,-1,,-1
Metaphor: ReFantazio,,,,0,1,,,,,,,,,,,,
Metaphor: ReFantazio,,,,,1,,,,,,,,,,,,
Metaphor: ReFantazio,,,,,1,,,,,,,,,,,,
Metaphor: ReFantazio,1,1,,1,1,-1,1,1,1,1,1,1,,,-1,-1,-1
Metaphor: ReFantazio,,,,1,1,,,1,,,,,,,,,
Metaphor: ReFantazio,,,,,1,,,,,,,,,,,,
Metaphor: ReFantazio,,,,,,,,,,,,,,,,,
Metaphor: ReFantazio,,,,-1,0,-1,-1,1,0,-1,-1,-1,,,-1,-1,-1
Metaphor: ReFantazio,,,,1,1,,,,,,,,,1,1,-1,
Metaphor: ReFantazio,,,,,1,,,,,,,,,,,,
Metaphor: ReFantazio,,,,,1,,,,1,,1,1,,,,,
Metaphor: ReFantazio,,,,,1,,,,,,,,,,,,
Metaphor: ReFantazio,-1,-1,,1,1,-1,1,-1,1,1,1,1,,-1,-1,-1,-1
Metaphor: ReFantazio,,,,,,,,,,,,,,,,,
Metaphor: ReFantazio,,,,1,1,-1,1,1,1,1,1,1,,,1,-1,
Metaphor: ReFantazio,,,,,,,,,,,,,,,,,
Metaphor: ReFantazio,,,,1,1,,,1,0,-1,,1,,,-1,-1,-1
Metaphor: ReFantazio,,,,0,1,,,,,,,,,,,,
Metaphor: ReFantazio,,,,,1,,,,,,,,,,,,
Metaphor: ReFantazio,,,,,1,,,,,,,,,,,,
Metaphor: ReFantazio,,,,,,,,,,,,,,,,,
Metaphor: ReFantazio,,,,0,0,,0,0,0,0,,0,-1,,,,-1
Metaphor: ReFantazio,,,,,1,,,,,,,-1,,,-1,-1,-1
Metaphor: ReFantazio,-1,1,-1,1,1,-1,1,,1,,1,,-1,0,,-1,
Metaphor: ReFantazio,,,,,,,,,,,,,,,,,
Metaphor: ReFantazio,0,1,-1,1,1,-1,0,1,1,,1,0,,0,0,-1,-1
Metaphor: ReFantazio,,,,,,-1,,,,,,,,-1,,,
Metaphor: ReFantazio,-1,1,-1,1,1,-1,1,1,1,1,1,1,,-1,-1,-1,-1
Metaphor: ReFantazio,,,,-1,1,-1,1,1,,,,,,,-1,-1,-1
Metaphor: ReFantazio,,,,0,0,,0,0,0,,1,0,,,,,
Metaphor: ReFantazio,,1,,1,1,,1,1,1,0,1,1,,,0,-1,
Metaphor: ReFantazio,,,-1,,,,-1,,,,,,,-1,,,
Metaphor: ReFantazio,,,,,,,,,,,,,,,1,1,
Metaphor: ReFantazio,-1,,-1,,,,,,,,,,-1,-1,,,
Metaphor: ReFantazio,1,,1,1,1,,1,1,,,,,,,,,
Metaphor: ReFantazio,,,,,1,-1,,,,,,,,-1,,,
Metaphor: ReFantazio,,,,-1,1,,,0,,,,,,,,,-1
Metaphor: ReFantazio,-1,-1,-1,-1,1,-1,1,-1,0,-1,-1,,,-1,-1,-1,-1
Metaphor: ReFantazio,-1,,-1,-1,1,-1,1,1,,,,,,-1,-1,-1,-1
Metaphor: ReFantazio,,,,,1,,1,,,,,,,,,,
Metaphor: ReFantazio,-1,-1,,,,-1,,,,,,,,,-1,-1,-1
Metaphor: ReFantazio,-1,-1,-1,-1,0,-1,,-1,-1,,-1,,,,-1,-1,-1
Metaphor: ReFantazio,-1,-1,-1,,,,,,,,,,,-1,,,
Metaphor: ReFantazio,1,1,0,1,,,1,1,1,,,,,1,,,
Metaphor: ReFantazio,-1,-1,-1,1,1,-1,-1,-1,1,-1,-1,,,-1,,-1,-1
Metaphor: ReFantazio,-1,,-1,,,,-1,,,,,,,-1,,,
Metaphor: ReFantazio,,,,,,,,,,,,,,-1,,,
Metaphor: ReFantazio,,,,,1,,,,,,,,,,,,
Metaphor: ReFantazio,-1,,-1,,,,,,-1,-1,-1,,-1,-1,,,
Metaphor: ReFantazio,,,,,,,,,,,,,,,,,
Metaphor: ReFantazio,,,,-1,,,,-1,,,,,,-1,,,
Metaphor: ReFantazio,,,,,,,,,,-1,,,-1,-1,,,
Metaphor: ReFantazio,,,-1,,,,,,,,,,,,,,
Metaphor: ReFantazio,1,,,,1,,,,,,,,,,,-1,
Metaphor: ReFantazio,-1,-1,,1,1,-1,1,0,1,-1,-1,,,,-1,-1,-1
Metaphor: ReFantazio,,,-1,,-1,,-1,,,,,,,-1,,,
Metaphor: ReFantazio,-1,-1,-1,1,1,,1,1,0,-1,,,,1,,,
Planet Coaster 2,0,1,-1,1,1,,1,1,1,0,1,1,,0,,,
Planet Coaster 2,,,,,1,,,,,,,,,,,,
Planet Coaster 2,,,,,1,,,,1,1,,,,,,,
Planet Coaster 2,-1,,-1,,,,,,,,,,,,,,
Planet Coaster 2,,,,1,1,,1,1,,,,,,,0,,
Planet Coaster 2,-1,-1,-1,-1,1,,1,1,-1,,-1,,,-1,-1,-1,
Planet Coaster 2,,,,,1,,,,,,,,,,,,
Planet Coaster 2,,,,,-1,,,,-1,,,,,,,,
Planet Coaster 2,,1,,,1,,,,1,,1,,,,,,
Planet Coaster 2,,,,,-1,,-1,,,,,,,,,,
Planet Coaster 2,,,,,,,,,,,,,,,,,
Planet Coaster 2,,,,,1,,,,,,,,,,,,
Planet Coaster 2,,,,,-1,,-1,,,,,,,,,,
Planet Coaster 2,,,,,,,,,,,,,,,,,
Planet Coaster 2,,,,,1,,,,,,,,,,,,
Planet Coaster 2,-1,-1,-1,1,1,,1,1,1,1,-1,1,-1,-1,-1,-1,-1
Planet Coaster 2,1,1,,,,,,,,,1,,,,,,
Planet Coaster 2,,,,,,,-1,,,,,,,,,,
Planet Coaster 2,-1,,-1,-1,1,,,-1,,,,,,-1,,,-1
Planet Coaster 2,,,,,,,,,,,,,,,0,,
Planet Coaster 2,,,,,,,,,-1,-1,,,,-1,,,
Planet Coaster 2,,,,1,1,,1,1,1,,,,,1,,,
Planet Coaster 2,,,,,,,,,,,,,,,,,
Planet Coaster 2,,,-1,,,,,,,,,,,,,,
Planet Coaster 2,1,1,,,1,,,,1,,,,,,1,,
Planet Coaster 2,-1,,-1,,1,-1,,,,,,,-1,-1,,,
Planet Coaster 2,-1,,,,1,,,,,,,,,,,,
Planet Coaster 2,,,,1,1,,1,1,,,,,,,-1,-1,
Planet Coaster 2,,,,,1,,1,,1,,,,,1,,,
Planet Coaster 2,,,,,1,,,,,,,,,,,,
Planet Coaster 2,,,,,,-1,,,,,,,,,,,
Planet Coaster 2,,,,,,,,,,,,,,,,,
Planet Coaster 2,,,,,1,,,,,,,,,,,,
Planet Coaster 2,-1,,-1,,1,,,,,,,,,,,,
Planet Coaster 2,-1,-1,-1,,,,,,-1,-1,,,,,,,
Planet Coaster 2,,,,,,,,,,,,,,,,,
Planet Coaster 2,-1,,-1,,,,,,,,,,,-1,,,
Planet Coaster 2,,,,,1,,,,,,,,,,,,-1
Planet Coaster 2,-1,-1,,,1,,,,-1,,-1,,,,,,
Planet Coaster 2,,-1,,,,-1,-1,-1,,,,,,,,,
Planet Coaster 2,,,,,,,1,1,,,,,,,,,
Planet Coaster 2,-1,,-1,,,,,,,,,,,,,,
Planet Coaster 2,-1,,,,,,,,,,,,,,,,
Planet Coaster 2,-1,-1,,-1,1,-1,,,1,,-1,,,,-1,-1,-1
Planet Coaster 2,0,,0,1,,0,1,1,,,,,,1,,,
Planet Coaster 2,,,,,1,,,,,,,,,,,,
Planet Coaster 2,,,,,1,,,1,,,,,,,-1,,
Planet Coaster 2,,,,,,,,,,,,,,,,,
Planet Coaster 2,,,,,,-1,,,,,,,,,-1,-1,
Planet Coaster 2,,,,,1,,,,,,,,,,,,
Planet Coaster 2,,,,,,,0,,,,,,,,,,
Planet Coaster 2,,,,-1,1,,,,,,,,,-1,,,
Planet Coaster 2,,,,,,-1,,,,,,,,,,,
Planet Coaster 2,1,1,,1,1,-1,1,0,1,1,1,1,,,0,-1,-1
Planet Coaster 2,,,,,,,,,,,,,,,,,
Planet Coaster 2,,1,,1,1,-1,1,1,1,1,1,1,,,-1,-1,-1
Planet Coaster 2,,,,,1,,,,,,,,,,,,
Planet Coaster 2,,,,,,,,,,,,,,,,,
Planet Coaster 2,,,,,,,,,,,,,,,,,
Planet Coaster 2,,,,,,,,,,,,,,,,,
Planet Coaster 2,,,,-1,-1,,-1,-1,,,,-1,,,,,-1
Planet Coaster 2,,,,,,,,,,,,,,,,,
Planet Coaster 2,,,,,1,,,,,,,,,,,,
Planet Coaster 2,,,,,1,,,,,,,,,,,,
Planet Coaster 2,,,,,,,-1,,,,,,,-1,,,
Planet Coaster 2,,,,,,1,1,1,,,,,,1,,,
Planet Coaster 2,,,,,1,-1,,,,,,,,,,,
Planet Coaster 2,,,,,1,,,,-1,-1,,,,,,,
Planet Coaster 2,,,,,1,-1,,,,,,,-1,-1,,,
Planet Coaster 2,-1,,-1,,,-1,,,,,,,,-1,,,
Planet Coaster 2,,,,,-1,-1,,,,,,,,,,,
Planet Coaster 2,,,,,-1,-1,,,,,,,,,,,
Planet Coaster 2,1,1,,,,,,,1,,1,,,,,,
Planet Coaster 2,,,,,1,,1,1,1,1,,1,,,,,
Planet Coaster 2,,,,,,,,,,,,,-1,,,,
Planet Coaster 2,,,,,0,-1,,,,,,,,,,,
Planet Coaster 2,,,-1,,,,,,,,,,-1,,,,-1
Planet Coaster 2,-1,,-1,,1,,,,,,,,,,,,
Planet Coaster 2,,,,,1,,,,,,,,,,,,
Planet Coaster 2,-1,,-1,,,,,,,,,,,-1,,,
Planet Coaster 2,,,,,,,,,,,,,,,,,
Planet Coaster 2,,,,,1,,,,,,,,,,,-1,
Planet Coaster 2,,,,,,1,,,,,,,,,,,
Planet Coaster 2,-1,1,-1,-1,-1,-1,-1,-1,1,1,-1,-1,-1,-1,-1,-1,-1
Planet Coaster 2,-1,-1,,,,-1,,,-1,,-1,,,,,,
Planet Coaster 2,,,,,1,,-1,,,,,,,,,,
Planet Coaster 2,,,,,,,,,,,,,,,,,
Planet Coaster 2,,,,,,,,,,,,,,,,,
Planet Coaster 2,,,,,,,,,,1,,,,,,,
Planet Coaster 2,,,,,1,-1,,,,,,,-1,,,-1,-1
Planet Coaster 2,-1,,-1,,-1,-1,,,,,,,,-1,-1,,-1
Planet Coaster 2,,,,,0,,,,,,,,,,,,
Planet Coaster 2,,,,,0,,,,,,,,,,,,
Planet Coaster 2,,,,,0,,,,,,,,,,,,
Planet Coaster 2,,,,,,,,,,,,,,-1,,,
Planet Coaster 2,-1,1,-1,1,1,-1,1,1,1,,-1,,,-1,-1,-1,
Planet Coaster 2,,,,,1,,,,,,,,,,,-1,
Planet Coaster 2,-1,,,,,-1,,,,,,,,,-1,-1,
Planet Coaster 2,,,,,,-1,,,,,,,,,,,
Planet Coaster 2,,,,,,,,,,,,,,,,,
Marvel Rivals,,,,,,,,,,,,,,,,,
Marvel Rivals,,,,,1,,,,1,,,,,,,,
Marvel Rivals,,,,,,,-1,,,,,,,,,,
Marvel Rivals,,,,,,,,-1,,,,,,,,,
Marvel Rivals,,,,,1,,,,-1,-1,,,,,,,
Marvel Rivals,,,,,,,,,,,,,,-1,,,
Marvel Rivals,,,,,,-1,,,,,,,,,,,
Marvel Rivals,,,,,1,,,,,,,,,,,,
Marvel Rivals,,,,,1,1,,,,,,,,,,,
Marvel Rivals,,,,,,-1,,,,,,,-1,-1,,,
Marvel Rivals,,,,,,,,,,,,,,0,,,
Marvel Rivals,,,,,,,,,,,,,,,,,
Marvel Rivals,,,,,,,,,,,,,,,,,
Marvel Rivals,,,,,1,,,,,,,,,,,,
Marvel Rivals,,,,,-1,,,,,,,,,,,,
Marvel Rivals,-1,-1,-1,,-1,-1,-1,,-1,,-1,,,,-1,,
Marvel Rivals,,,,,,,,,,,,,,,,,-1
Marvel Rivals,,-1,-1,,,,,1,1,,1,0,,,,,-1
Marvel Rivals,,,,,1,1,1,1,1,1,,,,-1,,,
Marvel Rivals,,,,,1,-1,,,,,,,,,,,
Marvel Rivals,-1,-1,-1,1,1,-1,1,1,1,1,,1,,-1,-1,-1,
Marvel Rivals,,,,,,-1,,,,1,,,,-1,,,
Marvel Rivals,,,,,,-1,,,,,,,,,,,
Marvel Rivals,-1,,-1,,1,,,,,,,,,,,,
Marvel Rivals,,,,,,,,,,,,,,,,,
Marvel Rivals,,,,,,-1,,,,,,,,,,,
Marvel Rivals,,,,,,,,,,,,,,,,,
Marvel Rivals,,,,,,-1,,,,,,,,,,,
Marvel Rivals,,,,,,,,,,,,,,,,,
Marvel Rivals,,,,,,,,,,,,,,,,,
Marvel Rivals,,,,,,,,,,,,,,,,,
Marvel Rivals,,,,,,,,,,,,,,,,,
Marvel Rivals,,,,,,,,,,,,,,,,,
Marvel Rivals,,-1,,,,,,,-1,,-1,,,,,,
Marvel Rivals,,,,,,,,,,,,,,,,,
Marvel Rivals,,,,,,,,,,,,,,,,,
Marvel Rivals,,,,,,-1,,,,,,,,,,-1,
Marvel Rivals,,,,,,,,,1,1,,,,,,,
Marvel Rivals,,,,,1,-1,,,,,,,,,,,
Marvel Rivals,,,,,,,,,,,,,,,,,
Marvel Rivals,,,,,1,,,,,1,,,,,,,
Marvel Rivals,,,,,1,,,,,,,,,,,,
Marvel Rivals,,,,,,-1,,,,,,,,,,,
Marvel Rivals,,,,1,1,,-1,,,,,,,1,,,
Marvel Rivals,,,,,,,,,,,,,,,,,
Marvel Rivals,,,,,,,,,,,,,,,,,
Marvel Rivals,,,,,1,,,,,,,,,,,,
Marvel Rivals,,,,,,,1,,1,1,,,1,1,,,
Marvel Rivals,,,,,1,,,,,,,,,,,,
Marvel Rivals,,,,,1,,,,,,,,,,,,
Marvel Rivals,,,,,1,,,,,,,,,,,,
Marvel Rivals,,,,,1,,,1,,1,,1,,,,,
Marvel Rivals,,,,,,,,,,,,,,,,,
Marvel Rivals,,,,,1,,,,,,,,,,,,
Marvel Rivals,,,,,1,,,,,,,,,,,,
Marvel Rivals,,,,,1,,,,,,,,,,,,
Marvel Rivals,,,,,,,,,,,,,,,,,
Marvel Rivals,,,,1,1,,,,,,,,,,,,
Marvel Rivals,,,,,1,,,,,,,,,,,,
Marvel Rivals,,,,,1,,,,,,,,,,,,
Marvel Rivals,,,,,,,,,,,,,,,,,
Marvel Rivals,,,,,,,,,,,,,,,,,
Marvel Rivals,,,,,,,,,,,,,,,,,
Marvel Rivals,,,,,1,,,,,,,,,,,,
Marvel Rivals,,-1,,-1,1,,,,-1,,-1,-1,,,,,-1
Marvel Rivals,,,,,,,,,,,,,,,,,
Marvel Rivals,,,,-1,1,,1,1,-1,,,-1,,,,,
Marvel Rivals,,,,,1,-1,,,,,,,,,-1,,-1
Marvel Rivals,,-1,,1,1,-1,1,-1,1,0,-1,0,,,-1,,-1
Marvel Rivals,,,,1,1,,,1,,,,,,,1,-1,-1
Marvel Rivals,,,,1,1,-1,1,1,1,0,,0,,0,-1,-1,-1
Marvel Rivals,,,,1,1,,,,,,,,,,,,
Marvel Rivals,,1,,1,1,,,,1,,1,,,,-1,-1,-1
Marvel Rivals,,,,,,,,,,,,,,,,,
Marvel Rivals,,,,,1,,,,,,,,,,,,
Marvel Rivals,,,,,,,,,,,,,,,,,
Marvel Rivals,,,,,,,,,,,,,,,,,
Marvel Rivals,,,,,1,,,,,,,,,,,,
Marvel Rivals,,,,,,-1,,,,,,,,,,,
Marvel Rivals,,,,,,,,,,,,,,,,,
Marvel Rivals,,,,,,-1,,,,,,,,,,,
Marvel Rivals,,,,1,1,-1,,1,1,1,,,,,-1,-1,-1
Marvel Rivals,,,,1,1,,,1,,0,,,,0,,,-1
Marvel Rivals,,,,,,,,,,,,,,,,,
Marvel Rivals,,,,,1,,,-1,-1,-1,,-1,,,-1,-1,-1
Marvel Rivals,,,,0,1,-1,0,0,0,-1,,-1,,-1,-1,-1,-1
Marvel Rivals,,,,1,1,,,,,,,,,,-1,,-1
Marvel Rivals,,,,-1,1,,,,,,,,,,,,
Marvel Rivals,,,,0,1,,1,1,0,,,,,,-1,-1,-1
Marvel Rivals,,,,1,1,,,1,1,1,,1,,,1,-1,
Marvel Rivals,,,,,,,,,1,1,,,,,-1,-1,
Marvel Rivals,,,,,,,,,,,,,,,,,
Marvel Rivals,,,,,1,,,,,,,,,,,,
Marvel Rivals,,,,,,,,,,,,,,,,,
Marvel Rivals,,,,,1,,,,1,1,,,,,,,
Marvel Rivals,,,,,1,,,,,,,,,,,,
Marvel Rivals,,,,,1,,,,1,,,1,,,,,
Marvel Rivals,,,,-1,1,,,,1,1,,1,,,,,
Marvel Rivals,,,,,,,,,,,,,,,,,
Marvel Rivals,,,,,,-1,,,,,,,,,,,
The WereCleaner,,,,,,,,,,,,,,,,,
The WereCleaner,,,,,1,,,,,,,,,-1,,,
The WereCleaner,,,,,1,,,,,,,,,,,,
The WereCleaner,-1,,-1,,1,,,,0,-1,,,,-1,-1,,
The WereCleaner,,,,,,,,,,,,,,,-1,,
The WereCleaner,,,,,1,,,,1,1,,,,,,,
The WereCleaner,,,,,1,,1,,1,,,,,,,-1,
The WereCleaner,,,,,1,,,,,,,,,,,-1,
The WereCleaner,,,,,,,,,,,,,,,,,
The WereCleaner,,,,,,,,,,,,,,,,,
The WereCleaner,,,,,,,,,,,,,,,,,
The WereCleaner,,,,,1,,1,,,,,,,,-1,,
The WereCleaner,,,,,1,,,,1,,,,,,,,
The WereCleaner,,,,,1,,,,1,1,,,,,1,1,
The WereCleaner,,,,,1,,,,,,,,,,,1,
The WereCleaner,,,,,,,,,,,,,,,,,
The WereCleaner,,,,,,,,,,1,,,,,,,
The WereCleaner,,,,1,1,,1,,1,,,,,,1,1,
The WereCleaner,,,,1,1,,,,,,,,,,,-1,
The WereCleaner,,,,1,1,,1,,,,,,,1,,,
The WereCleaner,,,,,,,,,,,,,,,,,
The WereCleaner,,,,,1,,,,,,,,,,,,
The WereCleaner,,,,,,,,,,,,,,,,,
The WereCleaner,,,,,1,,,,,,,,,,,,
The WereCleaner,,,,,,,,,,1,,,,,,,
The WereCleaner,,,,,1,-1,1,1,1,1,,1,,,1,-1,
The WereCleaner,,,,,1,,,,,,,,,,,,
The WereCleaner,,,,1,1,,1,1,1,1,1,1,,,-1,-1,-1
The WereCleaner,,,,,1,-1,,1,1,1,,,,,,,
The WereCleaner,,,,,1,,,,1,1,,,,,,-1,
The WereCleaner,,,,,,-1,,,,,,,,,,,
The WereCleaner,,,,,,,,,1,,,,,,,,
The WereCleaner,,,,,,,,,,,,,,-1,,,
The WereCleaner,,,,,,,,,,,,,,,,,
The WereCleaner,,,,,,-1,,,,,,,-1,,,,-1
The WereCleaner,,,,,1,,,,,,,,,,,,
The WereCleaner,,,,,1,-1,-1,1,,,,-1,,,,,-1
The WereCleaner,,,,,1,,,,,,,,,,,,
The WereCleaner,,,,,,,,,,,,,,,,,-1
The WereCleaner,,,,1,1,,,,1,,,,,,,-1,
The WereCleaner,,,,,,,,1,,,,,,,,,
The WereCleaner,,,,,,,,,,,,,,,,,
The WereCleaner,,,,,,,,,,,,,,,,,
The WereCleaner,-1,1,-1,-1,1,-1,1,1,0,-1,1,1,,1,-1,-1,-1
The WereCleaner,,,,1,1,,,1,1,1,,,,,-1,-1,-1
The WereCleaner,,,,,,,,,,,,,,,,,
The WereCleaner,,,,,1,,,,1,1,,,,,-1,,
The WereCleaner,,,,,,,,,,,,,,,,,
The WereCleaner,,,,,1,,,,1,1,,,,,,,
The WereCleaner,,,,,,,,,,,,,,,,,
The WereCleaner,,,,,1,,,,,,,,,,1,,
The WereCleaner,,,,,,-1,,,1,1,,,,1,1,,
The WereCleaner,,,,,,,,,,,,,,,,,
The WereCleaner,,,,,,,,,1,1,,,,,,,
The WereCleaner,,,,,,,,,,1,,,,,,,
The WereCleaner,,,,1,1,,1,1,1,1,,1,,,-1,-1,
The WereCleaner,,,,,1,-1,,0,,,,,,,-1,-1,-1
The WereCleaner,,,,,1,,,,1,,,,,,,,
The WereCleaner,,,,1,1,,,1,1,,,,,,1,-1,
The WereCleaner,,,,,1,,,,,,,,,,,,
The WereCleaner,,,,,1,,,,,,,,,,,,
The WereCleaner,,,,,1,,,,,,,,,,,,
The WereCleaner,,,,,,,,,,-1,,,,,-1,,
The WereCleaner,,,,,,,,,,,,,,,,,
The WereCleaner,,,,,,,,,,1,,,,,,,
The WereCleaner,,,,,1,,,,,,,,,,,,
The WereCleaner,,,,,,0,,,,,,,,,,,
The WereCleaner,,,,,1,,,,,,,,,,,,
The WereCleaner,,,,1,1,,,,,,,,,,,,
The WereCleaner,,,,,1,,,,,,,,,,,-1,
The WereCleaner,,1,,,,,,1,1,,,,,,-1,,
The WereCleaner,,,,1,1,-1,1,1,1,1,,1,,,-1,-1,-1
The WereCleaner,,,,-1,1,,1,,0,1,,,,,,,
The WereCleaner,,,,,1,,,,,,,,,,,,
The WereCleaner,,,,,,,,,,,,,,,,,
The WereCleaner,,,-1,,,,,,,,,,,,,,
The WereCleaner,,,,,1,,,,,,,,,,-1,,
The WereCleaner,,,,,,,,,,,,,,,,,
The WereCleaner,,,,,,-1,,,,,,,,,,-1,
The WereCleaner,,,,,,,,,,,,,,,,,
The WereCleaner,,,,,1,-1,,,,,,,,,-1,,-1
The WereCleaner,,,,,1,-1,1,1,,,,,,,-1,,-1
The WereCleaner,,,,,,,,,,,,,,,,,
The WereCleaner,,,,,,,,,,,,,,,,,
The WereCleaner,,,,,,,,,,,,,,,,,
The WereCleaner,,,,,,,,,,,,,,,,,
The WereCleaner,,,,,,,,,,,,,,,,,
The WereCleaner,,,,,,,,,,,,,,,,,
The WereCleaner,,,,,1,-1,1,1,,,,,,,0,-1,-1
The WereCleaner,,,,,1,,,,,,,,,,,,
The WereCleaner,,,,,,-1,,,,,,,,,,,
The WereCleaner,,,,,1,,,,,,,,,1,,,
The WereCleaner,,,,,,,,,,,,,,,,,
The WereCleaner,,,,,,,,,,,,,,,,0,
The WereCleaner,,,,,,-1,,,,,,,,,,,
The WereCleaner,,,,,1,,,,,,,,,,,,
The WereCleaner,,,,1,1,,,,,,,,,,,-1,-1
The WereCleaner,,,,,1,-1,,1,,,,,,1,,,
The WereCleaner,,,,,,,,,,,,,,,,,
The WereCleaner,,,,,1,,,,,,,,,,,,
Buckshot Roulette,,,,0,,,,,,,,,,,,,
Buckshot Roulette,,,,,1,,,,,,,,,,,,
Buckshot Roulette,,,,,1,,,,,,,,,,,,
Buckshot Roulette,,,,,,-1,,,,,,,,,-1,-1,
Buckshot Roulette,,,,,1,,,1,,,,,,,1,,
Buckshot Roulette,,,,,,-1,,,,,,,,-1,,,
Buckshot Roulette,,,,,1,1,1,1,,,,,,,1,,
Buckshot Roulette,,,,,,,,,,,,,,,,,
Buckshot Roulette,,,,1,1,,,,,,,,,,,,
Buckshot Roulette,,,,,,,,,,,,,,,,,
Buckshot Roulette,,,,,1,,,,,,,,,,,,
Buckshot Roulette,,,,,1,,,,,,,,,,,,
Buckshot Roulette,,,,,,,,,,,,,,,,,
Buckshot Roulette,,,,,,,,,,,,,,,,,
Buckshot Roulette,,,,,1,,,,,,,,,,,,
Buckshot Roulette,,,,,1,,,,,,,,,,,,
Buckshot Roulette,,,,,,,,,,,,,,,,,
Buckshot Roulette,,,-1,,1,,,,,,,,,,,,
Buckshot Roulette,,,,,-1,,,,,,,,,,,-1,
Buckshot Roulette,,,,,,-1,,,,,,,,-1,,,
Buckshot Roulette,,,,1,1,,,,1,,1,1,,,,-1,
Buckshot Roulette,,,,,,,,,,,,,,,,,
Buckshot Roulette,,,,,1,,,,,,,,,,,,
Buckshot Roulette,,,,,1,,,,,,,,,,,,
Buckshot Roulette,,,,,,-1,,,,,,,,,-1,,
Buckshot Roulette,,,,0,1,,,,,,,,,,,,
Buckshot Roulette,,,,,,,,,,,,,,,,,
Buckshot Roulette,,,,,,,,,,,,,,,,,
Buckshot Roulette,,,,,1,,,,,,,,,,,,
Buckshot Roulette,,,,,,,,,,,,,,,,,
Buckshot Roulette,,,,,1,,,,,,,,,,,,
Buckshot Roulette,,,,,1,,,,,,,,,,,,-1
Buckshot Roulette,,,,,,,,,,,,,,,,,
Buckshot Roulette,,,,,,,,,,,,,,,,,
Buckshot Roulette,,,,,,,,,,,,,,,,,
Buckshot Roulette,,,,,1,,,,,,,,,,,,
Buckshot Roulette,,,,,,-1,,,,,,,,,-1,,
Buckshot Roulette,,,,,,,,,,,,,,,,,
Buckshot Roulette,,,,,,-1,,0,,,,,,,-1,,
Buckshot Roulette,,,,-1,,,,,,,,,,,,,
Buckshot Roulette,,,,,,,,,,,,,,,,,
Buckshot Roulette,,,,,1,,,,,,,,,,,,
Buckshot Roulette,,,,,1,0,,,,,,,,,0,,
Buckshot Roulette,,,,,,-1,,,,,,,,,,,
Buckshot Roulette,,-1,-1,,1,,,,-1,,,,,,,,-1
Buckshot Roulette,,,,,,-1,,,,,,,,,,,
Buckshot Roulette,,,,,1,,,,,,,,,,,,
Buckshot Roulette,,,,,1,,,,,,,,,,,,
Buckshot Roulette,,,,,1,-1,,,,-1,,,,,-1,,
Buckshot Roulette,,,,,1,,,,,,,,,,,,
Buckshot Roulette,,,,,1,,,,,,,,,,,-1,
Buckshot Roulette,,,,,,,,,,,,,,,,,
Buckshot Roulette,,,,,1,,,,,,,,,,,,
Buckshot Roulette,,,,,1,-1,,,,,,,,,,,
Buckshot Roulette,,,,,1,,,,,,,,,1,,,
Buckshot Roulette,,,,,,,,,,,,,,,,,
Buckshot Roulette,,,,,1,,,,,,,,,,,,
Buckshot Roulette,,,,,,-1,,,,,,,,,,,
Buckshot Roulette,,,,,,,,,,,,,,,,,
Buckshot Roulette,,,,1,1,,,,,,,,,,,,
Buckshot Roulette,,,,0,1,,,,,,,,,,,,
Buckshot Roulette,,,,,1,,,,,,,,,,,,
Buckshot Roulette,,,,,,-1,,,,,,,,,,,
Buckshot Roulette,,,,,,-1,,,,,,,,,,,
Buckshot Roulette,,,,,,,,,,,,,,,,,
Buckshot Roulette,,,,,,,,,,,,,,,,,
Buckshot Roulette,,,,,,-1,,,,,,,,,-1,,
Buckshot Roulette,,,,-1,1,-1,1,1,,-1,,-1,,-1,-1,-1,-1
Buckshot Roulette,,,-1,,-1,-1,,-1,,,,,,-1,-1,-1,-1
Buckshot Roulette,,,,,,,,,,,,,,,,,
Buckshot Roulette,,,,,1,,,,-1,-1,,,,,-1,-1,
Buckshot Roulette,,,,-1,0,-1,-1,-1,,,,-1,,-1,-1,-1,-1
Buckshot Roulette,,,,,,,,,,,,,,,,,
Buckshot Roulette,,,,,,,,,,,,,,,,-1,
Buckshot Roulette,,,,,,,,,,,,,,,-1,,
Buckshot Roulette,,,,,,-1,,,,,,,,-1,,,
Buckshot Roulette,,,,,,,,,,,,,,,,,
Buckshot Roulette,,,,,1,-1,,,,,,,,-1,-1,-1,
Buckshot Roulette,,,,,,,,,,,,,,,,,
Buckshot Roulette,0,,-1,1,1,,1,1,,,,,,1,,,
Buckshot Roulette,,,,,1,,-1,,,,,,,,,,
Buckshot Roulette,,,,,,-1,,,,-1,,,-1,-1,,,
Buckshot Roulette,,,,,,,,,,,,,,-1,,,
Buckshot Roulette,,,,,1,,,,,,,,,,,,
Buckshot Roulette,,,,,,,,,,,,,,,,,
Buckshot Roulette,,,,,,-1,,,,,,,,-1,-1,-1,
Buckshot Roulette,,,-1,,,,,,,,,,,,,,
Buckshot Roulette,,,,,,-1,,,,,,,,,-1,,
Buckshot Roulette,,,,,,,,,,,,,,,,,
Buckshot Roulette,,,,,1,-1,,,,,,,,,-1,,
Buckshot Roulette,,,,,1,,,,,,,,,-1,,,
Buckshot Roulette,,,,,,-1,-1,-1,,,,,,-1,-1,-1,-1
Buckshot Roulette,,,,,,-1,,,,,,,,,,,
Buckshot Roulette,,,,,1,,,,,,,,,,,,1
Buckshot Roulette,,,,,1,,,,,,,,,,,,
Buckshot Roulette,,,,,,,,,,,,,,,,,
Buckshot Roulette,,,,,,,,,,,,,,,,,
Buckshot Roulette,,,,,1,,,,,,,,,,,,
Buckshot Roulette,,,,,,,,,,,,,,,,,
Buckshot Roulette,,,,,1,-1,,,,,,,,-1,,,
Slay the Spire 2,,,,,,,,,,,,,,,,,
Slay the Spire 2,,,,,1,,,,,,,,,,,,
Slay the Spire 2,1,,,,,,,,,,,,,,,,
Slay the Spire 2,,,,,1,,,,,,,,,,,,
Slay the Spire 2,,,,,1,-1,,,,,,,,,,,
Slay the Spire 2,,,,1,1,-1,1,1,,,,,,-1,,-1,
Slay the Spire 2,,,,,,,,,,,,,,,,,
Slay the Spire 2,,,,,1,,,,,,,,,,,,
Slay the Spire 2,,,,,,-1,,,,,,,,,,,
Slay the Spire 2,,,,,,-1,,,,,,,,,,,
Slay the Spire 2,,,,,,,,,,,,,,,,,
Slay the Spire 2,,,-1,0,1,-1,0,0,,,,,,0,-1,-1,-1
Slay the Spire 2,,,,,1,,-1,,,,,,,,,,
Slay the Spire 2,,,,,1,,,,,,,,,,,,
Slay the Spire 2,,,,,,,,,,,,,,-1,,,
Slay the Spire 2,,,,,,,,,,,,,,-1,,,
Slay the Spire 2,,,,,1,,,,,,,,,,,,
Slay the Spire 2,,,,,,,,,,,,,,,,,
Slay the Spire 2,,,,,1,,1,,,,,,,,,,
Slay the Spire 2,,,,,,,,,,,,,,,-1,,-1
Slay the Spire 2,,,,,,,,,,,,,,,,,
Slay the Spire 2,,,,,,,,,,,,,,,,,
Slay the Spire 2,,,,,1,,,,,,,,,,,,
Slay the Spire 2,,,,,,,,,,,,,-1,,,,
Slay the Spire 2,,,-1,,,-1,,-1,,,,,,-1,-1,,-1
Slay the Spire 2,,,,,1,,,,,,,,,,,,
Slay the Spire 2,,,,,1,,,,,,,,,,,,
Slay the Spire 2,,,,,1,,-1,,,,,,,,,,
Slay the Spire 2,,,,0,0,-1,-1,0,,,,0,-1,-1,-1,-1,-1
Slay the Spire 2,,,,,,,,,,,,,,-1,,,
Slay the Spire 2,,,,,,,,,,,,,,,,,
Slay the Spire 2,,,,,1,,,,,,,,,,,,
Slay the Spire 2,,,,,,-1,,,,,,,,-1,-1,,
Slay the Spire 2,,,,,-1,-1,,,,,,,,-1,,,
Slay the Spire 2,,,,,,-1,,,,,,,,,,,
Slay the Spire 2,,,,,,,,,,,,,,,,,
Slay the Spire 2,,,,,1,,,,,,,,,,,,
Slay the Spire 2,,,,,1,,,,,,,,,,,,
Slay the Spire 2,-1,,,,-1,,,,,,,,,-1,-1,,
Slay the Spire 2,,,,,,,,,,,,,,,,,
Slay the Spire 2,,,,,1,,,,,,,,,,,,
Slay the Spire 2,,,,,1,-1,,,,,,,,0,0,,
Slay the Spire 2,,,-1,,1,,,,,,,,,,,,
Slay the Spire 2,,,,,1,,,,,,,,,,,,
Slay the Spire 2,,,,,,,,,,,,,,,,,
Slay the Spire 2,-1,,-1,,1,-1,,-1,,,,,,-1,-1,-1,
Slay the Spire 2,,,,,,,,,,,,,,-1,,,
Slay the Spire 2,,,,,,-1,,,,,,,,-1,,,
Slay the Spire 2,,,,,,,,,,,,,,,,,
Slay the Spire 2,,,,,1,,,,,,,,,,,,
Slay the Spire 2,,,,,,,,,,,,,,,1,,
Slay the Spire 2,,,,1,,,,,,,,,,1,,,
Slay the Spire 2,,,,,1,,,,,,,,,,,,
Slay the Spire 2,,,,,0,,,,,,,,,,,,
Slay the Spire 2,,,,,1,,,,,,,,,,,,
Slay the Spire 2,,,,,,,,,,,,,,,,,-1
Slay the Spire 2,,,,,1,,,,,,,,,,,,
Slay the Spire 2,,,,,,,,,,,,,,,,,
Slay the Spire 2,,,,,,,,,,,,,,-1,,,
Slay the Spire 2,,,,-1,-1,-1,-1,-1,,,,,,-1,-1,-1,-1
Slay the Spire 2,,,,,1,,,,,,,,,,,,
Slay the Spire 2,,,,,,-1,,,,,,,,,,,
Slay the Spire 2,,,,,,,,,,,,,,,,,
Slay the Spire 2,,,,,1,-1,,,,,,,,,,,
Slay the Spire 2,,,,,1,,,,,,,,,,,,
Slay the Spire 2,,,,,,,,,,,,,,,,,
Slay the Spire 2,-1,,-1,,1,,,,,,,,,-1,,-1,
Slay the Spire 2,,,,,1,,,,,,,,,,,,
Slay the Spire 2,,,,,,,,,,,,,,,,,
Slay the Spire 2,,,,,1,-1,,1,1,0,,,,,-1,-1,-1
Slay the Spire 2,,,,,,,,,,1,,,,,,,
Slay the Spire 2,,,-1,,,,,,,,,,-1,-1,,,
Slay the Spire 2,,,,1,1,,,,,,,,,,,,
Slay the Spire 2,,,,,,-1,,,,,,,,,-1,,
Slay the Spire 2,,,,,,,,,,,,,,,,,
Slay the Spire 2,,,,,,,,,,,,,,,,,
Slay the Spire 2,,,,,,,,,,,,,,-1,,,
Slay the Spire 2,,,,,1,,,1,,,,,,,,,
Slay the Spire 2,,,,,,,,,,,,,,,,,
Slay the Spire 2,,,,,,,,,,,,,,,,,
Slay the Spire 2,,,,,,,,,,,,,,,,,
Slay the Spire 2,,,,,1,,,,,,,,,,,,
Slay the Spire 2,,,,1,1,,,,,,,,,,,,
Slay the Spire 2,,,,,1,,1,,,,,1,,,,,
Slay the Spire 2,,,,-1,1,,-1,,,,,,,-1,,,
Slay the Spire 2,,,,,1,,,,,,,,,,,,
Slay the Spire 2,,,,,1,,,,,,,,,,,,
Slay the Spire 2,,,,,1,,,,,,,,,,,,
Slay the Spire 2,-1,,-1,,1,-1,,,,,,,,,-1,-1,
Slay the Spire 2,,,,,1,,,,,,,,,,,,
Slay the Spire 2,-1,,,,,,,,,,,,,,,,
Slay the Spire 2,,,,,1,,,,,,,,,,,,
Slay the Spire 2,,,,,1,-1,,,,,,,,,,,
Slay the Spire 2,,,,,,,,,,,,,,,,,
Slay the Spire 2,,,,,,-1,,,,,,,,,,,
Slay the Spire 2,,,,,,,,,,,,,,,,,
Slay the Spire 2,,,,,,,,,,,,,,,,,
Slay the Spire 2,,,,,1,,,,,,,,,,,,
Slay the Spire 2,,,-1,,,-1,,,,,,,,,,,
Slay the Spire 2,,,,,,,,,,,,,,,,,
Liar's Bar,,,,,,-1,,,,,,,,,,,
Liar's Bar,,,,,,,,,,,,,,,,,
Liar's Bar,,,,,,,,,,,,,,,,,
Liar's Bar,,,,,1,,1,1,1,1,,1,,,,,
Liar's Bar,,,,,,,,,,,,,,,,,
Liar's Bar,,,,,1,,,,,,,,,,,1,
Liar's Bar,,,,,,0,,,,,,,,0,,,
Liar's Bar,,,,,1,,,,,,,,,,,,
Liar's Bar,,,,,1,-1,,,,,,,,,-1,,
Liar's Bar,,,,,1,,,,,,,,,,,,-1
Liar's Bar,,,,,,-1,,,,,,,,,,,
Liar's Bar,,,,,,,,,,,,,,,,,
Liar's Bar,,,,,,-1,,,,,,,,,,,
Liar's Bar,,,,,,,,,,,,,,,,,
Liar's Bar,,,,,,,,,,,,,,,,,
Liar's Bar,,,,,1,,1,1,,,,,,,-1,,
Liar's Bar,,,,-1,-1,,,,,,,-1,,,,,
Liar's Bar,,,,,,,,,,,,,,,,,
Liar's Bar,,,,,,-1,,,,,,,,,-1,,
Liar's Bar,,,,1,1,,,,,,,,,,,,
Liar's Bar,,,,,,,,,,-1,,,,,,,
Liar's Bar,,,,,,,,,,,,,,,,,
Liar's Bar,,,,,,,,,,,,,,,,,
Liar's Bar,,,,,,,,,,,,,,,,-1,
Liar's Bar,,,,,,-1,,,,,,,,,-1,,
Liar's Bar,,,,,1,,,,,,,,,,,-1,
Liar's Bar,,,,,1,,,,,,,,,,,,
Liar's Bar,,,,,1,-1,1,1,0,-1,,1,,,-1,-1,-1
Liar's Bar,,,,,,,,,,,,0,,,,,
Liar's Bar,,,,-1,1,,-1,1,,,,,,,-1,-1,
Liar's Bar,,,-1,,,,,,,,,,,,,,
Liar's Bar,,,,,0,,,,,,,,,,,,
Liar's Bar,,,,,,,,,,,,,,,,,
Liar's Bar,,,,,,,,,,,,,,,,,
Liar's Bar,,,,,1,,,,,,,,,,,,
Liar's Bar,,,,,,-1,,,,,,,,,-1,,
Liar's Bar,,,,,,,,,,,,,,,,,
Liar's Bar,,,,,,,,,,,,,,,,,
Liar's Bar,,,,,,,,1,,,,,,,-1,,
Liar's Bar,,,,,,-1,,,,,,,,,-1,,
Liar's Bar,,,,,1,,,,,,,,,,,,
Liar's Bar,,,,,1,,,,,,,,,,,,
Liar's Bar,-1,,-1,-1,0,,,-1,,,,,,-1,,-1,-1
Liar's Bar,,,,,1,,,,,,,,,,,,
Liar's Bar,,,,,,,,,,,,,,,,,
Liar's Bar,,,,,1,,,,,,,,,,,,
Liar's Bar,,,,,,,,,,,,,,,,,
Liar's Bar,,,,,,,,,,,,,,,,,
Liar's Bar,,,,,1,,,,,,,,,,,,
Liar's Bar,,,,,1,,,,,,,,,,,,
Liar's Bar,,,,,1,,,,,,,,,,,,
Liar's Bar,,,,1,1,,1,1,,,,,,,,,
Liar's Bar,,,,,,,,,,,,,,,,,
Liar's Bar,,,,,,,,,,,,,,,,,
Liar's Bar,,,,,,,,,,,,,,,,,
Liar's Bar,,,,,,,,,,,,,,,,,
Liar's Bar,,,-1,,,-1,,,,,,,,,-1,,
Liar's Bar,,,,,,,,,,,,,,,,,
Liar's Bar,,,,,1,,,,,,,,,,,,
Liar's Bar,,,,,1,,,,,,,,,,,,
Liar's Bar,,,,,,,,,,,,,,,,,
Liar's Bar,,,,,1,,,,,,,,,,,,
Liar's Bar,,,,,1,,,,,,,,,,,,
Liar's Bar,,,,,1,,,,,,,,,,,,
Liar's Bar,,,,,,,,,,,,,,,,,
Liar's Bar,,,,,,,,,,,,,,,,,
Liar's Bar,,,,,,,,,,,,,,,,,
Liar's Bar,,,,,1,,,,,,,,,,,,
Liar's Bar,,,,,,,,,,,,,,,,,
Liar's Bar,,,,,,,1,,,,,,,0,,,
Liar's Bar,-1,-1,-1,,1,-1,-1,,-1,-1,-1,,-1,-1,-1,-1,-1
Liar's Bar,,,,,1,-1,,,,,,,,,,,
Liar's Bar,,,,,,,,,,,,,,,,,
Liar's Bar,,,,,1,,,,,,,,,,,,
Liar's Bar,-1,,-1,,,,,,,,,,,-1,,,
Liar's Bar,,,-1,1,1,-1,1,1,,,,0,-1,0,,-1,-1
Liar's Bar,,,,,1,,,,1,1,,,,,,,
Liar's Bar,,,,,1,,,,,,,,,-1,,,
Liar's Bar,,,,,,,,,,,,,,,,,
Liar's Bar,,,-1,,,,,,,,,,,-1,,,
Liar's Bar,,,,,,,,,,,,,,,,,
Liar's Bar,,,,,,,,,,,,,,,-1,-1,-1
Liar's Bar,,,,,1,,,,,,,,,,,,
Liar's Bar,,,-1,,,,,,,,,,,,,,
Liar's Bar,,,,,,,,,,,,,,0,,,
Liar's Bar,,,,,1,-1,,,,,,,,,-1,,
Liar's Bar,,,,,,,,,,,,,,,,,
Liar's Bar,0,1,,1,0,-1,1,1,1,,1,,,,0,-1,-1
Liar's Bar,,,,,,,-1,,,,,,,-1,,,
Liar's Bar,,,,,,-1,,,,,,,,,-1,-1,
Liar's Bar,,,,,1,,,,,,,,,,,,-1
Liar's Bar,,,,,0,-1,,,,-1,,,,-1,,,
Liar's Bar,,,,,1,,,,,,,,,,,,
Liar's Bar,-1,,-1,,0,-1,,,,,,,-1,-1,,,-1
Liar's Bar,,,,-1,1,,,,,,,,,1,,-1,
Liar's Bar,,,,-1,1,,,,,,,,,,,,
Liar's Bar,,,,,1,,,,,,,,,,,,
Liar's Bar,,,,,1,,,,,,,,,,,,
Liar's Bar,-1,,-1,,1,,,,,,,,,-1,,,
Liar's Bar,,,,,,-1,,,,,,,,,,,
Schedule I,,,,0,0,,,,,,,,,0,,,
Schedule I,,,-1,,,,,,,,,,,,,,
Schedule I,,,,,,,,,,,,,,1,,,
Schedule I,,,,,,,,,,,,,,,,,
Schedule I,-1,,0,0,1,,1,,,,,0,-1,0,,,
Schedule I,,,,,,,,,,,,,,-1,,,
Schedule I,,,,,1,,,,,,,,,,,,
Schedule I,,,,,1,-1,,1,,,,,,,0,-1,
Schedule I,,,,,,,,,,,,,,,,,
Schedule I,,,,,,,,,,,,,,,,,
Schedule I,,,,,,,,,,,,,,-1,,,
Schedule I,,,,,-1,,,,,,,,,,,,
Schedule I,,,,,1,,,,,,,,,,,,
Schedule I,,,,,1,,,,,,,,,,,,
Schedule I,-1,,-1,0,1,,1,1,,,,0,-1,0,,,
Schedule I,,,,1,1,,1,,,,,,,0,,,
Schedule I,,,,,,,,,,,,,,-1,,,
Schedule I,,,,,,,,,,,,,,,,,
Schedule I,,,,,1,,,,,,,,,,,,
Schedule I,,,,,,,,,,,,,,,,,
Schedule I,,,,,1,,,,,,,,,,,,
Schedule I,,,,,1,,,,,,,,,,,,
Schedule I,,,,,1,,,,,,,,,,,,
Schedule I,,,-1,,1,,,,,,,,,-1,,,
Schedule I,,,,,,,,,,,,,,,,,
Schedule I,,,,,,,,,,,,,,,,,
Schedule I,,,,1,1,,,1,,,,,,,-1,,-1
Schedule I,,,,,1,-1,1,1,,,,,,,0,,-1
Schedule I,,,,,,,,,,,,,,,,,
Schedule I,,,,,,,,,1,1,,,,,,,
Schedule I,,,,,1,,,,,,,,,,,,
Schedule I,,,,1,1,,1,,,,,,,,,,
Schedule I,,,,,,,,,,,,,,,,,
Schedule I,,,,,,,,,,,,,,,,,
Schedule I,,,,,,,,,,,,,,,,,
Schedule I,-1,,,,1,,,,,,,,,,-1,-1,
Schedule I,,,,1,1,,,,,,,,,,,,
Schedule I,,,,,1,,,,,,,,,,,,
Schedule I,,,,,1,,,,,,,,,,,,
Schedule I,,,,,,,,,,,,,,,,,
Schedule I,,,,1,1,,1,1,,,,,,1,,,
Schedule I,,,,,0,,,,,,,,,,,,
Schedule I,,,,,1,,,,,,,,,,,,
Schedule I,,,,,1,,1,,,,,,,,,,
Schedule I,,,,,1,,,,,,,,,,,,
Schedule I,,,,,,,,,,,,,,,,,
Schedule I,,,,,,,,,,,,,,,,,
Schedule I,,,,,,,,,,,,,,,,,
Schedule I,,,,,1,,,,,,,,,,,,
Schedule I,,,,1,1,,,1,1,1,,1,,,,,
Schedule I,,,,,1,,,,,,,,,,,,
Schedule I,,,,,1,,,,,,,,,,,,
Schedule I,,,,,1,,,,,,,,,,,,
Schedule I,,,,,,-1,,,,,,,,,,,
Schedule I,,,,,,,,,,,,,,,,,
Schedule I,,,,,,,,,,,,,,,,,
Schedule I,,,,,,,,,,,,,,,,,
Schedule I,,,,,1,,,,,,,,,,,,
Schedule I,,,,,,,,,,,,,,,,,
Schedule I,,,,,1,,,,,,,,,,,,
Schedule I,,,,,,,,,,,,,,,,,
Schedule I,,,,1,1,,1,1,,,,,,,,1,
Schedule I,,,,0,1,,,,,,,,,1,,,
Schedule I,-1,,-1,,1,,,,,,,,,-1,,,
Schedule I,-1,,-1,1,1,-1,,1,,,,,,-1,-1,-1,-1
Schedule I,,,,,,-1,,,,,,,,,,,
Schedule I,,,,,1,,,,,,,,,,,,
Schedule I,,,,,1,,,,,,,,,,,,0
Schedule I,,,,,1,-1,,,,,,,,,,,-1
Schedule I,,,,,,-1,,-1,,,,,,-1,-1,-1,-1
Schedule I,,,,1,-1,-1,,,,,,,,,-1,-1,-1
Schedule I,,,,-1,1,,,,,,,,,,,-1,-1
Schedule I,,,,,,-1,,,,,,,,,,,
Schedule I,,,,1,1,-1,,1,,,,,,1,-1,-1,-1
Schedule I,,,,,,-1,,,,,,,,,,,
Schedule I,,,,1,1,,1,1,1,1,,1,,1,,-1,-1
Schedule I,,,,,1,-1,-1,-1,-1,,,-1,,,-1,-1,
Schedule I,,,,1,1,,,,,,,,,,,,-1
Schedule I,,,,,1,,,,,,,,,,,,-1
Schedule I,,,,,1,,1,,,,,,,,,,
Schedule I,,,,0,0,,-1,-1,,,,,,,-1,-1,-1
Schedule I,,,,,1,-1,1,1,1,1,,1,,,0,1,
Schedule I,,,,,1,,,,,,,,,,,,
Schedule I,,,,,0,-1,,,,,,,,,,,
Schedule I,,,,1,1,,,,,,,,,0,,-1,
Schedule I,,,,0,0,-1,-1,-1,,,,,,-1,-1,-1,-1
Schedule I,,,,,,,,,,,,,,,,,
Schedule I,,,-1,,1,,,,,,,,,,,,-1
Schedule I,,,,1,1,,1,1,1,,,1,,,,,
Schedule I,,,,,1,,,,,,,1,,,,,
Schedule I,,,-1,-1,-1,-1,,-1,,,,,,,-1,-1,-1
Schedule I,-1,-1,,-1,-1,-1,1,-1,-1,-1,-1,,,-1,-1,-1,-1
Schedule I,-1,1,-1,,1,-1,,,1,1,1,,-1,-1,,,-1
Schedule I,,,,,1,,,,,,,,,,,,
Schedule I,,,,,1,,,,,,,,,,,,
Schedule I,,,,-1,1,-1,,-1,,,,,,-1,-1,-1,-1
Schedule I,,,,1,1,-1,1,1,,,,1,,1,0,-1,-1
Schedule I,,,,,1,,,,,,,,,,,,
Schedule I,,,,,1,,,,,,,,,,,,
Schedule I,,,,,1,,1,,1,1,,,,,,1,
Vampire Crawlers: The Turbo Wildcard from Vampire Survivors,0,1,,1,0,,-1,,0,,1,1,,,,,
Vampire Crawlers: The Turbo Wildcard from Vampire Survivors,,,,,,,,,,,,,,,,,
Vampire Crawlers: The Turbo Wildcard from Vampire Survivors,,,,,1,,1,1,1,1,1,1,,,,,
Vampire Crawlers: The Turbo Wildcard from Vampire Survivors,,,,,1,,1,1,,,,,,,,-1,
Vampire Crawlers: The Turbo Wildcard from Vampire Survivors,,,,,,-1,,,,,,,,-1,,,
Vampire Crawlers: The Turbo Wildcard from Vampire Survivors,,,,,1,,1,,1,,,1,,,,,
Vampire Crawlers: The Turbo Wildcard from Vampire Survivors,,,,1,0,-1,0,0,,,,,,-1,-1,-1,-1
Vampire Crawlers: The Turbo Wildcard from Vampire Survivors,,,,1,1,-1,,1,,,,,,,-1,-1,-1
Vampire Crawlers: The Turbo Wildcard from Vampire Survivors,,,,,1,,,,,,,,,,,,
Vampire Crawlers: The Turbo Wildcard from Vampire Survivors,,,,,1,,,,,,,,,,1,1,-1
Vampire Crawlers: The Turbo Wildcard from Vampire Survivors,,,,,0,,,,,,,,,,,,-1
Vampire Crawlers: The Turbo Wildcard from Vampire Survivors,,,,1,1,,1,,,,,,,1,,,
Vampire Crawlers: The Turbo Wildcard from Vampire Survivors,-1,,-1,,,,,,,,,,,,,,-1
Vampire Crawlers: The Turbo Wildcard from Vampire Survivors,,,,-1,1,,,,,,,,,,,-1,-1
Vampire Crawlers: The Turbo Wildcard from Vampire Survivors,,,,,1,-1,1,1,,,,,,,0,,-1
Vampire Crawlers: The Turbo Wildcard from Vampire Survivors,,,,,1,,,,,,,,,,,,
Vampire Crawlers: The Turbo Wildcard from Vampire Survivors,,,,,1,-1,1,1,,,,,,,1,-1,
Vampire Crawlers: The Turbo Wildcard from Vampire Survivors,,,,-1,1,,,,,,,,,,,,
Vampire Crawlers: The Turbo Wildcard from Vampire Survivors,,,,,1,,,,,,,,,,,,-1
Vampire Crawlers: The Turbo Wildcard from Vampire Survivors,,,,0,,,,,,,,,,0,,,
Vampire Crawlers: The Turbo Wildcard from Vampire Survivors,,,,,1,,,,,,,,,,,,
Vampire Crawlers: The Turbo Wildcard from Vampire Survivors,,,,,-1,,,,,,,,,,,,
Vampire Crawlers: The Turbo Wildcard from Vampire Survivors,,,,0,1,,,,,,,,,,,0,-1
Vampire Crawlers: The Turbo Wildcard from Vampire Survivors,,,,-1,1,-1,1,1,,-1,,-1,,-1,-1,-1,-1
Vampire Crawlers: The Turbo Wildcard from Vampire Survivors,1,,,,,,,,,,,,,,,,
Vampire Crawlers: The Turbo Wildcard from Vampire Survivors,,,-1,1,1,-1,1,1,,,,-1,,-1,-1,-1,-1
Vampire Crawlers: The Turbo Wildcard from Vampire Survivors,,,,1,1,,-1,,1,,,,,,,,
Vampire Crawlers: The Turbo Wildcard from Vampire Survivors,,,,,1,,,,,,,,,,,,
Vampire Crawlers: The Turbo Wildcard from Vampire Survivors,,,,1,1,,,,,,,,,,,,
Vampire Crawlers: The Turbo Wildcard from Vampire Survivors,,,,1,1,,,,,,,,,,,,
Vampire Crawlers: The Turbo Wildcard from Vampire Survivors,,,,,1,,,,,,,,,,,,
Vampire Crawlers: The Turbo Wildcard from Vampire Survivors,,,,,1,,,,,,,,,,,,
Vampire Crawlers: The Turbo Wildcard from Vampire Survivors,,,,,1,,,,,,,,,,,,
Vampire Crawlers: The Turbo Wildcard from Vampire Survivors,,,,-1,1,-1,,-1,,,,,,,-1,-1,-1
Vampire Crawlers: The Turbo Wildcard from Vampire Survivors,,,,-1,1,,1,1,,,,,,,,,
Vampire Crawlers: The Turbo Wildcard from Vampire Survivors,,,,,1,-1,-1,,,-1,,,,-1,,,
Vampire Crawlers: The Turbo Wildcard from Vampire Survivors,,,,,,,,,,,,,,,,,
Vampire Crawlers: The Turbo Wildcard from Vampire Survivors,1,1,,,1,,,,1,,1,,,,,,
Vampire Crawlers: The Turbo Wildcard from Vampire Survivors,,,,,,,,,,,,,,,,,
Vampire Crawlers: The Turbo Wildcard from Vampire Survivors,,,,,1,,,,,,,,,,,,
Vampire Crawlers: The Turbo Wildcard from Vampire Survivors,,,,1,1,-1,1,1,,,,,,1,1,-1,-1
Vampire Crawlers: The Turbo Wildcard from Vampire Survivors,,,,,1,,,,,,,,,,,,
Vampire Crawlers: The Turbo Wildcard from Vampire Survivors,,,-1,,1,,,,,,,,,-1,,,
Vampire Crawlers: The Turbo Wildcard from Vampire Survivors,,,,,1,,,,,,,,,,,,
Vampire Crawlers: The Turbo Wildcard from Vampire Survivors,,,,,1,,1,,,,,,,,,,
Vampire Crawlers: The Turbo Wildcard from Vampire Survivors,,,,-1,1,,,,,,,,,,,,
Vampire Crawlers: The Turbo Wildcard from Vampire Survivors,,,,1,1,,,,,,,,,,,,
Vampire Crawlers: The Turbo Wildcard from Vampire Survivors,,,,,-1,,,,,,,,,,,,
Vampire Crawlers: The Turbo Wildcard from Vampire Survivors,,,,,1,,,,,,,,,,,,
Vampire Crawlers: The Turbo Wildcard from Vampire Survivors,,,,,1,,,,,,,,,,,,
Vampire Crawlers: The Turbo Wildcard from Vampire Survivors,,,,,1,,,,,,,,,,,,
Vampire Crawlers: The Turbo Wildcard from Vampire Survivors,,,,,1,,,1,,,,1,,,1,,
Vampire Crawlers: The Turbo Wildcard from Vampire Survivors,,,,,1,,,1,,,,,,,1,,
Vampire Crawlers: The Turbo Wildcard from Vampire Survivors,,,,,1,,,,,,,,,,,,
Vampire Crawlers: The Turbo Wildcard from Vampire Survivors,,,,,-1,,,,,,,,,,,,-1
Vampire Crawlers: The Turbo Wildcard from Vampire Survivors,,,,,1,,1,,,,,,,,,1,
Vampire Crawlers: The Turbo Wildcard from Vampire Survivors,,,,1,1,,,,,,,,,,,,
Vampire Crawlers: The Turbo Wildcard from Vampire Survivors,,,,,1,0,1,1,,,,,,,,,
Vampire Crawlers: The Turbo Wildcard from Vampire Survivors,,,,,,,,,,,,,,,,,
Vampire Crawlers: The Turbo Wildcard from Vampire Survivors,,,,,1,,,,,,,,,,,,
Vampire Crawlers: The Turbo Wildcard from Vampire Survivors,,,-1,,1,-1,,,,,,,,1,,,-1
Vampire Crawlers: The Turbo Wildcard from Vampire Survivors,,,,,1,0,1,1,,,,,,,0,-1,-1
Vampire Crawlers: The Turbo Wildcard from Vampire Survivors,,,,,1,,,,,,,,,,,,
Vampire Crawlers: The Turbo Wildcard from Vampire Survivors,,,,,1,,,,,,,,,,-1,-1,
Vampire Crawlers: The Turbo Wildcard from Vampire Survivors,,,,,,,,,,,,,,,,,
Vampire Crawlers: The Turbo Wildcard from Vampire Survivors,,,,,,,,,,,,,,,,,
Vampire Crawlers: The Turbo Wildcard from Vampire Survivors,,,,1,1,-1,1,1,,,,,,,0,-1,-1
Vampire Crawlers: The Turbo Wildcard from Vampire Survivors,,,,1,1,,0,1,1,0,,,,1,,,
Vampire Crawlers: The Turbo Wildcard from Vampire Survivors,,,,1,1,,,1,,,,,,-1,,-1,
Vampire Crawlers: The Turbo Wildcard from Vampire Survivors,,,,,1,-1,,,1,-1,,,,,-1,,-1
Vampire Crawlers: The Turbo Wildcard from Vampire Survivors,,,,,1,,1,,,,,,,,,,
Vampire Crawlers: The Turbo Wildcard from Vampire Survivors,,,,-1,1,,,,,,,,,,,-1,-1
Vampire Crawlers: The Turbo Wildcard from Vampire Survivors,,-1,,-1,-1,,,,,,-1,,,,,,-1
Vampire Crawlers: The Turbo Wildcard from Vampire Survivors,0,,0,,1,,,1,,,,,,1,,,
Vampire Crawlers: The Turbo Wildcard from Vampire Survivors,,,,-1,-1,,,,,,,,,-1,,,
Vampire Crawlers: The Turbo Wildcard from Vampire Survivors,,,,1,1,,,1,,,,,,,-1,-1,
Vampire Crawlers: The Turbo Wildcard from Vampire Survivors,,,,,1,-1,,,,,,,,1,-1,-1,
Vampire Crawlers: The Turbo Wildcard from Vampire Survivors,,,,,0,,-1,,,,,,,0,,,
Vampire Crawlers: The Turbo Wildcard from Vampire Survivors,,,,-1,1,,,,,,,,,,,,
Vampire Crawlers: The Turbo Wildcard from Vampire Survivors,-1,,-1,,1,,,,,,,,,-1,,,
Vampire Crawlers: The Turbo Wildcard from Vampire Survivors,,,,,1,,-1,,,,,,,,,,
Vampire Crawlers: The Turbo Wildcard from Vampire Survivors,,,,,,,,,,,,,,,,,
Vampire Crawlers: The Turbo Wildcard from Vampire Survivors,,,,-1,1,,,,,,,,,,,,
Vampire Crawlers: The Turbo Wildcard from Vampire Survivors,,,,,,-1,,,,,,,,,,,
Vampire Crawlers: The Turbo Wildcard from Vampire Survivors,,,,,1,-1,1,,1,1,,,,-1,-1,-1,
Vampire Crawlers: The Turbo Wildcard from Vampire Survivors,,,,,1,,1,,,,,,,,,,
Vampire Crawlers: The Turbo Wildcard from Vampire Survivors,,,,,1,,1,1,1,0,,,,0,,,
Vampire Crawlers: The Turbo Wildcard from Vampire Survivors,,,,,-1,,-1,,-1,-1,,,,,,,
Vampire Crawlers: The Turbo Wildcard from Vampire Survivors,,,,1,0,-1,-1,0,,,,-1,-1,-1,-1,-1,-1
Vampire Crawlers: The Turbo Wildcard from Vampire Survivors,,-1,,-1,-1,-1,-1,-1,-1,-1,-1,-1,,,-1,-1,-1
Vampire Crawlers: The Turbo Wildcard from Vampire Survivors,,,,-1,-1,,-1,-1,,,,,,,,,
Vampire Crawlers: The Turbo Wildcard from Vampire Survivors,,-1,,-1,0,-1,,-1,,,-1,,,,,-1,-1
Vampire Crawlers: The Turbo Wildcard from Vampire Survivors,,,,,,,,,,,,,,,-1,,
Vampire Crawlers: The Turbo Wildcard from Vampire Survivors,,,,-1,1,,,0,,,,,,-1,,,
Vampire Crawlers: The Turbo Wildcard from Vampire Survivors,,,,,1,,,,,,,,,,,,
Vampire Crawlers: The Turbo Wildcard from Vampire Survivors,,,,,,,,,,,,,,,,,
Vampire Crawlers: The Turbo Wildcard from Vampire Survivors,,,,,1,,,,,,,,,,,,
Vampire Crawlers: The Turbo Wildcard from Vampire Survivors,,,,,1,,,,,,,,,,-1,-1,
Vampire Crawlers: The Turbo Wildcard from Vampire Survivors,,,,,1,,,,,,,,,,,,
Vampire Crawlers: The Turbo Wildcard from Vampire Survivors,-1,,,,1,,,,,,,,,,,-1,
Anno 117: Pax Romana,,,,,1,,,,,,,,,,,,
Anno 117: Pax Romana,,,,,-1,,,,,,,,,,,,
Anno 117: Pax Romana,-1,-1,-1,,1,,,,-1,,-1,,,,,,
Anno 117: Pax Romana,-1,-1,-1,,,-1,,-1,-1,,,,,,-1,-1,-1
Anno 117: Pax Romana,,,,,,,,,,,,,-1,,,,
Anno 117: Pax Romana,,,,-1,,,,-1,,,,,,,,,-1
Anno 117: Pax Romana,,,,,1,,,,,,,,,,,,
Anno 117: Pax Romana,,,-1,-1,1,,-1,-1,,,,-1,,-1,,,
Anno 117: Pax Romana,-1,,-1,-1,,-1,,-1,,,,,,-1,-1,-1,-1
Anno 117: Pax Romana,,,,,1,-1,,,1,1,,,,,,,-1
Anno 117: Pax Romana,-1,,,,,,,,,,,,,,,,
Anno 117: Pax Romana,,,,-1,1,,-1,1,,,,,,0,,,
Anno 117: Pax Romana,,,,,1,,1,,,,,,,,,,
Anno 117: Pax Romana,,,,,1,,,,,,,,,,,-1,
Anno 117: Pax Romana,,,,1,1,,,,,,,,,,,,-1
Anno 117: Pax Romana,,,,,1,,,,,,,,,,,,
Anno 117: Pax Romana,,,,-1,1,,,,,,,,,,,,
Anno 117: Pax Romana,,,,0,1,-1,,0,,,,,,-1,-1,-1,-1
Anno 117: Pax Romana,-1,,,,1,,,,,,,,,,,,
Anno 117: Pax Romana,,,,,,,,,,,,,,,,,
Anno 117: Pax Romana,,,,,1,,,,,,,,,,,,
Anno 117: Pax Romana,,,,0,1,,,,,,,,,,,-1,-1
Anno 117: Pax Romana,,,,,,,,,,,,,,,,,
Anno 117: Pax Romana,,,,,1,,,,,,,,,,,,
Anno 117: Pax Romana,,,,,1,,,,,,,,,,,,
Anno 117: Pax Romana,,,,0,1,,1,1,1,1,,1,,1,,,
Anno 117: Pax Romana,,,,1,,,,,,,,,,1,,,
Anno 117: Pax Romana,-1,,,,1,,,,,,,,,,,,
Anno 117: Pax Romana,,,,,,,,,,,,,,,,,
Anno 117: Pax Romana,,,,,,,,,,,,,,,,,
Anno 117: Pax Romana,,,,,,,,,,,,,,,,,
Anno 117: Pax Romana,,,,-1,1,,,,,,,,,,,,
Anno 117: Pax Romana,,1,,,1,,1,,1,,1,,,,,,
Anno 117: Pax Romana,,,,,1,,,,,,,,,,,,
Anno 117: Pax Romana,,,,,1,,,,,,,,,,,,-1
Anno 117: Pax Romana,,,,,,,,,,,,,,,,,
Anno 117: Pax Romana,,,,,1,,,,,,,,,,,,
Anno 117: Pax Romana,,,,,1,,-1,-1,,,,-1,,,,,
Anno 117: Pax Romana,,,,,1,,,,1,,,1,,,,-1,
Anno 117: Pax Romana,,,,,,,,,,,,,,,,,
Anno 117: Pax Romana,-1,,-1,,-1,,,,,,,,,,,,
Anno 117: Pax Romana,,,,,,,,,,,,,,,,,
Anno 117: Pax Romana,-1,0,,,1,,,,,,,,,,,,
Anno 117: Pax Romana,-1,,-1,0,-1,,-1,0,,,,,,-1,,,
Anno 117: Pax Romana,,,,,1,,,,,,,,,,,,
Anno 117: Pax Romana,,,,,1,,,,,,,,,,,,
Anno 117: Pax Romana,,,,,1,,-1,,,,,,,,,,
Anno 117: Pax Romana,-1,,0,1,1,-1,,1,,,,,,0,-1,-1,-1
Anno 117: Pax Romana,,,,,1,,0,,1,1,,,,,,,
Anno 117: Pax Romana,,,,-1,1,,,,,,,1,,,,,
Anno 117: Pax Romana,,,,,0,,-1,,0,-1,,,,,,,
Anno 117: Pax Romana,,,,-1,,,,-1,,,,,,,,-1,
Anno 117: Pax Romana,,,,,1,,,,,,,,,,1,-1,
Anno 117: Pax Romana,-1,,-1,1,1,,,,,,,,,0,,,
Anno 117: Pax Romana,-1,,-1,-1,1,,,,,,,,,-1,,-1,
Anno 117: Pax Romana,,,,1,1,,1,1,,,,,,,0,1,
Anno 117: Pax Romana,,,,,,,,,,,,,,,-1,-1,
Anno 117: Pax Romana,-1,,-1,,-1,,,,,,,,,-1,,,
Anno 117: Pax Romana,,,,,,,,,,,,,,,-1,,
Anno 117: Pax Romana,0,1,,1,1,,,,0,,1,,,,1,-1,
Anno 117: Pax Romana,,,,,1,,1,,,,,,,,,,
Anno 117: Pax Romana,,,,0,1,-1,-1,0,,,,,,-1,-1,-1,-1
Anno 117: Pax Romana,,,,0,0,-1,1,1,0,0,0,0,,,0,-1,-1
Anno 117: Pax Romana,,,,,,,,,,,,,,,,,
Anno 117: Pax Romana,,,,,,,,,,,,,,,,,
Anno 117: Pax Romana,,,,1,1,,,,,,,,,1,,,
Anno 117: Pax Romana,,,,,1,-1,1,,,1,,,-1,-1,,-1,
Anno 117: Pax Romana,,,,1,0,-1,1,-1,1,-1,,-1,-1,-1,-1,-1,-1
Anno 117: Pax Romana,,,,,,,,,,,,,,,,,
Anno 117: Pax Romana,,,,,,-1,1,1,,,,,,,,,
Anno 117: Pax Romana,,,,,-1,-1,-1,,-1,-1,,-1,-1,-1,,-1,
Anno 117: Pax Romana,,,,,,,,,,,,,,,,,
Anno 117: Pax Romana,,,,,1,-1,,,,,,,-1,-1,,,
Anno 117: Pax Romana,,,-1,,-1,,,,,,,,-1,-1,,,
Anno 117: Pax Romana,,,,,,,,,,,,,,0,,,
Anno 117: Pax Romana,,,-1,-1,-1,-1,-1,-1,-1,-1,-1,-1,-1,-1,-1,-1,-1
Anno 117: Pax Romana,,,,,,,,,,,,,,,,,
Anno 117: Pax Romana,,,,1,1,,1,1,1,1,,0,,,,,
Anno 117: Pax Romana,,,,,,,-1,-1,,,,-1,,,,,
Anno 117: Pax Romana,,,,1,,-1,,1,,,,,,,-1,,-1
Anno 117: Pax Romana,,,,,,-1,,,,,,,,1,,,
Anno 117: Pax Romana,,,,,,,0,,0,0,,,,0,,,
Anno 117: Pax Romana,,,-1,,1,,,,,,,,,-1,,,
Anno 117: Pax Romana,,,,,-1,-1,,,,,,,,-1,,,
Anno 117: Pax Romana,,,,,,,1,1,1,1,,1,,,,,
Anno 117: Pax Romana,,,,1,1,-1,,,1,-1,,,-1,-1,,-1,-1
Anno 117: Pax Romana,,,,1,1,,,1,,,,,,,,,
Anno 117: Pax Romana,-1,1,-1,1,1,-1,1,,1,1,1,1,-1,1,,-1,
Anno 117: Pax Romana,,,,,1,,,,,,,,,,,,
Anno 117: Pax Romana,,,,1,1,-1,1,1,1,1,,1,-1,-1,-1,-1,-1
Anno 117: Pax Romana,,,,,-1,,,,,,,,,,,,
Anno 117: Pax Romana,,-1,,,1,-1,-1,-1,-1,-1,-1,,-1,-1,-1,-1,
Anno 117: Pax Romana,,,,,,,,,,,,,,,,,
Anno 117: Pax Romana,,,,1,1,,1,,1,1,,,,1,,,
Anno 117: Pax Romana,,,,,1,,,,,,,,,,-1,,
Anno 117: Pax Romana,,,,,1,,,,,,,,,,,,
Anno 117: Pax Romana,,,-1,,,-1,,,,,,,,-1,,,
Anno 117: Pax Romana,,,,1,1,-1,-1,-1,-1,-1,-1,1,-1,-1,-1,-1,
Anno 117: Pax Romana,-1,-1,-1,-1,0,-1,-1,1,-1,-1,,,,-1,,,
Anno 117: Pax Romana,,,,,1,,,,,1,,,,,,,
GIRLS' FRONTLINE 2: EXILIUM,,,,,,-1,,,,-1,,,-1,-1,,,
GIRLS' FRONTLINE 2: EXILIUM,,,,,,-1,,,,,,,,-1,,,
GIRLS' FRONTLINE 2: EXILIUM,,,,,,,-1,,,,,,,,,,
GIRLS' FRONTLINE 2: EXILIUM,,,,,,-1,,,,,,,,-1,,,
GIRLS' FRONTLINE 2: EXILIUM,,,,1,1,,,,,,,,,,,,
GIRLS' FRONTLINE 2: EXILIUM,,,,,,,,,,,,,,,,,
GIRLS' FRONTLINE 2: EXILIUM,,,,,,-1,-1,-1,,,,,,-1,,,
GIRLS' FRONTLINE 2: EXILIUM,,,,,1,,,,1,,,,,,,,
GIRLS' FRONTLINE 2: EXILIUM,,,,,,,,,,,,,,,,,
GIRLS' FRONTLINE 2: EXILIUM,,,,,1,,1,,1,1,,,,,,,
GIRLS' FRONTLINE 2: EXILIUM,,,,,1,,,,0,,,,,,,,
GIRLS' FRONTLINE 2: EXILIUM,,,,,,,,,,,,,,,,,
GIRLS' FRONTLINE 2: EXILIUM,,,,,1,,-1,0,,,,,,,,,
GIRLS' FRONTLINE 2: EXILIUM,,,,,,,-1,,,,,,,,,,
GIRLS' FRONTLINE 2: EXILIUM,,,,1,1,,1,1,1,1,,1,,,,,
GIRLS' FRONTLINE 2: EXILIUM,,,,,,,,,,,,,,,,,
GIRLS' FRONTLINE 2: EXILIUM,,,,,,-1,,,,,,,,,,,
GIRLS' FRONTLINE 2: EXILIUM,,,,,,,,,,,,,,,,,
GIRLS' FRONTLINE 2: EXILIUM,,,,-1,-1,-1,-1,-1,-1,-1,,,,-1,,-1,
GIRLS' FRONTLINE 2: EXILIUM,,,,,,,,,,-1,,,,,,,
GIRLS' FRONTLINE 2: EXILIUM,,,,,1,-1,-1,1,1,-1,,,,-1,-1,-1,
GIRLS' FRONTLINE 2: EXILIUM,-1,,,,1,,,,,,,,,-1,,,
GIRLS' FRONTLINE 2: EXILIUM,-1,1,-1,1,1,-1,1,1,1,0,1,1,-1,1,0,-1,-1
GIRLS' FRONTLINE 2: EXILIUM,,,,,,,,,,,,,,,,,
GIRLS' FRONTLINE 2: EXILIUM,,,,,,,,,,,,,,,,,
GIRLS' FRONTLINE 2: EXILIUM,,,,1,0,,,1,,1,,0,,,,,-1
GIRLS' FRONTLINE 2: EXILIUM,,,,,-1,,-1,,,,,,,-1,,,
GIRLS' FRONTLINE 2: EXILIUM,,,,,,-1,,,,,,,,-1,,,
GIRLS' FRONTLINE 2: EXILIUM,,,,,,,,,,,,,,,,,
GIRLS' FRONTLINE 2: EXILIUM,,,,1,0,,1,0,,1,,,,-1,,,
GIRLS' FRONTLINE 2: EXILIUM,,,,,,,,,,,,,,,,,
GIRLS' FRONTLINE 2: EXILIUM,,,,-1,1,-1,-1,-1,,-1,,-1,-1,-1,,,-1
GIRLS' FRONTLINE 2: EXILIUM,,,,,1,-1,-1,-1,,-1,,,,-1,-1,,
GIRLS' FRONTLINE 2: EXILIUM,,,,,1,,,,,,,,,,,,
GIRLS' FRONTLINE 2: EXILIUM,,,,,,-1,,,,,,,-1,-1,,,
GIRLS' FRONTLINE 2: EXILIUM,,,,,,,,,,,,,,,,,
GIRLS' FRONTLINE 2: EXILIUM,,,,,,,,,,,,,,,,,
GIRLS' FRONTLINE 2: EXILIUM,,,,,-1,,,,,,,,,,,,
GIRLS' FRONTLINE 2: EXILIUM,,,,,,,,,,,,,,,,,
GIRLS' FRONTLINE 2: EXILIUM,,,,,-1,-1,-1,,,,,,,-1,,,
GIRLS' FRONTLINE 2: EXILIUM,,,,-1,-1,,-1,-1,-1,-1,,,-1,-1,-1,-1,-1
GIRLS' FRONTLINE 2: EXILIUM,-1,,,1,1,-1,-1,0,1,-1,,,-1,-1,-1,-1,-1
GIRLS' FRONTLINE 2: EXILIUM,,,,,,-1,,,,,,,,-1,,,
GIRLS' FRONTLINE 2: EXILIUM,,,,,,,,,,,,,,,,,
GIRLS' FRONTLINE 2: EXILIUM,,,,,,-1,,,,,,,,,,,
GIRLS' FRONTLINE 2: EXILIUM,,,-1,,,,,,,,,,-1,-1,,,
GIRLS' FRONTLINE 2: EXILIUM,,,,,,,,,,,,,,,,,
GIRLS' FRONTLINE 2: EXILIUM,,,,1,1,-1,1,1,1,0,,1,,1,0,-1,-1
GIRLS' FRONTLINE 2: EXILIUM,,,,,,,,,,,,,,,,,
GIRLS' FRONTLINE 2: EXILIUM,-1,,-1,,,,,,,,,,,,,,
GIRLS' FRONTLINE 2: EXILIUM,,,,,,,,,,,,,,,,,
GIRLS' FRONTLINE 2: EXILIUM,,,,,1,,1,,,1,,1,-1,-1,,,
GIRLS' FRONTLINE 2: EXILIUM,,,,,,,,,,1,,,,,,,
GIRLS' FRONTLINE 2: EXILIUM,,,,,1,,,,,,,,,,,,
GIRLS' FRONTLINE 2: EXILIUM,,,,,1,,1,,,,,,,,,,
GIRLS' FRONTLINE 2: EXILIUM,,,,,,,,,,,,,,,,,
GIRLS' FRONTLINE 2: EXILIUM,,,,,,,,,1,,,,,,,,
GIRLS' FRONTLINE 2: EXILIUM,,,,,,,,,,,,,,,,,
GIRLS' FRONTLINE 2: EXILIUM,,,,,,-1,,,,,,,,-1,,,
GIRLS' FRONTLINE 2: EXILIUM,,,,,1,,,,,,,,,,,,
GIRLS' FRONTLINE 2: EXILIUM,,,,,,,,,,,,,,,,,
GIRLS' FRONTLINE 2: EXILIUM,,,,,,,,,,,,,,,,,
GIRLS' FRONTLINE 2: EXILIUM,,,,,,,,,,,,,,,,,
GIRLS' FRONTLINE 2: EXILIUM,,,,,,-1,,,,,,,,-1,,,
GIRLS' FRONTLINE 2: EXILIUM,,,,,,,,,,,,,,,,,
GIRLS' FRONTLINE 2: EXILIUM,,,,,,,,,,,,,,,,,
GIRLS' FRONTLINE 2: EXILIUM,,,,,,,,,,,,,-1,,,,
GIRLS' FRONTLINE 2: EXILIUM,,,,-1,1,,,-1,,,,-1,,,,,-1
GIRLS' FRONTLINE 2: EXILIUM,,-1,,,1,,,-1,,,,,,,-1,-1,-1
GIRLS' FRONTLINE 2: EXILIUM,,,,,,-1,,1,,,,,,,-1,-1,
GIRLS' FRONTLINE 2: EXILIUM,,,,,1,,,,,,,,,,,,
GIRLS' FRONTLINE 2: EXILIUM,,,,,,,,,,,,,,,,,-1
GIRLS' FRONTLINE 2: EXILIUM,,,,,,,,,,,,,,,,,
GIRLS' FRONTLINE 2: EXILIUM,,,,1,1,,,1,,,,,,,1,1,1
GIRLS' FRONTLINE 2: EXILIUM,,,,,0,,,,,,,,,,-1,,-1
GIRLS' FRONTLINE 2: EXILIUM,,,,,,,,,,,,,,,,,
GIRLS' FRONTLINE 2: EXILIUM,,,-1,,,-1,,,,,,,,-1,,,
GIRLS' FRONTLINE 2: EXILIUM,,,,1,1,,,1,1,1,,,,,1,-1,
GIRLS' FRONTLINE 2: EXILIUM,,,,1,1,-1,1,1,,,,,,0,-1,-1,-1
GIRLS' FRONTLINE 2: EXILIUM,,,-1,,,,,,,,,,,,,,
GIRLS' FRONTLINE 2: EXILIUM,,,,0,1,-1,,0,,,,,,,-1,-1,-1
GIRLS' FRONTLINE 2: EXILIUM,,,,,1,,,,,,,,,,,,-1
GIRLS' FRONTLINE 2: EXILIUM,-1,,-1,,0,,,,,,,,,,,,
GIRLS' FRONTLINE 2: EXILIUM,,,,-1,1,-1,,1,,,,,,,,,-1
GIRLS' FRONTLINE 2: EXILIUM,,,,,1,,,,,,,,,,0,,
GIRLS' FRONTLINE 2: EXILIUM,,,,,1,,1,1,,,,,,1,,,
GIRLS' FRONTLINE 2: EXILIUM,,,,1,1,,,1,,,,,,,,-1,-1
GIRLS' FRONTLINE 2: EXILIUM,,,,,1,,,,,,,,,,,,
GIRLS' FRONTLINE 2: EXILIUM,,,,0,,,,1,,,,,,,,,
GIRLS' FRONTLINE 2: EXILIUM,,,,1,1,,,,,,,,,1,,-1,-1
GIRLS' FRONTLINE 2: EXILIUM,,,,,1,-1,,,,-1,,,,-1,,,
GIRLS' FRONTLINE 2: EXILIUM,,,,,,,,,,,,,,,,,
GIRLS' FRONTLINE 2: EXILIUM,,,,,1,,,,,,,,,,,,
GIRLS' FRONTLINE 2: EXILIUM,,,,,0,,,,,,,,,,,,
GIRLS' FRONTLINE 2: EXILIUM,,,,,1,,,,,,,,,,,,0
GIRLS' FRONTLINE 2: EXILIUM,,,,,1,,,,,,,,,,,,
GIRLS' FRONTLINE 2: EXILIUM,,,,,1,,,1,,,,,,,-1,-1,
GIRLS' FRONTLINE 2: EXILIUM,,,,,,,,,,,,,,,,,
GIRLS' FRONTLINE 2: EXILIUM,,,,,1,,,,,,,,,,,,-1
GIRLS' FRONTLINE 2: EXILIUM,,,,,,,,,,,,,,,,,
CloverPit,,,,,1,,,,,,,,,,,,
CloverPit,-1,,,,1,,1,,1,1,,,,1,1,,
CloverPit,,1,,1,1,-1,1,1,1,1,1,1,,,-1,-1,-1
CloverPit,,,,,,,,,,,,,,,,,
CloverPit,,,,,1,,,,,,,,,,,,
CloverPit,,,,,,-1,,,,,,,,,-1,,
CloverPit,,,,-1,1,,,,,,,,,,,,-1
CloverPit,,,,,,,,,,,,,,,,,
CloverPit,,,,,,,,,,,,,,,,,
CloverPit,,,,,1,,,,,,,,,,,,
CloverPit,,,,,1,,,,,,,,,,,,
CloverPit,,,,1,1,,,,,,,,,,,,-1
CloverPit,,,-1,,,-1,,,,,,,,-1,,,
CloverPit,,,,,1,,,,,,,,,,,,
CloverPit,,,,,1,,,,,,,,,,,,
CloverPit,,,,,,,,,,,,,,,,,
CloverPit,,,,,,,,,,,,,,,,,
CloverPit,,,,,1,,,,,,,,,,,,
CloverPit,,,,,1,-1,1,1,,,,-1,,,-1,-1,-1
CloverPit,,,,,,,,,,,,,,,,,
CloverPit,,,,,1,,,,,,,,,,,,
CloverPit,,,,,,-1,,,,,,,,,,,
CloverPit,,,,,-1,-1,-1,-1,,,,,,-1,,,
CloverPit,,,,,1,,,,,,,,,,,,
CloverPit,-1,,-1,,1,,,,,,,,,-1,,,
CloverPit,,,,,,,,,,,,,,,,,
CloverPit,,,,,,,,,,,,,,,,,
CloverPit,,,,,,,,,,,,,,,,,
CloverPit,,,,,1,,,,,,,,,,,,
CloverPit,,,,,,,,,,,,,,,,,
CloverPit,,,,,1,,,,,,,,,,,,
CloverPit,,,,,1,,,,,,,,,,,,
CloverPit,,,,,1,,,,,,,,,,,,
CloverPit,,,,,,,,,,,,,,,,,
CloverPit,,,,,,,-1,-1,,,,-1,,,,,
CloverPit,,,,,,,,,,,,,,,,,
CloverPit,,,,,,-1,,,,,,,,-1,,,
CloverPit,,,,,1,,1,,,,,,,,,-1,
CloverPit,,,,,1,,,,,,,,,,,,
CloverPit,,,-1,,,,,,,,,,,,,,
CloverPit,,,,,,,,,,,,,,,,,
CloverPit,,,-1,,1,-1,1,1,1,0,1,1,-1,0,,,-1
CloverPit,,,,,,,,,,,,,,,,,
CloverPit,,,,,1,,,,,,,,,,,,
CloverPit,,,,1,1,,,,,,,,,,,,
CloverPit,,,,,1,,,,,,,,,,,,
CloverPit,,,,,,,,,,,,,,,,,
CloverPit,-1,-1,-1,,,,,,-1,,-1,,,,,,-1
CloverPit,,,-1,,,,,,,,,,,,,,
CloverPit,,,,,1,,,,,,,,,,,,
CloverPit,,,,,,,,,,,,,,,,,
CloverPit,,,,1,1,,,1,,,,,,,,,
CloverPit,,,,,1,,,,,,,,,,,,
CloverPit,,,,,1,,,,,,,,,,,,
CloverPit,,,,,,,,,,,,,,,-1,,
CloverPit,,,,,,,,,,,,,,,,,
CloverPit,,,,,,,,,,,,,,,,,
CloverPit,,,,,1,,,,,,,,,,,,
CloverPit,,,,,1,,,,,,,,,,,,-1
CloverPit,,,,,,,,,,,,,,,,,
CloverPit,,,,,1,,,,,,,,,,,,
CloverPit,,,-1,,1,-1,,,,,,,,,,,
CloverPit,,,-1,-1,1,-1,,-1,,-1,,,,-1,,,-1
CloverPit,,,,1,1,,,,,,,,,,,,
CloverPit,,,,,1,,,,,,,,,,,,
CloverPit,,,,,,,,,,,,,,,,,
CloverPit,-1,-1,-1,1,1,-1,-1,-1,-1,-1,-1,,,-1,-1,-1,-1
CloverPit,,,,0,,,,,,,,,,-1,,,
CloverPit,-1,,-1,1,0,-1,0,0,,,,0,,-1,-1,-1,-1
CloverPit,,,,,,,,,,,,,,-1,,,
CloverPit,,,-1,,1,-1,,,,,,,,-1,,,
CloverPit,,,,1,1,,,1,,,,,,,,-1,-1
CloverPit,,,,,1,-1,1,0,,,,,,-1,-1,,
CloverPit,-1,-1,-1,-1,0,-1,-1,,-1,,-1,,,,,-1,-1
CloverPit,,,,,1,,1,,,,,1,,,,,
CloverPit,,,,,,,0,1,,,,,,,,,
CloverPit,-1,,-1,,0,,-1,,,,,,,-1,,,
CloverPit,,,,,1,,,,,,,,,-1,,,
CloverPit,-1,,-1,0,1,,,,,,,,,-1,,,
CloverPit,,,,1,1,,-1,1,,,,1,,,,,
CloverPit,,,,,1,,,,,,,1,,,,,
CloverPit,,,,,,,,,,,,,,,,,
CloverPit,-1,-1,-1,,-1,-1,-1,-1,,,,,,-1,,-1,
CloverPit,,,,,,,,,,,,,,,,,
CloverPit,,,,,,-1,,,,,,,,-1,,,
CloverPit,,,,,1,-1,-1,1,,,,-1,,,,,
CloverPit,,,-1,,,,,0,,,,0,,,,,-1
CloverPit,,,,,,,,,,,,,,,,,
CloverPit,,,,,-1,,-1,,,,,,,-1,,,
CloverPit,,,,,-1,,,,,,,,,,,,-1
CloverPit,,,,,,,,,,,,,,,,,
CloverPit,-1,,-1,,,,,,,,,,,,,,
CloverPit,-1,1,-1,0,1,,-1,0,0,,-1,0,,,,-1,-1
CloverPit,,,,-1,,,-1,-1,,,,,,-1,,,
CloverPit,,,,1,1,-1,1,1,1,1,,0,,0,-1,-1,
CloverPit,,,,-1,-1,-1,-1,-1,,,,-1,,-1,-1,-1,-1
CloverPit,,,,-1,,,,,,,,,,-1,,,
CloverPit,-1,,-1,,-1,-1,-1,-1,,,,,,-1,,,
CloverPit,,,,,1,,,,,,,,,,,,
CloverPit,,,-1,-1,-1,-1,-1,-1,,-1,-1,-1,,-1,-1,-1,-1
Europa Universalis V,,,,,,-1,-1,,,,,,,-1,,,
Europa Universalis V,,,,,,,,,,,,,,,,,
Europa Universalis V,,,,1,1,,,,,,,,,,,,
Europa Universalis V,-1,,-1,1,1,-1,-1,-1,,-1,,-1,-1,-1,,-1,
Europa Universalis V,,,,,,,,,,-1,,-1,,,,,
Europa Universalis V,-1,,-1,-1,0,-1,,-1,,,,,,-1,-1,,-1
Europa Universalis V,0,,,1,0,,-1,,0,-1,,,,0,,,
Europa Universalis V,,,,1,-1,,-1,0,,,,,,0,-1,-1,
Europa Universalis V,,,,,,,,,,,,,,,,,
Europa Universalis V,-1,-1,-1,,,,,,,,,,,,,,
Europa Universalis V,,,,,,0,,,,,,,,0,,,
Europa Universalis V,,,,,0,,,,,,,,,,,,-1
Europa Universalis V,-1,,-1,,,-1,,,,,,,,1,,,
Europa Universalis V,,,,,,,,,,,,,,,,,
Europa Universalis V,-1,-1,-1,1,0,,-1,1,-1,,-1,-1,,0,,,-1
Europa Universalis V,,,,,,,,,,,,,,,,,
Europa Universalis V,,,,,-1,,,,,,,,,,,,
Europa Universalis V,,-1,,,,,,,,,,,,,-1,-1,-1
Europa Universalis V,,,,,,,,,,,,,,-1,,,
Europa Universalis V,,,,,1,,,,,,,,,,,,
Europa Universalis V,-1,,-1,1,0,,-1,-1,0,,-1,-1,-1,-1,,,
Europa Universalis V,,,,,1,-1,,-1,,,,,,,,,-1
Europa Universalis V,-1,,,,,,,,,,,,,,,,
Europa Universalis V,,,,,,,,,,,,,,,,,
Europa Universalis V,,,,,,-1,,,,,,,-1,-1,,-1,-1
Europa Universalis V,,,,,,,,,,,,,,,,,
Europa Universalis V,,,-1,0,0,,,,,,,,,-1,,-1,-1
Europa Universalis V,,,-1,,1,,,,,,,,-1,-1,,,-1
Europa Universalis V,-1,,-1,-1,-1,,-1,-1,,,,,,-1,,,
Europa Universalis V,,,,,,-1,,,,,,,,-1,,,
Europa Universalis V,,,,-1,,,,,,,,,,-1,,-1,
Europa Universalis V,-1,,-1,,-1,,,,,,,,,,,,
Europa Universalis V,,,-1,,,,,,,,,,,-1,,,
Europa Universalis V,,,,-1,-1,,,,,,,,,,,-1,-1
Europa Universalis V,,,,,,,,,,,,,,,,,
Europa Universalis V,,,,,,,,,,,,,,,,,
Europa Universalis V,,,,,,,,,,,,,,,,,
Europa Universalis V,,,,,,-1,-1,,,,,,,-1,,,
Europa Universalis V,,,,,,,,,,,,,,,,,
Europa Universalis V,,,,,1,,,,,1,,,,1,,,
Europa Universalis V,,,,,,,,,,,,,,,,,
Europa Universalis V,,,,,1,,,,,,,,,,,-1,
Europa Universalis V,,,,,,,,,,,,,,,,,
Europa Universalis V,,,,,,,,,,,,,,,,,
Europa Universalis V,,,,,,-1,,,,,,,,,-1,,
Europa Universalis V,,,,,,,-1,,,,,,,-1,,,
Europa Universalis V,-1,,-1,,,,,,,,,,,-1,,,
Europa Universalis V,,,,,,,,,,,,,,,,,
Europa Universalis V,,,,,0,,,,,,,,,,,,
Europa Universalis V,,,,,,,,,,,,,,0,,,
Europa Universalis V,,,,,1,,,,,,,,,,,,
Europa Universalis V,-1,,-1,,,-1,,,,,,,,-1,,,
Europa Universalis V,,,-1,,-1,,,,,,,,,,,,
Europa Universalis V,,,,,,-1,,,,,,,-1,-1,,,-1
Europa Universalis V,,,,,,-1,,,,,,,,-1,,-1,
Europa Universalis V,,,,,,,,,,,,,,,,,
Europa Universalis V,,,,,1,,-1,,,,,-1,,,,,
Europa Universalis V,,,,,,-1,,,,,,,,,,,
Europa Universalis V,-1,,-1,,1,-1,1,,,1,,,-1,-1,,,
Europa Universalis V,,,,,,,,,,,,,,,,,
Europa Universalis V,,,,-1,,-1,,-1,,,,,,-1,,,
Europa Universalis V,,,,,,-1,,,,,,,,-1,,,
Europa Universalis V,,,,,,,,,,,,,,-1,,,
Europa Universalis V,-1,,-1,,1,,,,-1,-1,,-1,,-1,,,
Europa Universalis V,,,,,-1,,,,,,,,,,,,
Europa Universalis V,-1,,-1,,-1,,,,,,,,-1,-1,,-1,
Europa Universalis V,,,,,-1,,-1,,,,,,,,,,
Europa Universalis V,-1,-1,-1,,1,,,,,,,,,,,,
Europa Universalis V,-1,,-1,,0,,-1,,,,,,,-1,,,
Europa Universalis V,-1,-1,-1,,-1,,,,-1,-1,-1,,,,,,
Europa Universalis V,-1,-1,,0,1,,0,0,0,,-1,,,1,,,
Europa Universalis V,,,,,1,-1,,-1,,,,-1,,,,-1,-1
Europa Universalis V,,,,,1,,,,,,,,,,,,
Europa Universalis V,,,,,1,,1,,,,,,,,,,
Europa Universalis V,-1,-1,,-1,-1,,,,-1,,-1,,,,,,
Europa Universalis V,,,,,0,-1,,,,,,,,-1,,,
Europa Universalis V,,,,,1,,,,,,,,,,,-1,
Europa Universalis V,-1,,-1,,1,,-1,-1,,,,,,-1,,,
Europa Universalis V,,,,,,,,,,,,,,,,,
Europa Universalis V,,,,,,,,,,,,,,,,,
Europa Universalis V,,,,,,-1,,,,,,,,-1,,,
Europa Universalis V,,,,,,,,,,,,,,,,,
Europa Universalis V,-1,1,-1,1,1,,1,1,1,-1,1,-1,,1,,-1,
Europa Universalis V,-1,-1,-1,,1,,,,,,,,,,-1,-1,-1
Europa Universalis V,-1,-1,-1,,,-1,,,-1,-1,-1,,,-1,,,
Europa Universalis V,,,,,,,,,,,,,,,,,
Europa Universalis V,-1,,-1,,-1,-1,,,-1,-1,,,,-1,,,
Europa Universalis V,-1,-1,-1,-1,1,-1,1,-1,-1,-1,-1,,,-1,-1,-1,
Europa Universalis V,,,,1,1,,,,,,,,,,,-1,
Europa Universalis V,-1,-1,-1,,-1,,,,-1,,,-1,,,,,
Europa Universalis V,-1,,-1,,0,-1,,,,,,,-1,-1,-1,-1,
Europa Universalis V,,,,,,,,,,,,,,,,,
Europa Universalis V,,,,,,,,,,,,,,,,,
Europa Universalis V,-1,,-1,,,,,,,,,,-1,-1,,-1,
Europa Universalis V,,,,,,,,,,,,,,,,,
Europa Universalis V,,,,,,,,,,,,,,,,,
Europa Universalis V,-1,,,-1,1,-1,,,,,,,,-1,-1,-1,
Europa Universalis V,,,,1,1,,,,,,,,,,,,
Europa Universalis V,,,,,1,,,,,,,,,,,,-1
Europa Universalis V,-1,-1,-1,-1,-1,,-1,0,0,-1,-1,-1,,-1,,,
Football Manager 26,,,,,1,,,,,,,,,,,,
Football Manager 26,,,,,,,,,,,,,,-1,,,
Football Manager 26,,,,,-1,,,,,,,,,,,,
Football Manager 26,,-1,,,,,,,-1,,-1,,,,,,
Football Manager 26,,,,,-1,,,,,,,,,,,,
Football Manager 26,,,,,1,,,,,,,,,,,,
Football Manager 26,,,,,,,,,,,,,,,,,
Football Manager 26,,,-1,,,,,,,,,,-1,-1,,,
Football Manager 26,,,,,,,,,,,,,,,,,
Football Manager 26,,,,,1,,,,,,,,,,,,
Football Manager 26,-1,,-1,,,,,,,,,,,-1,,,
Football Manager 26,,,-1,,,,,,,,,,-1,-1,,,
Football Manager 26,-1,,-1,,,,,,,,,,,,,,
Football Manager 26,,,,,,,,,,,,,,-1,,,
Football Manager 26,-1,-1,-1,1,1,-1,-1,-1,,,,,,-1,,-1,
Football Manager 26,0,0,,,1,,,,0,0,0,,,,-1,-1,
Football Manager 26,,,-1,,,,,,,,,,,,,,
Football Manager 26,,,,,,,,,,,,,,,,,
Football Manager 26,-1,,-1,,1,-1,,,,,,,,-1,,,
Football Manager 26,,,-1,,,,,,,,,,,,,,
Football Manager 26,,,,,,,,,,,,,,,,,
Football Manager 26,,,,,,,,,,,,,,,,,
Football Manager 26,,,,,,,,,,,,,,,,,
Football Manager 26,-1,,-1,,1,,1,0,0,0,,1,,0,,,
Football Manager 26,,,,,,,,,,,,,,,,,
Football Manager 26,,,1,,1,,,,,,,,,,,,
Football Manager 26,,,-1,,,-1,,,,,,,,-1,,,
Football Manager 26,,,,,,,,,,,,,,,,,
Football Manager 26,-1,-1,,-1,,,,,-1,,-1,,,,-1,-1,-1
Football Manager 26,,,-1,,,-1,,,,,,,,,,,
Football Manager 26,,,,,,,,,,,,,,,,,
Football Manager 26,-1,,-1,,1,,,,,,,,,-1,,-1,
Football Manager 26,,,,,,,,-1,,,,,,,-1,,-1
Football Manager 26,,,,,0,-1,-1,-1,-1,-1,,,-1,-1,-1,-1,
Football Manager 26,,,,,-1,,,,,,,,,,-1,-1,
Football Manager 26,,,,,1,,,,,,,,,,,,
Football Manager 26,,,,,,,,,,,,,,,,,
Football Manager 26,,,,,,,,,,,,,,,,,
Football Manager 26,,,,,1,,,,,,,,,,,,
Football Manager 26,,-1,,,-1,-1,,,-1,-1,,,,,-1,,
Football Manager 26,-1,-1,,,1,,,,-1,,-1,,,,-1,-1,
Football Manager 26,,,,,,-1,,,,,,,,-1,,,
Football Manager 26,,,,,1,,,,-1,-1,,,,,-1,-1,
Football Manager 26,-1,-1,-1,1,1,-1,-1,-1,0,-1,,,,-1,,-1,
Football Manager 26,,,,,1,1,,,,,,,,1,,,
Football Manager 26,,,,,,,,,,,,,,1,,,
Football Manager 26,-1,,,1,1,,,,,,,,,,0,-1,
Football Manager 26,,,,,,,,,,,,,,,,,
Football Manager 26,-1,-1,-1,-1,-1,-1,,-1,-1,-1,-1,,-1,-1,,-1,-1
Football Manager 26,-1,-1,-1,-1,0,,-1,-1,-1,,-1,-1,,,,-1,
Football Manager 26,,,,,,,,,,,,,,,,,
Football Manager 26,-1,1,-1,1,0,-1,-1,0,,,1,,-1,0,,-1,-1
Football Manager 26,,,,,-1,,,,,,,,,,,,
Football Manager 26,,-1,,,,,,,-1,,-1,,,,,,
Football Manager 26,-1,,-1,,1,,,,,,,,,,,,
Football Manager 26,,,,,,,,,,,,,,,,,
Football Manager 26,-1,-1,,,,,,,1,,,,,,,,
Football Manager 26,,,,,,,,,,,,,,,,,
Football Manager 26,-1,-1,,,,,,,,,,,,,,,
Football Manager 26,,,,,,,,,,,,,,,,,
Football Manager 26,,,-1,,,,,,,,,,,,,,
Football Manager 26,,,,,,-1,,,,,,,,,-1,,
Football Manager 26,,,,,,,,,,,,,,,,,
Football Manager 26,,,,,,,,,,,,,,,,,
Football Manager 26,-1,,-1,,,,,,,,,,,-1,,,
Football Manager 26,,,,1,1,-1,1,1,,,,,,1,-1,-1,
Football Manager 26,,,,-1,,,-1,-1,,,,,,,,,
Football Manager 26,,,,,-1,,,,,,,,-1,-1,,,
Football Manager 26,,,,,1,,,1,,,,,,,-1,,
Football Manager 26,,,,-1,-1,,-1,-1,,,,-1,,,,-1,-1
Football Manager 26,,-1,,,,,,-1,,,,,,,,,
Football Manager 26,,,,,,,,,,,,,-1,,,,
Football Manager 26,,,,0,1,-1,1,-1,1,1,1,1,-1,-1,-1,-1,-1
Football Manager 26,,,,,1,,1,,,,,,,,,,
Football Manager 26,,,,,,,,,,,,,,,,,
Football Manager 26,-1,-1,-1,-1,1,-1,1,-1,-1,-1,-1,-1,-1,-1,-1,-1,-1
Football Manager 26,,,,1,1,-1,1,0,1,0,,1,,-1,-1,-1,-1
Football Manager 26,,,,,0,,1,,,,,,,0,,,
Football Manager 26,,,,,,-1,,,,,,,,-1,,-1,
Football Manager 26,,,,,,,,,,,,,,0,,,
Football Manager 26,,,-1,-1,-1,-1,-1,-1,-1,-1,,-1,,-1,-1,-1,-1
Football Manager 26,,,,,1,,,,,,,,,,,,
Football Manager 26,,,,,1,,,,,,,,,,,,
Football Manager 26,,,,,0,,,,,,,,,,,,
Football Manager 26,,-1,-1,-1,,-1,-1,-1,-1,-1,-1,-1,-1,-1,-1,,-1
Football Manager 26,-1,,-1,,,-1,,,,,,,,-1,,,
Football Manager 26,,,,,,,,,,,,,,,,,
Football Manager 26,,,,,,-1,-1,,,,,,,-1,,,
Football Manager 26,,,,,,,,,,,,,,,,,
Football Manager 26,0,0,-1,0,1,-1,1,1,0,0,1,0,-1,0,-1,-1,-1
Football Manager 26,,,,,,,,,,,,,,-1,,,
Football Manager 26,,,,1,0,,,,,,,,,,,1,
Football Manager 26,,,,,,-1,-1,,,,,,,,,,
Football Manager 26,,,-1,,,-1,,,,,,,,,,,
Football Manager 26,,,-1,,,,,,,,,,,-1,,,
Football Manager 26,-1,,-1,-1,-1,-1,-1,,,,,,,-1,,-1,
Football Manager 26,,,,,,,,,,,,,,,,,
Football Manager 26,,,,,,,,,,,,,,,,,
Football Manager 26,,,,,-1,-1,,,,,,,,,,,
Football Manager 26,,,,,,-1,,,,,,,,,,,
StarSavior,,,,,,,,,,,,,,,,,
StarSavior,-1,-1,,-1,0,-1,-1,-1,-1,-1,-1,,,-1,,,
StarSavior,,,,,,-1,,,,,,,,-1,,,
StarSavior,,,,,,,,,,,,,,,,,
StarSavior,,,,,,,,,,,,,,,,,
StarSavior,,,,,,,,,,,,,,,,,
StarSavior,,,,,-1,,-1,,,,,,,,,,
StarSavior,,,,,,,,,,1,,,,,,,
StarSavior,,,,,,,1,,,,,,,1,,,
StarSavior,,,,1,,,,,,,,,,0,,-1,
StarSavior,,,,,,,,,,,,,,,,,
StarSavior,,,,1,1,-1,1,1,1,-1,-1,1,,-1,-1,-1,-1
StarSavior,,,,,1,,,,,,,,,,,1,
StarSavior,,,,,,,,,,,,,,,,,
StarSavior,-1,,-1,,,,,,,,,,,,,,
StarSavior,,,,,,,,,,,,,,,,,
StarSavior,1,1,1,1,1,,1,,1,,1,,,1,,1,
StarSavior,,,,,,-1,,,,,,,,-1,,,
StarSavior,,,,,1,,,,,,,,,0,,,
StarSavior,-1,,-1,,-1,,,,,,,,,-1,,,
StarSavior,-1,1,-1,1,1,-1,0,,1,1,1,1,-1,0,,,
StarSavior,,,,,,,,,,,,,,,,,
StarSavior,-1,,-1,,,,,,,,,,,,,,
StarSavior,,,,,1,,,,,,,,,,,,
StarSavior,,,,,,-1,,,,,,,,-1,,,
StarSavior,,,,,,,,,,,,,,,,,
StarSavior,,,,,,,,,,,,,,-1,,,
StarSavior,,,,,,,,,,,,,,,,,
StarSavior,,,,1,0,,,,,,,0,,,,-1,-1
StarSavior,,,,,-1,,,,,,,,,,,,
StarSavior,,,-1,,,-1,,,,,,,-1,-1,,,
StarSavior,,,,,-1,-1,-1,,,,,,,-1,,,
StarSavior,-1,,-1,-1,-1,-1,-1,-1,-1,-1,-1,-1,-1,-1,,,-1
StarSavior,,,,1,1,,,,,,,,,,,,
StarSavior,,,,,,,,,,,,,,,,,
StarSavior,,,,,1,,1,,,,,,,-1,,,
StarSavior,,,,,-1,,-1,-1,-1,-1,,-1,,,,,
StarSavior,,,,,,,,,,,,,,,,,
StarSavior,,,,,1,,,,,,,,,,,,
StarSavior,,,,,,,,,,,,,,,,,
StarSavior,,,,,,,,,,,,,,,,,
StarSavior,,,,,,,,,,,,,,,,,
StarSavior,,,,,1,,,,,,,,,,,,
StarSavior,,,,,,-1,,,,0,,,,-1,,,
StarSavior,,,-1,,,,,,,,,,,-1,,,
StarSavior,,,,,-1,,,,-1,-1,-1,,,,,,
StarSavior,,,,,1,,,,,,,,,,,,
StarSavior,,,,,1,,,,,,,,,,,,
StarSavior,,,,,,,,,,,,,,,,,
StarSavior,-1,-1,-1,1,-1,-1,-1,-1,-1,-1,-1,-1,-1,-1,-1,-1,-1
StarSavior,,,,,1,,,,,,,,,,,,
StarSavior,,,,,1,-1,,,,,,,,0,,,
StarSavior,,,,-1,-1,,,,-1,,,-1,,,,,
StarSavior,-1,,-1,-1,1,,,-1,,,,,,,,,-1
StarSavior,,,,,1,,,,,1,,-1,,,,,
StarSavior,,,,,,,,,,,,,,,,,
StarSavior,,,,,1,,,,,,,,,,,1,
StarSavior,,,,,1,-1,0,1,,,,,,1,,,
StarSavior,,,,,,,,,,,,,,1,,,
StarSavior,,,,,1,,0,,,,,,,,,,
StarSavior,,,,,1,,,,,,,,,,,,
StarSavior,1,1,-1,1,1,-1,1,1,0,1,1,1,-1,1,-1,-1,-1
StarSavior,,,,,0,-1,0,,,,,,,0,-1,,
StarSavior,,,,0,1,-1,1,1,1,1,,1,,-1,-1,-1,-1
StarSavior,,,,,,,,,,,,,,,,,
StarSavior,,,,,1,,,,,,,,,,,,
StarSavior,,,,,1,,1,,,,,,,,,,
StarSavior,,,,,1,,,,,,,,,,,,
StarSavior,1,1,,1,1,1,1,1,1,1,1,,,1,1,1,
StarSavior,,,,1,1,,,,,,,,,,,,
StarSavior,,1,,-1,,,,,-1,,-1,,,,,,
StarSavior,,,-1,1,1,-1,,1,,,,,,1,,,-1
StarSavior,,,,,1,,,,,,,,,,,,
StarSavior,,,,1,1,,,,,,,,,,0,,
StarSavior,,,,1,1,,,1,,,,1,,,0,,
StarSavior,,,,,1,,,,,,,,,1,,-1,
StarSavior,,,,1,1,,,,,,,,,-1,,,
StarSavior,,,,0,1,,,,,,,,,,,-1,-1
StarSavior,,,,1,1,,1,1,,,,,,,,,
StarSavior,,,,,1,,,,,,,,,,-1,,
StarSavior,,,,1,1,,,,,,,,,,,1,
StarSavior,,,,,1,,,,,-1,,,,,,,
StarSavior,,,,,1,-1,,,,,,,,,-1,-1,
StarSavior,,,,,1,,,,,,,,,,,,
StarSavior,,,,1,1,,-1,1,-1,-1,,1,,,-1,,-1
StarSavior,,,,-1,-1,,,,,,,,,,,,-1
StarSavior,,,,,1,,,,,,,,,,,,
StarSavior,,,,,,,,,,,,,,,,,
StarSavior,,,,,,,,,,,,,,,,,
StarSavior,,,,,,,,,,,,,,,,,
StarSavior,1,1,,1,1,,1,1,1,,1,1,,,,,
StarSavior,,,,1,1,,1,,1,1,,1,,,,,
StarSavior,,,,,1,,,,,,,,,,1,1,
StarSavior,,,,,1,,,,,,,,,,,,
StarSavior,,,,,,,,,,,,,,,,,
StarSavior,,,,,1,,,,1,1,,,,,1,,1
StarSavior,,,,-1,1,,,1,0,,,1,,,-1,,0
StarSavior,,,,1,1,,1,1,,,,,,,,,
StarSavior,,,,,1,,,,1,1,,,,,,,
StarSavior,,,,1,1,,,,,,,,,,,,
Shelldiver,,,,,,,,,,,,,,,1,,1
Shelldiver,,,,1,1,,,,,,,,,,,,
Shelldiver,,,,,1,,,,,,,,,,,,
Shelldiver,,,,,1,,,,,,,,,,,-1,
Shelldiver,,,,,1,,,,,,,,,,,,
Shelldiver,,,,1,1,,,,,,,,,,,,
Shelldiver,,,,1,1,,,,,,,,,,,,
Shelldiver,,,,0,1,,,,,,,,,,,-1,
Shelldiver,,,,,1,,,,,,,,,,,,
Shelldiver,,,,,1,,,,,,,,,,,,
Shelldiver,,,,,1,,0,,,,,,,,,,
Shelldiver,,,,,1,,,,,,,,,,,,0
Shelldiver,,,,,1,,,,,,,,,,,,
Shelldiver,,,,,1,,,,,,,,,,,,
Shelldiver,,,,1,1,,,,,,,,,1,,,
Shelldiver,,,,,1,,,,,,,,,,,,
Shelldiver,,,,1,1,-1,,1,,,,,,0,,-1,-1
Shelldiver,,,,,1,,,,,,,,,,,,1
Shelldiver,,,,,1,,,,,,,,,,,,
Shelldiver,,,,,1,,,,,,,,,,,,
Shelldiver,,,,,1,,,,,,,,,,,,
Shelldiver,,,,,,,,,,,,,,,,,
Shelldiver,,,,-1,1,,,,,,,,,,,,
Shelldiver,,,,,1,,,,,,,,,,,,
Shelldiver,,,,,1,,,,,,,,,,,,
Shelldiver,,,,1,1,,,,,,,,,,,,
Shelldiver,,,,1,1,,,,,,,,,,,,
Shelldiver,,,,,,,,,,,,,,,,,
Shelldiver,,,,0,1,,,,,,,,,,,,-1
Shelldiver,,,,,1,,,,1,,,,,,,,
Shelldiver,,,,1,1,-1,,1,,,,1,,,,,1
Shelldiver,,,,1,1,,,,,,,,,,,,
Shelldiver,,,,,1,,,,,,,,,,,,
Shelldiver,,,,,1,,,,,,,,,,,,
Shelldiver,,,,,1,,,,,,,,,,,,
Shelldiver,,1,,,,1,1,1,1,,1,,,,,,
Shelldiver,,,,1,1,,,,,,,,,,,,
Shelldiver,,,,,,,1,1,,,,,,,,,
Shelldiver,,,,,1,,,,,,,,,,,,
Shelldiver,,,,-1,1,,,,,,,,,,,,
Shelldiver,,,,,,,,,,,,,,,,,
Shelldiver,,,,,,,,,,,,,,,,,
Shelldiver,,,,,1,,,,,,,,,,,,
Shelldiver,,,,,1,,,,,,,,,,,,
Shelldiver,,,,1,1,,,,,,,,,,,,
Shelldiver,,,,1,1,,,1,,,,,,,-1,-1,
Shelldiver,,,,,1,,,,,,,,,,,,
Shelldiver,,,,-1,1,,,-1,,,,,,,,-1,-1
Shelldiver,,,,0,1,,,,,,,,,,,,
Shelldiver,,,,1,1,-1,,1,,,,,,,0,-1,-1
Shelldiver,,,,,1,,,,,,,,,,,,
Shelldiver,,,,1,1,,,,,,,,,,,,-1
Shelldiver,,,,,1,,,,,,,,,,,,
Shelldiver,,,,1,1,,1,1,,,,,,1,,,
Shelldiver,,,,,1,,,,,,,-1,,,,,
Shelldiver,,,,,1,,,,1,1,,,,,,,
Shelldiver,,,,1,1,,,,,,,,,,,,
Shelldiver,,,,,1,,,,,,,,,,,,
Shelldiver,,,,,1,,,,,,,,,,,,
Shelldiver,,,,,1,,,,,,,,,,,,
Shelldiver,-1,,,1,1,-1,,1,,,,,,1,-1,,-1
Shelldiver,,,,,1,,,,,,,,,,,,
Shelldiver,,,,,1,,,,,,,,,,,,
Shelldiver,,,,,,,,,,,,,,,,,
Shelldiver,,,,,1,,,,,,,,,,,,
