tag_id,tag_name,appid,name,overall_rating_bin,steam_score_desc,steam_score_desc_ko,overall_positive_review_percent,search_total_reviews,korean_reviews,korean_positive_percent,search_rank,search_sort
492,Indie,269210,Hero Siege,Mixed,Mixed,복합적,60.0,12727,2030,69.66,116,Reviews_ASC
492,Indie,3678970,TBH: Task Bar Hero,Mixed,Mixed,복합적,43.0,2127,1120,24.02,43,_ASC
492,Indie,526160,The Wild Eight,Mixed,Mixed,복합적,68.0,1784,837,60.69,988,Reviews_ASC
492,Indie,382140,SKYHILL,Mixed,Mixed,복합적,69.0,639,876,76.6,754,Reviews_ASC
492,Indie,291550,Brawlhalla,Mostly Positive,Mostly Positive,대체로 긍정적,78.0,175353,2111,79.11,163,_ASC
492,Indie,376210,The Isle,Mostly Positive,Mostly Positive,대체로 긍정적,77.0,58027,1159,78.08,145,Reviews_ASC
492,Indie,313120,Stranded Deep,Mostly Positive,Mostly Positive,대체로 긍정적,74.0,23355,514,66.93,237,Reviews_ASC
492,Indie,625960,Stoneshard,Mostly Positive,Mostly Positive,대체로 긍정적,74.0,11235,1031,73.81,61,Reviews_ASC
492,Indie,858820,Tribes of Midgard,Mostly Positive,Mostly Positive,대체로 긍정적,74.0,6735,654,75.69,643,_ASC
492,Indie,2695940,PANICORE,Mostly Positive,Mostly Positive,대체로 긍정적,75.0,4326,507,77.91,139,Reviews_ASC
492,Indie,677160,We Were Here Too,Mostly Positive,Mostly Positive,대체로 긍정적,78.0,3566,702,88.32,262,Reviews_ASC
492,Indie,2827200,MIMESIS,Mostly Positive,Mostly Positive,대체로 긍정적,79.0,1875,765,89.54,25,Reviews_ASC
492,Indie,2665680,Tower of Babel: Survivors of Chaos,Mostly Positive,Mostly Positive,대체로 긍정적,77.0,1381,1336,75.37,123,Reviews_ASC
492,Indie,1933700,Smilemo,Mostly Positive,Mostly Positive,대체로 긍정적,74.0,1145,607,72.65,812,Reviews_ASC
492,Indie,3757210,Agreeee,Mostly Positive,Mostly Positive,대체로 긍정적,75.0,1045,633,80.09,257,Reviews_ASC
492,Indie,1737690,Yacht Dice,Mostly Positive,Mostly Positive,대체로 긍정적,77.0,562,561,78.79,346,Reviews_ASC
492,Indie,466130,White Day: A Labyrinth Named School,Mostly Positive,Mostly Positive,대체로 긍정적,76.0,493,990,72.93,649,_ASC
492,Indie,105600,Terraria,Overwhelmingly Positive,Overwhelmingly Positive,압도적으로 긍정적,97.0,592878,17745,96.0,31,Reviews_ASC
492,Indie,4000,Garry's Mod,Overwhelmingly Positive,Overwhelmingly Positive,압도적으로 긍정적,97.0,529047,11427,93.48,121,Reviews_ASC
492,Indie,413150,Stardew Valley,Overwhelmingly Positive,Overwhelmingly Positive,압도적으로 긍정적,98.0,387065,35253,98.07,7,Reviews_ASC
492,Indie,3164500,Schedule I,Overwhelmingly Positive,Overwhelmingly Positive,압도적으로 긍정적,97.0,192032,508,94.29,113,Reviews_ASC
492,Indie,264710,Subnautica,Overwhelmingly Positive,Overwhelmingly Positive,압도적으로 긍정적,96.0,185058,5772,93.97,21,Reviews_ASC
492,Indie,367520,Hollow Knight,Overwhelmingly Positive,Overwhelmingly Positive,압도적으로 긍정적,97.0,178177,12550,95.58,84,Reviews_ASC
492,Indie,242760,The Forest,Overwhelmingly Positive,Overwhelmingly Positive,압도적으로 긍정적,95.0,175911,9315,91.74,23,_ASC
492,Indie,1118200,People Playground,Overwhelmingly Positive,Overwhelmingly Positive,압도적으로 긍정적,98.0,174055,1269,97.48,29,Reviews_DESC
492,Indie,632360,Risk of Rain 2,Overwhelmingly Positive,Overwhelmingly Positive,압도적으로 긍정적,95.0,161210,4302,90.1,37,Reviews_ASC
492,Indie,391540,Undertale,Overwhelmingly Positive,Overwhelmingly Positive,압도적으로 긍정적,96.0,157491,10350,96.59,106,Reviews_ASC
492,Indie,1623730,Palworld,Overwhelmingly Positive,Overwhelmingly Positive,압도적으로 긍정적,95.0,151351,21804,95.06,3,Reviews_ASC
492,Indie,250900,The Binding of Isaac: Rebirth,Overwhelmingly Positive,Overwhelmingly Positive,압도적으로 긍정적,97.0,145158,11816,96.45,49,Reviews_ASC
492,Indie,227300,Euro Truck Simulator 2,Overwhelmingly Positive,Overwhelmingly Positive,압도적으로 긍정적,97.0,141728,11806,96.44,17,Reviews_ASC
492,Indie,1145360,Hades,Overwhelmingly Positive,Overwhelmingly Positive,압도적으로 긍정적,98.0,140601,6799,96.9,109,_ASC
492,Indie,526870,Satisfactory,Overwhelmingly Positive,Overwhelmingly Positive,압도적으로 긍정적,97.0,133637,3907,96.78,161,Reviews_DESC
492,Indie,698780,Doki Doki Literature Club!,Overwhelmingly Positive,Overwhelmingly Positive,압도적으로 긍정적,96.0,127539,4786,94.88,381,Reviews_DESC
492,Indie,1794680,Vampire Survivors,Overwhelmingly Positive,Overwhelmingly Positive,압도적으로 긍정적,98.0,126606,15973,98.21,31,Reviews_DESC
492,Indie,294100,RimWorld,Overwhelmingly Positive,Overwhelmingly Positive,압도적으로 긍정적,97.0,117010,8057,98.09,10,Reviews_ASC
492,Indie,427520,Factorio,Overwhelmingly Positive,Overwhelmingly Positive,압도적으로 긍정적,98.0,115555,4050,98.35,38,Reviews_ASC
492,Indie,2592160,Dispatch,Overwhelmingly Positive,Overwhelmingly Positive,압도적으로 긍정적,97.0,103908,1132,96.2,69,Reviews_ASC
492,Indie,2379780,Balatro,Overwhelmingly Positive,Overwhelmingly Positive,압도적으로 긍정적,98.0,101153,2339,97.56,111,Reviews_ASC
492,Indie,1903340,Clair Obscur: Expedition 33,Overwhelmingly Positive,Overwhelmingly Positive,압도적으로 긍정적,96.0,99098,5783,95.31,51,Reviews_ASC
492,Indie,508440,Totally Accurate Battle Simulator,Overwhelmingly Positive,Overwhelmingly Positive,압도적으로 긍정적,98.0,82957,3034,95.85,147,Reviews_ASC
492,Indie,322330,Don't Starve Together,Overwhelmingly Positive,Overwhelmingly Positive,압도적으로 긍정적,95.0,80912,12831,93.41,24,Reviews_ASC
492,Indie,220200,Kerbal Space Program,Overwhelmingly Positive,Overwhelmingly Positive,압도적으로 긍정적,96.0,80838,1073,95.62,140,_ASC
492,Indie,1332010,Stray,Overwhelmingly Positive,Overwhelmingly Positive,압도적으로 긍정적,97.0,77812,2150,95.53,133,Reviews_ASC
492,Indie,319630,Life is Strange - Episode 1,Overwhelmingly Positive,Overwhelmingly Positive,압도적으로 긍정적,95.0,75827,2439,95.0,383,Reviews_DESC
492,Indie,646570,Slay the Spire,Overwhelmingly Positive,Overwhelmingly Positive,압도적으로 긍정적,97.0,75260,10097,98.2,97,Reviews_ASC
492,Indie,433340,Slime Rancher,Overwhelmingly Positive,Overwhelmingly Positive,압도적으로 긍정적,98.0,64784,2647,94.79,32,Reviews_DESC
492,Indie,1145350,Hades II,Overwhelmingly Positive,Overwhelmingly Positive,압도적으로 긍정적,96.0,63734,1985,95.52,44,Reviews_ASC
492,Indie,268910,Cuphead,Overwhelmingly Positive,Overwhelmingly Positive,압도적으로 긍정적,96.0,63287,3555,94.26,22,Reviews_ASC
492,Indie,504230,Celeste,Overwhelmingly Positive,Overwhelmingly Positive,압도적으로 긍정적,97.0,59469,1642,96.89,173,Reviews_DESC
492,Indie,48700,Mount & Blade: Warband,Overwhelmingly Positive,Overwhelmingly Positive,압도적으로 긍정적,97.0,54776,2370,97.09,171,Reviews_DESC
492,Indie,1289310,Helltaker,Overwhelmingly Positive,Overwhelmingly Positive,압도적으로 긍정적,97.0,53827,5384,98.33,172,Reviews_DESC
492,Indie,1150690,OMORI,Overwhelmingly Positive,Overwhelmingly Positive,압도적으로 긍정적,97.0,53500,1890,92.75,176,Reviews_DESC
492,Indie,620980,Beat Saber,Overwhelmingly Positive,Overwhelmingly Positive,압도적으로 긍정적,95.0,52937,1459,95.82,197,Reviews_ASC
492,Indie,1454400,Cookie Clicker,Overwhelmingly Positive,Overwhelmingly Positive,압도적으로 긍정적,96.0,52932,609,95.73,391,Reviews_DESC
492,Indie,753640,Outer Wilds,Overwhelmingly Positive,Overwhelmingly Positive,압도적으로 긍정적,95.0,50797,1383,92.26,126,Reviews_ASC
492,Indie,457140,Oxygen Not Included,Overwhelmingly Positive,Overwhelmingly Positive,압도적으로 긍정적,95.0,48589,4759,95.59,386,Reviews_DESC
492,Indie,1868140,DAVE THE DIVER,Overwhelmingly Positive,Overwhelmingly Positive,압도적으로 긍정적,96.0,48306,11588,97.19,41,Reviews_ASC
492,Indie,2995920,It Takes Two Friend's Pass,Overwhelmingly Positive,Overwhelmingly Positive,압도적으로 긍정적,95.0,46883,8270,96.72,26,Reviews_ASC
492,Indie,881100,Noita,Overwhelmingly Positive,Overwhelmingly Positive,압도적으로 긍정적,95.0,46639,1325,92.75,239,Reviews_ASC
492,Indie,212680,FTL: Faster Than Light,Overwhelmingly Positive,Overwhelmingly Positive,압도적으로 긍정적,95.0,46406,1721,94.42,649,Reviews_ASC
492,Indie,636480,Ravenfield,Overwhelmingly Positive,Overwhelmingly Positive,압도적으로 긍정적,97.0,45712,975,96.31,476,Reviews_ASC
492,Indie,588650,Dead Cells,Overwhelmingly Positive,Overwhelmingly Positive,압도적으로 긍정적,96.0,43762,2845,94.69,168,Reviews_DESC
492,Indie,223470,POSTAL 2,Overwhelmingly Positive,Overwhelmingly Positive,압도적으로 긍정적,97.0,42490,555,88.83,387,Reviews_DESC
492,Indie,3590,Plants vs. Zombies GOTY Edition,Overwhelmingly Positive,Overwhelmingly Positive,압도적으로 긍정적,98.0,42108,886,92.21,170,Reviews_DESC
492,Indie,219150,Hotline Miami,Overwhelmingly Positive,Overwhelmingly Positive,압도적으로 긍정적,96.0,40914,980,95.31,174,Reviews_DESC
492,Indie,239030,"Papers, Please",Overwhelmingly Positive,Overwhelmingly Positive,압도적으로 긍정적,97.0,39089,1813,95.2,177,Reviews_DESC
492,Indie,311690,Enter the Gungeon,Overwhelmingly Positive,Overwhelmingly Positive,압도적으로 긍정적,95.0,38756,4530,95.06,411,Reviews_ASC
492,Indie,1290000,PowerWash Simulator,Overwhelmingly Positive,Overwhelmingly Positive,압도적으로 긍정적,97.0,38120,2304,94.18,57,Reviews_ASC
492,Indie,1217060,Gunfire Reborn,Overwhelmingly Positive,Overwhelmingly Positive,압도적으로 긍정적,96.0,36435,4864,94.22,83,Reviews_ASC
492,Indie,2835570,Buckshot Roulette,Overwhelmingly Positive,Overwhelmingly Positive,압도적으로 긍정적,96.0,34459,2137,94.29,85,_ASC
492,Indie,219740,Don't Starve,Overwhelmingly Positive,Overwhelmingly Positive,압도적으로 긍정적,96.0,32906,1959,93.62,335,Reviews_ASC
492,Indie,420530,OneShot,Overwhelmingly Positive,Overwhelmingly Positive,압도적으로 긍정적,98.0,31647,2975,97.11,35,Reviews_DESC
492,Indie,286160,Tabletop Simulator,Overwhelmingly Positive,Overwhelmingly Positive,압도적으로 긍정적,96.0,31318,2562,95.12,39,Reviews_ASC
492,Indie,1562430,DREDGE,Overwhelmingly Positive,Overwhelmingly Positive,압도적으로 긍정적,96.0,31251,1055,94.41,177,Reviews_ASC
492,Indie,1057090,Ori and the Will of the Wisps,Overwhelmingly Positive,Overwhelmingly Positive,압도적으로 긍정적,96.0,30750,4963,97.4,90,Reviews_ASC
492,Indie,477160,Human Fall Flat,Overwhelmingly Positive,Overwhelmingly Positive,압도적으로 긍정적,95.0,30557,10823,93.94,59,Reviews_ASC
492,Indie,253230,A Hat in Time,Overwhelmingly Positive,Overwhelmingly Positive,압도적으로 긍정적,98.0,29165,2281,96.98,183,Reviews_DESC
492,Indie,312520,Rain World,Overwhelmingly Positive,Overwhelmingly Positive,압도적으로 긍정적,95.0,28606,1100,89.55,105,_ASC
492,Indie,1206560,WorldBox - God Simulator,Overwhelmingly Positive,Overwhelmingly Positive,압도적으로 긍정적,96.0,28506,845,91.83,98,Reviews_ASC
492,Indie,238320,Outlast,Overwhelmingly Positive,Overwhelmingly Positive,압도적으로 긍정적,96.0,28423,2008,93.92,223,Reviews_ASC
492,Indie,683320,GRIS,Overwhelmingly Positive,Overwhelmingly Positive,압도적으로 긍정적,95.0,26855,2022,91.44,392,Reviews_DESC
492,Indie,3419430,Bongo Cat,Overwhelmingly Positive,Overwhelmingly Positive,압도적으로 긍정적,96.0,26399,1248,97.68,869,Reviews_ASC
492,Indie,1557740,ROUNDS,Overwhelmingly Positive,Overwhelmingly Positive,압도적으로 긍정적,96.0,25668,1822,94.18,185,Reviews_ASC
492,Indie,304430,INSIDE,Overwhelmingly Positive,Overwhelmingly Positive,압도적으로 긍정적,96.0,23828,1527,93.45,178,Reviews_DESC
492,Indie,282140,SOMA,Overwhelmingly Positive,Overwhelmingly Positive,압도적으로 긍정적,95.0,23780,1056,95.27,598,Reviews_ASC
492,Indie,238460,BattleBlock Theater®,Overwhelmingly Positive,Overwhelmingly Positive,압도적으로 긍정적,97.0,23507,936,93.06,180,Reviews_DESC
492,Indie,460950,Katana ZERO,Overwhelmingly Positive,Overwhelmingly Positive,압도적으로 긍정적,97.0,22482,3489,96.65,34,Reviews_DESC
492,Indie,274190,Broforce,Overwhelmingly Positive,Overwhelmingly Positive,압도적으로 긍정적,96.0,20458,561,92.87,181,Reviews_DESC
492,Indie,252490,Rust,Very Positive,Very Positive,매우 긍정적,86.0,522852,9328,77.28,6,Reviews_ASC
492,Indie,739630,Phasmophobia,Very Positive,Very Positive,매우 긍정적,94.0,355942,5815,92.19,36,Reviews_ASC
492,Indie,322170,Geometry Dash,Very Positive,Very Positive,매우 긍정적,93.0,280064,6878,88.78,68,_ASC
492,Indie,892970,Valheim,Very Positive,Very Positive,매우 긍정적,94.0,255518,7593,92.6,45,Reviews_ASC
492,Indie,346110,ARK: Survival Evolved,Very Positive,Very Positive,매우 긍정적,80.0,254608,20738,80.25,32,Reviews_ASC
492,Indie,304930,Unturned,Very Positive,Very Positive,매우 긍정적,90.0,220816,4945,84.97,541,Reviews_ASC
492,Indie,275850,No Man's Sky,Very Positive,Very Positive,매우 긍정적,81.0,181292,3072,75.94,18,Reviews_ASC
492,Indie,108600,Project Zomboid,Very Positive,Very Positive,매우 긍정적,94.0,149128,12072,88.27,13,Reviews_ASC
492,Indie,1030300,Hollow Knight: Silksong,Very Positive,Very Positive,매우 긍정적,93.0,140930,6646,83.89,110,Reviews_ASC
492,Indie,648800,Raft,Very Positive,Very Positive,매우 긍정적,93.0,128632,10558,90.68,15,_ASC
492,Indie,671860,BattleBit Remastered,Very Positive,Very Positive,매우 긍정적,82.0,78141,857,75.38,958,Reviews_ASC
492,Indie,362890,Black Mesa,Very Positive,Very Positive,매우 긍정적,94.0,69553,1720,90.58,884,Reviews_ASC
492,Indie,379430,Kingdom Come: Deliverance,Very Positive,Very Positive,매우 긍정적,83.0,62400,4275,86.46,80,Reviews_ASC
492,Indie,686810,Hell Let Loose,Very Positive,Very Positive,매우 긍정적,83.0,61793,1006,73.46,122,_ASC
492,Indie,1721470,Poppy Playtime,Very Positive,Very Positive,매우 긍정적,88.0,60785,5288,78.88,103,Reviews_ASC
492,Indie,581320,Insurgency: Sandstorm,Very Positive,Very Positive,매우 긍정적,86.0,59460,1673,73.46,274,Reviews_ASC
492,Indie,899770,Last Epoch,Very Positive,Very Positive,매우 긍정적,80.0,59423,2979,75.09,92,Reviews_ASC
492,Indie,244210,Assetto Corsa,Very Positive,Very Positive,매우 긍정적,93.0,58915,1344,92.41,101,Reviews_ASC
492,Indie,632470,Disco Elysium - The Final Cut,Very Positive,Very Positive,매우 긍정적,92.0,56287,1991,84.73,138,Reviews_ASC
492,Indie,262060,Darkest Dungeon®,Very Positive,Very Positive,매우 긍정적,90.0,56109,9198,85.77,124,_ASC
492,Indie,3405340,Megabonk,Very Positive,Very Positive,매우 긍정적,94.0,55986,852,89.2,196,Reviews_ASC
492,Indie,848450,Subnautica: Below Zero,Very Positive,Very Positive,매우 긍정적,89.0,54786,1572,81.36,73,Reviews_ASC
492,Indie,361420,ASTRONEER,Very Positive,Very Positive,매우 긍정적,91.0,53468,4918,87.78,148,Reviews_ASC
492,Indie,2868840,Slay the Spire 2,Very Positive,Very Positive,매우 긍정적,94.0,53301,4013,87.76,1,Reviews_ASC
492,Indie,674940,Stick Fight: The Game,Very Positive,Very Positive,매우 긍정적,94.0,52484,858,91.03,357,Reviews_ASC
492,Indie,211820,Starbound,Very Positive,Very Positive,매우 긍정적,88.0,51755,1846,83.32,759,Reviews_ASC
492,Indie,1203620,Enshrouded,Very Positive,Very Positive,매우 긍정적,87.0,47325,2127,77.86,27,Reviews_ASC
492,Indie,240720,Getting Over It with Bennett Foddy,Very Positive,Very Positive,매우 긍정적,84.0,41107,3906,75.17,278,Reviews_ASC
492,Indie,305620,The Long Dark,Very Positive,Very Positive,매우 긍정적,87.0,40361,3849,87.53,204,Reviews_ASC
492,Indie,1943950,Escape the Backrooms,Very Positive,Very Positive,매우 긍정적,89.0,38314,2704,86.02,2,_ASC
492,Indie,516750,My Summer Car,Very Positive,Very Positive,매우 긍정적,93.0,36298,1080,89.91,321,Reviews_ASC
492,Indie,233450,Prison Architect,Very Positive,Very Positive,매우 긍정적,88.0,33865,1197,86.97,430,Reviews_ASC
492,Indie,2670630,Supermarket Simulator,Very Positive,Very Positive,매우 긍정적,92.0,33554,859,86.15,102,_ASC
492,Indie,319510,Five Nights at Freddy's,Very Positive,Very Positive,매우 긍정적,93.0,33035,639,89.67,367,Reviews_ASC
492,Indie,2709570,Supermarket Together,Very Positive,Very Positive,매우 긍정적,94.0,33003,1170,93.16,605,Reviews_ASC
492,Indie,774171,Muse Dash,Very Positive,Very Positive,매우 긍정적,94.0,29328,5725,96.07,195,Reviews_ASC
492,Indie,3949040,RV There Yet?,Very Positive,Very Positive,매우 긍정적,89.0,28805,720,85.14,20,Reviews_ASC
492,Indie,246620,Plague Inc: Evolved,Very Positive,Very Positive,매우 긍정적,93.0,25933,1063,92.47,62,Reviews_ASC
492,Indie,1222700,A Way Out,Very Positive,Very Positive,매우 긍정적,88.0,25439,2025,90.37,132,Reviews_ASC
492,Indie,285900,Gang Beasts,Very Positive,Very Positive,매우 긍정적,85.0,25073,2224,68.44,30,Reviews_ASC
492,Indie,1621690,Core Keeper,Very Positive,Very Positive,매우 긍정적,94.0,22992,5183,95.39,5,Reviews_ASC
492,Indie,282070,This War of Mine,Very Positive,Very Positive,매우 긍정적,92.0,22907,3936,95.2,364,Reviews_ASC
492,Indie,1135690,Unpacking,Very Positive,Very Positive,매우 긍정적,93.0,22448,1200,93.0,158,Reviews_ASC
492,Indie,824270,KovaaK's,Very Positive,Very Positive,매우 긍정적,93.0,22215,604,91.72,172,Reviews_ASC
492,Indie,1274570,DEVOUR,Very Positive,Very Positive,매우 긍정적,90.0,20600,1652,87.35,91,Reviews_ASC
492,Indie,621060,PC Building Simulator,Very Positive,Very Positive,매우 긍정적,94.0,19660,1225,91.27,633,Reviews_ASC
492,Indie,424840,Little Nightmares,Very Positive,Very Positive,매우 긍정적,94.0,18884,2653,91.03,236,Reviews_ASC
492,Indie,644930,They Are Billions,Very Positive,Very Positive,매우 긍정적,80.0,18807,1956,83.9,238,Reviews_ASC
492,Indie,774361,Blasphemous,Very Positive,Very Positive,매우 긍정적,90.0,18607,1284,84.74,716,Reviews_ASC
492,Indie,972660,Spiritfarer®: Farewell Edition,Very Positive,Very Positive,매우 긍정적,94.0,18600,982,89.0,729,Reviews_ASC
492,Indie,843380,Super Animal Royale,Very Positive,Very Positive,매우 긍정적,92.0,18060,1292,91.95,478,_ASC
492,Indie,501300,What Remains of Edith Finch,Very Positive,Very Positive,매우 긍정적,94.0,17880,806,87.22,549,_ASC
492,Indie,599140,Graveyard Keeper,Very Positive,Very Positive,매우 긍정적,84.0,17240,1197,72.01,234,Reviews_ASC
492,Indie,1260320,Party Animals,Very Positive,Very Positive,매우 긍정적,89.0,16754,2559,91.01,47,Reviews_ASC
492,Indie,1210320,Potion Craft: Alchemist Simulator,Very Positive,Very Positive,매우 긍정적,93.0,16250,1396,89.83,240,Reviews_ASC
492,Indie,322500,SUPERHOT,Very Positive,Very Positive,매우 긍정적,90.0,16131,698,90.11,802,Reviews_ASC
492,Indie,1282730,Loop Hero,Very Positive,Very Positive,매우 긍정적,91.0,15968,1061,92.18,822,Reviews_ASC
492,Indie,1062520,Dinkum,Very Positive,Very Positive,매우 긍정적,93.0,15665,969,91.54,95,Reviews_ASC
492,Indie,860510,Little Nightmares II,Very Positive,Very Positive,매우 긍정적,93.0,15653,1306,90.58,315,Reviews_ASC
492,Indie,3097560,Liar's Bar,Very Positive,Very Positive,매우 긍정적,89.0,14993,588,89.29,65,Reviews_ASC
492,Indie,880940,Pummel Party,Very Positive,Very Positive,매우 긍정적,87.0,14337,1007,88.68,33,Reviews_ASC
113,Free To Play,1240440,Halo Infinite,Mixed,Mixed,복합적,68.0,138604,709,67.14,94,Reviews_ASC
113,Free To Play,2507950,Delta Force,Mixed,Mixed,복합적,65.0,66380,4201,62.32,14,_ASC
113,Free To Play,2074920,The First Descendant,Mixed,Mixed,복합적,64.0,50413,7060,48.5,12,Reviews_ASC
113,Free To Play,2016590,Dark and Darker,Mixed,Mixed,복합적,66.0,46526,1494,53.88,61,Reviews_ASC
113,Free To Play,1665460,eFootball™,Mixed,Mixed,복합적,48.0,28575,1172,44.8,17,Reviews_ASC
113,Free To Play,674020,World War 3,Mixed,Mixed,복합적,53.0,23202,1259,47.42,718,Reviews_ASC
113,Free To Play,2524890,Pixel Gun 3D: PC Edition,Mixed,Mixed,복합적,62.0,22986,736,63.99,47,Reviews_ASC
113,Free To Play,1974050,Torchlight: Infinite,Mixed,Mixed,복합적,62.0,7976,1810,86.8,27,Reviews_ASC
113,Free To Play,1254120,Bless Unleashed,Mixed,Mixed,복합적,63.0,7395,1938,70.64,110,Reviews_ASC
113,Free To Play,4025700,Heartopia,Mixed,Mixed,복합적,58.0,7238,858,76.69,3,Reviews_ASC
113,Free To Play,985810,GrandChase,Mixed,Mixed,복합적,64.0,5229,2578,45.58,16,Reviews_ASC
113,Free To Play,2668080,Snowbreak: Containment Zone,Mixed,Mixed,복합적,64.0,4509,654,73.55,113,Reviews_ASC
113,Free To Play,3679080,The Seven Deadly Sins: Origin,Mixed,Mixed,복합적,58.0,3979,783,55.17,11,Reviews_ASC
113,Free To Play,311730,DEAD OR ALIVE 5 Last Round: Core Fighters,Mixed,Mixed,복합적,68.0,3559,547,53.56,116,Reviews_ASC
113,Free To Play,1352080,SMASH LEGENDS,Mixed,Mixed,복합적,66.0,2926,1227,56.64,179,Reviews_ASC
113,Free To Play,1825750,Soulworker : Your Destiny Awaits,Mixed,Mixed,복합적,65.0,2669,2649,65.27,32,Reviews_ASC
113,Free To Play,3678970,TBH: Task Bar Hero,Mixed,Mixed,복합적,43.0,2127,1120,24.02,33,_ASC
113,Free To Play,2357570,Overwatch®,Mostly Negative,Mostly Negative,대체로 부정적,39.0,158547,5681,47.53,20,_ASC
113,Free To Play,1367080,MOBILE SUIT GUNDAM BATTLE OPERATION 2,Mostly Negative,Mostly Negative,대체로 부정적,34.0,6815,1116,30.56,56,Reviews_ASC
113,Free To Play,2584990,Shadowverse: Worlds Beyond,Mostly Negative,Mostly Negative,대체로 부정적,37.0,6428,1624,22.11,63,Reviews_ASC
113,Free To Play,1172470,Apex Legends™,Mostly Positive,Mostly Positive,대체로 긍정적,76.0,443562,17997,72.0,2,Reviews_ASC
113,Free To Play,1085660,Destiny 2,Mostly Positive,Mostly Positive,대체로 긍정적,78.0,380897,14452,73.91,28,Reviews_ASC
113,Free To Play,236390,War Thunder,Mostly Positive,Mostly Positive,대체로 긍정적,73.0,312511,10222,67.56,15,Reviews_ASC
113,Free To Play,2767030,Marvel Rivals,Mostly Positive,Mostly Positive,대체로 긍정적,77.0,283260,2065,74.09,21,Reviews_ASC
113,Free To Play,291550,Brawlhalla,Mostly Positive,Mostly Positive,대체로 긍정적,78.0,175351,2111,79.11,69,Reviews_ASC
113,Free To Play,438100,VRChat,Mostly Positive,Mostly Positive,대체로 긍정적,71.0,174267,7208,77.94,13,Reviews_ASC
113,Free To Play,2139460,Once Human,Mostly Positive,Mostly Positive,대체로 긍정적,79.0,83869,7281,85.14,7,_ASC
113,Free To Play,1449850,Yu-Gi-Oh! Master Duel,Mostly Positive,Mostly Positive,대체로 긍정적,73.0,48123,8314,75.02,1,Reviews_ASC
113,Free To Play,304050,Trove,Mostly Positive,Mostly Positive,대체로 긍정적,76.0,42294,852,74.65,130,Reviews_ASC
113,Free To Play,1961460,PROJECT: PLAYTIME,Mostly Positive,Mostly Positive,대체로 긍정적,78.0,29531,683,69.84,485,Reviews_ASC
113,Free To Play,761890,Albion Online,Mostly Positive,Mostly Positive,대체로 긍정적,74.0,26896,2117,81.96,50,Reviews_ASC
113,Free To Play,2073620,Arena Breakout: Infinite,Mostly Positive,Mostly Positive,대체로 긍정적,75.0,25636,528,73.11,25,Reviews_ASC
113,Free To Play,550650,Black Squad,Mostly Positive,Mostly Positive,대체로 긍정적,70.0,25422,3742,73.49,89,Reviews_ASC
113,Free To Play,1407200,World of Tanks,Mostly Positive,Mostly Positive,대체로 긍정적,73.0,24729,1256,76.35,31,_ASC
113,Free To Play,444200,World of Tanks Blitz,Mostly Positive,Mostly Positive,대체로 긍정적,74.0,24353,1298,64.02,44,Reviews_ASC
113,Free To Play,2943650,FragPunk,Mostly Positive,Mostly Positive,대체로 긍정적,75.0,23566,732,73.5,76,_ASC
113,Free To Play,2923300,Banana,Mostly Positive,Mostly Positive,대체로 긍정적,78.0,21296,862,78.65,338,_ASC
113,Free To Play,2051620,Enlisted,Mostly Positive,Mostly Positive,대체로 긍정적,78.0,18729,597,70.85,57,_ASC
113,Free To Play,2452280,Mecha BREAK,Mostly Positive,Mostly Positive,대체로 긍정적,70.0,11433,633,48.34,60,Reviews_ASC
113,Free To Play,1282270,Strinova,Mostly Positive,Mostly Positive,대체로 긍정적,77.0,10902,778,57.07,37,Reviews_ASC
113,Free To Play,766570,Russian Fishing 4,Mostly Positive,Mostly Positive,대체로 긍정적,79.0,7351,1101,84.29,36,Reviews_ASC
113,Free To Play,835570,Conqueror's Blade,Mostly Positive,Mostly Positive,대체로 긍정적,73.0,6715,2905,75.28,29,Reviews_ASC
113,Free To Play,1590320,Bro Falls,Mostly Positive,Mostly Positive,대체로 긍정적,74.0,5107,2384,81.71,255,Reviews_ASC
113,Free To Play,1976440,CounterSide,Mostly Positive,Mostly Positive,대체로 긍정적,78.0,1897,1018,60.61,197,Reviews_ASC
113,Free To Play,698780,Doki Doki Literature Club!,Overwhelmingly Positive,Overwhelmingly Positive,압도적으로 긍정적,96.0,127539,4786,94.88,118,Reviews_DESC
113,Free To Play,1289310,Helltaker,Overwhelmingly Positive,Overwhelmingly Positive,압도적으로 긍정적,97.0,53827,5385,98.33,52,Reviews_DESC
113,Free To Play,3419430,Bongo Cat,Overwhelmingly Positive,Overwhelmingly Positive,압도적으로 긍정적,96.0,26399,1248,97.68,119,Reviews_DESC
113,Free To Play,2420510,HoloCure - Save the Fans!,Overwhelmingly Positive,Overwhelmingly Positive,압도적으로 긍정적,99.0,26226,895,99.11,1,Reviews_DESC
113,Free To Play,2263010,Pineapple on pizza,Overwhelmingly Positive,Overwhelmingly Positive,압도적으로 긍정적,97.0,10595,547,97.62,53,Reviews_DESC
113,Free To Play,3274300,Awaria,Overwhelmingly Positive,Overwhelmingly Positive,압도적으로 긍정적,96.0,8654,625,95.84,121,Reviews_DESC
113,Free To Play,2313250,Travellin Cats in Paris,Overwhelmingly Positive,Overwhelmingly Positive,압도적으로 긍정적,99.0,7561,629,99.36,12,Reviews_DESC
113,Free To Play,1275670,Outcore: Desktop Adventure,Overwhelmingly Positive,Overwhelmingly Positive,압도적으로 긍정적,96.0,5886,524,94.66,56,Reviews_DESC
113,Free To Play,570,Dota 2,Very Positive,Very Positive,매우 긍정적,88.0,829305,5170,76.09,24,Reviews_ASC
113,Free To Play,440,Team Fortress 2,Very Positive,Very Positive,매우 긍정적,89.0,734803,13686,88.61,4,Reviews_ASC
113,Free To Play,230410,Warframe,Very Positive,Very Positive,매우 긍정적,91.0,294445,11133,88.23,8,Reviews_ASC
113,Free To Play,304930,Unturned,Very Positive,Very Positive,매우 긍정적,90.0,220816,4945,84.97,138,Reviews_ASC
113,Free To Play,2073850,THE FINALS,Very Positive,Very Positive,매우 긍정적,80.0,152717,4979,64.63,38,_ASC
113,Free To Play,444090,Paladins®,Very Positive,Very Positive,매우 긍정적,82.0,127546,2340,81.54,262,Reviews_ASC
113,Free To Play,1222670,The Sims™ 4,Very Positive,Very Positive,매우 긍정적,87.0,104284,2687,86.38,22,Reviews_ASC
113,Free To Play,1625450,Muck,Very Positive,Very Positive,매우 긍정적,93.0,102246,2886,90.68,786,Reviews_DESC
113,Free To Play,700330,SCP: Secret Laboratory,Very Positive,Very Positive,매우 긍정적,92.0,90882,5834,84.32,848,_ASC
113,Free To Play,1782210,Crab Game,Very Positive,Very Positive,매우 긍정적,91.0,83246,623,83.63,447,Reviews_ASC
113,Free To Play,714010,Aimlabs,Very Positive,Very Positive,매우 긍정적,90.0,65574,1870,93.26,65,Reviews_ASC
113,Free To Play,3564740,Where Winds Meet,Very Positive,Very Positive,매우 긍정적,86.0,61663,3069,87.16,5,Reviews_ASC
113,Free To Play,1721470,Poppy Playtime,Very Positive,Very Positive,매우 긍정적,88.0,60785,5288,78.88,51,_ASC
113,Free To Play,552990,World of Warships,Very Positive,Very Positive,매우 긍정적,80.0,48788,2542,81.24,18,_ASC
113,Free To Play,203770,Crusader Kings II,Very Positive,Very Positive,매우 긍정적,91.0,47695,1054,91.37,208,Reviews_ASC
113,Free To Play,218230,PlanetSide 2,Very Positive,Very Positive,매우 긍정적,81.0,47371,802,76.43,153,Reviews_ASC
113,Free To Play,1973530,Limbus Company,Very Positive,Very Positive,매우 긍정적,92.0,45855,17318,83.77,6,Reviews_ASC
113,Free To Play,1046930,Dota Underlords,Very Positive,Very Positive,매우 긍정적,84.0,33504,649,75.5,357,Reviews_ASC
113,Free To Play,2709570,Supermarket Together,Very Positive,Very Positive,매우 긍정적,94.0,33006,1170,93.16,152,Reviews_ASC
113,Free To Play,588430,Fallout Shelter,Very Positive,Very Positive,매우 긍정적,85.0,32586,569,82.6,134,Reviews_ASC
113,Free To Play,224260,No More Room in Hell,Very Positive,Very Positive,매우 긍정적,89.0,30363,1933,86.7,370,_ASC
113,Free To Play,3513350,Wuthering Waves,Very Positive,Very Positive,매우 긍정적,89.0,25016,1690,90.89,9,Reviews_ASC
113,Free To Play,504370,Battlerite,Very Positive,Very Positive,매우 긍정적,83.0,23852,500,78.6,443,_ASC
113,Free To Play,1203220,NARAKA: BLADEPOINT,Very Positive,Very Positive,매우 긍정적,81.0,23491,1109,80.79,26,Reviews_ASC
113,Free To Play,223750,DCS World Steam Edition,Very Positive,Very Positive,매우 긍정적,84.0,22826,550,90.73,72,Reviews_ASC
113,Free To Play,601510,Yu-Gi-Oh! Duel Links,Very Positive,Very Positive,매우 긍정적,81.0,20339,1366,74.6,52,_ASC
113,Free To Play,933110,Age of Empires III: Definitive Edition,Very Positive,Very Positive,매우 긍정적,84.0,18550,624,72.76,73,Reviews_ASC
113,Free To Play,843380,Super Animal Royale,Very Positive,Very Positive,매우 긍정적,92.0,18060,1292,91.95,788,Reviews_DESC
113,Free To Play,582500,We Were Here,Very Positive,Very Positive,매우 긍정적,89.0,15934,2248,92.08,583,Reviews_ASC
113,Free To Play,1869590,Omega Strikers,Very Positive,Very Positive,매우 긍정적,85.0,14565,957,79.1,293,_ASC
113,Free To Play,1568590,Goose Goose Duck,Very Positive,Very Positive,매우 긍정적,90.0,12992,4125,90.52,48,Reviews_ASC
113,Free To Play,1049590,Eternal Return,Very Positive,Very Positive,매우 긍정적,80.0,12507,35304,75.03,10,Reviews_ASC
113,Free To Play,980610,Quaver,Very Positive,Very Positive,매우 긍정적,91.0,10851,679,88.51,326,Reviews_ASC
113,Free To Play,332950,Dark Deception,Very Positive,Very Positive,매우 긍정적,88.0,7679,821,80.15,156,Reviews_ASC
19,Action,578080,PUBG: BATTLEGROUNDS,Mixed,Mixed,복합적,66.0,446138,146848,71.5,3,Reviews_ASC
19,Action,1938090,Call of Duty®,Mixed,Mixed,복합적,57.0,232454,5079,44.18,20,Reviews_ASC
19,Action,2807960,Battlefield™ 6,Mixed,Mixed,복합적,67.0,144581,3876,47.29,60,Reviews_ASC
19,Action,1240440,Halo Infinite,Mixed,Mixed,복합적,68.0,138604,709,67.14,541,Reviews_ASC
19,Action,1517290,Battlefield™ 2042,Mixed,Mixed,복합적,46.0,106419,6539,44.75,737,Reviews_ASC
19,Action,1716740,Starfield,Mixed,Mixed,복합적,57.0,84995,1877,32.34,394,Reviews_ASC
19,Action,2246340,Monster Hunter Wilds,Mixed,Mixed,복합적,69.0,81923,17673,55.2,9,Reviews_ASC
19,Action,2507950,Delta Force,Mixed,Mixed,복합적,65.0,66380,4201,62.32,41,_ASC
19,Action,304390,FOR HONOR™,Mixed,Mixed,복합적,69.0,57478,4051,59.07,201,Reviews_ASC
19,Action,2399830,ARK: Survival Ascended,Mixed,Mixed,복합적,60.0,54837,906,51.88,86,Reviews_ASC
19,Action,2074920,The First Descendant,Mixed,Mixed,복합적,64.0,50413,7060,48.5,40,Reviews_ASC
19,Action,1774580,STAR WARS Jedi: Survivor™,Mixed,Mixed,복합적,69.0,49201,1069,69.78,457,Reviews_ASC
19,Action,2054970,Dragon's Dogma 2,Mixed,Mixed,복합적,67.0,43440,3189,54.28,439,Reviews_ASC
19,Action,1285190,Borderlands 4,Mixed,Mixed,복합적,61.0,41518,1316,57.75,110,Reviews_ASC
19,Action,1272080,PAYDAY 3,Mixed,Mixed,복합적,43.0,31207,1284,32.48,264,Reviews_ASC
19,Action,680420,OUTRIDERS,Mixed,Mixed,복합적,68.0,30525,822,54.62,892,Reviews_ASC
19,Action,1778820,TEKKEN 8,Mixed,Mixed,복합적,57.0,26468,10177,36.53,28,Reviews_ASC
19,Action,2524890,Pixel Gun 3D: PC Edition,Mixed,Mixed,복합적,62.0,22986,736,63.99,204,Reviews_ASC
19,Action,360430,Mafia III: Definitive Edition,Mixed,Mixed,복합적,60.0,16139,748,45.99,666,Reviews_ASC
19,Action,476600,Call of Duty®: WWII,Mixed,Mixed,복합적,66.0,13887,1584,58.46,215,Reviews_ASC
19,Action,1677280,Company of Heroes 3,Mixed,Mixed,복합적,62.0,12940,1581,43.96,104,Reviews_ASC
19,Action,269210,Hero Siege,Mixed,Mixed,복합적,60.0,12727,2030,69.66,275,Reviews_ASC
19,Action,2369390,Far Cry® 6,Mixed,Mixed,복합적,67.0,12541,655,61.07,757,Reviews_ASC
19,Action,3932890,Escape from Tarkov,Mixed,Mixed,복합적,60.0,10734,1548,34.24,31,Reviews_ASC
19,Action,292730,Call of Duty®: Infinite Warfare,Mixed,Mixed,복합적,62.0,9434,843,52.08,759,Reviews_ASC
19,Action,1974050,Torchlight: Infinite,Mixed,Mixed,복합적,62.0,7976,1810,86.8,96,Reviews_ASC
19,Action,1254120,Bless Unleashed,Mixed,Mixed,복합적,63.0,7395,1938,70.64,663,Reviews_ASC
19,Action,393080,Call of Duty®: Modern Warfare® Remastered (2017),Mixed,Mixed,복합적,42.0,6224,932,64.91,294,Reviews_ASC
19,Action,209650,Call of Duty®: Advanced Warfare - Gold Edition,Mixed,Mixed,복합적,58.0,5831,549,69.4,638,Reviews_ASC
19,Action,985810,GrandChase,Mixed,Mixed,복합적,64.0,5229,2578,45.58,52,Reviews_ASC
19,Action,2668080,Snowbreak: Containment Zone,Mixed,Mixed,복합적,64.0,4509,654,73.55,665,Reviews_ASC
19,Action,3679080,The Seven Deadly Sins: Origin,Mixed,Mixed,복합적,58.0,3979,783,55.17,29,Reviews_ASC
19,Action,311730,DEAD OR ALIVE 5 Last Round: Core Fighters,Mixed,Mixed,복합적,68.0,3559,547,53.56,590,Reviews_ASC
19,Action,1825750,Soulworker : Your Destiny Awaits,Mixed,Mixed,복합적,65.0,2669,2649,65.27,111,Reviews_ASC
19,Action,1424800,Uncharted Waters IV HD Version,Mixed,Mixed,복합적,66.0,1881,523,69.22,588,Reviews_ASC
19,Action,1635450,Longvinter,Mixed,Mixed,복합적,62.0,1812,3898,71.34,333,Reviews_ASC
19,Action,2349820,Hero's Land,Mixed,Mixed,복합적,66.0,1457,2390,75.56,223,Reviews_ASC
19,Action,2357570,Overwatch®,Mostly Negative,Mostly Negative,대체로 부정적,39.0,158547,5681,47.53,64,_ASC
19,Action,1367080,MOBILE SUIT GUNDAM BATTLE OPERATION 2,Mostly Negative,Mostly Negative,대체로 부정적,34.0,6815,1116,30.56,258,Reviews_ASC
19,Action,1172470,Apex Legends™,Mostly Positive,Mostly Positive,대체로 긍정적,76.0,443562,17997,72.0,10,Reviews_ASC
19,Action,1085660,Destiny 2,Mostly Positive,Mostly Positive,대체로 긍정적,78.0,380897,14452,73.91,101,Reviews_ASC
19,Action,236390,War Thunder,Mostly Positive,Mostly Positive,대체로 긍정적,73.0,312511,10222,67.56,42,Reviews_ASC
19,Action,2767030,Marvel Rivals,Mostly Positive,Mostly Positive,대체로 긍정적,77.0,283260,2065,74.09,70,Reviews_ASC
19,Action,381210,Dead by Daylight,Mostly Positive,Mostly Positive,대체로 긍정적,79.0,256229,23820,73.16,23,Reviews_ASC
19,Action,221100,DayZ,Mostly Positive,Mostly Positive,대체로 긍정적,74.0,176199,2936,52.96,361,Reviews_ASC
19,Action,291550,Brawlhalla,Mostly Positive,Mostly Positive,대체로 긍정적,78.0,175351,2111,79.11,343,Reviews_ASC
19,Action,438100,VRChat,Mostly Positive,Mostly Positive,대체로 긍정적,71.0,174267,7208,77.94,44,Reviews_ASC
19,Action,1144200,Ready or Not,Mostly Positive,Mostly Positive,대체로 긍정적,76.0,146533,8542,84.94,90,Reviews_ASC
19,Action,594650,Hunt: Showdown 1896,Mostly Positive,Mostly Positive,대체로 긍정적,77.0,93457,2017,75.41,192,Reviews_ASC
19,Action,1361210,"Warhammer 40,000: Darktide",Mostly Positive,Mostly Positive,대체로 긍정적,75.0,71950,1823,71.37,173,Reviews_ASC
19,Action,534380,Dying Light 2 Stay Human: Reloaded Edition,Mostly Positive,Mostly Positive,대체로 긍정적,78.0,67747,3323,71.08,402,Reviews_ASC
19,Action,376210,The Isle,Mostly Positive,Mostly Positive,대체로 긍정적,77.0,58027,1159,78.08,338,Reviews_ASC
19,Action,1142710,Total War: WARHAMMER III,Mostly Positive,Mostly Positive,대체로 긍정적,70.0,54570,3685,69.31,83,Reviews_ASC
19,Action,2479810,Gray Zone Warfare,Mostly Positive,Mostly Positive,대체로 긍정적,74.0,45409,542,61.62,78,Reviews_ASC
19,Action,304050,Trove,Mostly Positive,Mostly Positive,대체로 긍정적,76.0,42294,852,74.65,874,Reviews_ASC
19,Action,1643320,S.T.A.L.K.E.R. 2: Heart of Chornobyl,Mostly Positive,Mostly Positive,대체로 긍정적,76.0,41997,1792,60.6,304,Reviews_ASC
19,Action,440900,Conan Exiles Enhanced,Mostly Positive,Mostly Positive,대체로 긍정적,79.0,38877,992,74.5,212,_ASC
19,Action,513710,SCUM,Mostly Positive,Mostly Positive,대체로 긍정적,74.0,37575,911,51.37,419,Reviews_ASC
19,Action,1238810,Battlefield™ V,Mostly Positive,Mostly Positive,대체로 긍정적,71.0,34855,2994,62.89,432,Reviews_ASC
19,Action,761890,Albion Online,Mostly Positive,Mostly Positive,대체로 긍정적,74.0,26896,2117,81.96,235,Reviews_ASC
19,Action,2073620,Arena Breakout: Infinite,Mostly Positive,Mostly Positive,대체로 긍정적,75.0,25639,528,73.11,91,Reviews_ASC
19,Action,289650,Assassin's Creed® Unity,Mostly Positive,Mostly Positive,대체로 긍정적,75.0,25437,2527,63.59,651,Reviews_ASC
19,Action,550650,Black Squad,Mostly Positive,Mostly Positive,대체로 긍정적,70.0,25422,3742,73.49,498,Reviews_ASC
19,Action,1407200,World of Tanks,Mostly Positive,Mostly Positive,대체로 긍정적,73.0,24729,1256,76.35,112,_ASC
19,Action,444200,World of Tanks Blitz,Mostly Positive,Mostly Positive,대체로 긍정적,74.0,24353,1298,64.02,195,Reviews_ASC
19,Action,2943650,FragPunk,Mostly Positive,Mostly Positive,대체로 긍정적,75.0,23566,732,73.5,392,_ASC
19,Action,313120,Stranded Deep,Mostly Positive,Mostly Positive,대체로 긍정적,74.0,23355,514,66.93,515,Reviews_ASC
19,Action,2051620,Enlisted,Mostly Positive,Mostly Positive,대체로 긍정적,78.0,18725,597,70.85,252,Reviews_ASC
19,Action,2231380,Tom Clancy's Ghost Recon® Breakpoint,Mostly Positive,Mostly Positive,대체로 긍정적,72.0,18442,849,57.48,395,_ASC
19,Action,2221490,Tom Clancy’s The Division® 2,Mostly Positive,Mostly Positive,대체로 긍정적,79.0,16570,1303,68.15,121,Reviews_ASC
19,Action,221040,Resident Evil 6,Mostly Positive,Mostly Positive,대체로 긍정적,72.0,15223,1065,77.0,289,Reviews_ASC
19,Action,3159330,Assassin’s Creed Shadows,Mostly Positive,Mostly Positive,대체로 긍정적,77.0,15029,1215,76.21,53,Reviews_ASC
19,Action,668580,Atomic Heart,Mostly Positive,Mostly Positive,대체로 긍정적,78.0,13185,566,70.14,263,Reviews_ASC
19,Action,310950,Street Fighter V,Mostly Positive,Mostly Positive,대체로 긍정적,70.0,12698,1148,69.69,849,Reviews_ASC
19,Action,2515020,FINAL FANTASY XVI,Mostly Positive,Mostly Positive,대체로 긍정적,79.0,12182,1015,78.62,355,Reviews_ASC
19,Action,2452280,Mecha BREAK,Mostly Positive,Mostly Positive,대체로 긍정적,70.0,11433,633,48.34,267,Reviews_ASC
19,Action,1282270,Strinova,Mostly Positive,Mostly Positive,대체로 긍정적,77.0,10902,778,57.07,153,_ASC
19,Action,368500,Assassin's Creed® Syndicate,Mostly Positive,Mostly Positive,대체로 긍정적,78.0,10010,1209,78.0,484,Reviews_ASC
19,Action,934700,Dead Island 2,Mostly Positive,Mostly Positive,대체로 긍정적,76.0,9522,550,74.55,161,Reviews_ASC
19,Action,835570,Conqueror's Blade,Mostly Positive,Mostly Positive,대체로 긍정적,73.0,6715,2905,75.28,108,Reviews_ASC
19,Action,287290,Resident Evil Revelations 2,Mostly Positive,Mostly Positive,대체로 긍정적,75.0,6601,604,80.13,519,_ASC
19,Action,2695940,PANICORE,Mostly Positive,Mostly Positive,대체로 긍정적,75.0,4326,507,77.91,312,Reviews_ASC
19,Action,105600,Terraria,Overwhelmingly Positive,Overwhelmingly Positive,압도적으로 긍정적,97.0,592881,17745,96.0,106,_ASC
19,Action,4000,Garry's Mod,Overwhelmingly Positive,Overwhelmingly Positive,압도적으로 긍정적,97.0,529047,11427,93.48,199,Reviews_DESC
19,Action,1966720,Lethal Company,Overwhelmingly Positive,Overwhelmingly Positive,압도적으로 긍정적,97.0,275332,10760,95.7,65,Reviews_ASC
19,Action,292030,The Witcher 3: Wild Hunt,Overwhelmingly Positive,Overwhelmingly Positive,압도적으로 긍정적,96.0,236173,16690,94.33,201,Reviews_DESC
19,Action,550,Left 4 Dead 2,Overwhelmingly Positive,Overwhelmingly Positive,압도적으로 긍정적,97.0,228023,16450,95.37,70,Reviews_DESC
19,Action,960090,Bloons TD 6,Overwhelmingly Positive,Overwhelmingly Positive,압도적으로 긍정적,97.0,226307,1851,95.52,74,Reviews_DESC
19,Action,284160,BeamNG.drive,Overwhelmingly Positive,Overwhelmingly Positive,압도적으로 긍정적,97.0,200189,1903,93.59,186,_ASC
19,Action,3164500,Schedule I,Overwhelmingly Positive,Overwhelmingly Positive,압도적으로 긍정적,97.0,192035,508,94.29,77,Reviews_DESC
19,Action,264710,Subnautica,Overwhelmingly Positive,Overwhelmingly Positive,압도적으로 긍정적,96.0,185065,5772,93.97,75,Reviews_DESC
19,Action,367520,Hollow Knight,Overwhelmingly Positive,Overwhelmingly Positive,압도적으로 긍정적,97.0,178178,12550,95.58,211,_ASC
19,Action,242760,The Forest,Overwhelmingly Positive,Overwhelmingly Positive,압도적으로 긍정적,95.0,175911,9315,91.74,77,_ASC
19,Action,1118200,People Playground,Overwhelmingly Positive,Overwhelmingly Positive,압도적으로 긍정적,98.0,174055,1269,97.48,13,Reviews_DESC
19,Action,620,Portal 2,Overwhelmingly Positive,Overwhelmingly Positive,압도적으로 긍정적,98.0,170722,8803,98.19,12,Reviews_DESC
19,Action,548430,Deep Rock Galactic,Overwhelmingly Positive,Overwhelmingly Positive,압도적으로 긍정적,97.0,169915,3442,95.82,76,Reviews_DESC
19,Action,22380,Fallout: New Vegas,Overwhelmingly Positive,Overwhelmingly Positive,압도적으로 긍정적,96.0,167772,2511,92.35,915,_ASC
19,Action,632360,Risk of Rain 2,Overwhelmingly Positive,Overwhelmingly Positive,압도적으로 긍정적,95.0,161210,4302,90.1,115,Reviews_ASC
19,Action,1623730,Palworld,Overwhelmingly Positive,Overwhelmingly Positive,압도적으로 긍정적,95.0,151354,21804,95.06,15,Reviews_ASC
19,Action,250900,The Binding of Isaac: Rebirth,Overwhelmingly Positive,Overwhelmingly Positive,압도적으로 긍정적,97.0,145159,11816,96.45,73,Reviews_DESC
19,Action,1229490,ULTRAKILL,Overwhelmingly Positive,Overwhelmingly Positive,압도적으로 긍정적,97.0,144098,727,98.49,78,Reviews_DESC
19,Action,1145360,Hades,Overwhelmingly Positive,Overwhelmingly Positive,압도적으로 긍정적,98.0,140601,6799,96.9,14,Reviews_DESC
19,Action,3241660,R.E.P.O.,Overwhelmingly Positive,Overwhelmingly Positive,압도적으로 긍정적,96.0,131108,4703,96.17,24,_ASC
19,Action,3527290,PEAK,Overwhelmingly Positive,Overwhelmingly Positive,압도적으로 긍정적,95.0,129093,4689,94.01,34,Reviews_ASC
19,Action,1794680,Vampire Survivors,Overwhelmingly Positive,Overwhelmingly Positive,압도적으로 긍정적,98.0,126607,15973,98.21,15,Reviews_DESC
19,Action,2592160,Dispatch,Overwhelmingly Positive,Overwhelmingly Positive,압도적으로 긍정적,97.0,103908,1132,96.2,81,Reviews_DESC
19,Action,1903340,Clair Obscur: Expedition 33,Overwhelmingly Positive,Overwhelmingly Positive,압도적으로 긍정적,96.0,99100,5783,95.31,129,Reviews_ASC
19,Action,1237970,Titanfall® 2,Overwhelmingly Positive,Overwhelmingly Positive,압도적으로 긍정적,95.0,94459,3647,96.82,414,_ASC
19,Action,220,Half-Life 2,Overwhelmingly Positive,Overwhelmingly Positive,압도적으로 긍정적,97.0,89078,2813,94.95,79,Reviews_DESC
19,Action,379720,DOOM,Overwhelmingly Positive,Overwhelmingly Positive,압도적으로 긍정적,95.0,83739,3444,94.4,398,Reviews_DESC
19,Action,508440,Totally Accurate Battle Simulator,Overwhelmingly Positive,Overwhelmingly Positive,압도적으로 긍정적,98.0,82957,3034,95.85,85,Reviews_DESC
19,Action,400,Portal,Overwhelmingly Positive,Overwhelmingly Positive,압도적으로 긍정적,98.0,82057,4481,97.99,16,Reviews_DESC
19,Action,322330,Don't Starve Together,Overwhelmingly Positive,Overwhelmingly Positive,압도적으로 긍정적,95.0,80912,12831,93.41,84,Reviews_ASC
19,Action,1332010,Stray,Overwhelmingly Positive,Overwhelmingly Positive,압도적으로 긍정적,97.0,77813,2150,95.53,271,Reviews_ASC
19,Action,319630,Life is Strange - Episode 1,Overwhelmingly Positive,Overwhelmingly Positive,압도적으로 긍정적,95.0,75827,2439,95.0,205,Reviews_DESC
19,Action,2050650,Resident Evil 4,Overwhelmingly Positive,Overwhelmingly Positive,압도적으로 긍정적,96.0,65686,4704,98.07,7,Reviews_ASC
19,Action,433340,Slime Rancher,Overwhelmingly Positive,Overwhelmingly Positive,압도적으로 긍정적,98.0,64783,2647,94.79,17,Reviews_DESC
19,Action,1145350,Hades II,Overwhelmingly Positive,Overwhelmingly Positive,압도적으로 긍정적,96.0,63737,1985,95.52,124,Reviews_ASC
19,Action,268910,Cuphead,Overwhelmingly Positive,Overwhelmingly Positive,압도적으로 긍정적,96.0,63287,3555,94.26,80,_ASC
19,Action,546560,Half-Life: Alyx,Overwhelmingly Positive,Overwhelmingly Positive,압도적으로 긍정적,98.0,60999,2297,98.87,18,Reviews_DESC
19,Action,813780,Age of Empires II: Definitive Edition,Overwhelmingly Positive,Overwhelmingly Positive,압도적으로 긍정적,95.0,60561,2074,89.2,397,Reviews_DESC
19,Action,504230,Celeste,Overwhelmingly Positive,Overwhelmingly Positive,압도적으로 긍정적,97.0,59469,1642,96.89,87,Reviews_DESC
19,Action,1593500,God of War,Overwhelmingly Positive,Overwhelmingly Positive,압도적으로 긍정적,96.0,59147,3969,94.68,210,Reviews_DESC
19,Action,1313140,Cult of the Lamb,Overwhelmingly Positive,Overwhelmingly Positive,압도적으로 긍정적,96.0,58757,2615,93.31,239,Reviews_ASC
19,Action,70,Half-Life,Overwhelmingly Positive,Overwhelmingly Positive,압도적으로 긍정적,96.0,57747,1619,91.35,212,Reviews_DESC
19,Action,883710,Resident Evil 2,Overwhelmingly Positive,Overwhelmingly Positive,압도적으로 긍정적,96.0,55853,4474,96.09,72,Reviews_ASC
19,Action,48700,Mount & Blade: Warband,Overwhelmingly Positive,Overwhelmingly Positive,압도적으로 긍정적,97.0,54776,2370,97.09,86,Reviews_DESC
19,Action,1817070,Marvel’s Spider-Man Remastered,Overwhelmingly Positive,Overwhelmingly Positive,압도적으로 긍정적,96.0,53212,4220,95.19,218,Reviews_DESC
19,Action,620980,Beat Saber,Overwhelmingly Positive,Overwhelmingly Positive,압도적으로 긍정적,95.0,52937,1459,95.82,387,Reviews_ASC
19,Action,753640,Outer Wilds,Overwhelmingly Positive,Overwhelmingly Positive,압도적으로 긍정적,95.0,50797,1383,92.26,322,Reviews_ASC
19,Action,3764200,Resident Evil Requiem,Overwhelmingly Positive,Overwhelmingly Positive,압도적으로 긍정적,96.0,50272,2708,96.86,6,Reviews_ASC
19,Action,1868140,DAVE THE DIVER,Overwhelmingly Positive,Overwhelmingly Positive,압도적으로 긍정적,96.0,48306,11589,97.19,123,Reviews_ASC
19,Action,1426210,It Takes Two,Overwhelmingly Positive,Overwhelmingly Positive,압도적으로 긍정적,95.0,46884,8270,96.72,79,Reviews_ASC
19,Action,2995920,It Takes Two Friend's Pass,Overwhelmingly Positive,Overwhelmingly Positive,압도적으로 긍정적,95.0,46883,8270,96.72,82,Reviews_ASC
19,Action,881100,Noita,Overwhelmingly Positive,Overwhelmingly Positive,압도적으로 긍정적,95.0,46639,1325,92.75,406,Reviews_DESC
19,Action,636480,Ravenfield,Overwhelmingly Positive,Overwhelmingly Positive,압도적으로 긍정적,97.0,45712,975,96.31,219,Reviews_DESC
19,Action,1196590,Resident Evil Village,Overwhelmingly Positive,Overwhelmingly Positive,압도적으로 긍정적,95.0,45393,2489,96.22,116,_ASC
19,Action,204360,Castle Crashers®,Overwhelmingly Positive,Overwhelmingly Positive,압도적으로 긍정적,97.0,45049,1486,90.58,215,Reviews_DESC
19,Action,240,Counter-Strike: Source,Overwhelmingly Positive,Overwhelmingly Positive,압도적으로 긍정적,96.0,44678,1728,91.03,209,Reviews_DESC
19,Action,588650,Dead Cells,Overwhelmingly Positive,Overwhelmingly Positive,압도적으로 긍정적,96.0,43762,2845,94.69,83,Reviews_DESC
19,Action,223470,POSTAL 2,Overwhelmingly Positive,Overwhelmingly Positive,압도적으로 긍정적,97.0,42493,555,88.83,211,Reviews_DESC
19,Action,219150,Hotline Miami,Overwhelmingly Positive,Overwhelmingly Positive,압도적으로 긍정적,96.0,40913,980,95.31,88,Reviews_DESC
19,Action,219990,Grim Dawn,Overwhelmingly Positive,Overwhelmingly Positive,압도적으로 긍정적,95.0,39298,1657,92.28,270,Reviews_ASC
19,Action,601150,Devil May Cry 5,Overwhelmingly Positive,Overwhelmingly Positive,압도적으로 긍정적,95.0,38805,2571,93.39,213,Reviews_DESC
19,Action,311690,Enter the Gungeon,Overwhelmingly Positive,Overwhelmingly Positive,압도적으로 긍정적,95.0,38756,4530,95.06,407,Reviews_DESC
19,Action,205100,Dishonored,Overwhelmingly Positive,Overwhelmingly Positive,압도적으로 긍정적,97.0,38450,1975,96.05,91,Reviews_DESC
19,Action,1217060,Gunfire Reborn,Overwhelmingly Positive,Overwhelmingly Positive,압도적으로 긍정적,96.0,36435,4864,94.22,207,Reviews_ASC
19,Action,10,Counter-Strike,Overwhelmingly Positive,Overwhelmingly Positive,압도적으로 긍정적,96.0,34763,538,93.12,206,Reviews_DESC
19,Action,2835570,Buckshot Roulette,Overwhelmingly Positive,Overwhelmingly Positive,압도적으로 긍정적,96.0,34459,2137,94.29,402,Reviews_DESC
19,Action,1942280,Brotato,Overwhelmingly Positive,Overwhelmingly Positive,압도적으로 긍정적,96.0,30877,2525,96.4,214,Reviews_DESC
19,Action,1057090,Ori and the Will of the Wisps,Overwhelmingly Positive,Overwhelmingly Positive,압도적으로 긍정적,96.0,30750,4963,97.4,207,Reviews_DESC
19,Action,477160,Human Fall Flat,Overwhelmingly Positive,Overwhelmingly Positive,압도적으로 긍정적,95.0,30557,10823,93.94,158,Reviews_ASC
19,Action,213670,South Park™: The Stick of Truth™,Overwhelmingly Positive,Overwhelmingly Positive,압도적으로 긍정적,97.0,30431,561,97.86,92,Reviews_DESC
19,Action,35140,Batman: Arkham Asylum Game of the Year Edition,Overwhelmingly Positive,Overwhelmingly Positive,압도적으로 긍정적,96.0,29476,1102,91.65,220,Reviews_DESC
19,Action,307690,Sleeping Dogs: Definitive Edition,Overwhelmingly Positive,Overwhelmingly Positive,압도적으로 긍정적,95.0,29409,1018,89.19,570,_ASC
19,Action,253230,A Hat in Time,Overwhelmingly Positive,Overwhelmingly Positive,압도적으로 긍정적,98.0,29165,2281,96.98,96,Reviews_DESC
19,Action,312520,Rain World,Overwhelmingly Positive,Overwhelmingly Positive,압도적으로 긍정적,95.0,28604,1100,89.55,238,Reviews_ASC
19,Action,730,Counter-Strike 2,Very Positive,Very Positive,매우 긍정적,86.0,2549257,25696,80.18,2,Reviews_ASC
19,Action,570,Dota 2,Very Positive,Very Positive,매우 긍정적,88.0,829305,5170,76.09,92,Reviews_ASC
19,Action,359550,Tom Clancy's Rainbow Six Siege,Very Positive,Very Positive,매우 긍정적,82.0,785509,52580,79.67,32,Reviews_ASC
19,Action,440,Team Fortress 2,Very Positive,Very Positive,매우 긍정적,89.0,734803,13686,88.61,12,Reviews_ASC
19,Action,553850,HELLDIVERS™ 2,Very Positive,Very Positive,매우 긍정적,80.0,627020,18482,50.68,39,Reviews_ASC
19,Action,252490,Rust,Very Positive,Very Positive,매우 긍정적,86.0,522854,9328,77.28,37,Reviews_ASC
19,Action,1245620,ELDEN RING,Very Positive,Very Positive,매우 긍정적,94.0,428815,27569,91.36,38,Reviews_ASC
19,Action,1091500,Cyberpunk 2077,Very Positive,Very Positive,매우 긍정적,88.0,375771,24685,77.39,47,Reviews_ASC
19,Action,945360,Among Us,Very Positive,Very Positive,매우 긍정적,92.0,373747,10071,82.35,278,_ASC
19,Action,739630,Phasmophobia,Very Positive,Very Positive,매우 긍정적,94.0,355939,5815,92.19,107,Reviews_ASC
19,Action,1174180,Red Dead Redemption 2,Very Positive,Very Positive,매우 긍정적,91.0,300152,18779,91.47,87,_ASC
19,Action,230410,Warframe,Very Positive,Very Positive,매우 긍정적,91.0,294449,11133,88.23,18,Reviews_ASC
19,Action,322170,Geometry Dash,Very Positive,Very Positive,매우 긍정적,93.0,280081,6878,88.78,178,Reviews_ASC
19,Action,892970,Valheim,Very Positive,Very Positive,매우 긍정적,94.0,255519,7593,92.6,132,_ASC
19,Action,346110,ARK: Survival Evolved,Very Positive,Very Positive,매우 긍정적,80.0,254609,20738,80.25,103,_ASC
19,Action,304930,Unturned,Very Positive,Very Positive,매우 긍정적,90.0,220816,4945,84.97,932,Reviews_ASC
19,Action,1808500,ARC Raiders,Very Positive,Very Positive,매우 긍정적,83.0,192704,3995,81.28,26,Reviews_ASC
19,Action,377160,Fallout 4,Very Positive,Very Positive,매우 긍정적,81.0,181782,6802,76.52,353,Reviews_ASC
19,Action,275850,No Man's Sky,Very Positive,Very Positive,매우 긍정적,81.0,181293,3072,75.94,61,Reviews_ASC
19,Action,218620,PAYDAY 2,Very Positive,Very Positive,매우 긍정적,87.0,174497,8578,80.4,208,Reviews_ASC
19,Action,976730,Halo: The Master Chief Collection,Very Positive,Very Positive,매우 긍정적,91.0,162029,1468,86.17,475,Reviews_ASC
19,Action,2073850,THE FINALS,Very Positive,Very Positive,매우 긍정적,80.0,152717,4979,64.63,162,Reviews_ASC
19,Action,1172620,Sea of Thieves: 2026 Edition,Very Positive,Very Positive,매우 긍정적,88.0,145725,3333,82.96,94,Reviews_ASC
19,Action,990080,Hogwarts Legacy,Very Positive,Very Positive,매우 긍정적,91.0,141380,6591,84.34,75,Reviews_ASC
19,Action,1030300,Hollow Knight: Silksong,Very Positive,Very Positive,매우 긍정적,93.0,140930,6646,83.89,251,_ASC
19,Action,648800,Raft,Very Positive,Very Positive,매우 긍정적,93.0,128631,10558,90.68,59,Reviews_ASC
19,Action,489830,The Elder Scrolls V: Skyrim Special Edition,Very Positive,Very Positive,매우 긍정적,94.0,126988,5486,87.42,168,Reviews_ASC
19,Action,251570,7 Days to Die,Very Positive,Very Positive,매우 긍정적,85.0,124444,3864,86.18,176,Reviews_ASC
19,Action,49520,Borderlands 2,Very Positive,Very Positive,매우 긍정적,90.0,122312,3920,87.53,884,Reviews_ASC
19,Action,394360,Hearts of Iron IV,Very Positive,Very Positive,매우 긍정적,91.0,121882,7428,88.41,51,Reviews_ASC
19,Action,782330,DOOM Eternal,Very Positive,Very Positive,매우 긍정적,91.0,120037,3405,91.51,516,Reviews_ASC
19,Action,582010,Monster Hunter: World,Very Positive,Very Positive,매우 긍정적,92.0,114286,34309,87.57,49,Reviews_ASC
19,Action,1326470,Sons Of The Forest,Very Positive,Very Positive,매우 긍정적,88.0,114211,3730,74.48,30,Reviews_ASC
19,Action,107410,Arma 3,Very Positive,Very Positive,매우 긍정적,91.0,110531,2893,81.23,428,Reviews_ASC
19,Action,374320,DARK SOULS™ III,Very Positive,Very Positive,매우 긍정적,94.0,106364,18130,93.89,198,Reviews_ASC
19,Action,239140,Dying Light,Very Positive,Very Positive,매우 긍정적,94.0,97272,7149,91.43,321,Reviews_ASC
19,Action,261550,Mount & Blade II: Bannerlord,Very Positive,Very Positive,매우 긍정적,87.0,96997,4876,82.83,105,_ASC
19,Action,2183900,"Warhammer 40,000: Space Marine 2",Very Positive,Very Positive,매우 긍정적,86.0,92181,3352,77.42,74,Reviews_ASC
19,Action,1551360,Forza Horizon 5,Very Positive,Very Positive,매우 긍정적,88.0,90926,5379,88.1,46,Reviews_ASC
19,Action,814380,Sekiro™: Shadows Die Twice - GOTY Edition,Very Positive,Very Positive,매우 긍정적,93.0,86127,10754,95.07,222,Reviews_ASC
19,Action,393380,Squad,Very Positive,Very Positive,매우 긍정적,84.0,82677,1117,75.65,331,Reviews_ASC
19,Action,1172380,STAR WARS Jedi: Fallen Order™,Very Positive,Very Positive,매우 긍정적,88.0,82495,2898,86.68,483,Reviews_ASC
19,Action,306130,The Elder Scrolls® Online,Very Positive,Very Positive,매우 긍정적,81.0,73878,1069,72.4,231,Reviews_ASC
19,Action,2622380,ELDEN RING NIGHTREIGN,Very Positive,Very Positive,매우 긍정적,87.0,73154,4237,76.23,98,Reviews_ASC
19,Action,12210,Grand Theft Auto IV: The Complete Edition,Very Positive,Very Positive,매우 긍정적,81.0,70270,2491,74.79,283,Reviews_ASC
19,Action,2358720,Black Myth: Wukong,Very Positive,Very Positive,매우 긍정적,93.0,69264,3466,89.12,200,Reviews_DESC
19,Action,552520,Far Cry® 5,Very Positive,Very Positive,매우 긍정적,80.0,68990,3160,59.4,546,Reviews_ASC
19,Action,244850,Space Engineers,Very Positive,Very Positive,매우 긍정적,89.0,67386,527,85.58,548,Reviews_ASC
19,Action,714010,Aimlabs,Very Positive,Very Positive,매우 긍정적,90.0,65574,1870,93.26,302,Reviews_ASC
19,Action,1771300,Kingdom Come: Deliverance II,Very Positive,Very Positive,매우 긍정적,92.0,64219,4024,93.94,36,Reviews_ASC
19,Action,1962700,Subnautica 2,Very Positive,Very Positive,매우 긍정적,93.0,63667,1267,56.99,5,Reviews_ASC
19,Action,3240220,Grand Theft Auto V Enhanced,Very Positive,Very Positive,매우 긍정적,80.0,62712,3536,82.32,8,_ASC
19,Action,379430,Kingdom Come: Deliverance,Very Positive,Very Positive,매우 긍정적,83.0,62402,4275,86.46,200,Reviews_ASC
19,Action,686810,Hell Let Loose,Very Positive,Very Positive,매우 긍정적,83.0,61793,1006,73.46,299,_ASC
19,Action,3564740,Where Winds Meet,Very Positive,Very Positive,매우 긍정적,86.0,61663,3069,87.16,11,Reviews_ASC
19,Action,1721470,Poppy Playtime,Very Positive,Very Positive,매우 긍정적,88.0,60785,5288,78.88,234,_ASC
19,Action,397540,Borderlands 3,Very Positive,Very Positive,매우 긍정적,81.0,59803,2552,79.86,469,Reviews_ASC
19,Action,581320,Insurgency: Sandstorm,Very Positive,Very Positive,매우 긍정적,86.0,59460,1673,73.46,544,Reviews_ASC
19,Action,899770,Last Epoch,Very Positive,Very Positive,매우 긍정적,80.0,59423,2979,75.09,246,Reviews_ASC
19,Action,244210,Assetto Corsa,Very Positive,Very Positive,매우 긍정적,93.0,58914,1344,92.41,220,Reviews_ASC
19,Action,3321460,Crimson Desert,Very Positive,Very Positive,매우 긍정적,86.0,57395,13793,81.48,4,Reviews_ASC
19,Action,3405340,Megabonk,Very Positive,Very Positive,매우 긍정적,94.0,55986,852,89.2,415,Reviews_ASC
19,Action,848450,Subnautica: Below Zero,Very Positive,Very Positive,매우 긍정적,89.0,54786,1572,81.36,189,Reviews_ASC
19,Action,1604030,V Rising,Very Positive,Very Positive,매우 긍정적,89.0,54290,3075,89.3,150,Reviews_ASC
19,Action,674940,Stick Fight: The Game,Very Positive,Very Positive,매우 긍정적,94.0,52484,858,91.03,695,_ASC
19,Action,203160,Tomb Raider Game of the Year,Very Positive,Very Positive,매우 긍정적,94.0,51911,5986,94.85,396,Reviews_DESC
19,Action,1151640,Horizon Zero Dawn™ Complete Edition,Very Positive,Very Positive,매우 긍정적,89.0,51599,3101,77.59,847,Reviews_ASC
19,Action,1222680,Need for Speed™ Heat,Very Positive,Very Positive,매우 긍정적,84.0,50722,1564,75.45,725,Reviews_ASC
19,Action,594570,Total War: WARHAMMER II,Very Positive,Very Positive,매우 긍정적,93.0,50705,3500,94.69,197,Reviews_ASC
19,Action,208650,Batman™: Arkham Knight,Very Positive,Very Positive,매우 긍정적,92.0,49716,2200,77.91,465,_ASC
19,Action,524220,NieR:Automata™,Very Positive,Very Positive,매우 긍정적,90.0,49469,4129,86.8,390,Reviews_ASC
19,Action,552990,World of Warships,Very Positive,Very Positive,매우 긍정적,80.0,48787,2542,81.24,57,Reviews_ASC
19,Action,570940,DARK SOULS™: REMASTERED,Very Positive,Very Positive,매우 긍정적,91.0,47918,2613,88.29,345,Reviews_ASC
19,Action,1203620,Enshrouded,Very Positive,Very Positive,매우 긍정적,87.0,47326,2127,77.86,88,Reviews_ASC
19,Action,8870,BioShock Infinite,Very Positive,Very Positive,매우 긍정적,91.0,47126,5060,95.24,538,Reviews_ASC
19,Action,1973530,Limbus Company,Very Positive,Very Positive,매우 긍정적,92.0,45855,17318,83.77,16,Reviews_ASC
597,Casual,1517290,Battlefield™ 2042,Mixed,Mixed,복합적,46.0,106419,6539,44.75,356,Reviews_ASC
597,Casual,949230,Cities: Skylines II,Mixed,Mixed,복합적,56.0,33273,1923,55.95,24,Reviews_ASC
597,Casual,1778820,TEKKEN 8,Mixed,Mixed,복합적,57.0,26468,10177,36.53,5,Reviews_ASC
597,Casual,1997040,MARVEL SNAP,Mixed,Mixed,복합적,67.0,19847,1219,77.52,203,Reviews_ASC
597,Casual,285190,"Warhammer 40,000: Dawn of War III",Mixed,Mixed,복합적,47.0,7765,570,32.98,802,_ASC
597,Casual,4025700,Heartopia,Mixed,Mixed,복합적,58.0,7239,858,76.69,2,_ASC
597,Casual,393080,Call of Duty®: Modern Warfare® Remastered (2017),Mixed,Mixed,복합적,42.0,6224,932,64.91,113,Reviews_ASC
597,Casual,985810,GrandChase,Mixed,Mixed,복합적,64.0,5229,2578,45.58,10,_ASC
597,Casual,1352080,SMASH LEGENDS,Mixed,Mixed,복합적,66.0,2926,1227,56.64,662,Reviews_ASC
597,Casual,3678970,TBH: Task Bar Hero,Mixed,Mixed,복합적,43.0,2127,1120,24.02,35,Reviews_ASC
597,Casual,2357570,Overwatch®,Mostly Negative,Mostly Negative,대체로 부정적,39.0,158547,5681,47.53,16,_ASC
597,Casual,1367080,MOBILE SUIT GUNDAM BATTLE OPERATION 2,Mostly Negative,Mostly Negative,대체로 부정적,34.0,6815,1116,30.56,93,Reviews_ASC
597,Casual,2584990,Shadowverse: Worlds Beyond,Mostly Negative,Mostly Negative,대체로 부정적,37.0,6428,1624,22.11,102,Reviews_ASC
597,Casual,291550,Brawlhalla,Mostly Positive,Mostly Positive,대체로 긍정적,78.0,175351,2111,79.11,131,Reviews_ASC
597,Casual,438100,VRChat,Mostly Positive,Mostly Positive,대체로 긍정적,71.0,174267,7208,77.94,8,Reviews_ASC
597,Casual,2456740,inZOI,Mostly Positive,Mostly Positive,대체로 긍정적,78.0,13294,1550,72.06,25,Reviews_ASC
597,Casual,1282270,Strinova,Mostly Positive,Mostly Positive,대체로 긍정적,77.0,10901,778,57.07,48,Reviews_ASC
597,Casual,766570,Russian Fishing 4,Mostly Positive,Mostly Positive,대체로 긍정적,79.0,7351,1101,84.29,47,Reviews_ASC
597,Casual,2695940,PANICORE,Mostly Positive,Mostly Positive,대체로 긍정적,75.0,4326,507,77.91,115,Reviews_ASC
597,Casual,677160,We Were Here Too,Mostly Positive,Mostly Positive,대체로 긍정적,78.0,3566,702,88.32,231,Reviews_ASC
597,Casual,2827200,MIMESIS,Mostly Positive,Mostly Positive,대체로 긍정적,79.0,1877,765,89.54,22,_ASC
597,Casual,4000,Garry's Mod,Overwhelmingly Positive,Overwhelmingly Positive,압도적으로 긍정적,97.0,529047,11427,93.48,100,Reviews_ASC
597,Casual,413150,Stardew Valley,Overwhelmingly Positive,Overwhelmingly Positive,압도적으로 긍정적,98.0,387065,35253,98.07,6,Reviews_ASC
597,Casual,960090,Bloons TD 6,Overwhelmingly Positive,Overwhelmingly Positive,압도적으로 긍정적,97.0,226307,1851,95.52,101,Reviews_ASC
597,Casual,1118200,People Playground,Overwhelmingly Positive,Overwhelmingly Positive,압도적으로 긍정적,98.0,174055,1269,97.48,39,Reviews_DESC
597,Casual,227300,Euro Truck Simulator 2,Overwhelmingly Positive,Overwhelmingly Positive,압도적으로 긍정적,97.0,141732,11806,96.44,13,Reviews_ASC
597,Casual,698780,Doki Doki Literature Club!,Overwhelmingly Positive,Overwhelmingly Positive,압도적으로 긍정적,96.0,127539,4786,94.88,331,Reviews_DESC
597,Casual,1794680,Vampire Survivors,Overwhelmingly Positive,Overwhelmingly Positive,압도적으로 긍정적,98.0,126607,15973,98.21,77,Reviews_ASC
597,Casual,2379780,Balatro,Overwhelmingly Positive,Overwhelmingly Positive,압도적으로 긍정적,98.0,101155,2339,97.56,87,Reviews_ASC
597,Casual,270880,American Truck Simulator,Overwhelmingly Positive,Overwhelmingly Positive,압도적으로 긍정적,97.0,92645,1419,96.05,44,Reviews_ASC
597,Casual,319630,Life is Strange - Episode 1,Overwhelmingly Positive,Overwhelmingly Positive,압도적으로 긍정적,95.0,75827,2439,95.0,225,Reviews_ASC
597,Casual,646570,Slay the Spire,Overwhelmingly Positive,Overwhelmingly Positive,압도적으로 긍정적,97.0,75260,10097,98.2,90,Reviews_ASC
597,Casual,433340,Slime Rancher,Overwhelmingly Positive,Overwhelmingly Positive,압도적으로 긍정적,98.0,64783,2647,94.79,41,Reviews_DESC
597,Casual,620980,Beat Saber,Overwhelmingly Positive,Overwhelmingly Positive,압도적으로 긍정적,95.0,52937,1459,95.82,158,Reviews_ASC
597,Casual,1454400,Cookie Clicker,Overwhelmingly Positive,Overwhelmingly Positive,압도적으로 긍정적,96.0,52931,609,95.73,337,Reviews_DESC
597,Casual,1868140,DAVE THE DIVER,Overwhelmingly Positive,Overwhelmingly Positive,압도적으로 긍정적,96.0,48306,11589,97.19,31,Reviews_ASC
597,Casual,204360,Castle Crashers®,Overwhelmingly Positive,Overwhelmingly Positive,압도적으로 긍정적,97.0,45049,1486,90.58,283,Reviews_ASC
597,Casual,3590,Plants vs. Zombies GOTY Edition,Overwhelmingly Positive,Overwhelmingly Positive,압도적으로 긍정적,98.0,42108,886,92.21,147,Reviews_DESC
597,Casual,239030,"Papers, Please",Overwhelmingly Positive,Overwhelmingly Positive,압도적으로 긍정적,97.0,39089,1813,95.2,271,Reviews_ASC
597,Casual,1290000,PowerWash Simulator,Overwhelmingly Positive,Overwhelmingly Positive,압도적으로 긍정적,97.0,38120,2304,94.18,339,Reviews_DESC
597,Casual,420530,OneShot,Overwhelmingly Positive,Overwhelmingly Positive,압도적으로 긍정적,98.0,31647,2975,97.11,42,Reviews_DESC
597,Casual,286160,Tabletop Simulator,Overwhelmingly Positive,Overwhelmingly Positive,압도적으로 긍정적,96.0,31318,2562,95.12,36,Reviews_ASC
597,Casual,1942280,Brotato,Overwhelmingly Positive,Overwhelmingly Positive,압도적으로 긍정적,96.0,30877,2525,96.4,112,Reviews_ASC
597,Casual,477160,Human Fall Flat,Overwhelmingly Positive,Overwhelmingly Positive,압도적으로 긍정적,95.0,30557,10823,93.94,52,Reviews_ASC
597,Casual,683320,GRIS,Overwhelmingly Positive,Overwhelmingly Positive,압도적으로 긍정적,95.0,26855,2022,91.44,338,Reviews_DESC
597,Casual,3419430,Bongo Cat,Overwhelmingly Positive,Overwhelmingly Positive,압도적으로 긍정적,96.0,26399,1248,97.68,336,Reviews_DESC
597,Casual,2420510,HoloCure - Save the Fans!,Overwhelmingly Positive,Overwhelmingly Positive,압도적으로 긍정적,99.0,26225,895,99.11,1,Reviews_DESC
597,Casual,238460,BattleBlock Theater®,Overwhelmingly Positive,Overwhelmingly Positive,압도적으로 긍정적,97.0,23507,936,93.06,151,Reviews_DESC
597,Casual,274190,Broforce,Overwhelmingly Positive,Overwhelmingly Positive,압도적으로 긍정적,96.0,20458,561,92.87,152,Reviews_DESC
597,Casual,206440,To the Moon,Overwhelmingly Positive,Overwhelmingly Positive,압도적으로 긍정적,95.0,19269,4303,90.15,431,_ASC
597,Casual,230290,Universe Sandbox,Overwhelmingly Positive,Overwhelmingly Positive,압도적으로 긍정적,96.0,19102,536,93.28,206,Reviews_ASC
597,Casual,1127500,Mini Motorways,Overwhelmingly Positive,Overwhelmingly Positive,압도적으로 긍정적,96.0,15712,930,96.13,116,Reviews_ASC
597,Casual,977950,A Dance of Fire and Ice,Overwhelmingly Positive,Overwhelmingly Positive,압도적으로 긍정적,95.0,15037,27075,92.04,43,Reviews_ASC
597,Casual,386940,Ultimate Chicken Horse,Overwhelmingly Positive,Overwhelmingly Positive,압도적으로 긍정적,96.0,14353,1217,92.77,136,Reviews_ASC
597,Casual,288160,The Room,Overwhelmingly Positive,Overwhelmingly Positive,압도적으로 긍정적,97.0,14286,677,96.16,156,Reviews_DESC
597,Casual,736260,Baba Is You,Overwhelmingly Positive,Overwhelmingly Positive,압도적으로 긍정적,97.0,12359,2280,98.11,147,Reviews_ASC
597,Casual,1055540,A Short Hike,Overwhelmingly Positive,Overwhelmingly Positive,압도적으로 긍정적,99.0,12282,688,99.27,2,Reviews_DESC
597,Casual,1599600,PlateUp!,Overwhelmingly Positive,Overwhelmingly Positive,압도적으로 긍정적,96.0,12085,526,94.87,166,Reviews_ASC
597,Casual,221640,Super Hexagon,Overwhelmingly Positive,Overwhelmingly Positive,압도적으로 긍정적,97.0,12073,1081,96.95,171,Reviews_DESC
597,Casual,1999360,Placid Plastic Duck Simulator,Overwhelmingly Positive,Overwhelmingly Positive,압도적으로 긍정적,97.0,12041,1243,98.15,173,Reviews_DESC
597,Casual,447530,VA-11 Hall-A: Cyberpunk Bartender Action,Overwhelmingly Positive,Overwhelmingly Positive,압도적으로 긍정적,96.0,11940,2514,96.14,154,Reviews_DESC
597,Casual,1948280,Stacklands,Overwhelmingly Positive,Overwhelmingly Positive,압도적으로 긍정적,95.0,11679,2197,95.86,135,Reviews_ASC
597,Casual,2263010,Pineapple on pizza,Overwhelmingly Positive,Overwhelmingly Positive,압도적으로 긍정적,97.0,10595,547,97.62,159,Reviews_DESC
597,Casual,787480,Phoenix Wright: Ace Attorney Trilogy,Overwhelmingly Positive,Overwhelmingly Positive,압도적으로 긍정적,97.0,9838,3187,96.93,40,Reviews_ASC
597,Casual,1240210,There Is No Game: Wrong Dimension,Overwhelmingly Positive,Overwhelmingly Positive,압도적으로 긍정적,97.0,9464,1084,95.2,164,Reviews_DESC
597,Casual,1435790,Escape Simulator,Overwhelmingly Positive,Overwhelmingly Positive,압도적으로 긍정적,95.0,8873,1571,92.62,26,Reviews_ASC
597,Casual,945360,Among Us,Very Positive,Very Positive,매우 긍정적,92.0,373746,10071,82.35,99,Reviews_ASC
597,Casual,322170,Geometry Dash,Very Positive,Very Positive,매우 긍정적,93.0,280064,6878,88.78,58,Reviews_ASC
597,Casual,304930,Unturned,Very Positive,Very Positive,매우 긍정적,90.0,220816,4945,84.97,475,Reviews_ASC
597,Casual,1222670,The Sims™ 4,Very Positive,Very Positive,매우 긍정적,87.0,104284,2687,86.38,18,Reviews_ASC
597,Casual,255710,Cities: Skylines,Very Positive,Very Positive,매우 긍정적,92.0,99687,6551,93.38,54,Reviews_ASC
597,Casual,714010,Aimlabs,Very Positive,Very Positive,매우 긍정적,90.0,65574,1870,93.26,105,Reviews_ASC
597,Casual,1962700,Subnautica 2,Very Positive,Very Positive,매우 긍정적,93.0,63667,1267,56.99,1,Reviews_ASC
597,Casual,3405340,Megabonk,Very Positive,Very Positive,매우 긍정적,94.0,55986,852,89.2,173,Reviews_ASC
597,Casual,674940,Stick Fight: The Game,Very Positive,Very Positive,매우 긍정적,94.0,52484,858,91.03,321,Reviews_ASC
597,Casual,613100,House Flipper,Very Positive,Very Positive,매우 긍정적,94.0,45381,3091,91.1,78,Reviews_ASC
597,Casual,703080,Planet Zoo,Very Positive,Very Positive,매우 긍정적,91.0,41866,1596,84.15,75,Reviews_ASC
597,Casual,240720,Getting Over It with Bennett Foddy,Very Positive,Very Positive,매우 긍정적,84.0,41107,3906,75.17,254,Reviews_ASC
597,Casual,1943950,Escape the Backrooms,Very Positive,Very Positive,매우 긍정적,89.0,38314,2704,86.02,3,_ASC
597,Casual,17390,SPORE™,Very Positive,Very Positive,매우 긍정적,92.0,37716,659,81.03,319,Reviews_ASC
597,Casual,233450,Prison Architect,Very Positive,Very Positive,매우 긍정적,88.0,33865,1197,86.97,400,Reviews_ASC
597,Casual,2670630,Supermarket Simulator,Very Positive,Very Positive,매우 긍정적,92.0,33554,859,86.15,85,Reviews_ASC
597,Casual,2709570,Supermarket Together,Very Positive,Very Positive,매우 긍정적,94.0,33006,1170,93.16,525,Reviews_ASC
597,Casual,588430,Fallout Shelter,Very Positive,Very Positive,매우 긍정적,85.0,32586,569,82.6,481,Reviews_ASC
597,Casual,1384160,GUILTY GEAR -STRIVE-,Very Positive,Very Positive,매우 긍정적,91.0,32290,2703,81.91,49,Reviews_ASC
597,Casual,493340,Planet Coaster,Very Positive,Very Positive,매우 긍정적,90.0,31110,2065,90.07,300,Reviews_ASC
597,Casual,774171,Muse Dash,Very Positive,Very Positive,매우 긍정적,94.0,29328,5725,96.07,171,Reviews_ASC
597,Casual,3949040,RV There Yet?,Very Positive,Very Positive,매우 긍정적,89.0,28806,720,85.14,17,Reviews_ASC
597,Casual,246620,Plague Inc: Evolved,Very Positive,Very Positive,매우 긍정적,93.0,25933,1063,92.47,51,Reviews_ASC
597,Casual,285900,Gang Beasts,Very Positive,Very Positive,매우 긍정적,85.0,25073,2224,68.44,27,Reviews_ASC
597,Casual,648350,Jurassic World Evolution,Very Positive,Very Positive,매우 긍정적,86.0,23329,1215,81.56,752,_ASC
597,Casual,1657630,Slime Rancher 2,Very Positive,Very Positive,매우 긍정적,94.0,23229,588,80.95,82,Reviews_ASC
597,Casual,1135690,Unpacking,Very Positive,Very Positive,매우 긍정적,93.0,22448,1200,93.0,124,Reviews_ASC
597,Casual,47890,The Sims™ 3,Very Positive,Very Positive,매우 긍정적,86.0,20405,665,82.86,169,Reviews_ASC
597,Casual,601510,Yu-Gi-Oh! Duel Links,Very Positive,Very Positive,매우 긍정적,81.0,20339,1366,74.6,83,_ASC
597,Casual,1244460,Jurassic World Evolution 2,Very Positive,Very Positive,매우 긍정적,90.0,20008,1047,84.15,247,Reviews_ASC
597,Casual,2567870,Chained Together,Very Positive,Very Positive,매우 긍정적,91.0,19830,2492,88.12,21,Reviews_ASC
597,Casual,621060,PC Building Simulator,Very Positive,Very Positive,매우 긍정적,94.0,19660,1225,91.27,547,Reviews_ASC
597,Casual,454650,DRAGON BALL XENOVERSE 2,Very Positive,Very Positive,매우 긍정적,89.0,18672,632,78.96,212,Reviews_ASC
597,Casual,843380,Super Animal Royale,Very Positive,Very Positive,매우 긍정적,92.0,18060,1292,91.95,420,Reviews_ASC
597,Casual,1260320,Party Animals,Very Positive,Very Positive,매우 긍정적,89.0,16754,2559,91.01,37,Reviews_ASC
597,Casual,1210320,Potion Craft: Alchemist Simulator,Very Positive,Very Positive,매우 긍정적,93.0,16250,1396,89.83,208,Reviews_ASC
597,Casual,322500,SUPERHOT,Very Positive,Very Positive,매우 긍정적,90.0,16131,698,90.11,802,Reviews_ASC
597,Casual,1062520,Dinkum,Very Positive,Very Positive,매우 긍정적,93.0,15665,969,91.54,76,Reviews_ASC
597,Casual,3097560,Liar's Bar,Very Positive,Very Positive,매우 긍정적,89.0,14993,588,89.29,53,Reviews_ASC
597,Casual,880940,Pummel Party,Very Positive,Very Positive,매우 긍정적,87.0,14337,1007,88.68,28,Reviews_ASC
597,Casual,728880,Overcooked! 2,Very Positive,Very Positive,매우 긍정적,93.0,14262,4715,95.21,29,Reviews_ASC
597,Casual,1158160,Coral Island,Very Positive,Very Positive,매우 긍정적,89.0,13612,662,81.12,167,Reviews_ASC
597,Casual,751780,Forager,Very Positive,Very Positive,매우 긍정적,88.0,13361,2797,84.84,243,_ASC
597,Casual,1568590,Goose Goose Duck,Very Positive,Very Positive,매우 긍정적,90.0,12992,4125,90.52,74,Reviews_ASC
597,Casual,48000,LIMBO,Very Positive,Very Positive,매우 긍정적,91.0,12791,1321,84.18,611,_ASC
597,Casual,1966900,20 Minutes Till Dawn,Very Positive,Very Positive,매우 긍정적,92.0,12698,613,89.89,979,Reviews_ASC
597,Casual,535930,Two Point Hospital,Very Positive,Very Positive,매우 긍정적,93.0,12587,565,90.8,424,Reviews_ASC
597,Casual,638230,Journey,Very Positive,Very Positive,매우 긍정적,92.0,12488,1323,88.96,406,Reviews_ASC
597,Casual,2141730,Backrooms: Escape Together,Very Positive,Very Positive,매우 긍정적,89.0,12309,1134,85.63,4,_ASC
597,Casual,666140,My Time at Portia,Very Positive,Very Positive,매우 긍정적,91.0,12054,1168,85.19,708,Reviews_ASC
597,Casual,246900,Viscera Cleanup Detail,Very Positive,Very Positive,매우 긍정적,92.0,10320,2575,92.43,130,Reviews_ASC
597,Casual,1296610,Peglin,Very Positive,Very Positive,매우 긍정적,88.0,10117,733,72.85,228,Reviews_ASC
21,Adventure,1240440,Halo Infinite,Mixed,Mixed,복합적,68.0,138604,709,67.14,445,Reviews_ASC
21,Adventure,1517290,Battlefield™ 2042,Mixed,Mixed,복합적,46.0,106419,6539,44.75,642,_ASC
21,Adventure,1716740,Starfield,Mixed,Mixed,복합적,57.0,84995,1877,32.34,297,Reviews_ASC
21,Adventure,2246340,Monster Hunter Wilds,Mixed,Mixed,복합적,69.0,81923,17673,55.2,7,Reviews_ASC
21,Adventure,2399830,ARK: Survival Ascended,Mixed,Mixed,복합적,60.0,54837,906,51.88,59,Reviews_ASC
21,Adventure,2074920,The First Descendant,Mixed,Mixed,복합적,64.0,50413,7060,48.5,25,Reviews_ASC
21,Adventure,1774580,STAR WARS Jedi: Survivor™,Mixed,Mixed,복합적,69.0,49201,1069,69.78,352,_ASC
21,Adventure,2054970,Dragon's Dogma 2,Mixed,Mixed,복합적,67.0,43440,3189,54.28,333,Reviews_ASC
21,Adventure,1285190,Borderlands 4,Mixed,Mixed,복합적,61.0,41518,1316,57.75,74,Reviews_ASC
21,Adventure,680420,OUTRIDERS,Mixed,Mixed,복합적,68.0,30525,822,54.62,770,Reviews_ASC
21,Adventure,2524890,Pixel Gun 3D: PC Edition,Mixed,Mixed,복합적,62.0,22986,736,63.99,150,Reviews_ASC
21,Adventure,360430,Mafia III: Definitive Edition,Mixed,Mixed,복합적,60.0,16139,748,45.99,569,Reviews_ASC
21,Adventure,269210,Hero Siege,Mixed,Mixed,복합적,60.0,12727,2030,69.66,202,Reviews_ASC
21,Adventure,2369390,Far Cry® 6,Mixed,Mixed,복합적,67.0,12541,655,61.07,642,Reviews_ASC
21,Adventure,292730,Call of Duty®: Infinite Warfare,Mixed,Mixed,복합적,62.0,9434,843,52.08,661,_ASC
21,Adventure,1974050,Torchlight: Infinite,Mixed,Mixed,복합적,62.0,7976,1810,86.8,67,Reviews_ASC
21,Adventure,1254120,Bless Unleashed,Mixed,Mixed,복합적,63.0,7395,1938,70.64,561,Reviews_ASC
21,Adventure,2668080,Snowbreak: Containment Zone,Mixed,Mixed,복합적,64.0,4509,654,73.55,579,Reviews_ASC
21,Adventure,3679080,The Seven Deadly Sins: Origin,Mixed,Mixed,복합적,58.0,3979,783,55.17,18,Reviews_ASC
21,Adventure,1635450,Longvinter,Mixed,Mixed,복합적,62.0,1812,3898,71.34,240,Reviews_ASC
21,Adventure,4214820,Game of Thrones Kingsroad,Mixed,Mixed,복합적,65.0,359,553,82.28,98,Reviews_ASC
21,Adventure,1085660,Destiny 2,Mostly Positive,Mostly Positive,대체로 긍정적,78.0,380897,14452,73.91,71,Reviews_ASC
21,Adventure,221100,DayZ,Mostly Positive,Mostly Positive,대체로 긍정적,74.0,176199,2936,52.96,265,_ASC
21,Adventure,438100,VRChat,Mostly Positive,Mostly Positive,대체로 긍정적,71.0,174267,7208,77.94,26,Reviews_ASC
21,Adventure,2139460,Once Human,Mostly Positive,Mostly Positive,대체로 긍정적,79.0,83869,7281,85.14,11,Reviews_ASC
21,Adventure,534380,Dying Light 2 Stay Human: Reloaded Edition,Mostly Positive,Mostly Positive,대체로 긍정적,78.0,67748,3323,71.08,302,_ASC
21,Adventure,376210,The Isle,Mostly Positive,Mostly Positive,대체로 긍정적,77.0,58027,1159,78.08,246,Reviews_ASC
21,Adventure,1250410,Microsoft Flight Simulator (2020) 40th Anniversary Edition,Mostly Positive,Mostly Positive,대체로 긍정적,78.0,43731,1186,78.75,259,Reviews_ASC
21,Adventure,304050,Trove,Mostly Positive,Mostly Positive,대체로 긍정적,76.0,42294,852,74.65,741,Reviews_ASC
21,Adventure,440900,Conan Exiles Enhanced,Mostly Positive,Mostly Positive,대체로 긍정적,79.0,38876,992,74.5,157,Reviews_ASC
21,Adventure,1149460,ICARUS,Mostly Positive,Mostly Positive,대체로 긍정적,76.0,29615,1025,60.88,215,Reviews_ASC
21,Adventure,2073620,Arena Breakout: Infinite,Mostly Positive,Mostly Positive,대체로 긍정적,75.0,25639,528,73.11,65,Reviews_ASC
21,Adventure,289650,Assassin's Creed® Unity,Mostly Positive,Mostly Positive,대체로 긍정적,75.0,25436,2527,63.59,552,Reviews_ASC
21,Adventure,550650,Black Squad,Mostly Positive,Mostly Positive,대체로 긍정적,70.0,25422,3742,73.49,422,Reviews_ASC
21,Adventure,924970,Back 4 Blood,Mostly Positive,Mostly Positive,대체로 긍정적,72.0,25215,2953,53.81,972,_ASC
21,Adventure,2943650,FragPunk,Mostly Positive,Mostly Positive,대체로 긍정적,75.0,23566,732,73.5,309,_ASC
21,Adventure,313120,Stranded Deep,Mostly Positive,Mostly Positive,대체로 긍정적,74.0,23355,514,66.93,395,Reviews_ASC
21,Adventure,8500,EVE Online,Mostly Positive,Mostly Positive,대체로 긍정적,72.0,22843,1597,76.83,256,Reviews_ASC
21,Adventure,2231380,Tom Clancy's Ghost Recon® Breakpoint,Mostly Positive,Mostly Positive,대체로 긍정적,72.0,18443,849,57.48,307,_ASC
21,Adventure,2221490,Tom Clancy’s The Division® 2,Mostly Positive,Mostly Positive,대체로 긍정적,79.0,16570,1303,68.15,82,Reviews_ASC
21,Adventure,794260,Outward Definitive Edition,Mostly Positive,Mostly Positive,대체로 긍정적,73.0,15485,927,69.69,678,Reviews_ASC
21,Adventure,221040,Resident Evil 6,Mostly Positive,Mostly Positive,대체로 긍정적,72.0,15223,1065,77.0,207,Reviews_ASC
21,Adventure,3159330,Assassin’s Creed Shadows,Mostly Positive,Mostly Positive,대체로 긍정적,77.0,15028,1215,76.21,33,Reviews_ASC
21,Adventure,668580,Atomic Heart,Mostly Positive,Mostly Positive,대체로 긍정적,78.0,13185,566,70.14,191,_ASC
21,Adventure,1987080,Inside the Backrooms,Mostly Positive,Mostly Positive,대체로 긍정적,79.0,10175,931,74.76,397,Reviews_ASC
21,Adventure,368500,Assassin's Creed® Syndicate,Mostly Positive,Mostly Positive,대체로 긍정적,78.0,10010,1209,78.0,385,Reviews_ASC
21,Adventure,934700,Dead Island 2,Mostly Positive,Mostly Positive,대체로 긍정적,76.0,9523,550,74.55,113,Reviews_ASC
21,Adventure,766570,Russian Fishing 4,Mostly Positive,Mostly Positive,대체로 긍정적,79.0,7351,1101,84.29,105,Reviews_ASC
21,Adventure,287290,Resident Evil Revelations 2,Mostly Positive,Mostly Positive,대체로 긍정적,75.0,6601,604,80.13,410,_ASC
21,Adventure,1676840,For The King II,Mostly Positive,Mostly Positive,대체로 긍정적,79.0,5260,582,59.45,151,Reviews_ASC
21,Adventure,2695940,PANICORE,Mostly Positive,Mostly Positive,대체로 긍정적,75.0,4326,507,77.91,234,Reviews_ASC
21,Adventure,1468810,鬼谷八荒 Tale of Immortal,Mostly Positive,Mostly Positive,대체로 긍정적,79.0,3723,1128,67.64,373,Reviews_ASC
21,Adventure,677160,We Were Here Too,Mostly Positive,Mostly Positive,대체로 긍정적,78.0,3566,702,88.32,448,Reviews_ASC
21,Adventure,1448440,Wo Long: Fallen Dynasty,Mostly Positive,Mostly Positive,대체로 긍정적,71.0,3367,635,60.16,224,Reviews_ASC
21,Adventure,105600,Terraria,Overwhelmingly Positive,Overwhelmingly Positive,압도적으로 긍정적,97.0,592881,17745,96.0,72,_ASC
21,Adventure,1086940,Baldur's Gate 3,Overwhelmingly Positive,Overwhelmingly Positive,압도적으로 긍정적,96.0,442198,16268,97.13,23,Reviews_ASC
21,Adventure,1966720,Lethal Company,Overwhelmingly Positive,Overwhelmingly Positive,압도적으로 긍정적,97.0,275332,10760,95.7,43,Reviews_ASC
21,Adventure,292030,The Witcher 3: Wild Hunt,Overwhelmingly Positive,Overwhelmingly Positive,압도적으로 긍정적,96.0,236173,16690,94.33,148,Reviews_ASC
21,Adventure,550,Left 4 Dead 2,Overwhelmingly Positive,Overwhelmingly Positive,압도적으로 긍정적,97.0,228028,16450,95.37,83,_ASC
21,Adventure,284160,BeamNG.drive,Overwhelmingly Positive,Overwhelmingly Positive,압도적으로 긍정적,97.0,200182,1903,93.59,133,Reviews_ASC
21,Adventure,264710,Subnautica,Overwhelmingly Positive,Overwhelmingly Positive,압도적으로 긍정적,96.0,185065,5772,93.97,50,Reviews_ASC
21,Adventure,367520,Hollow Knight,Overwhelmingly Positive,Overwhelmingly Positive,압도적으로 긍정적,97.0,178177,12550,95.58,154,Reviews_ASC
21,Adventure,242760,The Forest,Overwhelmingly Positive,Overwhelmingly Positive,압도적으로 긍정적,95.0,175911,9315,91.74,55,Reviews_ASC
21,Adventure,22380,Fallout: New Vegas,Overwhelmingly Positive,Overwhelmingly Positive,압도적으로 긍정적,96.0,167772,2511,92.35,806,Reviews_ASC
21,Adventure,1623730,Palworld,Overwhelmingly Positive,Overwhelmingly Positive,압도적으로 긍정적,95.0,151351,21804,95.06,8,Reviews_ASC
21,Adventure,227300,Euro Truck Simulator 2,Overwhelmingly Positive,Overwhelmingly Positive,압도적으로 긍정적,97.0,141732,11806,96.44,40,Reviews_ASC
21,Adventure,526870,Satisfactory,Overwhelmingly Positive,Overwhelmingly Positive,압도적으로 긍정적,97.0,133630,3907,96.78,27,Reviews_ASC
21,Adventure,3527290,PEAK,Overwhelmingly Positive,Overwhelmingly Positive,압도적으로 긍정적,95.0,129099,4689,94.01,19,_ASC
21,Adventure,698780,Doki Doki Literature Club!,Overwhelmingly Positive,Overwhelmingly Positive,압도적으로 긍정적,96.0,127539,4786,94.88,349,Reviews_DESC
21,Adventure,2592160,Dispatch,Overwhelmingly Positive,Overwhelmingly Positive,압도적으로 긍정적,97.0,103908,1132,96.2,125,Reviews_ASC
21,Adventure,1903340,Clair Obscur: Expedition 33,Overwhelmingly Positive,Overwhelmingly Positive,압도적으로 긍정적,96.0,99100,5783,95.31,84,Reviews_ASC
21,Adventure,270880,American Truck Simulator,Overwhelmingly Positive,Overwhelmingly Positive,압도적으로 긍정적,97.0,92647,1419,96.05,102,_ASC
21,Adventure,220,Half-Life 2,Overwhelmingly Positive,Overwhelmingly Positive,압도적으로 긍정적,97.0,89078,2813,94.95,762,Reviews_ASC
21,Adventure,508440,Totally Accurate Battle Simulator,Overwhelmingly Positive,Overwhelmingly Positive,압도적으로 긍정적,98.0,82957,3034,95.85,160,Reviews_DESC
21,Adventure,400,Portal,Overwhelmingly Positive,Overwhelmingly Positive,압도적으로 긍정적,98.0,82057,4481,97.99,30,Reviews_DESC
21,Adventure,322330,Don't Starve Together,Overwhelmingly Positive,Overwhelmingly Positive,압도적으로 긍정적,95.0,80912,12831,93.41,52,_ASC
21,Adventure,220200,Kerbal Space Program,Overwhelmingly Positive,Overwhelmingly Positive,압도적으로 긍정적,96.0,80838,1073,95.62,223,_ASC
21,Adventure,1332010,Stray,Overwhelmingly Positive,Overwhelmingly Positive,압도적으로 긍정적,97.0,77812,2150,95.53,157,Reviews_DESC
21,Adventure,319630,Life is Strange - Episode 1,Overwhelmingly Positive,Overwhelmingly Positive,압도적으로 긍정적,95.0,75826,2439,95.0,351,Reviews_DESC
21,Adventure,1092790,Inscryption,Overwhelmingly Positive,Overwhelmingly Positive,압도적으로 긍정적,96.0,75308,3617,94.42,337,Reviews_ASC
21,Adventure,2050650,Resident Evil 4,Overwhelmingly Positive,Overwhelmingly Positive,압도적으로 긍정적,96.0,65686,4704,98.07,6,Reviews_ASC
21,Adventure,433340,Slime Rancher,Overwhelmingly Positive,Overwhelmingly Positive,압도적으로 긍정적,98.0,64784,2647,94.79,31,Reviews_DESC
21,Adventure,546560,Half-Life: Alyx,Overwhelmingly Positive,Overwhelmingly Positive,압도적으로 긍정적,98.0,60999,2297,98.87,32,Reviews_DESC
21,Adventure,813780,Age of Empires II: Definitive Edition,Overwhelmingly Positive,Overwhelmingly Positive,압도적으로 긍정적,95.0,60559,2074,89.2,46,Reviews_ASC
21,Adventure,504230,Celeste,Overwhelmingly Positive,Overwhelmingly Positive,압도적으로 긍정적,97.0,59469,1642,96.89,164,Reviews_DESC
21,Adventure,1593500,God of War,Overwhelmingly Positive,Overwhelmingly Positive,압도적으로 긍정적,96.0,59147,3969,94.68,190,Reviews_ASC
21,Adventure,1313140,Cult of the Lamb,Overwhelmingly Positive,Overwhelmingly Positive,압도적으로 긍정적,96.0,58757,2615,93.31,176,Reviews_ASC
21,Adventure,70,Half-Life,Overwhelmingly Positive,Overwhelmingly Positive,압도적으로 긍정적,96.0,57747,1619,91.35,358,Reviews_DESC
21,Adventure,883710,Resident Evil 2,Overwhelmingly Positive,Overwhelmingly Positive,압도적으로 긍정적,96.0,55853,4474,96.09,49,Reviews_ASC
21,Adventure,48700,Mount & Blade: Warband,Overwhelmingly Positive,Overwhelmingly Positive,압도적으로 긍정적,97.0,54776,2370,97.09,162,Reviews_DESC
21,Adventure,1289310,Helltaker,Overwhelmingly Positive,Overwhelmingly Positive,압도적으로 긍정적,97.0,53826,5385,98.33,163,Reviews_DESC
21,Adventure,1222140,Detroit: Become Human,Overwhelmingly Positive,Overwhelmingly Positive,압도적으로 긍정적,95.0,53803,3761,93.62,237,Reviews_ASC
21,Adventure,1817070,Marvel’s Spider-Man Remastered,Overwhelmingly Positive,Overwhelmingly Positive,압도적으로 긍정적,96.0,53212,4220,95.19,165,Reviews_ASC
21,Adventure,753640,Outer Wilds,Overwhelmingly Positive,Overwhelmingly Positive,압도적으로 긍정적,95.0,50798,1383,92.26,221,Reviews_ASC
21,Adventure,457140,Oxygen Not Included,Overwhelmingly Positive,Overwhelmingly Positive,압도적으로 긍정적,95.0,48589,4759,95.59,175,Reviews_ASC
21,Adventure,1868140,DAVE THE DIVER,Overwhelmingly Positive,Overwhelmingly Positive,압도적으로 긍정적,96.0,48306,11589,97.19,78,Reviews_ASC
21,Adventure,1426210,It Takes Two,Overwhelmingly Positive,Overwhelmingly Positive,압도적으로 긍정적,95.0,46884,8270,96.72,51,Reviews_ASC
21,Adventure,2995920,It Takes Two Friend's Pass,Overwhelmingly Positive,Overwhelmingly Positive,압도적으로 긍정적,95.0,46883,8270,96.72,58,Reviews_ASC
21,Adventure,636480,Ravenfield,Overwhelmingly Positive,Overwhelmingly Positive,압도적으로 긍정적,97.0,45711,975,96.31,366,Reviews_DESC
21,Adventure,1196590,Resident Evil Village,Overwhelmingly Positive,Overwhelmingly Positive,압도적으로 긍정적,95.0,45393,2489,96.22,81,Reviews_ASC
21,Adventure,204360,Castle Crashers®,Overwhelmingly Positive,Overwhelmingly Positive,압도적으로 긍정적,97.0,45049,1486,90.58,360,Reviews_DESC
21,Adventure,1113000,Persona 4 Golden,Overwhelmingly Positive,Overwhelmingly Positive,압도적으로 긍정적,97.0,44991,2484,95.53,168,Reviews_DESC
21,Adventure,588650,Dead Cells,Overwhelmingly Positive,Overwhelmingly Positive,압도적으로 긍정적,96.0,43762,2845,94.69,158,Reviews_DESC
21,Adventure,223470,POSTAL 2,Overwhelmingly Positive,Overwhelmingly Positive,압도적으로 긍정적,97.0,42493,555,88.83,357,Reviews_DESC
21,Adventure,3590,Plants vs. Zombies GOTY Edition,Overwhelmingly Positive,Overwhelmingly Positive,압도적으로 긍정적,98.0,42108,886,92.21,161,Reviews_DESC
21,Adventure,219990,Grim Dawn,Overwhelmingly Positive,Overwhelmingly Positive,압도적으로 긍정적,95.0,39299,1657,92.28,200,_ASC
21,Adventure,239030,"Papers, Please",Overwhelmingly Positive,Overwhelmingly Positive,압도적으로 긍정적,97.0,39089,1813,95.2,167,Reviews_DESC
21,Adventure,601150,Devil May Cry 5,Overwhelmingly Positive,Overwhelmingly Positive,압도적으로 긍정적,95.0,38808,2571,93.39,219,_ASC
21,Adventure,205100,Dishonored,Overwhelmingly Positive,Overwhelmingly Positive,압도적으로 긍정적,97.0,38450,1975,96.05,170,Reviews_DESC
21,Adventure,1217060,Gunfire Reborn,Overwhelmingly Positive,Overwhelmingly Positive,압도적으로 긍정적,96.0,36435,4864,94.22,152,Reviews_ASC
21,Adventure,1284190,The Planet Crafter,Overwhelmingly Positive,Overwhelmingly Positive,압도적으로 긍정적,95.0,35834,1265,94.39,68,Reviews_ASC
21,Adventure,1687950,Persona 5 Royal,Overwhelmingly Positive,Overwhelmingly Positive,압도적으로 긍정적,96.0,33399,3149,95.24,106,_ASC
21,Adventure,219740,Don't Starve,Overwhelmingly Positive,Overwhelmingly Positive,압도적으로 긍정적,96.0,32906,1959,93.62,362,Reviews_DESC
21,Adventure,420530,OneShot,Overwhelmingly Positive,Overwhelmingly Positive,압도적으로 긍정적,98.0,31647,2975,97.11,34,Reviews_DESC
21,Adventure,1562430,DREDGE,Overwhelmingly Positive,Overwhelmingly Positive,압도적으로 긍정적,96.0,31250,1055,94.41,278,Reviews_ASC
21,Adventure,1057090,Ori and the Will of the Wisps,Overwhelmingly Positive,Overwhelmingly Positive,압도적으로 긍정적,96.0,30750,4963,97.4,160,Reviews_ASC
21,Adventure,477160,Human Fall Flat,Overwhelmingly Positive,Overwhelmingly Positive,압도적으로 긍정적,95.0,30557,10823,93.94,110,_ASC
21,Adventure,213670,South Park™: The Stick of Truth™,Overwhelmingly Positive,Overwhelmingly Positive,압도적으로 긍정적,97.0,30431,561,97.86,171,Reviews_DESC
21,Adventure,35140,Batman: Arkham Asylum Game of the Year Edition,Overwhelmingly Positive,Overwhelmingly Positive,압도적으로 긍정적,96.0,29478,1102,91.65,368,Reviews_DESC
21,Adventure,307690,Sleeping Dogs: Definitive Edition,Overwhelmingly Positive,Overwhelmingly Positive,압도적으로 긍정적,95.0,29409,1018,89.19,481,Reviews_ASC
21,Adventure,253230,A Hat in Time,Overwhelmingly Positive,Overwhelmingly Positive,압도적으로 긍정적,98.0,29165,2281,96.98,175,Reviews_DESC
21,Adventure,312520,Rain World,Overwhelmingly Positive,Overwhelmingly Positive,압도적으로 긍정적,95.0,28604,1100,89.55,172,Reviews_ASC
21,Adventure,238320,Outlast,Overwhelmingly Positive,Overwhelmingly Positive,압도적으로 긍정적,96.0,28426,2008,93.92,365,Reviews_ASC
21,Adventure,427410,Abiotic Factor,Overwhelmingly Positive,Overwhelmingly Positive,압도적으로 긍정적,96.0,27123,565,91.5,276,_ASC
21,Adventure,683320,GRIS,Overwhelmingly Positive,Overwhelmingly Positive,압도적으로 긍정적,95.0,26855,2022,91.44,365,Reviews_DESC
21,Adventure,200260,Batman: Arkham City - Game of the Year Edition,Overwhelmingly Positive,Overwhelmingly Positive,압도적으로 긍정적,96.0,26006,1171,92.57,575,Reviews_DESC
21,Adventure,2527500,MiSide,Overwhelmingly Positive,Overwhelmingly Positive,압도적으로 긍정적,97.0,25268,1642,97.38,165,Reviews_DESC
21,Adventure,207610,The Walking Dead,Overwhelmingly Positive,Overwhelmingly Positive,압도적으로 긍정적,97.0,24506,1528,96.6,173,Reviews_DESC
21,Adventure,304430,INSIDE,Overwhelmingly Positive,Overwhelmingly Positive,압도적으로 긍정적,96.0,23828,1527,93.45,169,Reviews_DESC
21,Adventure,252490,Rust,Very Positive,Very Positive,매우 긍정적,86.0,522854,9328,77.28,22,Reviews_ASC
21,Adventure,1091500,Cyberpunk 2077,Very Positive,Very Positive,매우 긍정적,88.0,375774,24685,77.39,30,Reviews_ASC
21,Adventure,1174180,Red Dead Redemption 2,Very Positive,Very Positive,매우 긍정적,91.0,300143,18779,91.47,62,Reviews_ASC
21,Adventure,892970,Valheim,Very Positive,Very Positive,매우 긍정적,94.0,255518,7593,92.6,86,Reviews_ASC
21,Adventure,346110,ARK: Survival Evolved,Very Positive,Very Positive,매우 긍정적,80.0,254609,20738,80.25,70,Reviews_ASC
21,Adventure,304930,Unturned,Very Positive,Very Positive,매우 긍정적,90.0,220816,4945,84.97,823,Reviews_ASC
21,Adventure,377160,Fallout 4,Very Positive,Very Positive,매우 긍정적,81.0,181782,6802,76.52,273,_ASC
21,Adventure,275850,No Man's Sky,Very Positive,Very Positive,매우 긍정적,81.0,181293,3072,75.94,39,Reviews_ASC
21,Adventure,976730,Halo: The Master Chief Collection,Very Positive,Very Positive,매우 긍정적,91.0,162029,1468,86.17,375,_ASC
21,Adventure,108600,Project Zomboid,Very Positive,Very Positive,매우 긍정적,94.0,149128,12072,88.27,34,Reviews_ASC
21,Adventure,1172620,Sea of Thieves: 2026 Edition,Very Positive,Very Positive,매우 긍정적,88.0,145725,3333,82.96,64,_ASC
21,Adventure,990080,Hogwarts Legacy,Very Positive,Very Positive,매우 긍정적,91.0,141380,6591,84.34,48,Reviews_ASC
21,Adventure,1030300,Hollow Knight: Silksong,Very Positive,Very Positive,매우 긍정적,93.0,140930,6647,83.89,185,Reviews_ASC
21,Adventure,648800,Raft,Very Positive,Very Positive,매우 긍정적,93.0,128632,10558,90.68,37,Reviews_ASC
21,Adventure,489830,The Elder Scrolls V: Skyrim Special Edition,Very Positive,Very Positive,매우 긍정적,94.0,126988,5486,87.42,119,Reviews_ASC
21,Adventure,49520,Borderlands 2,Very Positive,Very Positive,매우 긍정적,90.0,122312,3920,87.53,812,Reviews_ASC
21,Adventure,782330,DOOM Eternal,Very Positive,Very Positive,매우 긍정적,91.0,120037,3405,91.51,427,Reviews_ASC
21,Adventure,582010,Monster Hunter: World,Very Positive,Very Positive,매우 긍정적,92.0,114286,34309,87.57,31,Reviews_ASC
21,Adventure,1326470,Sons Of The Forest,Very Positive,Very Positive,매우 긍정적,88.0,114221,3730,74.48,16,Reviews_ASC
21,Adventure,374320,DARK SOULS™ III,Very Positive,Very Positive,매우 긍정적,94.0,106364,18130,93.89,146,Reviews_ASC
21,Adventure,1222670,The Sims™ 4,Very Positive,Very Positive,매우 긍정적,87.0,104284,2687,86.38,44,Reviews_ASC
21,Adventure,261550,Mount & Blade II: Bannerlord,Very Positive,Very Positive,매우 긍정적,87.0,96997,4876,82.83,73,Reviews_ASC
21,Adventure,2183900,"Warhammer 40,000: Space Marine 2",Very Positive,Very Positive,매우 긍정적,86.0,92181,3352,77.42,53,_ASC
21,Adventure,1551360,Forza Horizon 5,Very Positive,Very Positive,매우 긍정적,88.0,90926,5379,88.1,28,Reviews_ASC
21,Adventure,814380,Sekiro™: Shadows Die Twice - GOTY Edition,Very Positive,Very Positive,매우 긍정적,93.0,86127,10754,95.07,163,Reviews_ASC
21,Adventure,1172380,STAR WARS Jedi: Fallen Order™,Very Positive,Very Positive,매우 긍정적,88.0,82495,2898,86.68,542,Reviews_ASC
21,Adventure,306130,The Elder Scrolls® Online,Very Positive,Very Positive,매우 긍정적,81.0,73878,1069,72.4,170,Reviews_ASC
21,Adventure,12210,Grand Theft Auto IV: The Complete Edition,Very Positive,Very Positive,매우 긍정적,81.0,70270,2491,74.79,203,Reviews_ASC
21,Adventure,2358720,Black Myth: Wukong,Very Positive,Very Positive,매우 긍정적,93.0,69264,3466,89.12,85,Reviews_ASC
21,Adventure,552520,Far Cry® 5,Very Positive,Very Positive,매우 긍정적,80.0,68990,3160,59.4,444,Reviews_ASC
21,Adventure,1771300,Kingdom Come: Deliverance II,Very Positive,Very Positive,매우 긍정적,92.0,64219,4024,93.94,21,_ASC
21,Adventure,1962700,Subnautica 2,Very Positive,Very Positive,매우 긍정적,93.0,63667,1267,56.99,2,Reviews_ASC
21,Adventure,3240220,Grand Theft Auto V Enhanced,Very Positive,Very Positive,매우 긍정적,80.0,62712,3536,82.32,4,Reviews_ASC
21,Adventure,379430,Kingdom Come: Deliverance,Very Positive,Very Positive,매우 긍정적,83.0,62402,4275,86.46,145,Reviews_ASC
21,Adventure,3564740,Where Winds Meet,Very Positive,Very Positive,매우 긍정적,86.0,61663,3069,87.16,5,Reviews_ASC
21,Adventure,1721470,Poppy Playtime,Very Positive,Very Positive,매우 긍정적,88.0,60781,5287,78.87,173,Reviews_ASC
21,Adventure,397540,Borderlands 3,Very Positive,Very Positive,매우 긍정적,81.0,59803,2552,79.86,380,Reviews_ASC
21,Adventure,899770,Last Epoch,Very Positive,Very Positive,매우 긍정적,80.0,59423,2979,75.09,184,Reviews_ASC
21,Adventure,3321460,Crimson Desert,Very Positive,Very Positive,매우 긍정적,86.0,57395,13793,81.48,3,Reviews_ASC
21,Adventure,632470,Disco Elysium - The Final Cut,Very Positive,Very Positive,매우 긍정적,92.0,56288,1991,84.73,252,Reviews_ASC
21,Adventure,848450,Subnautica: Below Zero,Very Positive,Very Positive,매우 긍정적,89.0,54787,1572,81.36,134,Reviews_ASC
21,Adventure,1604030,V Rising,Very Positive,Very Positive,매우 긍정적,89.0,54290,3075,89.3,103,Reviews_ASC
21,Adventure,361420,ASTRONEER,Very Positive,Very Positive,매우 긍정적,91.0,53468,4918,87.78,227,Reviews_ASC
21,Adventure,203160,Tomb Raider Game of the Year,Very Positive,Very Positive,매우 긍정적,94.0,51912,5986,94.85,536,Reviews_ASC
21,Adventure,1151640,Horizon Zero Dawn™ Complete Edition,Very Positive,Very Positive,매우 긍정적,89.0,51599,3101,77.59,726,Reviews_ASC
21,Adventure,1222680,Need for Speed™ Heat,Very Positive,Very Positive,매우 긍정적,84.0,50722,1564,75.45,611,Reviews_ASC
21,Adventure,208650,Batman™: Arkham Knight,Very Positive,Very Positive,매우 긍정적,92.0,49716,2200,77.91,366,Reviews_ASC
21,Adventure,524220,NieR:Automata™,Very Positive,Very Positive,매우 긍정적,90.0,49469,4129,86.8,308,Reviews_ASC
21,Adventure,570940,DARK SOULS™: REMASTERED,Very Positive,Very Positive,매우 긍정적,91.0,47918,2613,88.29,258,_ASC
21,Adventure,218230,PlanetSide 2,Very Positive,Very Positive,매우 긍정적,81.0,47371,802,76.43,991,_ASC
21,Adventure,1203620,Enshrouded,Very Positive,Very Positive,매우 긍정적,87.0,47325,2127,77.86,61,Reviews_ASC
21,Adventure,8870,BioShock Infinite,Very Positive,Very Positive,매우 긍정적,91.0,47126,5060,95.24,436,Reviews_ASC
21,Adventure,225540,Just Cause™ 3,Very Positive,Very Positive,매우 긍정적,86.0,45196,642,71.65,940,Reviews_ASC
21,Adventure,552500,Warhammer: Vermintide 2,Very Positive,Very Positive,매우 긍정적,90.0,43688,1719,80.57,623,_ASC
21,Adventure,287700,METAL GEAR SOLID V: THE PHANTOM PAIN,Very Positive,Very Positive,매우 긍정적,92.0,41559,1405,86.48,723,Reviews_ASC
21,Adventure,240720,Getting Over It with Bennett Foddy,Very Positive,Very Positive,매우 긍정적,84.0,41107,3906,75.17,481,_ASC
21,Adventure,305620,The Long Dark,Very Positive,Very Positive,매우 긍정적,87.0,40361,3849,87.53,311,Reviews_ASC
21,Adventure,962130,Grounded,Very Positive,Very Positive,매우 긍정적,92.0,40319,2248,87.37,32,Reviews_ASC
21,Adventure,1304930,The Outlast Trials,Very Positive,Very Positive,매우 긍정적,94.0,39504,829,89.38,126,Reviews_ASC
21,Adventure,1943950,Escape the Backrooms,Very Positive,Very Positive,매우 긍정적,89.0,38314,2704,86.02,9,Reviews_ASC
21,Adventure,17390,SPORE™,Very Positive,Very Positive,매우 긍정적,92.0,37716,659,81.03,591,Reviews_ASC
21,Adventure,460930,Tom Clancy's Ghost Recon® Wildlands,Very Positive,Very Positive,매우 긍정적,80.0,37462,2427,74.7,423,Reviews_ASC
21,Adventure,2215430,Ghost of Tsushima DIRECTOR'S CUT,Very Positive,Very Positive,매우 긍정적,93.0,37382,2465,92.78,155,Reviews_ASC
21,Adventure,516750,My Summer Car,Very Positive,Very Positive,매우 긍정적,93.0,36298,1080,89.91,530,Reviews_ASC
21,Adventure,582160,Assassin's Creed® Origins,Very Positive,Very Positive,매우 긍정적,84.0,36293,3869,85.84,431,Reviews_ASC
21,Adventure,1259420,Days Gone,Very Positive,Very Positive,매우 긍정적,92.0,36212,3066,89.2,374,Reviews_ASC
21,Adventure,356190,Middle-earth™: Shadow of War™,Very Positive,Very Positive,매우 긍정적,88.0,36122,1798,74.25,393,Reviews_ASC
21,Adventure,335300,DARK SOULS™ II: Scholar of the First Sin,Very Positive,Very Positive,매우 긍정적,83.0,34217,3173,81.94,396,Reviews_ASC
21,Adventure,412020,Metro Exodus,Very Positive,Very Positive,매우 긍정적,87.0,34014,1524,73.16,189,Reviews_ASC
21,Adventure,2881650,Content Warning,Very Positive,Very Positive,매우 긍정적,93.0,33840,1471,91.09,116,Reviews_ASC
21,Adventure,10090,Call of Duty: World at War,Very Positive,Very Positive,매우 긍정적,92.0,33284,760,92.63,319,Reviews_ASC
21,Adventure,588430,Fallout Shelter,Very Positive,Very Positive,매우 긍정적,85.0,32587,569,82.6,833,Reviews_ASC
21,Adventure,418370,Resident Evil 7 Biohazard,Very Positive,Very Positive,매우 긍정적,94.0,31507,2064,94.57,41,Reviews_ASC
21,Adventure,391220,Rise of the Tomb Raider™,Very Positive,Very Positive,매우 긍정적,92.0,31379,3564,91.72,357,_ASC
599,Simulation,578080,PUBG: BATTLEGROUNDS,Mixed,Mixed,복합적,66.0,446138,146848,71.5,2,Reviews_ASC
599,Simulation,949230,Cities: Skylines II,Mixed,Mixed,복합적,56.0,33272,1923,55.95,39,Reviews_ASC
599,Simulation,2669320,EA SPORTS FC™ 25,Mixed,Mixed,복합적,53.0,29859,1922,41.52,119,Reviews_ASC
599,Simulation,1665460,eFootball™,Mixed,Mixed,복합적,48.0,28575,1172,44.8,26,Reviews_ASC
599,Simulation,1295660,Sid Meier's Civilization VII,Mixed,Mixed,복합적,51.0,27879,1061,41.28,67,Reviews_ASC
599,Simulation,3405690,EA SPORTS FC™ 26,Mixed,Mixed,복합적,47.0,18986,672,31.4,34,Reviews_ASC
599,Simulation,1124300,HUMANKIND™,Mixed,Mixed,복합적,69.0,12215,700,57.14,699,Reviews_ASC
599,Simulation,3932890,Escape from Tarkov,Mixed,Mixed,복합적,60.0,10734,1548,34.24,9,Reviews_ASC
599,Simulation,4025700,Heartopia,Mixed,Mixed,복합적,58.0,7238,858,76.69,4,Reviews_ASC
599,Simulation,1424800,Uncharted Waters IV HD Version,Mixed,Mixed,복합적,66.0,1881,523,69.22,338,Reviews_ASC
599,Simulation,363150,Romance of the Three Kingdoms XIII,Mixed,Mixed,복합적,68.0,879,1621,67.24,242,Reviews_ASC
599,Simulation,382140,SKYHILL,Mixed,Mixed,복합적,69.0,639,876,76.6,842,Reviews_ASC
599,Simulation,3551340,Football Manager 26,Mostly Negative,Mostly Negative,대체로 부정적,36.0,8549,2000,13.6,47,Reviews_ASC
599,Simulation,236390,War Thunder,Mostly Positive,Mostly Positive,대체로 긍정적,73.0,312511,10222,67.56,12,Reviews_ASC
599,Simulation,221100,DayZ,Mostly Positive,Mostly Positive,대체로 긍정적,74.0,176199,2936,52.96,203,Reviews_ASC
599,Simulation,438100,VRChat,Mostly Positive,Mostly Positive,대체로 긍정적,71.0,174267,7208,77.94,14,Reviews_ASC
599,Simulation,2139460,Once Human,Mostly Positive,Mostly Positive,대체로 긍정적,79.0,83869,7281,85.14,6,_ASC
599,Simulation,376210,The Isle,Mostly Positive,Mostly Positive,대체로 긍정적,77.0,58027,1159,78.08,181,Reviews_ASC
599,Simulation,1449850,Yu-Gi-Oh! Master Duel,Mostly Positive,Mostly Positive,대체로 긍정적,73.0,48123,8314,75.02,3,Reviews_ASC
599,Simulation,2479810,Gray Zone Warfare,Mostly Positive,Mostly Positive,대체로 긍정적,74.0,45412,542,61.62,36,Reviews_ASC
599,Simulation,1250410,Microsoft Flight Simulator (2020) 40th Anniversary Edition,Mostly Positive,Mostly Positive,대체로 긍정적,78.0,43731,1186,78.75,192,Reviews_ASC
599,Simulation,646910,The Crew™ 2,Mostly Positive,Mostly Positive,대체로 긍정적,77.0,26928,2843,75.73,794,_ASC
599,Simulation,289650,Assassin's Creed® Unity,Mostly Positive,Mostly Positive,대체로 긍정적,75.0,25437,2527,63.59,454,_ASC
599,Simulation,313120,Stranded Deep,Mostly Positive,Mostly Positive,대체로 긍정적,74.0,23355,514,66.93,292,Reviews_ASC
599,Simulation,8500,EVE Online,Mostly Positive,Mostly Positive,대체로 긍정적,72.0,22843,1597,76.83,193,Reviews_ASC
599,Simulation,529340,Victoria 3,Mostly Positive,Mostly Positive,대체로 긍정적,70.0,20313,2174,76.63,57,Reviews_ASC
599,Simulation,2051620,Enlisted,Mostly Positive,Mostly Positive,대체로 긍정적,78.0,18725,597,70.85,128,Reviews_ASC
599,Simulation,2456740,inZOI,Mostly Positive,Mostly Positive,대체로 긍정적,78.0,13294,1550,72.06,42,Reviews_ASC
599,Simulation,3450310,Europa Universalis V,Mostly Positive,Mostly Positive,대체로 긍정적,71.0,12852,514,60.89,257,_ASC
599,Simulation,916440,Anno 1800,Mostly Positive,Mostly Positive,대체로 긍정적,78.0,11715,1167,86.2,99,Reviews_ASC
599,Simulation,1601580,Frostpunk 2,Mostly Positive,Mostly Positive,대체로 긍정적,78.0,9325,810,58.52,198,Reviews_ASC
599,Simulation,766570,Russian Fishing 4,Mostly Positive,Mostly Positive,대체로 긍정적,79.0,7351,1101,84.29,64,Reviews_ASC
599,Simulation,1468810,鬼谷八荒 Tale of Immortal,Mostly Positive,Mostly Positive,대체로 긍정적,79.0,3723,1128,67.64,273,Reviews_ASC
599,Simulation,1377380,Night of the Dead,Mostly Positive,Mostly Positive,대체로 긍정적,77.0,3157,1522,74.51,441,Reviews_ASC
599,Simulation,4000,Garry's Mod,Overwhelmingly Positive,Overwhelmingly Positive,압도적으로 긍정적,97.0,529047,11427,93.48,140,Reviews_ASC
599,Simulation,413150,Stardew Valley,Overwhelmingly Positive,Overwhelmingly Positive,압도적으로 긍정적,98.0,387067,35253,98.07,11,_ASC
599,Simulation,284160,BeamNG.drive,Overwhelmingly Positive,Overwhelmingly Positive,압도적으로 긍정적,97.0,200189,1903,93.59,52,Reviews_DESC
599,Simulation,3164500,Schedule I,Overwhelmingly Positive,Overwhelmingly Positive,압도적으로 긍정적,97.0,192035,508,94.29,123,_ASC
599,Simulation,242760,The Forest,Overwhelmingly Positive,Overwhelmingly Positive,압도적으로 긍정적,95.0,175910,9315,91.74,37,Reviews_ASC
599,Simulation,1118200,People Playground,Overwhelmingly Positive,Overwhelmingly Positive,압도적으로 긍정적,98.0,174055,1269,97.48,11,Reviews_DESC
599,Simulation,227300,Euro Truck Simulator 2,Overwhelmingly Positive,Overwhelmingly Positive,압도적으로 긍정적,97.0,141732,11806,96.44,30,_ASC
599,Simulation,526870,Satisfactory,Overwhelmingly Positive,Overwhelmingly Positive,압도적으로 긍정적,97.0,133630,3907,96.78,16,Reviews_ASC
599,Simulation,294100,RimWorld,Overwhelmingly Positive,Overwhelmingly Positive,압도적으로 긍정적,97.0,117011,8057,98.09,18,Reviews_ASC
599,Simulation,427520,Factorio,Overwhelmingly Positive,Overwhelmingly Positive,압도적으로 긍정적,98.0,115555,4050,98.35,54,Reviews_ASC
599,Simulation,270880,American Truck Simulator,Overwhelmingly Positive,Overwhelmingly Positive,압도적으로 긍정적,97.0,92647,1419,96.05,62,Reviews_ASC
599,Simulation,508440,Totally Accurate Battle Simulator,Overwhelmingly Positive,Overwhelmingly Positive,압도적으로 긍정적,98.0,82957,3034,95.85,58,Reviews_DESC
599,Simulation,220200,Kerbal Space Program,Overwhelmingly Positive,Overwhelmingly Positive,압도적으로 긍정적,96.0,80837,1073,95.62,154,Reviews_ASC
599,Simulation,8930,Sid Meier's Civilization® V,Overwhelmingly Positive,Overwhelmingly Positive,압도적으로 긍정적,95.0,78310,8879,95.7,160,Reviews_ASC
599,Simulation,433340,Slime Rancher,Overwhelmingly Positive,Overwhelmingly Positive,압도적으로 긍정적,98.0,64783,2647,94.79,12,Reviews_DESC
599,Simulation,48700,Mount & Blade: Warband,Overwhelmingly Positive,Overwhelmingly Positive,압도적으로 긍정적,97.0,54776,2370,97.09,59,Reviews_DESC
599,Simulation,1454400,Cookie Clicker,Overwhelmingly Positive,Overwhelmingly Positive,압도적으로 긍정적,96.0,52932,609,95.73,466,Reviews_ASC
599,Simulation,753640,Outer Wilds,Overwhelmingly Positive,Overwhelmingly Positive,압도적으로 긍정적,95.0,50798,1383,92.26,165,Reviews_ASC
599,Simulation,457140,Oxygen Not Included,Overwhelmingly Positive,Overwhelmingly Positive,압도적으로 긍정적,95.0,48589,4759,95.59,111,Reviews_ASC
599,Simulation,1868140,DAVE THE DIVER,Overwhelmingly Positive,Overwhelmingly Positive,압도적으로 긍정적,96.0,48306,11589,97.19,50,Reviews_ASC
599,Simulation,233860,Kenshi,Overwhelmingly Positive,Overwhelmingly Positive,압도적으로 긍정적,95.0,47393,1562,89.63,101,Reviews_ASC
599,Simulation,212680,FTL: Faster Than Light,Overwhelmingly Positive,Overwhelmingly Positive,압도적으로 긍정적,95.0,46406,1721,94.42,749,Reviews_ASC
599,Simulation,636480,Ravenfield,Overwhelmingly Positive,Overwhelmingly Positive,압도적으로 긍정적,97.0,45712,975,96.31,151,Reviews_DESC
599,Simulation,240,Counter-Strike: Source,Overwhelmingly Positive,Overwhelmingly Positive,압도적으로 긍정적,96.0,44678,1728,91.03,866,_ASC
599,Simulation,239030,"Papers, Please",Overwhelmingly Positive,Overwhelmingly Positive,압도적으로 긍정적,97.0,39089,1813,95.2,355,Reviews_ASC
599,Simulation,1290000,PowerWash Simulator,Overwhelmingly Positive,Overwhelmingly Positive,압도적으로 긍정적,97.0,38120,2304,94.18,69,_ASC
599,Simulation,2835570,Buckshot Roulette,Overwhelmingly Positive,Overwhelmingly Positive,압도적으로 긍정적,96.0,34459,2137,94.29,103,Reviews_ASC
599,Simulation,219740,Don't Starve,Overwhelmingly Positive,Overwhelmingly Positive,압도적으로 긍정적,96.0,32906,1959,93.62,149,Reviews_DESC
599,Simulation,286160,Tabletop Simulator,Overwhelmingly Positive,Overwhelmingly Positive,압도적으로 긍정적,96.0,31318,2562,95.12,53,Reviews_ASC
599,Simulation,1562430,DREDGE,Overwhelmingly Positive,Overwhelmingly Positive,압도적으로 긍정적,96.0,31251,1055,94.41,215,Reviews_ASC
599,Simulation,477160,Human Fall Flat,Overwhelmingly Positive,Overwhelmingly Positive,압도적으로 긍정적,95.0,30557,10823,93.94,73,_ASC
599,Simulation,312520,Rain World,Overwhelmingly Positive,Overwhelmingly Positive,압도적으로 긍정적,95.0,28606,1100,89.55,810,Reviews_DESC
599,Simulation,1206560,WorldBox - God Simulator,Overwhelmingly Positive,Overwhelmingly Positive,압도적으로 긍정적,96.0,28506,845,91.83,116,Reviews_ASC
599,Simulation,602960,Barotrauma,Overwhelmingly Positive,Overwhelmingly Positive,압도적으로 긍정적,95.0,27982,539,87.94,219,Reviews_ASC
599,Simulation,427410,Abiotic Factor,Overwhelmingly Positive,Overwhelmingly Positive,압도적으로 긍정적,96.0,27123,565,91.5,209,_ASC
599,Simulation,3419430,Bongo Cat,Overwhelmingly Positive,Overwhelmingly Positive,압도적으로 긍정적,96.0,26399,1248,97.68,148,Reviews_DESC
599,Simulation,2527500,MiSide,Overwhelmingly Positive,Overwhelmingly Positive,압도적으로 긍정적,97.0,25268,1642,97.38,60,Reviews_DESC
599,Simulation,1062090,Timberborn,Overwhelmingly Positive,Overwhelmingly Positive,압도적으로 긍정적,96.0,23014,762,94.62,148,Reviews_ASC
599,Simulation,346010,Besiege,Overwhelmingly Positive,Overwhelmingly Positive,압도적으로 긍정적,95.0,22976,1462,93.37,257,Reviews_DESC
599,Simulation,230290,Universe Sandbox,Overwhelmingly Positive,Overwhelmingly Positive,압도적으로 긍정적,96.0,19102,536,93.28,160,Reviews_DESC
599,Simulation,1336490,Against the Storm,Overwhelmingly Positive,Overwhelmingly Positive,압도적으로 긍정적,95.0,18433,1590,94.91,92,Reviews_ASC
599,Simulation,257510,The Talos Principle,Overwhelmingly Positive,Overwhelmingly Positive,압도적으로 긍정적,95.0,17007,512,85.74,263,Reviews_DESC
599,Simulation,1127500,Mini Motorways,Overwhelmingly Positive,Overwhelmingly Positive,압도적으로 긍정적,96.0,15712,930,96.13,158,_ASC
599,Simulation,1040200,Crime Scene Cleaner,Overwhelmingly Positive,Overwhelmingly Positive,압도적으로 긍정적,98.0,14806,1348,98.0,14,Reviews_DESC
599,Simulation,1999360,Placid Plastic Duck Simulator,Overwhelmingly Positive,Overwhelmingly Positive,압도적으로 긍정적,97.0,12041,1243,98.15,74,Reviews_DESC
599,Simulation,447530,VA-11 Hall-A: Cyberpunk Bartender Action,Overwhelmingly Positive,Overwhelmingly Positive,압도적으로 긍정적,96.0,11940,2514,96.14,65,Reviews_DESC
599,Simulation,1948280,Stacklands,Overwhelmingly Positive,Overwhelmingly Positive,압도적으로 긍정적,95.0,11679,2197,95.86,158,Reviews_DESC
599,Simulation,837470,Untitled Goose Game,Overwhelmingly Positive,Overwhelmingly Positive,압도적으로 긍정적,96.0,9998,507,92.11,227,Reviews_ASC
599,Simulation,570,Dota 2,Very Positive,Very Positive,매우 긍정적,88.0,829305,5170,76.09,45,Reviews_ASC
599,Simulation,252490,Rust,Very Positive,Very Positive,매우 긍정적,86.0,522852,9328,77.28,15,Reviews_ASC
599,Simulation,275850,No Man's Sky,Very Positive,Very Positive,매우 긍정적,81.0,181293,3072,75.94,31,Reviews_ASC
599,Simulation,218620,PAYDAY 2,Very Positive,Very Positive,매우 긍정적,87.0,174497,8578,80.4,107,Reviews_ASC
599,Simulation,108600,Project Zomboid,Very Positive,Very Positive,매우 긍정적,94.0,149128,12072,88.27,22,Reviews_ASC
599,Simulation,648800,Raft,Very Positive,Very Positive,매우 긍정적,93.0,128632,10558,90.68,28,_ASC
599,Simulation,251570,7 Days to Die,Very Positive,Very Positive,매우 긍정적,85.0,124444,3864,86.18,80,Reviews_ASC
599,Simulation,394360,Hearts of Iron IV,Very Positive,Very Positive,매우 긍정적,91.0,121882,7428,88.41,20,Reviews_ASC
599,Simulation,1326470,Sons Of The Forest,Very Positive,Very Positive,매우 긍정적,88.0,114221,3730,74.48,8,_ASC
599,Simulation,107410,Arma 3,Very Positive,Very Positive,매우 긍정적,91.0,110531,2893,81.23,249,Reviews_ASC
599,Simulation,289070,Sid Meier’s Civilization® VI,Very Positive,Very Positive,매우 긍정적,84.0,106348,12306,89.42,59,Reviews_ASC
599,Simulation,1222670,The Sims™ 4,Very Positive,Very Positive,매우 긍정적,87.0,104284,2687,86.38,35,Reviews_ASC
599,Simulation,255710,Cities: Skylines,Very Positive,Very Positive,매우 긍정적,92.0,99686,6551,93.38,71,Reviews_ASC
599,Simulation,261550,Mount & Blade II: Bannerlord,Very Positive,Very Positive,매우 긍정적,87.0,96997,4876,82.83,46,_ASC
599,Simulation,1551360,Forza Horizon 5,Very Positive,Very Positive,매우 긍정적,88.0,90926,5379,88.1,17,Reviews_ASC
599,Simulation,393380,Squad,Very Positive,Very Positive,매우 긍정적,84.0,82677,1117,75.65,184,Reviews_ASC
599,Simulation,281990,Stellaris,Very Positive,Very Positive,매우 긍정적,86.0,75684,2301,89.09,44,Reviews_ASC
599,Simulation,244850,Space Engineers,Very Positive,Very Positive,매우 긍정적,89.0,67386,527,85.58,320,_ASC
599,Simulation,714010,Aimlabs,Very Positive,Very Positive,매우 긍정적,90.0,65574,1870,93.26,150,Reviews_ASC
599,Simulation,518790,theHunter: Call of the Wild™,Very Positive,Very Positive,매우 긍정적,90.0,62317,2659,84.66,104,Reviews_ASC
599,Simulation,686810,Hell Let Loose,Very Positive,Very Positive,매우 긍정적,83.0,61793,1006,73.46,151,Reviews_ASC
599,Simulation,581320,Insurgency: Sandstorm,Very Positive,Very Positive,매우 긍정적,86.0,59460,1673,73.46,337,Reviews_ASC
599,Simulation,244210,Assetto Corsa,Very Positive,Very Positive,매우 긍정적,93.0,58914,1344,92.41,96,Reviews_ASC
599,Simulation,361420,ASTRONEER,Very Positive,Very Positive,매우 긍정적,91.0,53468,4918,87.78,171,Reviews_ASC
599,Simulation,594570,Total War: WARHAMMER II,Very Positive,Very Positive,매우 긍정적,93.0,50705,3500,94.69,97,Reviews_ASC
599,Simulation,1158310,Crusader Kings III,Very Positive,Very Positive,매우 긍정적,90.0,49072,3691,93.04,29,_ASC
599,Simulation,552990,World of Warships,Very Positive,Very Positive,매우 긍정적,80.0,48788,2542,81.24,25,Reviews_ASC
599,Simulation,203770,Crusader Kings II,Very Positive,Very Positive,매우 긍정적,91.0,47695,1054,91.37,800,_ASC
599,Simulation,236850,Europa Universalis IV,Very Positive,Very Positive,매우 긍정적,87.0,47534,1542,87.29,139,Reviews_ASC
599,Simulation,613100,House Flipper,Very Positive,Very Positive,매우 긍정적,94.0,45381,3091,91.1,112,Reviews_ASC
599,Simulation,703080,Planet Zoo,Very Positive,Very Positive,매우 긍정적,91.0,41866,1596,84.15,105,Reviews_ASC
599,Simulation,305620,The Long Dark,Very Positive,Very Positive,매우 긍정적,87.0,40361,3849,87.53,237,Reviews_ASC
599,Simulation,1363080,Manor Lords,Very Positive,Very Positive,매우 긍정적,87.0,38670,1109,73.67,108,Reviews_ASC
599,Simulation,323190,Frostpunk,Very Positive,Very Positive,매우 긍정적,92.0,38444,5186,94.56,142,Reviews_ASC
599,Simulation,17390,SPORE™,Very Positive,Very Positive,매우 긍정적,92.0,37716,659,81.03,425,Reviews_ASC
599,Simulation,516750,My Summer Car,Very Positive,Very Positive,매우 긍정적,93.0,36298,1080,89.91,371,Reviews_ASC
599,Simulation,233450,Prison Architect,Very Positive,Very Positive,매우 긍정적,88.0,33865,1197,86.97,483,Reviews_ASC
599,Simulation,2670630,Supermarket Simulator,Very Positive,Very Positive,매우 긍정적,92.0,33554,859,86.15,120,Reviews_ASC
599,Simulation,2709570,Supermarket Together,Very Positive,Very Positive,매우 긍정적,94.0,33006,1170,93.16,629,Reviews_ASC
599,Simulation,588430,Fallout Shelter,Very Positive,Very Positive,매우 긍정적,85.0,32586,569,82.6,599,Reviews_ASC
599,Simulation,214950,Total War: ROME II - Emperor Edition,Very Positive,Very Positive,매우 긍정적,85.0,31774,762,89.9,259,Reviews_ASC
599,Simulation,493340,Planet Coaster,Very Positive,Very Positive,매우 긍정적,90.0,31110,2065,90.07,386,Reviews_ASC
599,Simulation,2483190,Forza Horizon 6,Very Positive,Very Positive,매우 긍정적,86.0,30176,1025,84.78,1,Reviews_ASC
599,Simulation,231430,Company of Heroes 2,Very Positive,Very Positive,매우 긍정적,84.0,28319,2255,75.48,438,Reviews_ASC
599,Simulation,815370,Green Hell,Very Positive,Very Positive,매우 긍정적,85.0,26220,1966,79.45,82,Reviews_ASC
599,Simulation,246620,Plague Inc: Evolved,Very Positive,Very Positive,매우 긍정적,93.0,25935,1063,92.47,68,Reviews_ASC
599,Simulation,648350,Jurassic World Evolution,Very Positive,Very Positive,매우 긍정적,86.0,23329,1215,81.56,809,_ASC
599,Simulation,1657630,Slime Rancher 2,Very Positive,Very Positive,매우 긍정적,94.0,23229,588,80.95,124,Reviews_ASC
599,Simulation,466560,Northgard: Definitive Edition,Very Positive,Very Positive,매우 긍정적,84.0,23091,867,76.82,395,Reviews_ASC
599,Simulation,282070,This War of Mine,Very Positive,Very Positive,매우 긍정적,92.0,22907,3936,95.2,451,Reviews_ASC
599,Simulation,223750,DCS World Steam Edition,Very Positive,Very Positive,매우 긍정적,84.0,22826,550,90.73,207,Reviews_ASC
599,Simulation,1135690,Unpacking,Very Positive,Very Positive,매우 긍정적,93.0,22448,1200,93.0,179,Reviews_ASC
599,Simulation,502500,ACE COMBAT™ 7: SKIES UNKNOWN,Very Positive,Very Positive,매우 긍정적,88.0,22354,2062,86.81,118,Reviews_ASC
599,Simulation,824270,KovaaK's,Very Positive,Very Positive,매우 긍정적,93.0,22215,604,91.72,211,Reviews_ASC
599,Simulation,495420,State of Decay 2: Juggernaut Edition,Very Positive,Very Positive,매우 긍정적,86.0,21522,644,76.24,293,Reviews_ASC
599,Simulation,47890,The Sims™ 3,Very Positive,Very Positive,매우 긍정적,86.0,20405,665,82.86,231,Reviews_ASC
599,Simulation,601510,Yu-Gi-Oh! Duel Links,Very Positive,Very Positive,매우 긍정적,81.0,20339,1366,74.6,131,Reviews_ASC
599,Simulation,1244460,Jurassic World Evolution 2,Very Positive,Very Positive,매우 긍정적,90.0,20008,1047,84.15,298,Reviews_ASC
599,Simulation,2567870,Chained Together,Very Positive,Very Positive,매우 긍정적,91.0,19830,2492,88.12,38,Reviews_ASC
599,Simulation,621060,PC Building Simulator,Very Positive,Very Positive,매우 긍정적,94.0,19660,1225,91.27,675,Reviews_ASC
599,Simulation,1129580,Medieval Dynasty,Very Positive,Very Positive,매우 긍정적,89.0,18852,696,82.76,208,Reviews_ASC
599,Simulation,972660,Spiritfarer®: Farewell Edition,Very Positive,Very Positive,매우 긍정적,94.0,18600,982,89.0,809,Reviews_DESC
599,Simulation,364360,Total War: WARHAMMER,Very Positive,Very Positive,매우 긍정적,82.0,18128,1023,86.41,136,Reviews_ASC
122,RPG,1716740,Starfield,Mixed,Mixed,복합적,57.0,84995,1877,32.34,225,Reviews_ASC
122,RPG,2246340,Monster Hunter Wilds,Mixed,Mixed,복합적,69.0,81923,17673,55.2,3,Reviews_ASC
122,RPG,304390,FOR HONOR™,Mixed,Mixed,복합적,69.0,57478,4051,59.07,119,Reviews_ASC
122,RPG,2399830,ARK: Survival Ascended,Mixed,Mixed,복합적,60.0,54837,906,51.88,37,_ASC
122,RPG,2074920,The First Descendant,Mixed,Mixed,복합적,64.0,50415,7060,48.5,15,Reviews_ASC
122,RPG,1774580,STAR WARS Jedi: Survivor™,Mixed,Mixed,복합적,69.0,49202,1069,69.78,279,Reviews_ASC
122,RPG,2016590,Dark and Darker,Mixed,Mixed,복합적,66.0,46526,1494,53.88,141,Reviews_ASC
122,RPG,2054970,Dragon's Dogma 2,Mixed,Mixed,복합적,67.0,43440,3189,54.28,248,Reviews_ASC
122,RPG,1285190,Borderlands 4,Mixed,Mixed,복합적,61.0,41518,1316,57.75,45,Reviews_ASC
122,RPG,1272080,PAYDAY 3,Mixed,Mixed,복합적,43.0,31207,1284,32.48,148,Reviews_ASC
122,RPG,680420,OUTRIDERS,Mixed,Mixed,복합적,68.0,30525,822,54.62,521,Reviews_ASC
122,RPG,269210,Hero Siege,Mixed,Mixed,복합적,60.0,12727,2030,69.66,143,Reviews_ASC
122,RPG,1974050,Torchlight: Infinite,Mixed,Mixed,복합적,62.0,7976,1810,86.8,35,Reviews_ASC
122,RPG,1254120,Bless Unleashed,Mixed,Mixed,복합적,63.0,7395,1938,70.64,383,Reviews_ASC
122,RPG,2668080,Snowbreak: Containment Zone,Mixed,Mixed,복합적,64.0,4509,654,73.55,394,Reviews_ASC
122,RPG,3679080,The Seven Deadly Sins: Origin,Mixed,Mixed,복합적,58.0,3979,783,55.17,10,Reviews_ASC
122,RPG,1825750,Soulworker : Your Destiny Awaits,Mixed,Mixed,복합적,65.0,2669,2649,65.27,44,Reviews_ASC
122,RPG,3678970,TBH: Task Bar Hero,Mixed,Mixed,복합적,43.0,2127,1120,24.02,51,Reviews_ASC
122,RPG,1424800,Uncharted Waters IV HD Version,Mixed,Mixed,복합적,66.0,1881,523,69.22,339,Reviews_ASC
122,RPG,526160,The Wild Eight,Mixed,Mixed,복합적,68.0,1784,837,60.69,940,Reviews_ASC
122,RPG,2349820,Hero's Land,Mixed,Mixed,복합적,66.0,1457,2390,75.56,118,Reviews_ASC
122,RPG,3308670,GIRLS' FRONTLINE 2: EXILIUM,Mixed,Mixed,복합적,52.0,1019,674,35.46,102,Reviews_ASC
122,RPG,363150,Romance of the Three Kingdoms XIII,Mixed,Mixed,복합적,68.0,879,1621,67.24,257,Reviews_ASC
122,RPG,382140,SKYHILL,Mixed,Mixed,복합적,69.0,639,876,76.6,763,Reviews_ASC
122,RPG,2584990,Shadowverse: Worlds Beyond,Mostly Negative,Mostly Negative,대체로 부정적,37.0,6428,1624,22.11,161,Reviews_ASC
122,RPG,2139460,Once Human,Mostly Positive,Mostly Positive,대체로 긍정적,79.0,83869,7281,85.14,5,Reviews_ASC
122,RPG,1361210,"Warhammer 40,000: Darktide",Mostly Positive,Mostly Positive,대체로 긍정적,75.0,71951,1823,71.37,92,Reviews_ASC
122,RPG,376210,The Isle,Mostly Positive,Mostly Positive,대체로 긍정적,77.0,58027,1159,78.08,192,Reviews_ASC
122,RPG,1151340,Fallout 76,Mostly Positive,Mostly Positive,대체로 긍정적,75.0,45859,1831,68.6,75,Reviews_ASC
122,RPG,304050,Trove,Mostly Positive,Mostly Positive,대체로 긍정적,76.0,42294,852,74.65,513,Reviews_ASC
122,RPG,1643320,S.T.A.L.K.E.R. 2: Heart of Chornobyl,Mostly Positive,Mostly Positive,대체로 긍정적,76.0,41997,1792,60.6,167,Reviews_ASC
122,RPG,440900,Conan Exiles Enhanced,Mostly Positive,Mostly Positive,대체로 긍정적,79.0,38877,992,74.5,104,_ASC
122,RPG,513710,SCUM,Mostly Positive,Mostly Positive,대체로 긍정적,74.0,37577,911,51.37,237,Reviews_ASC
122,RPG,365590,Tom Clancy’s The Division™,Mostly Positive,Mostly Positive,대체로 긍정적,73.0,27317,5036,67.89,701,Reviews_ASC
122,RPG,761890,Albion Online,Mostly Positive,Mostly Positive,대체로 긍정적,74.0,26896,2117,81.96,91,Reviews_ASC
122,RPG,289650,Assassin's Creed® Unity,Mostly Positive,Mostly Positive,대체로 긍정적,75.0,25436,2527,63.59,417,Reviews_ASC
122,RPG,2344520,Diablo® IV,Mostly Positive,Mostly Positive,대체로 긍정적,74.0,19701,1583,70.25,9,Reviews_ASC
122,RPG,2221490,Tom Clancy’s The Division® 2,Mostly Positive,Mostly Positive,대체로 긍정적,79.0,16570,1303,68.15,52,Reviews_ASC
122,RPG,794260,Outward Definitive Edition,Mostly Positive,Mostly Positive,대체로 긍정적,73.0,15484,927,69.69,479,Reviews_ASC
122,RPG,3159330,Assassin’s Creed Shadows,Mostly Positive,Mostly Positive,대체로 긍정적,77.0,15029,1215,76.21,24,Reviews_ASC
122,RPG,668580,Atomic Heart,Mostly Positive,Mostly Positive,대체로 긍정적,78.0,13185,566,70.14,144,Reviews_ASC
122,RPG,2515020,FINAL FANTASY XVI,Mostly Positive,Mostly Positive,대체로 긍정적,79.0,12182,1015,78.62,203,Reviews_ASC
122,RPG,1940340,Darkest Dungeon® II,Mostly Positive,Mostly Positive,대체로 긍정적,76.0,11654,1059,71.67,163,Reviews_ASC
122,RPG,625960,Stoneshard,Mostly Positive,Mostly Positive,대체로 긍정적,74.0,11235,1031,73.81,73,Reviews_ASC
122,RPG,1222690,Dragon Age™ Inquisition,Mostly Positive,Mostly Positive,대체로 긍정적,75.0,10766,609,72.09,914,Reviews_ASC
122,RPG,368500,Assassin's Creed® Syndicate,Mostly Positive,Mostly Positive,대체로 긍정적,78.0,10010,1209,78.0,326,Reviews_ASC
122,RPG,292120,FINAL FANTASY® XIII,Mostly Positive,Mostly Positive,대체로 긍정적,75.0,9130,608,55.43,921,Reviews_ASC
122,RPG,766570,Russian Fishing 4,Mostly Positive,Mostly Positive,대체로 긍정적,79.0,7351,1101,84.29,70,Reviews_ASC
122,RPG,835570,Conqueror's Blade,Mostly Positive,Mostly Positive,대체로 긍정적,73.0,6715,2905,75.28,43,Reviews_ASC
122,RPG,265550,Dead Rising 3 Apocalypse Edition,Mostly Positive,Mostly Positive,대체로 긍정적,75.0,5952,552,71.2,741,Reviews_ASC
122,RPG,1676840,For The King II,Mostly Positive,Mostly Positive,대체로 긍정적,79.0,5260,582,59.45,107,Reviews_ASC
122,RPG,1468810,鬼谷八荒 Tale of Immortal,Mostly Positive,Mostly Positive,대체로 긍정적,79.0,3723,1128,67.64,283,Reviews_ASC
122,RPG,1448440,Wo Long: Fallen Dynasty,Mostly Positive,Mostly Positive,대체로 긍정적,71.0,3367,635,60.16,174,_ASC
122,RPG,1377380,Night of the Dead,Mostly Positive,Mostly Positive,대체로 긍정적,77.0,3157,1522,74.51,428,Reviews_ASC
122,RPG,105600,Terraria,Overwhelmingly Positive,Overwhelmingly Positive,압도적으로 긍정적,97.0,592881,17745,96.0,46,_ASC
122,RPG,1086940,Baldur's Gate 3,Overwhelmingly Positive,Overwhelmingly Positive,압도적으로 긍정적,96.0,442198,16268,97.13,12,Reviews_ASC
122,RPG,413150,Stardew Valley,Overwhelmingly Positive,Overwhelmingly Positive,압도적으로 긍정적,98.0,387065,35253,98.07,12,Reviews_DESC
122,RPG,292030,The Witcher 3: Wild Hunt,Overwhelmingly Positive,Overwhelmingly Positive,압도적으로 긍정적,96.0,236173,16690,94.33,101,Reviews_ASC
122,RPG,22380,Fallout: New Vegas,Overwhelmingly Positive,Overwhelmingly Positive,압도적으로 긍정적,96.0,167772,2511,92.35,231,Reviews_DESC
122,RPG,391540,Undertale,Overwhelmingly Positive,Overwhelmingly Positive,압도적으로 긍정적,96.0,157492,10350,96.59,150,Reviews_DESC
122,RPG,1623730,Palworld,Overwhelmingly Positive,Overwhelmingly Positive,압도적으로 긍정적,95.0,151354,21804,95.06,7,Reviews_ASC
122,RPG,1145360,Hades,Overwhelmingly Positive,Overwhelmingly Positive,압도적으로 긍정적,98.0,140601,6799,96.9,13,Reviews_DESC
122,RPG,1794680,Vampire Survivors,Overwhelmingly Positive,Overwhelmingly Positive,압도적으로 긍정적,98.0,126606,15973,98.21,14,Reviews_DESC
122,RPG,1903340,Clair Obscur: Expedition 33,Overwhelmingly Positive,Overwhelmingly Positive,압도적으로 긍정적,96.0,99100,5783,95.31,56,_ASC
122,RPG,435150,Divinity: Original Sin 2 - Definitive Edition,Overwhelmingly Positive,Overwhelmingly Positive,압도적으로 긍정적,95.0,82777,4007,94.91,212,Reviews_ASC
122,RPG,646570,Slay the Spire,Overwhelmingly Positive,Overwhelmingly Positive,압도적으로 긍정적,97.0,75260,10097,98.2,64,Reviews_DESC
122,RPG,1145350,Hades II,Overwhelmingly Positive,Overwhelmingly Positive,압도적으로 긍정적,96.0,63737,1985,95.52,53,_ASC
122,RPG,1671210,DELTARUNE,Overwhelmingly Positive,Overwhelmingly Positive,압도적으로 긍정적,98.0,61427,1059,98.77,15,Reviews_DESC
122,RPG,1593500,God of War,Overwhelmingly Positive,Overwhelmingly Positive,압도적으로 긍정적,96.0,59147,3969,94.68,152,Reviews_DESC
122,RPG,48700,Mount & Blade: Warband,Overwhelmingly Positive,Overwhelmingly Positive,압도적으로 긍정적,97.0,54776,2370,97.09,65,Reviews_DESC
122,RPG,1150690,OMORI,Overwhelmingly Positive,Overwhelmingly Positive,압도적으로 긍정적,97.0,53498,1890,92.75,67,Reviews_DESC
122,RPG,1868140,DAVE THE DIVER,Overwhelmingly Positive,Overwhelmingly Positive,압도적으로 긍정적,96.0,48306,11589,97.19,47,Reviews_ASC
122,RPG,233860,Kenshi,Overwhelmingly Positive,Overwhelmingly Positive,압도적으로 긍정적,95.0,47393,1562,89.63,236,Reviews_DESC
122,RPG,881100,Noita,Overwhelmingly Positive,Overwhelmingly Positive,압도적으로 긍정적,95.0,46639,1325,92.75,237,Reviews_DESC
122,RPG,204360,Castle Crashers®,Overwhelmingly Positive,Overwhelmingly Positive,압도적으로 긍정적,97.0,45049,1486,90.58,153,Reviews_DESC
122,RPG,1113000,Persona 4 Golden,Overwhelmingly Positive,Overwhelmingly Positive,압도적으로 긍정적,97.0,44991,2484,95.53,254,_ASC
122,RPG,219990,Grim Dawn,Overwhelmingly Positive,Overwhelmingly Positive,압도적으로 긍정적,95.0,39299,1657,92.28,145,_ASC
122,RPG,205100,Dishonored,Overwhelmingly Positive,Overwhelmingly Positive,압도적으로 긍정적,97.0,38450,1975,96.05,69,Reviews_DESC
122,RPG,1217060,Gunfire Reborn,Overwhelmingly Positive,Overwhelmingly Positive,압도적으로 긍정적,96.0,36435,4864,94.22,110,Reviews_ASC
122,RPG,1687950,Persona 5 Royal,Overwhelmingly Positive,Overwhelmingly Positive,압도적으로 긍정적,96.0,33399,3149,95.24,71,Reviews_ASC
122,RPG,420530,OneShot,Overwhelmingly Positive,Overwhelmingly Positive,압도적으로 긍정적,98.0,31647,2975,97.11,16,Reviews_DESC
122,RPG,286160,Tabletop Simulator,Overwhelmingly Positive,Overwhelmingly Positive,압도적으로 긍정적,96.0,31318,2562,95.12,54,Reviews_ASC
122,RPG,1562430,DREDGE,Overwhelmingly Positive,Overwhelmingly Positive,압도적으로 긍정적,96.0,31250,1055,94.41,217,Reviews_ASC
122,RPG,213670,South Park™: The Stick of Truth™,Overwhelmingly Positive,Overwhelmingly Positive,압도적으로 긍정적,97.0,30431,561,97.86,70,Reviews_DESC
122,RPG,2527500,MiSide,Overwhelmingly Positive,Overwhelmingly Positive,압도적으로 긍정적,97.0,25268,1642,97.38,66,Reviews_DESC
122,RPG,2161700,Persona 3 Reload,Overwhelmingly Positive,Overwhelmingly Positive,압도적으로 긍정적,96.0,21230,1860,93.6,131,Reviews_ASC
122,RPG,2218750,Halls of Torment,Overwhelmingly Positive,Overwhelmingly Positive,압도적으로 긍정적,96.0,20974,690,92.46,243,Reviews_DESC
122,RPG,206440,To the Moon,Overwhelmingly Positive,Overwhelmingly Positive,압도적으로 긍정적,95.0,19269,4303,90.15,238,Reviews_DESC
122,RPG,107100,Bastion,Overwhelmingly Positive,Overwhelmingly Positive,압도적으로 긍정적,96.0,17632,575,85.57,245,Reviews_DESC
122,RPG,1256670,Library Of Ruina,Overwhelmingly Positive,Overwhelmingly Positive,압도적으로 긍정적,96.0,13545,7142,90.34,88,Reviews_ASC
122,RPG,261570,Ori and the Blind Forest,Overwhelmingly Positive,Overwhelmingly Positive,압도적으로 긍정적,95.0,13470,1345,94.94,243,Reviews_ASC
122,RPG,247080,Crypt of the NecroDancer,Overwhelmingly Positive,Overwhelmingly Positive,압도적으로 긍정적,95.0,12487,2234,96.06,246,Reviews_DESC
122,RPG,1240210,There Is No Game: Wrong Dimension,Overwhelmingly Positive,Overwhelmingly Positive,압도적으로 긍정적,97.0,9464,1084,95.2,74,Reviews_DESC
122,RPG,570,Dota 2,Very Positive,Very Positive,매우 긍정적,88.0,829305,5170,76.09,34,Reviews_ASC
122,RPG,1245620,ELDEN RING,Very Positive,Very Positive,매우 긍정적,94.0,428815,27569,91.36,16,Reviews_ASC
122,RPG,1091500,Cyberpunk 2077,Very Positive,Very Positive,매우 긍정적,88.0,375774,24685,77.39,20,Reviews_ASC
122,RPG,230410,Warframe,Very Positive,Very Positive,매우 긍정적,91.0,294445,11133,88.23,4,Reviews_ASC
122,RPG,346110,ARK: Survival Evolved,Very Positive,Very Positive,매우 긍정적,80.0,254609,20738,80.25,41,_ASC
122,RPG,377160,Fallout 4,Very Positive,Very Positive,매우 긍정적,81.0,181782,6802,76.52,209,Reviews_ASC
122,RPG,108600,Project Zomboid,Very Positive,Very Positive,매우 긍정적,94.0,149128,12074,88.27,23,Reviews_ASC
122,RPG,990080,Hogwarts Legacy,Very Positive,Very Positive,매우 긍정적,91.0,141380,6591,84.34,31,Reviews_ASC
122,RPG,489830,The Elder Scrolls V: Skyrim Special Edition,Very Positive,Very Positive,매우 긍정적,94.0,126988,5486,87.42,86,Reviews_ASC
122,RPG,49520,Borderlands 2,Very Positive,Very Positive,매우 긍정적,90.0,122312,3920,87.53,532,Reviews_ASC
122,RPG,582010,Monster Hunter: World,Very Positive,Very Positive,매우 긍정적,92.0,114286,34309,87.57,22,Reviews_ASC
122,RPG,374320,DARK SOULS™ III,Very Positive,Very Positive,매우 긍정적,94.0,106364,18130,93.89,99,_ASC
122,RPG,261550,Mount & Blade II: Bannerlord,Very Positive,Very Positive,매우 긍정적,87.0,96997,4876,82.83,42,Reviews_ASC
122,RPG,814380,Sekiro™: Shadows Die Twice - GOTY Edition,Very Positive,Very Positive,매우 긍정적,93.0,86127,10754,95.07,139,Reviews_ASC
122,RPG,1172380,STAR WARS Jedi: Fallen Order™,Very Positive,Very Positive,매우 긍정적,88.0,82495,2898,86.68,373,Reviews_ASC
122,RPG,306130,The Elder Scrolls® Online,Very Positive,Very Positive,매우 긍정적,81.0,73878,1069,72.4,124,Reviews_ASC
122,RPG,2622380,ELDEN RING NIGHTREIGN,Very Positive,Very Positive,매우 긍정적,87.0,73154,4237,76.23,39,_ASC
122,RPG,2358720,Black Myth: Wukong,Very Positive,Very Positive,매우 긍정적,93.0,69264,3466,89.12,57,_ASC
122,RPG,1771300,Kingdom Come: Deliverance II,Very Positive,Very Positive,매우 긍정적,92.0,64219,4024,93.94,11,Reviews_ASC
122,RPG,379430,Kingdom Come: Deliverance,Very Positive,Very Positive,매우 긍정적,83.0,62402,4277,86.44,103,Reviews_ASC
122,RPG,397540,Borderlands 3,Very Positive,Very Positive,매우 긍정적,81.0,59803,2552,79.86,268,Reviews_ASC
122,RPG,899770,Last Epoch,Very Positive,Very Positive,매우 긍정적,80.0,59423,2979,75.09,129,Reviews_ASC
122,RPG,3321460,Crimson Desert,Very Positive,Very Positive,매우 긍정적,86.0,57395,13793,81.48,2,Reviews_ASC
122,RPG,632470,Disco Elysium - The Final Cut,Very Positive,Very Positive,매우 긍정적,92.0,56288,1991,84.73,187,Reviews_ASC
122,RPG,262060,Darkest Dungeon®,Very Positive,Very Positive,매우 긍정적,90.0,56109,9199,85.76,158,Reviews_ASC
122,RPG,203160,Tomb Raider Game of the Year,Very Positive,Very Positive,매우 긍정적,94.0,51912,5986,94.85,409,Reviews_ASC
122,RPG,211820,Starbound,Very Positive,Very Positive,매우 긍정적,88.0,51755,1846,83.32,768,Reviews_ASC
122,RPG,1151640,Horizon Zero Dawn™ Complete Edition,Very Positive,Very Positive,매우 긍정적,89.0,51599,3101,77.59,509,Reviews_ASC
122,RPG,594570,Total War: WARHAMMER II,Very Positive,Very Positive,매우 긍정적,93.0,50705,3500,94.69,106,Reviews_ASC
122,RPG,524220,NieR:Automata™,Very Positive,Very Positive,매우 긍정적,90.0,49469,4129,86.8,224,Reviews_ASC
122,RPG,1158310,Crusader Kings III,Very Positive,Very Positive,매우 긍정적,90.0,49071,3691,93.04,27,Reviews_ASC
122,RPG,570940,DARK SOULS™: REMASTERED,Very Positive,Very Positive,매우 긍정적,91.0,47917,2613,88.29,194,Reviews_ASC
122,RPG,203770,Crusader Kings II,Very Positive,Very Positive,매우 긍정적,91.0,47695,1054,91.37,731,Reviews_ASC
122,RPG,218230,PlanetSide 2,Very Positive,Very Positive,매우 긍정적,81.0,47371,802,76.43,674,Reviews_ASC
122,RPG,1203620,Enshrouded,Very Positive,Very Positive,매우 긍정적,87.0,47326,2127,77.86,33,Reviews_ASC
122,RPG,8870,BioShock Infinite,Very Positive,Very Positive,매우 긍정적,91.0,47126,5060,95.24,323,Reviews_ASC
122,RPG,1973530,Limbus Company,Very Positive,Very Positive,매우 긍정적,92.0,45853,17318,83.77,6,Reviews_ASC
122,RPG,225540,Just Cause™ 3,Very Positive,Very Positive,매우 긍정적,86.0,45201,642,71.65,725,_ASC
122,RPG,268500,XCOM® 2,Very Positive,Very Positive,매우 긍정적,85.0,44516,4048,87.85,274,Reviews_ASC
122,RPG,552500,Warhammer: Vermintide 2,Very Positive,Very Positive,매우 긍정적,90.0,43687,1719,80.57,431,Reviews_ASC
122,RPG,220240,Far Cry 3,Very Positive,Very Positive,매우 긍정적,84.0,42199,1943,87.91,785,_ASC
122,RPG,962130,Grounded,Very Positive,Very Positive,매우 긍정적,92.0,40319,2248,87.37,26,Reviews_ASC
122,RPG,582160,Assassin's Creed® Origins,Very Positive,Very Positive,매우 긍정적,84.0,36293,3869,85.84,316,Reviews_ASC
122,RPG,356190,Middle-earth™: Shadow of War™,Very Positive,Very Positive,매우 긍정적,88.0,36122,1798,74.25,291,Reviews_ASC
122,RPG,335300,DARK SOULS™ II: Scholar of the First Sin,Very Positive,Very Positive,매우 긍정적,83.0,34217,3173,81.94,290,Reviews_ASC
122,RPG,1446780,MONSTER HUNTER RISE,Very Positive,Very Positive,매우 긍정적,87.0,33785,6237,88.62,36,Reviews_ASC
122,RPG,241930,Middle-earth™: Shadow of Mordor™,Very Positive,Very Positive,매우 긍정적,91.0,33133,1445,90.93,856,Reviews_ASC
122,RPG,588430,Fallout Shelter,Very Positive,Very Positive,매우 긍정적,85.0,32586,569,82.6,587,Reviews_ASC
122,RPG,391220,Rise of the Tomb Raider™,Very Positive,Very Positive,매우 긍정적,92.0,31381,3564,91.72,284,Reviews_ASC
122,RPG,22370,Fallout 3: Game of the Year Edition,Very Positive,Very Positive,매우 긍정적,80.0,31185,585,81.88,859,_ASC
122,RPG,242050,Assassin’s Creed® IV Black Flag™,Very Positive,Very Positive,매우 긍정적,85.0,30426,1475,88.81,581,Reviews_ASC
122,RPG,2483190,Forza Horizon 6,Very Positive,Very Positive,매우 긍정적,86.0,30176,1025,84.78,1,Reviews_ASC
122,RPG,1627720,Lies of P,Very Positive,Very Positive,매우 긍정적,93.0,26823,5520,92.37,60,Reviews_ASC
122,RPG,1282100,REMNANT II®,Very Positive,Very Positive,매우 긍정적,85.0,26630,1662,81.17,271,Reviews_ASC
122,RPG,1371980,No Rest for the Wicked,Very Positive,Very Positive,매우 긍정적,86.0,25955,2087,77.72,25,_ASC
122,RPG,20920,The Witcher 2: Assassins of Kings Enhanced Edition,Very Positive,Very Positive,매우 긍정적,88.0,25779,785,78.09,809,Reviews_ASC
122,RPG,3008130,Dying Light: The Beast,Very Positive,Very Positive,매우 긍정적,88.0,25510,963,76.22,94,Reviews_ASC
122,RPG,3513350,Wuthering Waves,Very Positive,Very Positive,매우 긍정적,89.0,25016,1690,90.89,8,Reviews_ASC
122,RPG,200510,XCOM: Enemy Unknown,Very Positive,Very Positive,매우 긍정적,92.0,24870,1600,94.88,767,Reviews_ASC
122,RPG,298110,Far Cry® 4,Very Positive,Very Positive,매우 긍정적,81.0,23828,1821,82.48,583,Reviews_ASC
122,RPG,113200,The Binding of Isaac,Very Positive,Very Positive,매우 긍정적,94.0,23432,1965,93.28,762,Reviews_DESC
122,RPG,367500,Dragon's Dogma: Dark Arisen,Very Positive,Very Positive,매우 긍정적,88.0,22035,815,86.87,517,_ASC
122,RPG,495420,State of Decay 2: Juggernaut Edition,Very Positive,Very Positive,매우 긍정적,86.0,21522,644,76.24,332,Reviews_ASC
122,RPG,47890,The Sims™ 3,Very Positive,Very Positive,매우 긍정적,86.0,20404,665,82.86,238,Reviews_ASC
122,RPG,601510,Yu-Gi-Oh! Duel Links,Very Positive,Very Positive,매우 긍정적,81.0,20339,1366,74.6,138,Reviews_ASC
122,RPG,1817190,Marvel’s Spider-Man: Miles Morales,Very Positive,Very Positive,매우 긍정적,93.0,20083,1294,91.58,278,Reviews_ASC
122,RPG,55230,Saints Row: The Third,Very Positive,Very Positive,매우 긍정적,94.0,18975,952,94.96,239,Reviews_DESC
122,RPG,678960,CODE VEIN,Very Positive,Very Positive,매우 긍정적,86.0,18973,1955,69.51,270,Reviews_ASC
122,RPG,1462040,FINAL FANTASY VII REMAKE INTERGRADE,Very Positive,Very Positive,매우 긍정적,87.0,18880,1055,84.27,67,Reviews_ASC
122,RPG,1129580,Medieval Dynasty,Very Positive,Very Positive,매우 긍정적,89.0,18851,696,82.76,213,Reviews_ASC
