appid,name,search_rank,search_review_score_desc,search_total_reviews,search_positive_percent,search_sort,overall_rating_bin_start,overall_rating_bin,korean_reviews,korean_positive,korean_positive_percent,steam_score_desc,steam_score_desc_ko,overall_positive_review_percent,review_score,review_score_desc
2357570,Overwatch®,87,Mostly Negative,158578,39.0,Reviews_ASC,3,Mostly Negative,5684,2703,47.55,Mostly Negative,대체로 부정적,39.0,,Mostly Negative
3551340,Football Manager 26,158,Mostly Negative,8557,36.0,Reviews_ASC,3,Mostly Negative,2000,273,13.65,Mostly Negative,대체로 부정적,36.0,,Mostly Negative
1367080,MOBILE SUIT GUNDAM BATTLE OPERATION 2,355,Mostly Negative,6815,34.0,Reviews_ASC,3,Mostly Negative,1116,341,30.56,Mostly Negative,대체로 부정적,34.0,,Mostly Negative
2584990,Shadowverse: Worlds Beyond,426,Mostly Negative,6427,37.0,Reviews_ASC,3,Mostly Negative,1624,359,22.11,Mostly Negative,대체로 부정적,37.0,,Mostly Negative
578080,PUBG: BATTLEGROUNDS,4,Mixed,446152,66.0,Reviews_ASC,4,Mixed,146849,104999,71.5,Mixed,복합적,66.0,,Mixed
1938090,Call of Duty®,26,Mixed,232463,57.0,Reviews_ASC,4,Mixed,5080,2244,44.17,Mixed,복합적,57.0,,Mixed
2807960,Battlefield™ 6,86,Mixed,144603,67.0,Reviews_ASC,4,Mixed,3876,1833,47.29,Mixed,복합적,67.0,,Mixed
1240440,Halo Infinite,968,Mixed,138608,68.0,Reviews_ASC,4,Mixed,709,476,67.14,Mixed,복합적,68.0,,Mixed
1517290,Battlefield™ 2042,1294,Mixed,106421,46.0,Reviews_ASC,4,Mixed,6539,2926,44.75,Mixed,복합적,46.0,,Mixed
1716740,Starfield,650,Mixed,84997,57.0,_ASC,4,Mixed,1877,607,32.34,Mixed,복합적,57.0,,Mixed
2246340,Monster Hunter Wilds,14,Mixed,81947,69.0,Reviews_ASC,4,Mixed,17673,9755,55.2,Mixed,복합적,69.0,,Mixed
2507950,Delta Force,51,Mixed,66395,65.0,Reviews_ASC,4,Mixed,4201,2618,62.32,Mixed,복합적,65.0,,Mixed
304390,FOR HONOR™,334,Mixed,57483,69.0,Reviews_ASC,4,Mixed,4051,2393,59.07,Mixed,복합적,69.0,,Mixed
2399830,ARK: Survival Ascended,93,Mixed,54855,60.0,Reviews_ASC,4,Mixed,906,470,51.88,Mixed,복합적,60.0,,Mixed
2074920,The First Descendant,52,Mixed,50416,64.0,Reviews_ASC,4,Mixed,7059,3424,48.51,Mixed,복합적,64.0,,Mixed
1774580,STAR WARS Jedi: Survivor™,716,Mixed,49209,69.0,_ASC,4,Mixed,1069,746,69.78,Mixed,복합적,69.0,,Mixed
2016590,Dark and Darker,434,Mixed,46525,66.0,Reviews_ASC,4,Mixed,1494,806,53.95,Mixed,복합적,66.0,,Mixed
2054970,Dragon's Dogma 2,672,Mixed,43442,67.0,_ASC,4,Mixed,3189,1731,54.28,Mixed,복합적,67.0,,Mixed
1285190,Borderlands 4,165,Mixed,41522,61.0,Reviews_ASC,4,Mixed,1317,760,57.71,Mixed,복합적,61.0,,Mixed
949230,Cities: Skylines II,94,Mixed,33278,56.0,Reviews_ASC,4,Mixed,1923,1076,55.95,Mixed,복합적,56.0,,Mixed
1272080,PAYDAY 3,462,Mixed,31207,43.0,Reviews_ASC,4,Mixed,1284,417,32.48,Mixed,복합적,43.0,,Mixed
680420,OUTRIDERS,1663,Mixed,30525,68.0,_ASC,4,Mixed,823,450,54.68,Mixed,복합적,68.0,,Mixed
2669320,EA SPORTS FC™ 25,454,Mixed,29862,53.0,Reviews_ASC,4,Mixed,1922,798,41.52,Mixed,복합적,53.0,,Mixed
1665460,eFootball™,85,Mixed,28581,48.0,_ASC,4,Mixed,1172,525,44.8,Mixed,복합적,48.0,,Mixed
1295660,Sid Meier's Civilization VII,154,Mixed,27892,51.0,Reviews_ASC,4,Mixed,1061,438,41.28,Mixed,복합적,51.0,,Mixed
424370,Wolcen: Lords of Mayhem,2897,Mixed,27673,56.0,_ASC,4,Mixed,861,509,59.12,Mixed,복합적,56.0,,Mixed
1778820,TEKKEN 8,38,Mixed,26477,57.0,Reviews_ASC,4,Mixed,10178,3719,36.54,Mixed,복합적,57.0,,Mixed
2524890,Pixel Gun 3D: PC Edition,347,Mixed,22986,62.0,Reviews_ASC,4,Mixed,736,471,63.99,Mixed,복합적,62.0,,Mixed
1997040,MARVEL SNAP,792,Mixed,19847,67.0,_ASC,4,Mixed,1219,945,77.52,Mixed,복합적,67.0,,Mixed
3405690,EA SPORTS FC™ 26,104,Mixed,19029,47.0,Reviews_ASC,4,Mixed,672,210,31.25,Mixed,복합적,47.0,,Mixed
360430,Mafia III: Definitive Edition,1280,Mixed,16140,60.0,Reviews_ASC,4,Mixed,748,344,45.99,Mixed,복합적,60.0,,Mixed
476600,Call of Duty®: WWII,333,Mixed,13887,66.0,Reviews_ASC,4,Mixed,1584,926,58.46,Mixed,복합적,66.0,,Mixed
1677280,Company of Heroes 3,136,Mixed,12940,62.0,Reviews_ASC,4,Mixed,1581,695,43.96,Mixed,복합적,62.0,,Mixed
269210,Hero Siege,392,Mixed,12727,60.0,Reviews_ASC,4,Mixed,2030,1414,69.66,Mixed,복합적,60.0,,Mixed
2369390,Far Cry® 6,1315,Mixed,12543,67.0,_ASC,4,Mixed,655,400,61.07,Mixed,복합적,67.0,,Mixed
1124300,HUMANKIND™,1581,Mixed,12215,69.0,Reviews_ASC,4,Mixed,700,400,57.14,Mixed,복합적,69.0,,Mixed
3932890,Escape from Tarkov,37,Mixed,10742,60.0,Reviews_ASC,4,Mixed,1548,530,34.24,Mixed,복합적,60.0,,Mixed
292730,Call of Duty®: Infinite Warfare,1357,Mixed,9436,62.0,Reviews_ASC,4,Mixed,843,439,52.08,Mixed,복합적,62.0,,Mixed
1430190,Killing Floor 3,2319,Mixed,8332,49.0,Reviews_ASC,4,Mixed,506,126,24.9,Mixed,복합적,49.0,,Mixed
1974050,Torchlight: Infinite,98,Mixed,7979,62.0,Reviews_ASC,4,Mixed,1810,1571,86.8,Mixed,복합적,62.0,,Mixed
285190,"Warhammer 40,000: Dawn of War III",2693,Mixed,7768,47.0,_ASC,4,Mixed,570,188,32.98,Mixed,복합적,47.0,,Mixed
1254120,Bless Unleashed,1114,Mixed,7395,63.0,_ASC,4,Mixed,1938,1369,70.64,Mixed,복합적,63.0,,Mixed
4025700,Heartopia,13,Mixed,7243,58.0,Reviews_ASC,4,Mixed,858,658,76.69,Mixed,복합적,58.0,,Mixed
393080,Call of Duty®: Modern Warfare® Remastered (2017),461,Mixed,6223,42.0,_ASC,4,Mixed,932,605,64.91,Mixed,복합적,42.0,,Mixed
209650,Call of Duty®: Advanced Warfare - Gold Edition,972,Mixed,5831,58.0,_ASC,4,Mixed,549,381,69.4,Mixed,복합적,58.0,,Mixed
985810,GrandChase,62,Mixed,5229,64.0,Reviews_ASC,4,Mixed,2578,1175,45.58,Mixed,복합적,64.0,,Mixed
2668080,Snowbreak: Containment Zone,659,Mixed,4510,64.0,_ASC,4,Mixed,654,481,73.55,Mixed,복합적,64.0,,Mixed
3679080,The Seven Deadly Sins: Origin,35,Mixed,3983,58.0,Reviews_ASC,4,Mixed,783,432,55.17,Mixed,복합적,58.0,,Mixed
311730,DEAD OR ALIVE 5 Last Round: Core Fighters,1071,Mixed,3559,68.0,_ASC,4,Mixed,547,293,53.56,Mixed,복합적,68.0,,Mixed
1352080,SMASH LEGENDS,2475,Mixed,2926,66.0,_ASC,4,Mixed,1227,695,56.64,Mixed,복합적,66.0,,Mixed
1825750,Soulworker : Your Destiny Awaits,155,Mixed,2669,65.0,Reviews_ASC,4,Mixed,2649,1729,65.27,Mixed,복합적,65.0,,Mixed
3678970,TBH: Task Bar Hero,168,Mixed,2214,42.0,Reviews_ASC,4,Mixed,1144,269,23.51,Mixed,복합적,42.0,,Mixed
1424800,Uncharted Waters IV HD Version,1109,Mixed,1881,66.0,_ASC,4,Mixed,523,362,69.22,Mixed,복합적,66.0,,Mixed
1635450,Longvinter,596,Mixed,1813,62.0,Reviews_ASC,4,Mixed,3897,2780,71.34,Mixed,복합적,62.0,,Mixed
2349820,Hero's Land,335,Mixed,1458,66.0,_ASC,4,Mixed,2390,1806,75.56,Mixed,복합적,66.0,,Mixed
3308670,GIRLS' FRONTLINE 2: EXILIUM,338,Mixed,1019,52.0,Reviews_ASC,4,Mixed,674,239,35.46,Mixed,복합적,52.0,,Mixed
363150,Romance of the Three Kingdoms XIII,627,Mixed,879,68.0,_ASC,4,Mixed,1621,1090,67.24,Mixed,복합적,68.0,,Mixed
382140,SKYHILL,2453,Mixed,639,69.0,Reviews_ASC,4,Mixed,876,671,76.6,Mixed,복합적,69.0,,Mixed
4214820,Game of Thrones Kingsroad,178,Mixed,360,65.0,Reviews_ASC,4,Mixed,554,455,82.13,Mixed,복합적,65.0,,Mixed
1172470,Apex Legends™,8,Mostly Positive,443610,76.0,Reviews_ASC,5,Mostly Positive,17997,12958,72.0,Mostly Positive,대체로 긍정적,76.0,,Mostly Positive
1085660,Destiny 2,167,Mostly Positive,380937,78.0,Reviews_ASC,5,Mostly Positive,14452,10681,73.91,Mostly Positive,대체로 긍정적,78.0,,Mostly Positive
236390,War Thunder,40,Mostly Positive,312607,73.0,Reviews_ASC,5,Mostly Positive,10221,6906,67.57,Mostly Positive,대체로 긍정적,73.0,,Mostly Positive
2767030,Marvel Rivals,105,Mostly Positive,283327,77.0,Reviews_ASC,5,Mostly Positive,2065,1529,74.04,Mostly Positive,대체로 긍정적,77.0,,Mostly Positive
381210,Dead by Daylight,27,Mostly Positive,256257,79.0,Reviews_ASC,5,Mostly Positive,23819,17425,73.16,Mostly Positive,대체로 긍정적,79.0,,Mostly Positive
221100,DayZ,667,Mostly Positive,176209,74.0,_ASC,5,Mostly Positive,2935,1554,52.95,Mostly Positive,대체로 긍정적,74.0,,Mostly Positive
291550,Brawlhalla,562,Mostly Positive,175372,78.0,Reviews_ASC,5,Mostly Positive,2111,1671,79.16,Mostly Positive,대체로 긍정적,78.0,,Mostly Positive
438100,VRChat,46,Mostly Positive,174293,71.0,Reviews_ASC,5,Mostly Positive,7208,5618,77.94,Mostly Positive,대체로 긍정적,71.0,,Mostly Positive
1144200,Ready or Not,97,Mostly Positive,146568,76.0,Reviews_ASC,5,Mostly Positive,8545,7259,84.95,Mostly Positive,대체로 긍정적,76.0,,Mostly Positive
594650,Hunt: Showdown 1896,279,Mostly Positive,93464,77.0,Reviews_ASC,5,Mostly Positive,2017,1521,75.41,Mostly Positive,대체로 긍정적,77.0,,Mostly Positive
2139460,Once Human,20,Mostly Positive,83892,79.0,Reviews_ASC,5,Mostly Positive,7283,6201,85.14,Mostly Positive,대체로 긍정적,79.0,,Mostly Positive
1361210,"Warhammer 40,000: Darktide",280,Mostly Positive,71955,75.0,_ASC,5,Mostly Positive,1823,1301,71.37,Mostly Positive,대체로 긍정적,75.0,,Mostly Positive
534380,Dying Light 2 Stay Human: Reloaded Edition,627,Mostly Positive,67751,78.0,Reviews_ASC,5,Mostly Positive,3323,2362,71.08,Mostly Positive,대체로 긍정적,78.0,,Mostly Positive
376210,The Isle,484,Mostly Positive,58047,77.0,Reviews_ASC,5,Mostly Positive,1159,905,78.08,Mostly Positive,대체로 긍정적,77.0,,Mostly Positive
1142710,Total War: WARHAMMER III,122,Mostly Positive,54580,70.0,Reviews_ASC,5,Mostly Positive,3685,2554,69.31,Mostly Positive,대체로 긍정적,70.0,,Mostly Positive
1449850,Yu-Gi-Oh! Master Duel,9,Mostly Positive,48125,73.0,Reviews_ASC,5,Mostly Positive,8314,6237,75.02,Mostly Positive,대체로 긍정적,73.0,,Mostly Positive
1151340,Fallout 76,240,Mostly Positive,45859,75.0,Reviews_ASC,5,Mostly Positive,1830,1255,68.58,Mostly Positive,대체로 긍정적,75.0,,Mostly Positive
2479810,Gray Zone Warfare,132,Mostly Positive,45415,74.0,Reviews_ASC,5,Mostly Positive,542,334,61.62,Mostly Positive,대체로 긍정적,74.0,,Mostly Positive
1250410,Microsoft Flight Simulator (2020) 40th Anniversary Edition,523,Mostly Positive,43732,78.0,Reviews_ASC,5,Mostly Positive,1186,934,78.75,Mostly Positive,대체로 긍정적,78.0,,Mostly Positive
304050,Trove,1525,Mostly Positive,42292,76.0,_ASC,5,Mostly Positive,852,636,74.65,Mostly Positive,대체로 긍정적,76.0,,Mostly Positive
1643320,S.T.A.L.K.E.R. 2: Heart of Chornobyl,461,Mostly Positive,42003,76.0,Reviews_ASC,5,Mostly Positive,1792,1086,60.6,Mostly Positive,대체로 긍정적,76.0,,Mostly Positive
440900,Conan Exiles Enhanced,302,Mostly Positive,38888,79.0,Reviews_ASC,5,Mostly Positive,992,739,74.5,Mostly Positive,대체로 긍정적,79.0,,Mostly Positive
513710,SCUM,652,Mostly Positive,37583,74.0,_ASC,5,Mostly Positive,912,468,51.32,Mostly Positive,대체로 긍정적,74.0,,Mostly Positive
1238810,Battlefield™ V,671,Mostly Positive,34857,71.0,Reviews_ASC,5,Mostly Positive,2994,1883,62.89,Mostly Positive,대체로 긍정적,71.0,,Mostly Positive
1149460,ICARUS,430,Mostly Positive,29619,76.0,Reviews_ASC,5,Mostly Positive,1026,625,60.92,Mostly Positive,대체로 긍정적,76.0,,Mostly Positive
365590,Tom Clancy’s The Division™,2186,Mostly Positive,27320,73.0,Reviews_ASC,5,Mostly Positive,5036,3419,67.89,Mostly Positive,대체로 긍정적,73.0,,Mostly Positive
646910,The Crew™ 2,2145,Mostly Positive,26931,77.0,_ASC,5,Mostly Positive,2843,2153,75.73,Mostly Positive,대체로 긍정적,77.0,,Mostly Positive
761890,Albion Online,311,Mostly Positive,26900,74.0,_ASC,5,Mostly Positive,2117,1735,81.96,Mostly Positive,대체로 긍정적,74.0,,Mostly Positive
2073620,Arena Breakout: Infinite,117,Mostly Positive,25657,75.0,Reviews_ASC,5,Mostly Positive,528,386,73.11,Mostly Positive,대체로 긍정적,75.0,,Mostly Positive
289650,Assassin's Creed® Unity,1306,Mostly Positive,25442,75.0,Reviews_ASC,5,Mostly Positive,2527,1607,63.59,Mostly Positive,대체로 긍정적,75.0,,Mostly Positive
550650,Black Squad,905,Mostly Positive,25421,70.0,Reviews_ASC,5,Mostly Positive,3743,2750,73.47,Mostly Positive,대체로 긍정적,70.0,,Mostly Positive
924970,Back 4 Blood,1925,Mostly Positive,25216,72.0,_ASC,5,Mostly Positive,2953,1589,53.81,Mostly Positive,대체로 긍정적,72.0,,Mostly Positive
1407200,World of Tanks,146,Mostly Positive,24731,73.0,Reviews_ASC,5,Mostly Positive,1256,959,76.35,Mostly Positive,대체로 긍정적,73.0,,Mostly Positive
444200,World of Tanks Blitz,257,Mostly Positive,24354,74.0,_ASC,5,Mostly Positive,1298,831,64.02,Mostly Positive,대체로 긍정적,74.0,,Mostly Positive
2943650,FragPunk,612,Mostly Positive,23568,75.0,Reviews_ASC,5,Mostly Positive,732,538,73.5,Mostly Positive,대체로 긍정적,75.0,,Mostly Positive
313120,Stranded Deep,825,Mostly Positive,23356,74.0,_ASC,5,Mostly Positive,514,344,66.93,Mostly Positive,대체로 긍정적,74.0,,Mostly Positive
8500,EVE Online,394,Mostly Positive,22847,72.0,_ASC,5,Mostly Positive,1597,1227,76.83,Mostly Positive,대체로 긍정적,72.0,,Mostly Positive
529340,Victoria 3,173,Mostly Positive,20313,70.0,Reviews_ASC,5,Mostly Positive,2174,1666,76.63,Mostly Positive,대체로 긍정적,70.0,,Mostly Positive
2344520,Diablo® IV,28,Mostly Positive,19710,74.0,Reviews_ASC,5,Mostly Positive,1583,1112,70.25,Mostly Positive,대체로 긍정적,74.0,,Mostly Positive
2051620,Enlisted,358,Mostly Positive,18732,78.0,Reviews_ASC,5,Mostly Positive,597,423,70.85,Mostly Positive,대체로 긍정적,78.0,,Mostly Positive
2231380,Tom Clancy's Ghost Recon® Breakpoint,706,Mostly Positive,18445,72.0,_ASC,5,Mostly Positive,849,488,57.48,Mostly Positive,대체로 긍정적,72.0,,Mostly Positive
612880,Wolfenstein II: The New Colossus,2989,Mostly Positive,17381,78.0,Reviews_ASC,5,Mostly Positive,888,699,78.72,Mostly Positive,대체로 긍정적,78.0,,Mostly Positive
2221490,Tom Clancy’s The Division® 2,159,Mostly Positive,16582,79.0,Reviews_ASC,5,Mostly Positive,1303,888,68.15,Mostly Positive,대체로 긍정적,79.0,,Mostly Positive
794260,Outward Definitive Edition,1531,Mostly Positive,15489,73.0,_ASC,5,Mostly Positive,927,646,69.69,Mostly Positive,대체로 긍정적,73.0,,Mostly Positive
221040,Resident Evil 6,474,Mostly Positive,15232,72.0,Reviews_ASC,5,Mostly Positive,1065,820,77.0,Mostly Positive,대체로 긍정적,72.0,,Mostly Positive
3159330,Assassin’s Creed Shadows,72,Mostly Positive,15037,77.0,Reviews_ASC,5,Mostly Positive,1216,927,76.23,Mostly Positive,대체로 긍정적,77.0,,Mostly Positive
2456740,inZOI,144,Mostly Positive,13295,78.0,Reviews_ASC,5,Mostly Positive,1550,1117,72.06,Mostly Positive,대체로 긍정적,78.0,,Mostly Positive
668580,Atomic Heart,367,Mostly Positive,13191,78.0,Reviews_ASC,5,Mostly Positive,566,397,70.14,Mostly Positive,대체로 긍정적,78.0,,Mostly Positive
3450310,Europa Universalis V,548,Mostly Positive,12867,71.0,_ASC,5,Mostly Positive,514,313,60.89,Mostly Positive,대체로 긍정적,71.0,,Mostly Positive
310950,Street Fighter V,1476,Mostly Positive,12699,70.0,_ASC,5,Mostly Positive,1148,800,69.69,Mostly Positive,대체로 긍정적,70.0,,Mostly Positive
2515020,FINAL FANTASY XVI,553,Mostly Positive,12184,79.0,_ASC,5,Mostly Positive,1015,798,78.62,Mostly Positive,대체로 긍정적,79.0,,Mostly Positive
916440,Anno 1800,271,Mostly Positive,11715,78.0,Reviews_ASC,5,Mostly Positive,1167,1006,86.2,Mostly Positive,대체로 긍정적,78.0,,Mostly Positive
1940340,Darkest Dungeon® II,486,Mostly Positive,11655,76.0,Reviews_ASC,5,Mostly Positive,1059,759,71.67,Mostly Positive,대체로 긍정적,76.0,,Mostly Positive
2452280,Mecha BREAK,424,Mostly Positive,11438,70.0,Reviews_ASC,5,Mostly Positive,633,306,48.34,Mostly Positive,대체로 긍정적,70.0,,Mostly Positive
625960,Stoneshard,209,Mostly Positive,11238,74.0,Reviews_ASC,5,Mostly Positive,1032,762,73.84,Mostly Positive,대체로 긍정적,74.0,,Mostly Positive
1282270,Strinova,223,Mostly Positive,10906,77.0,Reviews_ASC,5,Mostly Positive,778,444,57.07,Mostly Positive,대체로 긍정적,77.0,,Mostly Positive
1222690,Dragon Age™ Inquisition,1763,Mostly Positive,10768,75.0,Reviews_ASC,5,Mostly Positive,609,439,72.09,Mostly Positive,대체로 긍정적,75.0,,Mostly Positive
1987080,Inside the Backrooms,956,Mostly Positive,10177,79.0,Reviews_ASC,5,Mostly Positive,931,696,74.76,Mostly Positive,대체로 긍정적,79.0,,Mostly Positive
368500,Assassin's Creed® Syndicate,736,Mostly Positive,10012,78.0,_ASC,5,Mostly Positive,1209,943,78.0,Mostly Positive,대체로 긍정적,78.0,,Mostly Positive
934700,Dead Island 2,212,Mostly Positive,9528,76.0,Reviews_ASC,5,Mostly Positive,550,410,74.55,Mostly Positive,대체로 긍정적,76.0,,Mostly Positive
1601580,Frostpunk 2,631,Mostly Positive,9326,78.0,_ASC,5,Mostly Positive,810,474,58.52,Mostly Positive,대체로 긍정적,78.0,,Mostly Positive
766570,Russian Fishing 4,191,Mostly Positive,7352,79.0,Reviews_ASC,5,Mostly Positive,1101,928,84.29,Mostly Positive,대체로 긍정적,79.0,,Mostly Positive
858820,Tribes of Midgard,2362,Mostly Positive,6736,74.0,_ASC,5,Mostly Positive,654,495,75.69,Mostly Positive,대체로 긍정적,74.0,,Mostly Positive
835570,Conqueror's Blade,140,Mostly Positive,6717,73.0,Reviews_ASC,5,Mostly Positive,2905,2187,75.28,Mostly Positive,대체로 긍정적,73.0,,Mostly Positive
287290,Resident Evil Revelations 2,868,Mostly Positive,6601,75.0,_ASC,5,Mostly Positive,605,485,80.17,Mostly Positive,대체로 긍정적,75.0,,Mostly Positive
265550,Dead Rising 3 Apocalypse Edition,1753,Mostly Positive,5953,75.0,Reviews_ASC,5,Mostly Positive,552,393,71.2,Mostly Positive,대체로 긍정적,75.0,,Mostly Positive
1676840,For The King II,340,Mostly Positive,5262,79.0,Reviews_ASC,5,Mostly Positive,582,346,59.45,Mostly Positive,대체로 긍정적,79.0,,Mostly Positive
2695940,PANICORE,581,Mostly Positive,4327,75.0,_ASC,5,Mostly Positive,507,395,77.91,Mostly Positive,대체로 긍정적,75.0,,Mostly Positive
1468810,鬼谷八荒 Tale of Immortal,794,Mostly Positive,3723,79.0,_ASC,5,Mostly Positive,1128,763,67.64,Mostly Positive,대체로 긍정적,79.0,,Mostly Positive
677160,We Were Here Too,1044,Mostly Positive,3567,78.0,Reviews_ASC,5,Mostly Positive,702,620,88.32,Mostly Positive,대체로 긍정적,78.0,,Mostly Positive
1448440,Wo Long: Fallen Dynasty,498,Mostly Positive,3367,71.0,Reviews_ASC,5,Mostly Positive,636,383,60.22,Mostly Positive,대체로 긍정적,71.0,,Mostly Positive
1377380,Night of the Dead,1275,Mostly Positive,3157,77.0,Reviews_ASC,5,Mostly Positive,1522,1134,74.51,Mostly Positive,대체로 긍정적,77.0,,Mostly Positive
1976440,CounterSide,2958,Mostly Positive,1897,78.0,_ASC,5,Mostly Positive,1018,617,60.61,Mostly Positive,대체로 긍정적,78.0,,Mostly Positive
2827200,MIMESIS,130,Mostly Positive,1877,79.0,Reviews_ASC,5,Mostly Positive,765,685,89.54,Mostly Positive,대체로 긍정적,79.0,,Mostly Positive
2665680,Tower of Babel: Survivors of Chaos,443,Mostly Positive,1382,77.0,Reviews_ASC,5,Mostly Positive,1336,1007,75.37,Mostly Positive,대체로 긍정적,77.0,,Mostly Positive
1933700,Smilemo,2294,Mostly Positive,1145,74.0,_ASC,5,Mostly Positive,607,441,72.65,Mostly Positive,대체로 긍정적,74.0,,Mostly Positive
3609080,StarSavior,206,Mostly Positive,1124,72.0,Reviews_ASC,5,Mostly Positive,900,337,37.44,Mostly Positive,대체로 긍정적,72.0,,Mostly Positive
3757210,Agreeee,1051,Mostly Positive,1045,75.0,Reviews_ASC,5,Mostly Positive,633,507,80.09,Mostly Positive,대체로 긍정적,75.0,,Mostly Positive
824550,SD GUNDAM BATTLE ALLIANCE,1532,Mostly Positive,1004,79.0,Reviews_ASC,5,Mostly Positive,714,461,64.57,Mostly Positive,대체로 긍정적,79.0,,Mostly Positive
1737690,Yacht Dice,1296,Mostly Positive,563,77.0,Reviews_ASC,5,Mostly Positive,561,442,78.79,Mostly Positive,대체로 긍정적,77.0,,Mostly Positive
466130,White Day: A Labyrinth Named School,1669,Mostly Positive,493,76.0,_ASC,5,Mostly Positive,990,722,72.93,Mostly Positive,대체로 긍정적,76.0,,Mostly Positive
730,Counter-Strike 2,2,Very Positive,2549507,86.0,Reviews_ASC,7,Very Positive,25700,20605,80.18,Very Positive,매우 긍정적,86.0,,Very Positive
570,Dota 2,111,Very Positive,829337,88.0,Reviews_ASC,7,Very Positive,5170,3934,76.09,Very Positive,매우 긍정적,88.0,,Very Positive
359550,Tom Clancy's Rainbow Six Siege,43,Very Positive,785649,82.0,Reviews_ASC,7,Very Positive,52580,41890,79.67,Very Positive,매우 긍정적,82.0,,Very Positive
440,Team Fortress 2,23,Very Positive,734846,89.0,Reviews_ASC,7,Very Positive,13687,12127,88.6,Very Positive,매우 긍정적,89.0,,Very Positive
553850,HELLDIVERS™ 2,53,Very Positive,627032,80.0,Reviews_ASC,7,Very Positive,18483,9368,50.68,Very Positive,매우 긍정적,80.0,,Very Positive
252490,Rust,42,Very Positive,522883,86.0,Reviews_ASC,7,Very Positive,9329,7210,77.29,Very Positive,매우 긍정적,86.0,,Very Positive
1245620,ELDEN RING,30,Very Positive,428857,94.0,Reviews_ASC,7,Very Positive,27568,25187,91.36,Very Positive,매우 긍정적,94.0,,Very Positive
1091500,Cyberpunk 2077,60,Very Positive,375815,88.0,Reviews_ASC,7,Very Positive,24683,19101,77.39,Very Positive,매우 긍정적,88.0,,Very Positive
945360,Among Us,447,Very Positive,373778,92.0,Reviews_ASC,7,Very Positive,10071,8293,82.35,Very Positive,매우 긍정적,92.0,,Very Positive
739630,Phasmophobia,143,Very Positive,355966,94.0,Reviews_ASC,7,Very Positive,5815,5361,92.19,Very Positive,매우 긍정적,94.0,,Very Positive
1174180,Red Dead Redemption 2,114,Very Positive,300207,91.0,Reviews_ASC,7,Very Positive,18781,17180,91.48,Very Positive,매우 긍정적,91.0,,Very Positive
230410,Warframe,21,Very Positive,294474,91.0,Reviews_ASC,7,Very Positive,11133,9823,88.23,Very Positive,매우 긍정적,91.0,,Very Positive
322170,Geometry Dash,249,Very Positive,280219,93.0,Reviews_ASC,7,Very Positive,6880,6107,88.76,Very Positive,매우 긍정적,93.0,,Very Positive
892970,Valheim,174,Very Positive,255525,94.0,Reviews_ASC,7,Very Positive,7593,7031,92.6,Very Positive,매우 긍정적,94.0,,Very Positive
346110,ARK: Survival Evolved,137,Very Positive,254617,80.0,Reviews_ASC,7,Very Positive,20738,16642,80.25,Very Positive,매우 긍정적,80.0,,Very Positive
304930,Unturned,1707,Very Positive,220815,90.0,Reviews_ASC,7,Very Positive,4945,4202,84.97,Very Positive,매우 긍정적,90.0,,Very Positive
1808500,ARC Raiders,33,Very Positive,192747,83.0,Reviews_ASC,7,Very Positive,3994,3245,81.25,Very Positive,매우 긍정적,83.0,,Very Positive
377160,Fallout 4,588,Very Positive,181788,81.0,_ASC,7,Very Positive,6803,5206,76.53,Very Positive,매우 긍정적,81.0,,Very Positive
275850,No Man's Sky,77,Very Positive,181319,81.0,Reviews_ASC,7,Very Positive,3072,2333,75.94,Very Positive,매우 긍정적,81.0,,Very Positive
218620,PAYDAY 2,304,Very Positive,174498,87.0,Reviews_ASC,7,Very Positive,8579,6898,80.41,Very Positive,매우 긍정적,87.0,,Very Positive
976730,Halo: The Master Chief Collection,833,Very Positive,162039,91.0,Reviews_ASC,7,Very Positive,1468,1265,86.17,Very Positive,매우 긍정적,91.0,,Very Positive
2073850,THE FINALS,220,Very Positive,152733,80.0,Reviews_ASC,7,Very Positive,4979,3218,64.63,Very Positive,매우 긍정적,80.0,,Very Positive
108600,Project Zomboid,74,Very Positive,149142,94.0,Reviews_ASC,7,Very Positive,12075,10658,88.27,Very Positive,매우 긍정적,94.0,,Very Positive
1172620,Sea of Thieves: 2026 Edition,123,Very Positive,145736,88.0,Reviews_ASC,7,Very Positive,3333,2765,82.96,Very Positive,매우 긍정적,88.0,,Very Positive
990080,Hogwarts Legacy,110,Very Positive,141393,91.0,Reviews_ASC,7,Very Positive,6591,5559,84.34,Very Positive,매우 긍정적,91.0,,Very Positive
1030300,Hollow Knight: Silksong,383,Very Positive,140957,93.0,_ASC,7,Very Positive,6648,5576,83.87,Very Positive,매우 긍정적,93.0,,Very Positive
648800,Raft,82,Very Positive,128639,93.0,Reviews_ASC,7,Very Positive,10559,9575,90.68,Very Positive,매우 긍정적,93.0,,Very Positive
489830,The Elder Scrolls V: Skyrim Special Edition,232,Very Positive,127009,94.0,_ASC,7,Very Positive,5486,4796,87.42,Very Positive,매우 긍정적,94.0,,Very Positive
251570,7 Days to Die,255,Very Positive,124449,85.0,_ASC,7,Very Positive,3864,3330,86.18,Very Positive,매우 긍정적,85.0,,Very Positive
49520,Borderlands 2,1637,Very Positive,122312,90.0,Reviews_ASC,7,Very Positive,3920,3431,87.53,Very Positive,매우 긍정적,90.0,,Very Positive
394360,Hearts of Iron IV,66,Very Positive,121897,91.0,Reviews_ASC,7,Very Positive,7429,6567,88.4,Very Positive,매우 긍정적,91.0,,Very Positive
782330,DOOM Eternal,1012,Very Positive,120044,91.0,Reviews_ASC,7,Very Positive,3405,3116,91.51,Very Positive,매우 긍정적,91.0,,Very Positive
582010,Monster Hunter: World,70,Very Positive,114300,92.0,Reviews_ASC,7,Very Positive,34309,30045,87.57,Very Positive,매우 긍정적,92.0,,Very Positive
1326470,Sons Of The Forest,36,Very Positive,114257,88.0,Reviews_ASC,7,Very Positive,3731,2778,74.46,Very Positive,매우 긍정적,88.0,,Very Positive
107410,Arma 3,735,Very Positive,110534,91.0,_ASC,7,Very Positive,2893,2350,81.23,Very Positive,매우 긍정적,91.0,,Very Positive
374320,DARK SOULS™ III,238,Very Positive,106373,94.0,Reviews_ASC,7,Very Positive,18130,17024,93.9,Very Positive,매우 긍정적,94.0,,Very Positive
289070,Sid Meier’s Civilization® VI,171,Very Positive,106352,84.0,Reviews_ASC,7,Very Positive,12307,11005,89.42,Very Positive,매우 긍정적,84.0,,Very Positive
1222670,The Sims™ 4,119,Very Positive,104303,87.0,Reviews_ASC,7,Very Positive,2687,2321,86.38,Very Positive,매우 긍정적,87.0,,Very Positive
255710,Cities: Skylines,254,Very Positive,99685,92.0,_ASC,7,Very Positive,6552,6118,93.38,Very Positive,매우 긍정적,92.0,,Very Positive
239140,Dying Light,450,Very Positive,97280,94.0,Reviews_ASC,7,Very Positive,7149,6536,91.43,Very Positive,매우 긍정적,94.0,,Very Positive
261550,Mount & Blade II: Bannerlord,139,Very Positive,97005,87.0,Reviews_ASC,7,Very Positive,4876,4039,82.83,Very Positive,매우 긍정적,87.0,,Very Positive
2183900,"Warhammer 40,000: Space Marine 2",115,Very Positive,92211,86.0,Reviews_ASC,7,Very Positive,3353,2596,77.42,Very Positive,매우 긍정적,86.0,,Very Positive
1551360,Forza Horizon 5,57,Very Positive,90947,88.0,Reviews_ASC,7,Very Positive,5379,4739,88.1,Very Positive,매우 긍정적,88.0,,Very Positive
814380,Sekiro™: Shadows Die Twice - GOTY Edition,289,Very Positive,86134,93.0,Reviews_ASC,7,Very Positive,10756,10226,95.07,Very Positive,매우 긍정적,93.0,,Very Positive
393380,Squad,458,Very Positive,82683,84.0,Reviews_ASC,7,Very Positive,1117,845,75.65,Very Positive,매우 긍정적,84.0,,Very Positive
1172380,STAR WARS Jedi: Fallen Order™,564,Very Positive,82504,88.0,Reviews_ASC,7,Very Positive,2898,2512,86.68,Very Positive,매우 긍정적,88.0,,Very Positive
671860,BattleBit Remastered,2895,Very Positive,78141,82.0,Reviews_ASC,7,Very Positive,857,646,75.38,Very Positive,매우 긍정적,82.0,,Very Positive
281990,Stellaris,101,Very Positive,75685,86.0,Reviews_ASC,7,Very Positive,2301,2050,89.09,Very Positive,매우 긍정적,86.0,,Very Positive
306130,The Elder Scrolls® Online,344,Very Positive,73882,81.0,_ASC,7,Very Positive,1069,774,72.4,Very Positive,매우 긍정적,81.0,,Very Positive
2622380,ELDEN RING NIGHTREIGN,128,Very Positive,73164,87.0,Reviews_ASC,7,Very Positive,4238,3230,76.22,Very Positive,매우 긍정적,87.0,,Very Positive
12210,Grand Theft Auto IV: The Complete Edition,454,Very Positive,70293,81.0,_ASC,7,Very Positive,2493,1865,74.81,Very Positive,매우 긍정적,81.0,,Very Positive
362890,Black Mesa,2654,Very Positive,69557,94.0,Reviews_ASC,7,Very Positive,1720,1558,90.58,Very Positive,매우 긍정적,94.0,,Very Positive
2358720,Black Myth: Wukong,207,Very Positive,69276,93.0,Reviews_ASC,7,Very Positive,3466,3089,89.12,Very Positive,매우 긍정적,93.0,,Very Positive
552520,Far Cry® 5,991,Very Positive,68997,80.0,Reviews_ASC,7,Very Positive,3160,1877,59.4,Very Positive,매우 긍정적,80.0,,Very Positive
244850,Space Engineers,1185,Very Positive,67388,89.0,Reviews_ASC,7,Very Positive,527,451,85.58,Very Positive,매우 긍정적,89.0,,Very Positive
714010,Aimlabs,410,Very Positive,65576,90.0,Reviews_ASC,7,Very Positive,1869,1743,93.26,Very Positive,매우 긍정적,90.0,,Very Positive
1771300,Kingdom Come: Deliverance II,41,Very Positive,64238,92.0,Reviews_ASC,7,Very Positive,4024,3780,93.94,Very Positive,매우 긍정적,92.0,,Very Positive
1962700,Subnautica 2,5,Very Positive,63846,93.0,Reviews_ASC,7,Very Positive,1268,723,57.02,Very Positive,매우 긍정적,93.0,,Very Positive
3240220,Grand Theft Auto V Enhanced,12,Very Positive,62772,80.0,Reviews_ASC,7,Very Positive,3536,2911,82.32,Very Positive,매우 긍정적,80.0,,Very Positive
379430,Kingdom Come: Deliverance,307,Very Positive,62407,83.0,Reviews_ASC,7,Very Positive,4278,3697,86.42,Very Positive,매우 긍정적,83.0,,Very Positive
518790,theHunter: Call of the Wild™,328,Very Positive,62321,90.0,Reviews_ASC,7,Very Positive,2659,2251,84.66,Very Positive,매우 긍정적,90.0,,Very Positive
686810,Hell Let Loose,413,Very Positive,61802,83.0,Reviews_ASC,7,Very Positive,1006,739,73.46,Very Positive,매우 긍정적,83.0,,Very Positive
3564740,Where Winds Meet,10,Very Positive,61670,86.0,Reviews_ASC,7,Very Positive,3071,2675,87.11,Very Positive,매우 긍정적,86.0,,Very Positive
1721470,Poppy Playtime,312,Very Positive,60798,88.0,Reviews_ASC,7,Very Positive,5287,4170,78.87,Very Positive,매우 긍정적,88.0,,Very Positive
397540,Borderlands 3,880,Very Positive,59802,81.0,Reviews_ASC,7,Very Positive,2552,2038,79.86,Very Positive,매우 긍정적,81.0,,Very Positive
581320,Insurgency: Sandstorm,709,Very Positive,59464,86.0,_ASC,7,Very Positive,1673,1229,73.46,Very Positive,매우 긍정적,86.0,,Very Positive
899770,Last Epoch,416,Very Positive,59424,80.0,_ASC,7,Very Positive,2979,2237,75.09,Very Positive,매우 긍정적,80.0,,Very Positive
244210,Assetto Corsa,287,Very Positive,58921,93.0,Reviews_ASC,7,Very Positive,1345,1243,92.42,Very Positive,매우 긍정적,93.0,,Very Positive
3321460,Crimson Desert,6,Very Positive,57435,86.0,Reviews_ASC,7,Very Positive,13794,11241,81.49,Very Positive,매우 긍정적,86.0,,Very Positive
632470,Disco Elysium - The Final Cut,550,Very Positive,56298,92.0,_ASC,7,Very Positive,1991,1687,84.73,Very Positive,매우 긍정적,92.0,,Very Positive
262060,Darkest Dungeon®,361,Very Positive,56109,90.0,_ASC,7,Very Positive,9200,7890,85.76,Very Positive,매우 긍정적,90.0,,Very Positive
3405340,Megabonk,747,Very Positive,55993,94.0,Reviews_ASC,7,Very Positive,852,760,89.2,Very Positive,매우 긍정적,94.0,,Very Positive
848450,Subnautica: Below Zero,251,Very Positive,54797,89.0,Reviews_ASC,7,Very Positive,1572,1279,81.36,Very Positive,매우 긍정적,89.0,,Very Positive
1604030,V Rising,215,Very Positive,54291,89.0,Reviews_ASC,7,Very Positive,3075,2746,89.3,Very Positive,매우 긍정적,89.0,,Very Positive
361420,ASTRONEER,548,Very Positive,53466,91.0,Reviews_ASC,7,Very Positive,4918,4317,87.78,Very Positive,매우 긍정적,91.0,,Very Positive
2868840,Slay the Spire 2,15,Very Positive,53293,94.0,Reviews_ASC,7,Very Positive,4012,3522,87.79,Very Positive,매우 긍정적,94.0,,Very Positive
674940,Stick Fight: The Game,1413,Very Positive,52485,94.0,_ASC,7,Very Positive,858,781,91.03,Very Positive,매우 긍정적,94.0,,Very Positive
203160,Tomb Raider Game of the Year,1037,Very Positive,51922,94.0,Reviews_ASC,7,Very Positive,5986,5678,94.85,Very Positive,매우 긍정적,94.0,,Very Positive
211820,Starbound,2340,Very Positive,51757,88.0,Reviews_ASC,7,Very Positive,1846,1538,83.32,Very Positive,매우 긍정적,88.0,,Very Positive
1151640,Horizon Zero Dawn™ Complete Edition,1464,Very Positive,51601,89.0,_ASC,7,Very Positive,3101,2406,77.59,Very Positive,매우 긍정적,89.0,,Very Positive
1222680,Need for Speed™ Heat,1262,Very Positive,50726,84.0,Reviews_ASC,7,Very Positive,1564,1180,75.45,Very Positive,매우 긍정적,84.0,,Very Positive
594570,Total War: WARHAMMER II,280,Very Positive,50705,93.0,Reviews_ASC,7,Very Positive,3500,3314,94.69,Very Positive,매우 긍정적,93.0,,Very Positive
208650,Batman™: Arkham Knight,891,Very Positive,49716,92.0,Reviews_ASC,7,Very Positive,2200,1714,77.91,Very Positive,매우 긍정적,92.0,,Very Positive
524220,NieR:Automata™,605,Very Positive,49472,90.0,Reviews_ASC,7,Very Positive,4129,3584,86.8,Very Positive,매우 긍정적,90.0,,Very Positive
1158310,Crusader Kings III,78,Very Positive,49079,90.0,Reviews_ASC,7,Very Positive,3691,3434,93.04,Very Positive,매우 긍정적,90.0,,Very Positive
552990,World of Warships,75,Very Positive,48790,80.0,Reviews_ASC,7,Very Positive,2543,2066,81.24,Very Positive,매우 긍정적,80.0,,Very Positive
570940,DARK SOULS™: REMASTERED,378,Very Positive,47921,91.0,Reviews_ASC,7,Very Positive,2613,2307,88.29,Very Positive,매우 긍정적,91.0,,Very Positive
203770,Crusader Kings II,2326,Very Positive,47696,91.0,Reviews_ASC,7,Very Positive,1054,963,91.37,Very Positive,매우 긍정적,91.0,,Very Positive
236850,Europa Universalis IV,427,Very Positive,47534,87.0,Reviews_ASC,7,Very Positive,1542,1346,87.29,Very Positive,매우 긍정적,87.0,,Very Positive
218230,PlanetSide 2,1684,Very Positive,47370,81.0,_ASC,7,Very Positive,802,613,76.43,Very Positive,매우 긍정적,81.0,,Very Positive
1203620,Enshrouded,113,Very Positive,47335,87.0,Reviews_ASC,7,Very Positive,2127,1656,77.86,Very Positive,매우 긍정적,87.0,,Very Positive
8870,BioShock Infinite,953,Very Positive,47125,91.0,Reviews_ASC,7,Very Positive,5060,4819,95.24,Very Positive,매우 긍정적,91.0,,Very Positive
1973530,Limbus Company,19,Very Positive,45878,92.0,Reviews_ASC,7,Very Positive,17320,14511,83.78,Very Positive,매우 긍정적,92.0,,Very Positive
613100,House Flipper,388,Very Positive,45384,94.0,Reviews_ASC,7,Very Positive,3092,2817,91.11,Very Positive,매우 긍정적,94.0,,Very Positive
225540,Just Cause™ 3,1764,Very Positive,45204,86.0,_ASC,7,Very Positive,643,461,71.7,Very Positive,매우 긍정적,86.0,,Very Positive
1238840,Battlefield™ 1,602,Very Positive,44794,86.0,Reviews_ASC,7,Very Positive,3026,2629,86.88,Very Positive,매우 긍정적,86.0,,Very Positive
268500,XCOM® 2,847,Very Positive,44518,85.0,Reviews_ASC,7,Very Positive,4048,3556,87.85,Very Positive,매우 긍정적,85.0,,Very Positive
552500,Warhammer: Vermintide 2,1052,Very Positive,43688,90.0,Reviews_ASC,7,Very Positive,1719,1385,80.57,Very Positive,매우 긍정적,90.0,,Very Positive
220240,Far Cry 3,2189,Very Positive,42203,84.0,_ASC,7,Very Positive,1943,1708,87.91,Very Positive,매우 긍정적,84.0,,Very Positive
232090,Killing Floor 2,1405,Very Positive,42050,88.0,_ASC,7,Very Positive,2766,2420,87.49,Very Positive,매우 긍정적,88.0,,Very Positive
703080,Planet Zoo,369,Very Positive,41867,91.0,Reviews_ASC,7,Very Positive,1596,1343,84.15,Very Positive,매우 긍정적,91.0,,Very Positive
287700,METAL GEAR SOLID V: THE PHANTOM PAIN,1475,Very Positive,41562,92.0,_ASC,7,Very Positive,1405,1215,86.48,Very Positive,매우 긍정적,92.0,,Very Positive
240720,Getting Over It with Bennett Foddy,1036,Very Positive,41111,84.0,_ASC,7,Very Positive,3906,2936,75.17,Very Positive,매우 긍정적,84.0,,Very Positive
305620,The Long Dark,639,Very Positive,40368,87.0,_ASC,7,Very Positive,3849,3369,87.53,Very Positive,매우 긍정적,87.0,,Very Positive
962130,Grounded,71,Very Positive,40323,92.0,Reviews_ASC,7,Very Positive,2249,1965,87.37,Very Positive,매우 긍정적,92.0,,Very Positive
1888160,ARMORED CORE™ VI FIRES OF RUBICON™,392,Very Positive,40030,93.0,_ASC,7,Very Positive,4026,3826,95.03,Very Positive,매우 긍정적,93.0,,Very Positive
1304930,The Outlast Trials,320,Very Positive,39513,94.0,Reviews_ASC,7,Very Positive,829,741,89.38,Very Positive,매우 긍정적,94.0,,Very Positive
1363080,Manor Lords,309,Very Positive,38682,87.0,Reviews_ASC,7,Very Positive,1109,816,73.58,Very Positive,매우 긍정적,87.0,,Very Positive
323190,Frostpunk,428,Very Positive,38447,92.0,_ASC,7,Very Positive,5186,4904,94.56,Very Positive,매우 긍정적,92.0,,Very Positive
1943950,Escape the Backrooms,22,Very Positive,38410,89.0,Reviews_ASC,7,Very Positive,2705,2327,86.03,Very Positive,매우 긍정적,89.0,,Very Positive
17390,SPORE™,1364,Very Positive,37717,92.0,Reviews_ASC,7,Very Positive,659,534,81.03,Very Positive,매우 긍정적,92.0,,Very Positive
460930,Tom Clancy's Ghost Recon® Wildlands,894,Very Positive,37465,80.0,Reviews_ASC,7,Very Positive,2427,1813,74.7,Very Positive,매우 긍정적,80.0,,Very Positive
2215430,Ghost of Tsushima DIRECTOR'S CUT,315,Very Positive,37385,93.0,Reviews_ASC,7,Very Positive,2465,2287,92.78,Very Positive,매우 긍정적,93.0,,Very Positive
516750,My Summer Car,1189,Very Positive,36300,93.0,Reviews_ASC,7,Very Positive,1080,971,89.91,Very Positive,매우 긍정적,93.0,,Very Positive
582160,Assassin's Creed® Origins,895,Very Positive,36296,84.0,Reviews_ASC,7,Very Positive,3869,3321,85.84,Very Positive,매우 긍정적,84.0,,Very Positive
1259420,Days Gone,737,Very Positive,36215,92.0,Reviews_ASC,7,Very Positive,3066,2735,89.2,Very Positive,매우 긍정적,92.0,,Very Positive
356190,Middle-earth™: Shadow of War™,911,Very Positive,36124,88.0,Reviews_ASC,7,Very Positive,1798,1335,74.25,Very Positive,매우 긍정적,88.0,,Very Positive
335300,DARK SOULS™ II: Scholar of the First Sin,675,Very Positive,34222,83.0,_ASC,7,Very Positive,3173,2600,81.94,Very Positive,매우 긍정적,83.0,,Very Positive
412020,Metro Exodus,353,Very Positive,34021,87.0,Reviews_ASC,7,Very Positive,1524,1115,73.16,Very Positive,매우 긍정적,87.0,,Very Positive
233450,Prison Architect,1323,Very Positive,33865,88.0,_ASC,7,Very Positive,1197,1041,86.97,Very Positive,매우 긍정적,88.0,,Very Positive
2881650,Content Warning,252,Very Positive,33848,93.0,Reviews_ASC,7,Very Positive,1471,1340,91.09,Very Positive,매우 긍정적,93.0,,Very Positive
1446780,MONSTER HUNTER RISE,125,Very Positive,33788,87.0,_ASC,7,Very Positive,6238,5528,88.62,Very Positive,매우 긍정적,87.0,,Very Positive
2670630,Supermarket Simulator,423,Very Positive,33556,92.0,Reviews_ASC,7,Very Positive,859,740,86.15,Very Positive,매우 긍정적,92.0,,Very Positive
10090,Call of Duty: World at War,726,Very Positive,33284,92.0,_ASC,7,Very Positive,760,704,92.63,Very Positive,매우 긍정적,92.0,,Very Positive
241930,Middle-earth™: Shadow of Mordor™,2760,Very Positive,33133,91.0,_ASC,7,Very Positive,1445,1314,90.93,Very Positive,매우 긍정적,91.0,,Very Positive
319510,Five Nights at Freddy's,1230,Very Positive,33033,93.0,_ASC,7,Very Positive,639,573,89.67,Very Positive,매우 긍정적,93.0,,Very Positive
2709570,Supermarket Together,1731,Very Positive,33012,94.0,Reviews_ASC,7,Very Positive,1170,1090,93.16,Very Positive,매우 긍정적,94.0,,Very Positive
588430,Fallout Shelter,1674,Very Positive,32591,85.0,Reviews_ASC,7,Very Positive,569,470,82.6,Very Positive,매우 긍정적,85.0,,Very Positive
1384160,GUILTY GEAR -STRIVE-,230,Very Positive,32300,91.0,Reviews_ASC,7,Very Positive,2703,2214,81.91,Very Positive,매우 긍정적,91.0,,Very Positive
214950,Total War: ROME II - Emperor Edition,746,Very Positive,31775,85.0,_ASC,7,Very Positive,762,685,89.9,Very Positive,매우 긍정적,85.0,,Very Positive
418370,Resident Evil 7 Biohazard,91,Very Positive,31520,94.0,Reviews_ASC,7,Very Positive,2065,1953,94.58,Very Positive,매우 긍정적,94.0,,Very Positive
391220,Rise of the Tomb Raider™,717,Very Positive,31389,92.0,_ASC,7,Very Positive,3564,3269,91.72,Very Positive,매우 긍정적,92.0,,Very Positive
22370,Fallout 3: Game of the Year Edition,2797,Very Positive,31186,80.0,Reviews_ASC,7,Very Positive,585,479,81.88,Very Positive,매우 긍정적,80.0,,Very Positive
493340,Planet Coaster,856,Very Positive,31112,90.0,Reviews_ASC,7,Very Positive,2065,1860,90.07,Very Positive,매우 긍정적,90.0,,Very Positive
952060,Resident Evil 3,183,Very Positive,30913,82.0,Reviews_ASC,7,Very Positive,2278,1840,80.77,Very Positive,매우 긍정적,82.0,,Very Positive
389730,TEKKEN 7,649,Very Positive,30879,91.0,_ASC,7,Very Positive,23586,15504,65.73,Very Positive,매우 긍정적,91.0,,Very Positive
242050,Assassin’s Creed® IV Black Flag™,1658,Very Positive,30426,85.0,Reviews_ASC,7,Very Positive,1475,1310,88.81,Very Positive,매우 긍정적,85.0,,Very Positive
2483190,Forza Horizon 6,1,Very Positive,30376,86.0,Reviews_ASC,7,Very Positive,1029,873,84.84,Very Positive,매우 긍정적,86.0,,Very Positive
1693980,Dead Space,725,Very Positive,30124,90.0,Reviews_ASC,7,Very Positive,2114,1941,91.82,Very Positive,매우 긍정적,90.0,,Very Positive
774171,Muse Dash,625,Very Positive,29330,94.0,Reviews_ASC,7,Very Positive,5725,5500,96.07,Very Positive,매우 긍정적,94.0,,Very Positive
1238860,Battlefield 4™,1084,Very Positive,28966,83.0,Reviews_ASC,7,Very Positive,1620,1149,70.93,Very Positive,매우 긍정적,83.0,,Very Positive
3949040,RV There Yet?,112,Very Positive,28813,89.0,Reviews_ASC,7,Very Positive,721,613,85.02,Very Positive,매우 긍정적,89.0,,Very Positive
1659040,HITMAN World of Assassination,89,Very Positive,28659,87.0,Reviews_ASC,7,Very Positive,605,532,87.93,Very Positive,매우 긍정적,87.0,,Very Positive
231430,Company of Heroes 2,1090,Very Positive,28320,84.0,_ASC,7,Very Positive,2255,1702,75.48,Very Positive,매우 긍정적,84.0,,Very Positive
1030840,Mafia: Definitive Edition,783,Very Positive,28202,87.0,Reviews_ASC,7,Very Positive,1524,1124,73.75,Very Positive,매우 긍정적,87.0,,Very Positive
1466860,Age of Empires IV: Anniversary Edition,84,Very Positive,28064,86.0,Reviews_ASC,7,Very Positive,1221,1047,85.75,Very Positive,매우 긍정적,86.0,,Very Positive
1888930,The Last of Us™ Part I,336,Very Positive,27891,83.0,Reviews_ASC,7,Very Positive,2007,1560,77.73,Very Positive,매우 긍정적,83.0,,Very Positive
286690,Metro 2033 Redux,1160,Very Positive,27601,88.0,Reviews_ASC,7,Very Positive,1459,1221,83.69,Very Positive,매우 긍정적,88.0,,Very Positive
1627720,Lies of P,195,Very Positive,26833,93.0,Reviews_ASC,7,Very Positive,5521,5100,92.37,Very Positive,매우 긍정적,93.0,,Very Positive
1282100,REMNANT II®,884,Very Positive,26631,85.0,Reviews_ASC,7,Very Positive,1663,1349,81.12,Very Positive,매우 긍정적,85.0,,Very Positive
234140,Mad Max,2593,Very Positive,26335,91.0,_ASC,7,Very Positive,777,622,80.05,Very Positive,매우 긍정적,91.0,,Very Positive
214490,Alien: Isolation,870,Very Positive,26306,92.0,Reviews_ASC,7,Very Positive,727,656,90.23,Very Positive,매우 긍정적,92.0,,Very Positive
815370,Green Hell,282,Very Positive,26228,85.0,_ASC,7,Very Positive,1966,1562,79.45,Very Positive,매우 긍정적,85.0,,Very Positive
1371980,No Rest for the Wicked,73,Very Positive,25966,87.0,_ASC,7,Very Positive,2087,1622,77.72,Very Positive,매우 긍정적,87.0,,Very Positive
246620,Plague Inc: Evolved,270,Very Positive,25943,93.0,Reviews_ASC,7,Very Positive,1063,983,92.47,Very Positive,매우 긍정적,93.0,,Very Positive
678950,DRAGON BALL FighterZ,609,Very Positive,25938,91.0,Reviews_ASC,7,Very Positive,825,698,84.61,Very Positive,매우 긍정적,91.0,,Very Positive
254700,Resident Evil 4 (2005),1092,Very Positive,25820,93.0,Reviews_ASC,7,Very Positive,559,457,81.75,Very Positive,매우 긍정적,93.0,,Very Positive
20920,The Witcher 2: Assassins of Kings Enhanced Edition,2855,Very Positive,25781,87.0,_ASC,7,Very Positive,785,613,78.09,Very Positive,매우 긍정적,87.0,,Very Positive
201810,Wolfenstein: The New Order,2010,Very Positive,25594,89.0,_ASC,7,Very Positive,1196,1109,92.73,Very Positive,매우 긍정적,89.0,,Very Positive
3008130,Dying Light: The Beast,211,Very Positive,25511,88.0,Reviews_ASC,7,Very Positive,963,734,76.22,Very Positive,매우 긍정적,88.0,,Very Positive
1222700,A Way Out,425,Very Positive,25444,88.0,_ASC,7,Very Positive,2026,1831,90.38,Very Positive,매우 긍정적,88.0,,Very Positive
493520,GTFO,145,Very Positive,25387,88.0,Reviews_ASC,7,Very Positive,2844,2495,87.73,Very Positive,매우 긍정적,88.0,,Very Positive
285900,Gang Beasts,148,Very Positive,25093,85.0,_ASC,7,Very Positive,2224,1522,68.44,Very Positive,매우 긍정적,85.0,,Very Positive
3513350,Wuthering Waves,16,Very Positive,25031,89.0,Reviews_ASC,7,Very Positive,1690,1536,90.89,Very Positive,매우 긍정적,89.0,,Very Positive
200510,XCOM: Enemy Unknown,2120,Very Positive,24870,92.0,Reviews_ASC,7,Very Positive,1600,1518,94.88,Very Positive,매우 긍정적,92.0,,Very Positive
447040,Watch_Dogs® 2,2039,Very Positive,24662,82.0,_ASC,7,Very Positive,1684,1330,78.98,Very Positive,매우 긍정적,82.0,,Very Positive
870780,CONTROL Ultimate Edition,810,Very Positive,24512,88.0,_ASC,7,Very Positive,702,510,72.65,Very Positive,매우 긍정적,88.0,,Very Positive
204100,Max Payne 3,1202,Very Positive,24142,84.0,Reviews_ASC,7,Very Positive,876,713,81.39,Very Positive,매우 긍정적,84.0,,Very Positive
298110,Far Cry® 4,1682,Very Positive,23831,81.0,_ASC,7,Very Positive,1821,1502,82.48,Very Positive,매우 긍정적,81.0,,Very Positive
2321470,Deep Rock Galactic: Survivor,422,Very Positive,23596,87.0,Reviews_ASC,7,Very Positive,1296,1117,86.19,Very Positive,매우 긍정적,87.0,,Very Positive
750920,Shadow of the Tomb Raider: Definitive Edition,684,Very Positive,23570,84.0,_ASC,7,Very Positive,1896,1225,64.61,Very Positive,매우 긍정적,84.0,,Very Positive
1203220,NARAKA: BLADEPOINT,124,Very Positive,23495,81.0,Reviews_ASC,7,Very Positive,1109,896,80.79,Very Positive,매우 긍정적,81.0,,Very Positive
648350,Jurassic World Evolution,2406,Very Positive,23329,86.0,_ASC,7,Very Positive,1215,991,81.56,Very Positive,매우 긍정적,86.0,,Very Positive
1657630,Slime Rancher 2,393,Very Positive,23233,94.0,_ASC,7,Very Positive,588,476,80.95,Very Positive,매우 긍정적,94.0,,Very Positive
466560,Northgard: Definitive Edition,1069,Very Positive,23092,84.0,_ASC,7,Very Positive,867,666,76.82,Very Positive,매우 긍정적,84.0,,Very Positive
1621690,Core Keeper,44,Very Positive,22997,94.0,Reviews_ASC,7,Very Positive,5183,4944,95.39,Very Positive,매우 긍정적,94.0,,Very Positive
282070,This War of Mine,1407,Very Positive,22907,92.0,_ASC,7,Very Positive,3935,3746,95.2,Very Positive,매우 긍정적,92.0,,Very Positive
223750,DCS World Steam Edition,411,Very Positive,22829,84.0,Reviews_ASC,7,Very Positive,550,499,90.73,Very Positive,매우 긍정적,84.0,,Very Positive
2124490,SILENT HILL 2,686,Very Positive,22626,94.0,_ASC,7,Very Positive,595,485,81.51,Very Positive,매우 긍정적,94.0,,Very Positive
1824220,Chivalry 2,628,Very Positive,22532,81.0,_ASC,7,Very Positive,850,629,74.0,Very Positive,매우 긍정적,81.0,,Very Positive
1135690,Unpacking,528,Very Positive,22456,93.0,_ASC,7,Very Positive,1200,1116,93.0,Very Positive,매우 긍정적,93.0,,Very Positive
502500,ACE COMBAT™ 7: SKIES UNKNOWN,325,Very Positive,22363,88.0,Reviews_ASC,7,Very Positive,2062,1790,86.81,Very Positive,매우 긍정적,88.0,,Very Positive
824270,KovaaK's,611,Very Positive,22220,93.0,Reviews_ASC,7,Very Positive,604,554,91.72,Very Positive,매우 긍정적,93.0,,Very Positive
367500,Dragon's Dogma: Dark Arisen,1634,Very Positive,22035,88.0,_ASC,7,Very Positive,815,708,86.87,Very Positive,매우 긍정적,88.0,,Very Positive
495420,State of Decay 2: Juggernaut Edition,934,Very Positive,21523,86.0,Reviews_ASC,7,Very Positive,644,491,76.24,Very Positive,매우 긍정적,86.0,,Very Positive
201270,Total War: SHOGUN 2,813,Very Positive,21490,92.0,_ASC,7,Very Positive,1427,1304,91.38,Very Positive,매우 긍정적,92.0,,Very Positive
209000,Batman™: Arkham Origins,2022,Very Positive,21126,89.0,Reviews_ASC,7,Very Positive,838,701,83.65,Very Positive,매우 긍정적,89.0,,Very Positive
752590,A Plague Tale: Innocence,2091,Very Positive,21010,93.0,_ASC,7,Very Positive,1068,934,87.45,Very Positive,매우 긍정적,93.0,,Very Positive
1274570,DEVOUR,415,Very Positive,20599,90.0,Reviews_ASC,7,Very Positive,1652,1443,87.35,Very Positive,매우 긍정적,90.0,,Very Positive
47890,The Sims™ 3,560,Very Positive,20405,86.0,_ASC,7,Very Positive,665,551,82.86,Very Positive,매우 긍정적,86.0,,Very Positive
601510,Yu-Gi-Oh! Duel Links,343,Very Positive,20340,81.0,Reviews_ASC,7,Very Positive,1366,1019,74.6,Very Positive,매우 긍정적,81.0,,Very Positive
287390,Metro: Last Light Redux,1231,Very Positive,20168,88.0,Reviews_ASC,7,Very Positive,997,875,87.76,Very Positive,매우 긍정적,88.0,,Very Positive
1817190,Marvel’s Spider-Man: Miles Morales,765,Very Positive,20088,93.0,_ASC,7,Very Positive,1294,1185,91.58,Very Positive,매우 긍정적,93.0,,Very Positive
1244460,Jurassic World Evolution 2,924,Very Positive,20009,90.0,Reviews_ASC,7,Very Positive,1047,881,84.15,Very Positive,매우 긍정적,90.0,,Very Positive
1364780,Street Fighter™ 6,29,Very Positive,19909,84.0,Reviews_ASC,7,Very Positive,2018,1670,82.76,Very Positive,매우 긍정적,84.0,,Very Positive
2567870,Chained Together,127,Very Positive,19836,91.0,Reviews_ASC,7,Very Positive,2494,2197,88.09,Very Positive,매우 긍정적,91.0,,Very Positive
621060,PC Building Simulator,1963,Very Positive,19661,94.0,Reviews_ASC,7,Very Positive,1225,1118,91.27,Very Positive,매우 긍정적,94.0,,Very Positive
1850570,DEATH STRANDING DIRECTOR'S CUT,996,Very Positive,19526,91.0,Reviews_ASC,7,Very Positive,1232,1089,88.39,Very Positive,매우 긍정적,91.0,,Very Positive
1139900,Ghostrunner,2023,Very Positive,19216,91.0,_ASC,7,Very Positive,1228,1053,85.75,Very Positive,매우 긍정적,91.0,,Very Positive
678960,CODE VEIN,832,Very Positive,18975,86.0,Reviews_ASC,7,Very Positive,1955,1359,69.51,Very Positive,매우 긍정적,86.0,,Very Positive
55230,Saints Row: The Third,1135,Very Positive,18975,94.0,Reviews_DESC,7,Very Positive,952,904,94.96,Very Positive,매우 긍정적,94.0,,Very Positive
424840,Little Nightmares,773,Very Positive,18884,94.0,_ASC,7,Very Positive,2653,2415,91.03,Very Positive,매우 긍정적,94.0,,Very Positive
1462040,FINAL FANTASY VII REMAKE INTERGRADE,199,Very Positive,18882,87.0,Reviews_ASC,7,Very Positive,1055,889,84.27,Very Positive,매우 긍정적,87.0,,Very Positive
1129580,Medieval Dynasty,606,Very Positive,18852,89.0,Reviews_ASC,7,Very Positive,696,576,82.76,Very Positive,매우 긍정적,89.0,,Very Positive
644930,They Are Billions,644,Very Positive,18809,80.0,Reviews_ASC,7,Very Positive,1956,1641,83.9,Very Positive,매우 긍정적,80.0,,Very Positive
454650,DRAGON BALL XENOVERSE 2,841,Very Positive,18674,89.0,Reviews_ASC,7,Very Positive,632,499,78.96,Very Positive,매우 긍정적,89.0,,Very Positive
774361,Blasphemous,2198,Very Positive,18611,90.0,_ASC,7,Very Positive,1284,1088,84.74,Very Positive,매우 긍정적,90.0,,Very Positive
972660,Spiritfarer®: Farewell Edition,2798,Very Positive,18602,94.0,_ASC,7,Very Positive,982,874,89.0,Very Positive,매우 긍정적,94.0,,Very Positive
1088850,Marvel's Guardians of the Galaxy,1346,Very Positive,18567,93.0,_ASC,7,Very Positive,539,461,85.53,Very Positive,매우 긍정적,93.0,,Very Positive
933110,Age of Empires III: Definitive Edition,577,Very Positive,18554,84.0,_ASC,7,Very Positive,624,454,72.76,Very Positive,매우 긍정적,84.0,,Very Positive
364360,Total War: WARHAMMER,440,Very Positive,18129,82.0,Reviews_ASC,7,Very Positive,1023,884,86.41,Very Positive,매우 긍정적,82.0,,Very Positive
843380,Super Animal Royale,1626,Very Positive,18061,92.0,_ASC,7,Very Positive,1292,1188,91.95,Very Positive,매우 긍정적,92.0,,Very Positive
501300,What Remains of Edith Finch,1140,Very Positive,17884,94.0,Reviews_DESC,7,Very Positive,806,703,87.22,Very Positive,매우 긍정적,94.0,,Very Positive
851850,DRAGON BALL Z: KAKAROT,484,Very Positive,17845,92.0,_ASC,7,Very Positive,1347,1191,88.42,Very Positive,매우 긍정적,92.0,,Very Positive
33230,Assassin's Creed 2,2804,Very Positive,17827,86.0,Reviews_ASC,7,Very Positive,1217,1076,88.41,Very Positive,매우 긍정적,86.0,,Very Positive
637650,FINAL FANTASY XV WINDOWS EDITION,1586,Very Positive,17630,82.0,Reviews_ASC,7,Very Positive,1090,843,77.34,Very Positive,매우 긍정적,82.0,,Very Positive
21690,Resident Evil 5,541,Very Positive,17523,84.0,_ASC,7,Very Positive,524,427,81.49,Very Positive,매우 긍정적,84.0,,Very Positive
3017860,DOOM: The Dark Ages,583,Very Positive,17414,85.0,_ASC,7,Very Positive,651,579,88.94,Very Positive,매우 긍정적,85.0,,Very Positive
779340,Total War: THREE KINGDOMS,274,Very Positive,17263,84.0,Reviews_ASC,7,Very Positive,5991,5287,88.25,Very Positive,매우 긍정적,84.0,,Very Positive
599140,Graveyard Keeper,765,Very Positive,17243,84.0,Reviews_ASC,7,Very Positive,1197,862,72.01,Very Positive,매우 긍정적,84.0,,Very Positive
349040,NARUTO SHIPPUDEN: Ultimate Ninja STORM 4,1018,Very Positive,17017,90.0,_ASC,7,Very Positive,2731,2119,77.59,Very Positive,매우 긍정적,90.0,,Very Positive
10180,Call of Duty®: Modern Warfare® 2 (2009),666,Very Positive,16871,91.0,Reviews_ASC,7,Very Positive,730,698,95.62,Very Positive,매우 긍정적,91.0,,Very Positive
1260320,Party Animals,172,Very Positive,16754,89.0,Reviews_ASC,7,Very Positive,2559,2329,91.01,Very Positive,매우 긍정적,89.0,,Very Positive
1210320,Potion Craft: Alchemist Simulator,854,Very Positive,16255,93.0,Reviews_ASC,7,Very Positive,1396,1254,89.83,Very Positive,매우 긍정적,93.0,,Very Positive
108710,Alan Wake,1685,Very Positive,16217,88.0,Reviews_ASC,7,Very Positive,1112,935,84.08,Very Positive,매우 긍정적,88.0,,Very Positive
322500,SUPERHOT,2460,Very Positive,16131,90.0,Reviews_ASC,7,Very Positive,698,629,90.11,Very Positive,매우 긍정적,90.0,,Very Positive
1062520,Dinkum,350,Very Positive,15665,93.0,Reviews_ASC,7,Very Positive,969,887,91.54,Very Positive,매우 긍정적,93.0,,Very Positive
860510,Little Nightmares II,1107,Very Positive,15653,93.0,Reviews_ASC,7,Very Positive,1306,1183,90.58,Very Positive,매우 긍정적,93.0,,Very Positive
236430,DARK SOULS™ II,1601,Very Positive,15287,84.0,Reviews_ASC,7,Very Positive,778,694,89.2,Very Positive,매우 긍정적,84.0,,Very Positive
2651280,Marvel's Spider-Man 2,218,Very Positive,15113,82.0,Reviews_ASC,7,Very Positive,1069,807,75.49,Very Positive,매우 긍정적,82.0,,Very Positive
2322010,God of War Ragnarök,283,Very Positive,15028,89.0,_ASC,7,Very Positive,957,774,80.88,Very Positive,매우 긍정적,89.0,,Very Positive
3097560,Liar's Bar,267,Very Positive,14997,89.0,Reviews_ASC,7,Very Positive,588,525,89.29,Very Positive,매우 긍정적,89.0,,Very Positive
365360,Battle Brothers,601,Very Positive,14860,89.0,Reviews_ASC,7,Very Positive,812,740,91.13,Very Positive,매우 긍정적,89.0,,Very Positive
2000950,Call of Duty®: Modern Warfare®,248,Very Positive,14582,81.0,Reviews_ASC,7,Very Positive,1135,817,71.98,Very Positive,매우 긍정적,81.0,,Very Positive
1235140,Yakuza: Like a Dragon,337,Very Positive,14448,94.0,Reviews_ASC,7,Very Positive,2312,2191,94.77,Very Positive,매우 긍정적,94.0,,Very Positive
880940,Pummel Party,175,Very Positive,14336,87.0,Reviews_ASC,7,Very Positive,1007,893,88.68,Very Positive,매우 긍정적,87.0,,Very Positive
728880,Overcooked! 2,163,Very Positive,14265,93.0,Reviews_ASC,7,Very Positive,4716,4490,95.21,Very Positive,매우 긍정적,93.0,,Very Positive
371660,Far Cry® Primal,1338,Very Positive,14143,85.0,Reviews_ASC,7,Very Positive,872,661,75.8,Very Positive,매우 긍정적,85.0,,Very Positive
1549970,Aliens: Fireteam Elite,1108,Very Positive,14139,82.0,_ASC,7,Very Positive,617,441,71.47,Very Positive,매우 긍정적,82.0,,Very Positive
1049410,Superliminal,709,Very Positive,14088,93.0,Reviews_ASC,7,Very Positive,898,845,94.1,Very Positive,매우 긍정적,93.0,,Very Positive
418530,Spelunky 2,1527,Very Positive,14032,93.0,_ASC,7,Very Positive,1884,1746,92.68,Very Positive,매우 긍정적,93.0,,Very Positive
805550,Assetto Corsa Competizione,384,Very Positive,13992,92.0,Reviews_ASC,7,Very Positive,775,721,93.03,Very Positive,매우 긍정적,92.0,,Very Positive
203140,Hitman: Absolution™,2890,Very Positive,13796,88.0,Reviews_ASC,7,Very Positive,661,570,86.23,Very Positive,매우 긍정적,88.0,,Very Positive
1158160,Coral Island,678,Very Positive,13612,89.0,_ASC,7,Very Positive,662,537,81.12,Very Positive,매우 긍정적,89.0,,Very Positive
568220,Lobotomy Corporation | Monster Management Simulation,321,Very Positive,13558,93.0,Reviews_ASC,7,Very Positive,9524,8544,89.71,Very Positive,매우 긍정적,93.0,,Very Positive
751780,Forager,1034,Very Positive,13362,88.0,Reviews_ASC,7,Very Positive,2797,2373,84.84,Very Positive,매우 긍정적,88.0,,Very Positive
2679460,Metaphor: ReFantazio,452,Very Positive,13351,92.0,Reviews_ASC,7,Very Positive,1520,1384,91.05,Very Positive,매우 긍정적,92.0,,Very Positive
325610,Total War: ATTILA,1277,Very Positive,13302,80.0,Reviews_ASC,7,Very Positive,679,586,86.3,Very Positive,매우 긍정적,80.0,,Very Positive
1527950,Wartales,192,Very Positive,13282,85.0,Reviews_ASC,7,Very Positive,1857,1695,91.28,Very Positive,매우 긍정적,85.0,,Very Positive
2531310,The Last of Us™ Part II Remastered,460,Very Positive,13281,91.0,Reviews_ASC,7,Very Positive,574,408,71.08,Very Positive,매우 긍정적,91.0,,Very Positive
1432860,Sun Haven,578,Very Positive,13031,83.0,_ASC,7,Very Positive,1368,904,66.08,Very Positive,매우 긍정적,83.0,,Very Positive
1568590,Goose Goose Duck,316,Very Positive,12994,90.0,Reviews_ASC,7,Very Positive,4125,3734,90.52,Very Positive,매우 긍정적,90.0,,Very Positive
48000,LIMBO,1997,Very Positive,12794,91.0,Reviews_ASC,7,Very Positive,1322,1112,84.11,Very Positive,매우 긍정적,91.0,,Very Positive
7670,BioShock™,2946,Very Positive,12648,93.0,Reviews_ASC,7,Very Positive,925,863,93.3,Very Positive,매우 긍정적,93.0,,Very Positive
535930,Two Point Hospital,1334,Very Positive,12587,93.0,Reviews_ASC,7,Very Positive,565,513,90.8,Very Positive,매우 긍정적,93.0,,Very Positive
429050,Feed and Grow: Fish,478,Very Positive,12565,80.0,Reviews_ASC,7,Very Positive,1345,1026,76.28,Very Positive,매우 긍정적,80.0,,Very Positive
1049590,Eternal Return,32,Very Positive,12507,80.0,Reviews_ASC,7,Very Positive,35299,26488,75.04,Very Positive,매우 긍정적,80.0,,Very Positive
638230,Journey,1321,Very Positive,12489,92.0,_ASC,7,Very Positive,1323,1177,88.96,Very Positive,매우 긍정적,92.0,,Very Positive
2141730,Backrooms: Escape Together,24,Very Positive,12354,89.0,Reviews_ASC,7,Very Positive,1137,972,85.49,Very Positive,매우 긍정적,89.0,,Very Positive
2066020,Soulstone Survivors,1248,Very Positive,12110,91.0,Reviews_ASC,7,Very Positive,865,765,88.44,Very Positive,매우 긍정적,91.0,,Very Positive
666140,My Time at Portia,2549,Very Positive,12054,91.0,_ASC,7,Very Positive,1168,995,85.19,Very Positive,매우 긍정적,91.0,,Very Positive
1169040,Necesse,272,Very Positive,11833,94.0,Reviews_ASC,7,Very Positive,585,503,85.98,Very Positive,매우 긍정적,94.0,,Very Positive
3314790,CloverPit,157,Very Positive,11814,90.0,_ASC,7,Very Positive,1518,1336,88.01,Very Positive,매우 긍정적,90.0,,Very Positive
2909400,FINAL FANTASY VII REBIRTH,511,Very Positive,11763,80.0,_ASC,7,Very Positive,767,543,70.8,Very Positive,매우 긍정적,80.0,,Very Positive
47780,Dead Space™ 2,2759,Very Positive,11648,93.0,Reviews_ASC,7,Very Positive,732,692,94.54,Very Positive,매우 긍정적,93.0,,Very Positive
527230,For The King,720,Very Positive,11592,88.0,_ASC,7,Very Positive,2311,2125,91.95,Very Positive,매우 긍정적,88.0,,Very Positive
368260,Marvel's Midnight Suns,1646,Very Positive,11460,83.0,_ASC,7,Very Positive,702,585,83.33,Very Positive,매우 긍정적,83.0,,Very Positive
1113560,NieR Replicant™ ver.1.22474487139...,1554,Very Positive,11448,90.0,Reviews_ASC,7,Very Positive,730,573,78.49,Very Positive,매우 긍정적,90.0,,Very Positive
881020,Granblue Fantasy: Relink,332,Very Positive,11285,92.0,Reviews_ASC,7,Very Positive,2667,2382,89.31,Very Positive,매우 긍정적,92.0,,Very Positive
704850,Thief Simulator,1223,Very Positive,11244,88.0,Reviews_ASC,7,Very Positive,579,466,80.48,Very Positive,매우 긍정적,88.0,,Very Positive
967050,Pacify,1048,Very Positive,11111,87.0,Reviews_ASC,7,Very Positive,591,472,79.86,Very Positive,매우 긍정적,87.0,,Very Positive
1369630,ENDER LILIES: Quietus of the Knights,1711,Very Positive,11100,94.0,Reviews_ASC,7,Very Positive,2242,2102,93.76,Very Positive,매우 긍정적,94.0,,Very Positive
1637320,Dome Keeper,151,Very Positive,11080,93.0,_ASC,7,Very Positive,531,471,88.7,Very Positive,매우 긍정적,93.0,,Very Positive
740130,Tales of ARISE,1584,Very Positive,11077,87.0,_ASC,7,Very Positive,1676,1421,84.79,Very Positive,매우 긍정적,87.0,,Very Positive
692850,Bloodstained: Ritual of the Night,2247,Very Positive,10997,92.0,_ASC,7,Very Positive,1006,914,90.85,Very Positive,매우 긍정적,92.0,,Very Positive
7940,Call of Duty® 4: Modern Warfare® (2007),1104,Very Positive,10866,92.0,Reviews_ASC,7,Very Positive,501,483,96.41,Very Positive,매우 긍정적,92.0,,Very Positive
291650,Pillars of Eternity,1111,Very Positive,10714,87.0,_ASC,7,Very Positive,537,479,89.2,Very Positive,매우 긍정적,87.0,,Very Positive
1669000,Age of Wonders 4,311,Very Positive,10662,82.0,Reviews_ASC,7,Very Positive,534,461,86.33,Very Positive,매우 긍정적,82.0,,Very Positive
2420110,Horizon Forbidden West™ Complete Edition,669,Very Positive,10646,88.0,_ASC,7,Very Positive,721,589,81.69,Very Positive,매우 긍정적,88.0,,Very Positive
460790,Bayonetta,2351,Very Positive,10502,92.0,_ASC,7,Very Positive,581,511,87.95,Very Positive,매우 긍정적,92.0,,Very Positive
1325200,Nioh 2 – The Complete Edition,401,Very Positive,10483,91.0,Reviews_ASC,7,Very Positive,1421,1237,87.05,Very Positive,매우 긍정적,91.0,,Very Positive
246900,Viscera Cleanup Detail,546,Very Positive,10320,92.0,Reviews_ASC,7,Very Positive,2575,2380,92.43,Very Positive,매우 긍정적,92.0,,Very Positive
3167020,Escape From Duckov,222,Very Positive,10203,93.0,Reviews_ASC,7,Very Positive,4970,4840,97.38,Very Positive,매우 긍정적,93.0,,Very Positive
1296610,Peglin,939,Very Positive,10117,88.0,Reviews_ASC,7,Very Positive,733,534,72.85,Very Positive,매우 긍정적,88.0,,Very Positive
274940,Depth,2982,Very Positive,10055,90.0,Reviews_ASC,7,Very Positive,655,548,83.66,Very Positive,매우 긍정적,90.0,,Very Positive
1659420,UNCHARTED™: Legacy of Thieves Collection,556,Very Positive,10038,89.0,Reviews_ASC,7,Very Positive,899,770,85.65,Very Positive,매우 긍정적,89.0,,Very Positive
368340,CrossCode,984,Very Positive,9999,93.0,Reviews_ASC,7,Very Positive,915,847,92.57,Very Positive,매우 긍정적,93.0,,Very Positive
204450,Call of Juarez: Gunslinger,2920,Very Positive,9937,94.0,Reviews_ASC,7,Very Positive,726,681,93.8,Very Positive,매우 긍정적,94.0,,Very Positive
657200,Hand Simulator,2157,Very Positive,9881,83.0,_ASC,7,Very Positive,2807,2248,80.09,Very Positive,매우 긍정적,83.0,,Very Positive
701160,Kingdom Two Crowns,557,Very Positive,9856,90.0,Reviews_ASC,7,Very Positive,768,642,83.59,Very Positive,매우 긍정적,90.0,,Very Positive
492720,Tropico 6,317,Very Positive,9805,87.0,_ASC,7,Very Positive,1575,1424,90.41,Very Positive,매우 긍정적,87.0,,Very Positive
384190,ABZU,2874,Very Positive,9784,93.0,Reviews_ASC,7,Very Positive,1473,1357,92.12,Very Positive,매우 긍정적,93.0,,Very Positive
1629520,A Little to the Left,379,Very Positive,9694,92.0,_ASC,7,Very Positive,524,471,89.89,Very Positive,매우 긍정적,92.0,,Very Positive
1147560,Skul: The Hero Slayer,598,Very Positive,9585,92.0,_ASC,7,Very Positive,14539,13878,95.45,Very Positive,매우 긍정적,92.0,,Very Positive
1127400,Mindustry,1160,Very Positive,9501,94.0,Reviews_DESC,7,Very Positive,751,710,94.54,Very Positive,매우 긍정적,94.0,,Very Positive
2680010,The First Berserker: Khazan,724,Very Positive,9474,93.0,Reviews_ASC,7,Very Positive,1980,1717,86.72,Very Positive,매우 긍정적,93.0,,Very Positive
1509960,PICO PARK,589,Very Positive,9460,92.0,Reviews_ASC,7,Very Positive,1587,1417,89.29,Very Positive,매우 긍정적,92.0,,Very Positive
780310,The Riftbreaker,741,Very Positive,9182,90.0,_ASC,7,Very Positive,704,634,90.06,Very Positive,매우 긍정적,90.0,,Very Positive
3059520,F1® 25,25,Very Positive,9139,87.0,Reviews_ASC,7,Very Positive,935,870,93.05,Very Positive,매우 긍정적,87.0,,Very Positive
1084600,My Time at Sandrock,293,Very Positive,9131,94.0,Reviews_ASC,7,Very Positive,642,583,90.81,Very Positive,매우 긍정적,94.0,,Very Positive
1150440,Aliens: Dark Descent,1073,Very Positive,9128,88.0,Reviews_ASC,7,Very Positive,510,423,82.94,Very Positive,매우 긍정적,88.0,,Very Positive
418240,Shadow Tactics: Blades of the Shogun,702,Very Positive,9016,94.0,Reviews_DESC,7,Very Positive,1355,1291,95.28,Very Positive,매우 긍정적,94.0,,Very Positive
3557620,Blue Archive,47,Very Positive,9012,92.0,Reviews_ASC,7,Very Positive,4571,4265,93.31,Very Positive,매우 긍정적,92.0,,Very Positive
485510,Nioh: Complete Edition,1106,Very Positive,8976,80.0,Reviews_ASC,7,Very Positive,714,504,70.59,Very Positive,매우 긍정적,80.0,,Very Positive
48190,Assassin’s Creed® Brotherhood,1229,Very Positive,8966,86.0,Reviews_ASC,7,Very Positive,761,682,89.62,Very Positive,매우 긍정적,86.0,,Very Positive
609320,FAR: Lone Sails,1159,Very Positive,8832,93.0,Reviews_DESC,7,Very Positive,589,526,89.3,Very Positive,매우 긍정적,93.0,,Very Positive
2080690,Sunkenland,896,Very Positive,8828,83.0,Reviews_ASC,7,Very Positive,575,431,74.96,Very Positive,매우 긍정적,83.0,,Very Positive
210970,The Witness,1049,Very Positive,8809,82.0,Reviews_ASC,7,Very Positive,538,447,83.09,Very Positive,매우 긍정적,82.0,,Very Positive
282800,100% Orange Juice,2131,Very Positive,8702,94.0,_ASC,7,Very Positive,800,706,88.25,Very Positive,매우 긍정적,94.0,,Very Positive
641320,Cooking Simulator,903,Very Positive,8537,85.0,Reviews_ASC,7,Very Positive,695,566,81.44,Very Positive,매우 긍정적,85.0,,Very Positive
1490890,Demon Slayer -Kimetsu no Yaiba- The Hinokami Chronicles,1961,Very Positive,8054,89.0,_ASC,7,Very Positive,2410,1766,73.28,Very Positive,매우 긍정적,89.0,,Very Positive
251060,Wargame: Red Dragon,2536,Very Positive,8044,87.0,_ASC,7,Very Positive,895,787,87.93,Very Positive,매우 긍정적,87.0,,Very Positive
1139980,Travellers Rest,254,Very Positive,8025,89.0,Reviews_ASC,7,Very Positive,796,671,84.3,Very Positive,매우 긍정적,89.0,,Very Positive
475150,Titan Quest Anniversary Edition,1416,Very Positive,7992,90.0,_ASC,7,Very Positive,596,470,78.86,Very Positive,매우 긍정적,90.0,,Very Positive
1113120,IXION,1654,Very Positive,7842,81.0,_ASC,7,Very Positive,618,428,69.26,Very Positive,매우 긍정적,81.0,,Very Positive
1782120,ZERO Sievert,1484,Very Positive,7750,85.0,_ASC,7,Very Positive,756,651,86.11,Very Positive,매우 긍정적,85.0,,Very Positive
1984270,Digimon Story Time Stranger,48,Very Positive,7705,93.0,Reviews_ASC,7,Very Positive,1630,1355,83.13,Very Positive,매우 긍정적,93.0,,Very Positive
332950,Dark Deception,1922,Very Positive,7680,88.0,_ASC,7,Very Positive,821,658,80.15,Very Positive,매우 긍정적,88.0,,Very Positive
332570,Amazing Frog?,887,Very Positive,7614,94.0,_ASC,7,Very Positive,1011,944,93.37,Very Positive,매우 긍정적,94.0,,Very Positive
365450,Hacknet,2347,Very Positive,7558,94.0,Reviews_ASC,7,Very Positive,987,893,90.48,Very Positive,매우 긍정적,94.0,,Very Positive
330020,Children of Morta,2020,Very Positive,7444,88.0,Reviews_ASC,7,Very Positive,536,414,77.24,Very Positive,매우 긍정적,88.0,,Very Positive
445980,Wizard of Legend,2781,Very Positive,7295,91.0,_ASC,7,Very Positive,1117,965,86.39,Very Positive,매우 긍정적,91.0,,Very Positive
474960,Quantum Break,1360,Very Positive,7273,83.0,Reviews_ASC,7,Very Positive,576,449,77.95,Very Positive,매우 긍정적,83.0,,Very Positive
260230,Valiant Hearts: The Great War™ / Soldats Inconnus : Mémoires de la Grande Guerre™,1158,Very Positive,7271,93.0,Reviews_DESC,7,Very Positive,545,514,94.31,Very Positive,매우 긍정적,93.0,,Very Positive
2072450,Like a Dragon: Infinite Wealth,147,Very Positive,7265,91.0,Reviews_ASC,7,Very Positive,1721,1559,90.59,Very Positive,매우 긍정적,91.0,,Very Positive
1488200,Symphony of War: The Nephilim Saga,1433,Very Positive,7094,94.0,_ASC,7,Very Positive,760,707,93.03,Very Positive,매우 긍정적,94.0,,Very Positive
699130,World War Z,225,Very Positive,7052,85.0,Reviews_ASC,7,Very Positive,1169,934,79.9,Very Positive,매우 긍정적,85.0,,Very Positive
115300,Call of Duty®: Modern Warfare® 3 (2011),569,Very Positive,7036,88.0,Reviews_ASC,7,Very Positive,651,585,89.86,Very Positive,매우 긍정적,88.0,,Very Positive
1382330,Persona® 5 Strikers,1026,Very Positive,6964,91.0,Reviews_ASC,7,Very Positive,635,521,82.05,Very Positive,매우 긍정적,91.0,,Very Positive
1465460,Infection Free Zone,457,Very Positive,6790,84.0,Reviews_ASC,7,Very Positive,513,349,68.03,Very Positive,매우 긍정적,84.0,,Very Positive
220440,DmC: Devil May Cry,1481,Very Positive,6753,90.0,_ASC,7,Very Positive,594,538,90.57,Very Positive,매우 긍정적,90.0,,Very Positive
613830,CHRONO TRIGGER®,1400,Very Positive,6746,87.0,_ASC,7,Very Positive,569,487,85.59,Very Positive,매우 긍정적,87.0,,Very Positive
201870,Assassin's Creed® Revelations,2802,Very Positive,6395,81.0,_ASC,7,Very Positive,531,452,85.12,Very Positive,매우 긍정적,81.0,,Very Positive
2444750,Shape of Dreams,177,Very Positive,6033,94.0,Reviews_ASC,7,Very Positive,2043,1918,93.88,Very Positive,매우 긍정적,94.0,,Very Positive
1341290,We Were Here Forever,772,Very Positive,5743,93.0,_ASC,7,Very Positive,1137,1007,88.57,Very Positive,매우 긍정적,93.0,,Very Positive
544750,SOULCALIBUR VI,1804,Very Positive,5704,83.0,_ASC,7,Very Positive,509,408,80.16,Very Positive,매우 긍정적,83.0,,Very Positive
1372110,JoJo's Bizarre Adventure: All-Star Battle R,425,Very Positive,5377,89.0,Reviews_ASC,7,Very Positive,1051,914,86.96,Very Positive,매우 긍정적,89.0,,Very Positive
105600,Terraria,160,Overwhelmingly Positive,592928,97.0,Reviews_ASC,8,Overwhelmingly Positive,17745,17035,96.0,Overwhelmingly Positive,압도적으로 긍정적,97.0,,Overwhelmingly Positive
4000,Garry's Mod,441,Overwhelmingly Positive,529082,97.0,Reviews_ASC,8,Overwhelmingly Positive,11427,10682,93.48,Overwhelmingly Positive,압도적으로 긍정적,97.0,,Overwhelmingly Positive
1086940,Baldur's Gate 3,50,Overwhelmingly Positive,442225,96.0,Reviews_ASC,8,Overwhelmingly Positive,16268,15801,97.13,Overwhelmingly Positive,압도적으로 긍정적,96.0,,Overwhelmingly Positive
413150,Stardew Valley,54,Overwhelmingly Positive,387091,98.0,Reviews_DESC,8,Overwhelmingly Positive,35257,34575,98.07,Overwhelmingly Positive,압도적으로 긍정적,98.0,,Overwhelmingly Positive
1966720,Lethal Company,99,Overwhelmingly Positive,275348,97.0,Reviews_ASC,8,Overwhelmingly Positive,10760,10297,95.7,Overwhelmingly Positive,압도적으로 긍정적,97.0,,Overwhelmingly Positive
292030,The Witcher 3: Wild Hunt,292,Overwhelmingly Positive,236200,96.0,Reviews_ASC,8,Overwhelmingly Positive,16690,15743,94.33,Overwhelmingly Positive,압도적으로 긍정적,96.0,,Overwhelmingly Positive
550,Left 4 Dead 2,187,Overwhelmingly Positive,228042,97.0,Reviews_ASC,8,Overwhelmingly Positive,16450,15689,95.37,Overwhelmingly Positive,압도적으로 긍정적,97.0,,Overwhelmingly Positive
960090,Bloons TD 6,269,Overwhelmingly Positive,226324,97.0,Reviews_DESC,8,Overwhelmingly Positive,1851,1768,95.52,Overwhelmingly Positive,압도적으로 긍정적,97.0,,Overwhelmingly Positive
284160,BeamNG.drive,237,Overwhelmingly Positive,200237,97.0,Reviews_ASC,8,Overwhelmingly Positive,1903,1781,93.59,Overwhelmingly Positive,압도적으로 긍정적,97.0,,Overwhelmingly Positive
3164500,Schedule I,272,Overwhelmingly Positive,192069,97.0,Reviews_DESC,8,Overwhelmingly Positive,508,479,94.29,Overwhelmingly Positive,압도적으로 긍정적,97.0,,Overwhelmingly Positive
264710,Subnautica,126,Overwhelmingly Positive,185133,96.0,_ASC,8,Overwhelmingly Positive,5773,5425,93.97,Overwhelmingly Positive,압도적으로 긍정적,96.0,,Overwhelmingly Positive
367520,Hollow Knight,298,Overwhelmingly Positive,178209,97.0,Reviews_ASC,8,Overwhelmingly Positive,12551,11996,95.58,Overwhelmingly Positive,압도적으로 긍정적,97.0,,Overwhelmingly Positive
242760,The Forest,116,Overwhelmingly Positive,175941,95.0,Reviews_ASC,8,Overwhelmingly Positive,9317,8548,91.75,Overwhelmingly Positive,압도적으로 긍정적,95.0,,Overwhelmingly Positive
1118200,People Playground,56,Overwhelmingly Positive,174076,98.0,Reviews_DESC,8,Overwhelmingly Positive,1270,1237,97.4,Overwhelmingly Positive,압도적으로 긍정적,98.0,,Overwhelmingly Positive
620,Portal 2,55,Overwhelmingly Positive,170739,98.0,Reviews_DESC,8,Overwhelmingly Positive,8804,8644,98.18,Overwhelmingly Positive,압도적으로 긍정적,98.0,,Overwhelmingly Positive
548430,Deep Rock Galactic,271,Overwhelmingly Positive,169919,97.0,Reviews_DESC,8,Overwhelmingly Positive,3442,3298,95.82,Overwhelmingly Positive,압도적으로 긍정적,97.0,,Overwhelmingly Positive
22380,Fallout: New Vegas,1112,Overwhelmingly Positive,167774,96.0,Reviews_DESC,8,Overwhelmingly Positive,2511,2319,92.35,Overwhelmingly Positive,압도적으로 긍정적,96.0,,Overwhelmingly Positive
632360,Risk of Rain 2,152,Overwhelmingly Positive,161223,95.0,Reviews_ASC,8,Overwhelmingly Positive,4303,3877,90.1,Overwhelmingly Positive,압도적으로 긍정적,95.0,,Overwhelmingly Positive
391540,Undertale,406,Overwhelmingly Positive,157484,96.0,Reviews_ASC,8,Overwhelmingly Positive,10351,9998,96.59,Overwhelmingly Positive,압도적으로 긍정적,96.0,,Overwhelmingly Positive
1623730,Palworld,17,Overwhelmingly Positive,151374,95.0,Reviews_ASC,8,Overwhelmingly Positive,21805,20728,95.06,Overwhelmingly Positive,압도적으로 긍정적,95.0,,Overwhelmingly Positive
250900,The Binding of Isaac: Rebirth,181,Overwhelmingly Positive,145187,97.0,_ASC,8,Overwhelmingly Positive,11817,11396,96.44,Overwhelmingly Positive,압도적으로 긍정적,97.0,,Overwhelmingly Positive
1229490,ULTRAKILL,275,Overwhelmingly Positive,144134,97.0,Reviews_DESC,8,Overwhelmingly Positive,727,716,98.49,Overwhelmingly Positive,압도적으로 긍정적,97.0,,Overwhelmingly Positive
227300,Euro Truck Simulator 2,88,Overwhelmingly Positive,141747,97.0,_ASC,8,Overwhelmingly Positive,11804,11384,96.44,Overwhelmingly Positive,압도적으로 긍정적,97.0,,Overwhelmingly Positive
1145360,Hades,57,Overwhelmingly Positive,140615,98.0,Reviews_DESC,8,Overwhelmingly Positive,6800,6589,96.9,Overwhelmingly Positive,압도적으로 긍정적,98.0,,Overwhelmingly Positive
526870,Satisfactory,63,Overwhelmingly Positive,133672,97.0,Reviews_ASC,8,Overwhelmingly Positive,3907,3781,96.78,Overwhelmingly Positive,압도적으로 긍정적,97.0,,Overwhelmingly Positive
3241660,R.E.P.O.,34,Overwhelmingly Positive,131152,96.0,Reviews_ASC,8,Overwhelmingly Positive,4704,4523,96.15,Overwhelmingly Positive,압도적으로 긍정적,96.0,,Overwhelmingly Positive
3527290,PEAK,49,Overwhelmingly Positive,129151,95.0,Reviews_ASC,8,Overwhelmingly Positive,4689,4409,94.03,Overwhelmingly Positive,압도적으로 긍정적,95.0,,Overwhelmingly Positive
698780,Doki Doki Literature Club!,660,Overwhelmingly Positive,127551,96.0,Reviews_DESC,8,Overwhelmingly Positive,4786,4541,94.88,Overwhelmingly Positive,압도적으로 긍정적,96.0,,Overwhelmingly Positive
1794680,Vampire Survivors,58,Overwhelmingly Positive,126616,98.0,Reviews_DESC,8,Overwhelmingly Positive,15973,15687,98.21,Overwhelmingly Positive,압도적으로 긍정적,98.0,,Overwhelmingly Positive
294100,RimWorld,54,Overwhelmingly Positive,117020,97.0,Reviews_ASC,8,Overwhelmingly Positive,8057,7903,98.09,Overwhelmingly Positive,압도적으로 긍정적,97.0,,Overwhelmingly Positive
427520,Factorio,131,Overwhelmingly Positive,115570,98.0,Reviews_ASC,8,Overwhelmingly Positive,4049,3982,98.35,Overwhelmingly Positive,압도적으로 긍정적,98.0,,Overwhelmingly Positive
2592160,Dispatch,76,Overwhelmingly Positive,103920,97.0,Reviews_ASC,8,Overwhelmingly Positive,1132,1089,96.2,Overwhelmingly Positive,압도적으로 긍정적,97.0,,Overwhelmingly Positive
2379780,Balatro,368,Overwhelmingly Positive,101175,98.0,Reviews_ASC,8,Overwhelmingly Positive,2339,2282,97.56,Overwhelmingly Positive,압도적으로 긍정적,98.0,,Overwhelmingly Positive
1903340,Clair Obscur: Expedition 33,161,Overwhelmingly Positive,99113,96.0,Reviews_ASC,8,Overwhelmingly Positive,5783,5512,95.31,Overwhelmingly Positive,압도적으로 긍정적,96.0,,Overwhelmingly Positive
1237970,Titanfall® 2,786,Overwhelmingly Positive,94464,95.0,_ASC,8,Overwhelmingly Positive,3648,3532,96.82,Overwhelmingly Positive,압도적으로 긍정적,95.0,,Overwhelmingly Positive
270880,American Truck Simulator,221,Overwhelmingly Positive,92654,97.0,Reviews_ASC,8,Overwhelmingly Positive,1419,1363,96.05,Overwhelmingly Positive,압도적으로 긍정적,97.0,,Overwhelmingly Positive
220,Half-Life 2,276,Overwhelmingly Positive,89080,97.0,Reviews_DESC,8,Overwhelmingly Positive,2813,2671,94.95,Overwhelmingly Positive,압도적으로 긍정적,97.0,,Overwhelmingly Positive
379720,DOOM,1117,Overwhelmingly Positive,83746,95.0,Reviews_DESC,8,Overwhelmingly Positive,3444,3251,94.4,Overwhelmingly Positive,압도적으로 긍정적,95.0,,Overwhelmingly Positive
508440,Totally Accurate Battle Simulator,286,Overwhelmingly Positive,82967,98.0,Reviews_DESC,8,Overwhelmingly Positive,3034,2908,95.85,Overwhelmingly Positive,압도적으로 긍정적,98.0,,Overwhelmingly Positive
435150,Divinity: Original Sin 2 - Definitive Edition,582,Overwhelmingly Positive,82784,95.0,Reviews_ASC,8,Overwhelmingly Positive,4007,3803,94.91,Overwhelmingly Positive,압도적으로 긍정적,95.0,,Overwhelmingly Positive
400,Portal,59,Overwhelmingly Positive,82068,98.0,Reviews_DESC,8,Overwhelmingly Positive,4481,4391,97.99,Overwhelmingly Positive,압도적으로 긍정적,98.0,,Overwhelmingly Positive
322330,Don't Starve Together,120,Overwhelmingly Positive,80912,95.0,Reviews_ASC,8,Overwhelmingly Positive,12831,11986,93.41,Overwhelmingly Positive,압도적으로 긍정적,95.0,,Overwhelmingly Positive
220200,Kerbal Space Program,523,Overwhelmingly Positive,80855,96.0,_ASC,8,Overwhelmingly Positive,1073,1026,95.62,Overwhelmingly Positive,압도적으로 긍정적,96.0,,Overwhelmingly Positive
8930,Sid Meier's Civilization® V,520,Overwhelmingly Positive,78313,95.0,_ASC,8,Overwhelmingly Positive,8879,8497,95.7,Overwhelmingly Positive,압도적으로 긍정적,95.0,,Overwhelmingly Positive
1332010,Stray,373,Overwhelmingly Positive,77824,97.0,_ASC,8,Overwhelmingly Positive,2150,2054,95.53,Overwhelmingly Positive,압도적으로 긍정적,97.0,,Overwhelmingly Positive
319630,Life is Strange - Episode 1,663,Overwhelmingly Positive,75832,95.0,Reviews_DESC,8,Overwhelmingly Positive,2439,2317,95.0,Overwhelmingly Positive,압도적으로 긍정적,95.0,,Overwhelmingly Positive
1092790,Inscryption,669,Overwhelmingly Positive,75313,96.0,Reviews_DESC,8,Overwhelmingly Positive,3617,3415,94.42,Overwhelmingly Positive,압도적으로 긍정적,96.0,,Overwhelmingly Positive
646570,Slay the Spire,377,Overwhelmingly Positive,75260,97.0,_ASC,8,Overwhelmingly Positive,10097,9915,98.2,Overwhelmingly Positive,압도적으로 긍정적,97.0,,Overwhelmingly Positive
2050650,Resident Evil 4,11,Overwhelmingly Positive,65720,96.0,Reviews_ASC,8,Overwhelmingly Positive,4704,4613,98.07,Overwhelmingly Positive,압도적으로 긍정적,96.0,,Overwhelmingly Positive
433340,Slime Rancher,60,Overwhelmingly Positive,64789,98.0,Reviews_DESC,8,Overwhelmingly Positive,2647,2509,94.79,Overwhelmingly Positive,압도적으로 긍정적,98.0,,Overwhelmingly Positive
1145350,Hades II,176,Overwhelmingly Positive,63746,96.0,Reviews_ASC,8,Overwhelmingly Positive,1985,1896,95.52,Overwhelmingly Positive,압도적으로 긍정적,96.0,,Overwhelmingly Positive
268910,Cuphead,121,Overwhelmingly Positive,63296,96.0,Reviews_ASC,8,Overwhelmingly Positive,3555,3351,94.26,Overwhelmingly Positive,압도적으로 긍정적,96.0,,Overwhelmingly Positive
1671210,DELTARUNE,62,Overwhelmingly Positive,61425,98.0,Reviews_DESC,8,Overwhelmingly Positive,1060,1047,98.77,Overwhelmingly Positive,압도적으로 긍정적,98.0,,Overwhelmingly Positive
546560,Half-Life: Alyx,61,Overwhelmingly Positive,61000,98.0,Reviews_DESC,8,Overwhelmingly Positive,2298,2272,98.87,Overwhelmingly Positive,압도적으로 긍정적,98.0,,Overwhelmingly Positive
813780,Age of Empires II: Definitive Edition,83,Overwhelmingly Positive,60572,95.0,Reviews_ASC,8,Overwhelmingly Positive,2074,1850,89.2,Overwhelmingly Positive,압도적으로 긍정적,95.0,,Overwhelmingly Positive
504230,Celeste,290,Overwhelmingly Positive,59483,97.0,Reviews_DESC,8,Overwhelmingly Positive,1642,1591,96.89,Overwhelmingly Positive,압도적으로 긍정적,97.0,,Overwhelmingly Positive
1593500,God of War,469,Overwhelmingly Positive,59150,96.0,Reviews_ASC,8,Overwhelmingly Positive,3969,3758,94.68,Overwhelmingly Positive,압도적으로 긍정적,96.0,,Overwhelmingly Positive
1313140,Cult of the Lamb,318,Overwhelmingly Positive,58763,96.0,Reviews_ASC,8,Overwhelmingly Positive,2615,2440,93.31,Overwhelmingly Positive,압도적으로 긍정적,96.0,,Overwhelmingly Positive
70,Half-Life,1726,Overwhelmingly Positive,57752,96.0,_ASC,8,Overwhelmingly Positive,1619,1479,91.35,Overwhelmingly Positive,압도적으로 긍정적,96.0,,Overwhelmingly Positive
883710,Resident Evil 2,103,Overwhelmingly Positive,55875,96.0,Reviews_ASC,8,Overwhelmingly Positive,4474,4299,96.09,Overwhelmingly Positive,압도적으로 긍정적,96.0,,Overwhelmingly Positive
48700,Mount & Blade: Warband,288,Overwhelmingly Positive,54776,97.0,Reviews_DESC,8,Overwhelmingly Positive,2370,2301,97.09,Overwhelmingly Positive,압도적으로 긍정적,97.0,,Overwhelmingly Positive
1289310,Helltaker,289,Overwhelmingly Positive,53827,97.0,Reviews_DESC,8,Overwhelmingly Positive,5385,5295,98.33,Overwhelmingly Positive,압도적으로 긍정적,97.0,,Overwhelmingly Positive
1222140,Detroit: Become Human,374,Overwhelmingly Positive,53823,95.0,Reviews_ASC,8,Overwhelmingly Positive,3762,3522,93.62,Overwhelmingly Positive,압도적으로 긍정적,95.0,,Overwhelmingly Positive
1150690,OMORI,294,Overwhelmingly Positive,53501,97.0,Reviews_DESC,8,Overwhelmingly Positive,1890,1753,92.75,Overwhelmingly Positive,압도적으로 긍정적,97.0,,Overwhelmingly Positive
1817070,Marvel’s Spider-Man Remastered,339,Overwhelmingly Positive,53213,96.0,Reviews_ASC,8,Overwhelmingly Positive,4220,4017,95.19,Overwhelmingly Positive,압도적으로 긍정적,96.0,,Overwhelmingly Positive
1454400,Cookie Clicker,682,Overwhelmingly Positive,52944,96.0,Reviews_DESC,8,Overwhelmingly Positive,609,583,95.73,Overwhelmingly Positive,압도적으로 긍정적,96.0,,Overwhelmingly Positive
620980,Beat Saber,613,Overwhelmingly Positive,52937,95.0,_ASC,8,Overwhelmingly Positive,1459,1398,95.82,Overwhelmingly Positive,압도적으로 긍정적,95.0,,Overwhelmingly Positive
753640,Outer Wilds,467,Overwhelmingly Positive,50808,95.0,Reviews_ASC,8,Overwhelmingly Positive,1383,1276,92.26,Overwhelmingly Positive,압도적으로 긍정적,95.0,,Overwhelmingly Positive
3764200,Resident Evil Requiem,7,Overwhelmingly Positive,50306,96.0,Reviews_ASC,8,Overwhelmingly Positive,2711,2626,96.86,Overwhelmingly Positive,압도적으로 긍정적,96.0,,Overwhelmingly Positive
457140,Oxygen Not Included,310,Overwhelmingly Positive,48592,95.0,_ASC,8,Overwhelmingly Positive,4759,4549,95.59,Overwhelmingly Positive,압도적으로 긍정적,95.0,,Overwhelmingly Positive
1868140,DAVE THE DIVER,164,Overwhelmingly Positive,48310,96.0,Reviews_ASC,8,Overwhelmingly Positive,11590,11264,97.19,Overwhelmingly Positive,압도적으로 긍정적,96.0,,Overwhelmingly Positive
233860,Kenshi,404,Overwhelmingly Positive,47400,95.0,Reviews_ASC,8,Overwhelmingly Positive,1562,1400,89.63,Overwhelmingly Positive,압도적으로 긍정적,95.0,,Overwhelmingly Positive
1426210,It Takes Two,106,Overwhelmingly Positive,46887,95.0,Reviews_ASC,8,Overwhelmingly Positive,8271,8000,96.72,Overwhelmingly Positive,압도적으로 긍정적,95.0,,Overwhelmingly Positive
2995920,It Takes Two Friend's Pass,108,Overwhelmingly Positive,46887,95.0,Reviews_ASC,8,Overwhelmingly Positive,8271,8000,96.72,Overwhelmingly Positive,압도적으로 긍정적,95.0,,Overwhelmingly Positive
881100,Noita,836,Overwhelmingly Positive,46640,95.0,Reviews_ASC,8,Overwhelmingly Positive,1325,1229,92.75,Overwhelmingly Positive,압도적으로 긍정적,95.0,,Overwhelmingly Positive
212680,FTL: Faster Than Light,2056,Overwhelmingly Positive,46408,95.0,_ASC,8,Overwhelmingly Positive,1721,1625,94.42,Overwhelmingly Positive,압도적으로 긍정적,95.0,,Overwhelmingly Positive
636480,Ravenfield,1418,Overwhelmingly Positive,45714,97.0,Reviews_ASC,8,Overwhelmingly Positive,975,939,96.31,Overwhelmingly Positive,압도적으로 긍정적,97.0,,Overwhelmingly Positive
1196590,Resident Evil Village,138,Overwhelmingly Positive,45396,95.0,_ASC,8,Overwhelmingly Positive,2489,2395,96.22,Overwhelmingly Positive,압도적으로 긍정적,95.0,,Overwhelmingly Positive
204360,Castle Crashers®,675,Overwhelmingly Positive,45053,97.0,Reviews_DESC,8,Overwhelmingly Positive,1486,1346,90.58,Overwhelmingly Positive,압도적으로 긍정적,97.0,,Overwhelmingly Positive
1113000,Persona 4 Golden,297,Overwhelmingly Positive,44991,97.0,Reviews_DESC,8,Overwhelmingly Positive,2484,2373,95.53,Overwhelmingly Positive,압도적으로 긍정적,97.0,,Overwhelmingly Positive
240,Counter-Strike: Source,667,Overwhelmingly Positive,44678,96.0,Reviews_DESC,8,Overwhelmingly Positive,1728,1573,91.03,Overwhelmingly Positive,압도적으로 긍정적,96.0,,Overwhelmingly Positive
588650,Dead Cells,284,Overwhelmingly Positive,43763,96.0,Reviews_DESC,8,Overwhelmingly Positive,2845,2694,94.69,Overwhelmingly Positive,압도적으로 긍정적,96.0,,Overwhelmingly Positive
223470,POSTAL 2,671,Overwhelmingly Positive,42493,97.0,Reviews_DESC,8,Overwhelmingly Positive,555,493,88.83,Overwhelmingly Positive,압도적으로 긍정적,97.0,,Overwhelmingly Positive
3590,Plants vs. Zombies GOTY Edition,287,Overwhelmingly Positive,42117,98.0,Reviews_DESC,8,Overwhelmingly Positive,886,817,92.21,Overwhelmingly Positive,압도적으로 긍정적,98.0,,Overwhelmingly Positive
219150,Hotline Miami,292,Overwhelmingly Positive,40914,96.0,Reviews_DESC,8,Overwhelmingly Positive,980,934,95.31,Overwhelmingly Positive,압도적으로 긍정적,96.0,,Overwhelmingly Positive
219990,Grim Dawn,420,Overwhelmingly Positive,39303,95.0,Reviews_ASC,8,Overwhelmingly Positive,1657,1529,92.28,Overwhelmingly Positive,압도적으로 긍정적,95.0,,Overwhelmingly Positive
239030,"Papers, Please",296,Overwhelmingly Positive,39092,97.0,Reviews_DESC,8,Overwhelmingly Positive,1813,1726,95.2,Overwhelmingly Positive,압도적으로 긍정적,97.0,,Overwhelmingly Positive
601150,Devil May Cry 5,449,Overwhelmingly Positive,38816,95.0,Reviews_ASC,8,Overwhelmingly Positive,2571,2401,93.39,Overwhelmingly Positive,압도적으로 긍정적,95.0,,Overwhelmingly Positive
311690,Enter the Gungeon,1028,Overwhelmingly Positive,38756,95.0,_ASC,8,Overwhelmingly Positive,4530,4306,95.06,Overwhelmingly Positive,압도적으로 긍정적,95.0,,Overwhelmingly Positive
205100,Dishonored,299,Overwhelmingly Positive,38451,97.0,Reviews_DESC,8,Overwhelmingly Positive,1975,1897,96.05,Overwhelmingly Positive,압도적으로 긍정적,97.0,,Overwhelmingly Positive
1290000,PowerWash Simulator,233,Overwhelmingly Positive,38121,97.0,Reviews_ASC,8,Overwhelmingly Positive,2304,2170,94.18,Overwhelmingly Positive,압도적으로 긍정적,97.0,,Overwhelmingly Positive
1217060,Gunfire Reborn,259,Overwhelmingly Positive,36436,96.0,Reviews_ASC,8,Overwhelmingly Positive,4864,4583,94.22,Overwhelmingly Positive,압도적으로 긍정적,96.0,,Overwhelmingly Positive
1284190,The Planet Crafter,129,Overwhelmingly Positive,35843,95.0,Reviews_ASC,8,Overwhelmingly Positive,1265,1194,94.39,Overwhelmingly Positive,압도적으로 긍정적,95.0,,Overwhelmingly Positive
10,Counter-Strike,664,Overwhelmingly Positive,34766,96.0,Reviews_DESC,8,Overwhelmingly Positive,538,501,93.12,Overwhelmingly Positive,압도적으로 긍정적,96.0,,Overwhelmingly Positive
2835570,Buckshot Roulette,342,Overwhelmingly Positive,34472,96.0,_ASC,8,Overwhelmingly Positive,2137,2015,94.29,Overwhelmingly Positive,압도적으로 긍정적,96.0,,Overwhelmingly Positive
1687950,Persona 5 Royal,242,Overwhelmingly Positive,33404,96.0,Reviews_ASC,8,Overwhelmingly Positive,3150,3000,95.24,Overwhelmingly Positive,압도적으로 긍정적,96.0,,Overwhelmingly Positive
219740,Don't Starve,679,Overwhelmingly Positive,32906,96.0,Reviews_DESC,8,Overwhelmingly Positive,1959,1834,93.62,Overwhelmingly Positive,압도적으로 긍정적,96.0,,Overwhelmingly Positive
420530,OneShot,65,Overwhelmingly Positive,31645,98.0,Reviews_DESC,8,Overwhelmingly Positive,2975,2889,97.11,Overwhelmingly Positive,압도적으로 긍정적,98.0,,Overwhelmingly Positive
286160,Tabletop Simulator,182,Overwhelmingly Positive,31319,96.0,Reviews_ASC,8,Overwhelmingly Positive,2562,2437,95.12,Overwhelmingly Positive,압도적으로 긍정적,96.0,,Overwhelmingly Positive
1562430,DREDGE,641,Overwhelmingly Positive,31255,96.0,_ASC,8,Overwhelmingly Positive,1055,996,94.41,Overwhelmingly Positive,압도적으로 긍정적,96.0,,Overwhelmingly Positive
1942280,Brotato,503,Overwhelmingly Positive,30887,96.0,_ASC,8,Overwhelmingly Positive,2525,2434,96.4,Overwhelmingly Positive,압도적으로 긍정적,96.0,,Overwhelmingly Positive
1057090,Ori and the Will of the Wisps,330,Overwhelmingly Positive,30754,96.0,_ASC,8,Overwhelmingly Positive,4964,4835,97.4,Overwhelmingly Positive,압도적으로 긍정적,96.0,,Overwhelmingly Positive
477160,Human Fall Flat,229,Overwhelmingly Positive,30556,95.0,_ASC,8,Overwhelmingly Positive,10823,10167,93.94,Overwhelmingly Positive,압도적으로 긍정적,95.0,,Overwhelmingly Positive
213670,South Park™: The Stick of Truth™,301,Overwhelmingly Positive,30433,97.0,Reviews_DESC,8,Overwhelmingly Positive,561,549,97.86,Overwhelmingly Positive,압도적으로 긍정적,97.0,,Overwhelmingly Positive
35140,Batman: Arkham Asylum Game of the Year Edition,686,Overwhelmingly Positive,29483,96.0,Reviews_DESC,8,Overwhelmingly Positive,1102,1010,91.65,Overwhelmingly Positive,압도적으로 긍정적,96.0,,Overwhelmingly Positive
307690,Sleeping Dogs: Definitive Edition,947,Overwhelmingly Positive,29413,95.0,Reviews_ASC,8,Overwhelmingly Positive,1018,908,89.19,Overwhelmingly Positive,압도적으로 긍정적,95.0,,Overwhelmingly Positive
253230,A Hat in Time,307,Overwhelmingly Positive,29167,98.0,Reviews_DESC,8,Overwhelmingly Positive,2281,2212,96.98,Overwhelmingly Positive,압도적으로 긍정적,98.0,,Overwhelmingly Positive
312520,Rain World,382,Overwhelmingly Positive,28613,95.0,Reviews_ASC,8,Overwhelmingly Positive,1101,986,89.55,Overwhelmingly Positive,압도적으로 긍정적,95.0,,Overwhelmingly Positive
1206560,WorldBox - God Simulator,395,Overwhelmingly Positive,28512,96.0,Reviews_ASC,8,Overwhelmingly Positive,845,776,91.83,Overwhelmingly Positive,압도적으로 긍정적,96.0,,Overwhelmingly Positive
238320,Outlast,677,Overwhelmingly Positive,28431,96.0,Reviews_DESC,8,Overwhelmingly Positive,2008,1886,93.92,Overwhelmingly Positive,압도적으로 긍정적,96.0,,Overwhelmingly Positive
602960,Barotrauma,540,Overwhelmingly Positive,27990,95.0,_ASC,8,Overwhelmingly Positive,539,474,87.94,Overwhelmingly Positive,압도적으로 긍정적,95.0,,Overwhelmingly Positive
427410,Abiotic Factor,545,Overwhelmingly Positive,27128,96.0,Reviews_ASC,8,Overwhelmingly Positive,565,517,91.5,Overwhelmingly Positive,압도적으로 긍정적,96.0,,Overwhelmingly Positive
683320,GRIS,683,Overwhelmingly Positive,26857,95.0,Reviews_DESC,8,Overwhelmingly Positive,2022,1849,91.44,Overwhelmingly Positive,압도적으로 긍정적,95.0,,Overwhelmingly Positive
3419430,Bongo Cat,2563,Overwhelmingly Positive,26414,96.0,Reviews_ASC,8,Overwhelmingly Positive,1250,1221,97.68,Overwhelmingly Positive,압도적으로 긍정적,96.0,,Overwhelmingly Positive
2420510,HoloCure - Save the Fans!,1,Overwhelmingly Positive,26223,99.0,Reviews_DESC,8,Overwhelmingly Positive,895,887,99.11,Overwhelmingly Positive,압도적으로 긍정적,99.0,,Overwhelmingly Positive
200260,Batman: Arkham City - Game of the Year Edition,1133,Overwhelmingly Positive,26008,96.0,Reviews_DESC,8,Overwhelmingly Positive,1171,1084,92.57,Overwhelmingly Positive,압도적으로 긍정적,96.0,,Overwhelmingly Positive
1557740,ROUNDS,677,Overwhelmingly Positive,25674,96.0,_ASC,8,Overwhelmingly Positive,1822,1716,94.18,Overwhelmingly Positive,압도적으로 긍정적,96.0,,Overwhelmingly Positive
2527500,MiSide,291,Overwhelmingly Positive,25272,97.0,Reviews_DESC,8,Overwhelmingly Positive,1642,1599,97.38,Overwhelmingly Positive,압도적으로 긍정적,97.0,,Overwhelmingly Positive
207610,The Walking Dead,304,Overwhelmingly Positive,24506,97.0,Reviews_DESC,8,Overwhelmingly Positive,1528,1476,96.6,Overwhelmingly Positive,압도적으로 긍정적,97.0,,Overwhelmingly Positive
304430,INSIDE,298,Overwhelmingly Positive,23830,96.0,Reviews_DESC,8,Overwhelmingly Positive,1527,1427,93.45,Overwhelmingly Positive,압도적으로 긍정적,96.0,,Overwhelmingly Positive
282140,SOMA,1139,Overwhelmingly Positive,23782,95.0,Reviews_DESC,8,Overwhelmingly Positive,1056,1006,95.27,Overwhelmingly Positive,압도적으로 긍정적,95.0,,Overwhelmingly Positive
238460,BattleBlock Theater®,303,Overwhelmingly Positive,23508,97.0,Reviews_DESC,8,Overwhelmingly Positive,936,871,93.06,Overwhelmingly Positive,압도적으로 긍정적,97.0,,Overwhelmingly Positive
1062090,Timberborn,455,Overwhelmingly Positive,23018,96.0,Reviews_ASC,8,Overwhelmingly Positive,762,721,94.62,Overwhelmingly Positive,압도적으로 긍정적,96.0,,Overwhelmingly Positive
346010,Besiege,1136,Overwhelmingly Positive,22979,95.0,Reviews_DESC,8,Overwhelmingly Positive,1462,1365,93.37,Overwhelmingly Positive,압도적으로 긍정적,95.0,,Overwhelmingly Positive
2001120,Split Fiction,81,Overwhelmingly Positive,22642,96.0,_ASC,8,Overwhelmingly Positive,2762,2710,98.12,Overwhelmingly Positive,압도적으로 긍정적,96.0,,Overwhelmingly Positive
460950,Katana ZERO,64,Overwhelmingly Positive,22482,97.0,Reviews_DESC,8,Overwhelmingly Positive,3489,3372,96.65,Overwhelmingly Positive,압도적으로 긍정적,97.0,,Overwhelmingly Positive
1250,Killing Floor,1143,Overwhelmingly Positive,21660,96.0,Reviews_DESC,8,Overwhelmingly Positive,619,568,91.76,Overwhelmingly Positive,압도적으로 긍정적,96.0,,Overwhelmingly Positive
2161700,Persona 3 Reload,1144,Overwhelmingly Positive,21237,96.0,Reviews_DESC,8,Overwhelmingly Positive,1861,1741,93.55,Overwhelmingly Positive,압도적으로 긍정적,96.0,,Overwhelmingly Positive
2218750,Halls of Torment,1149,Overwhelmingly Positive,20974,96.0,Reviews_DESC,8,Overwhelmingly Positive,690,638,92.46,Overwhelmingly Positive,압도적으로 긍정적,96.0,,Overwhelmingly Positive
274190,Broforce,305,Overwhelmingly Positive,20458,96.0,Reviews_DESC,8,Overwhelmingly Positive,561,521,92.87,Overwhelmingly Positive,압도적으로 긍정적,96.0,,Overwhelmingly Positive
500,Left 4 Dead,688,Overwhelmingly Positive,19752,95.0,Reviews_DESC,8,Overwhelmingly Positive,538,488,90.71,Overwhelmingly Positive,압도적으로 긍정적,95.0,,Overwhelmingly Positive
206440,To the Moon,1132,Overwhelmingly Positive,19269,95.0,Reviews_DESC,8,Overwhelmingly Positive,4303,3879,90.15,Overwhelmingly Positive,압도적으로 긍정적,95.0,,Overwhelmingly Positive
230290,Universe Sandbox,712,Overwhelmingly Positive,19106,96.0,Reviews_DESC,8,Overwhelmingly Positive,536,500,93.28,Overwhelmingly Positive,압도적으로 긍정적,96.0,,Overwhelmingly Positive
250320,The Wolf Among Us,313,Overwhelmingly Positive,18631,97.0,Reviews_DESC,8,Overwhelmingly Positive,620,604,97.42,Overwhelmingly Positive,압도적으로 긍정적,97.0,,Overwhelmingly Positive
1809540,Nine Sols,495,Overwhelmingly Positive,18627,95.0,_ASC,8,Overwhelmingly Positive,1347,1270,94.28,Overwhelmingly Positive,압도적으로 긍정적,95.0,,Overwhelmingly Positive
2378900,The Coffin of Andy and Leyley,694,Overwhelmingly Positive,18534,95.0,Reviews_DESC,8,Overwhelmingly Positive,755,735,97.35,Overwhelmingly Positive,압도적으로 긍정적,95.0,,Overwhelmingly Positive
1336490,Against the Storm,295,Overwhelmingly Positive,18434,95.0,Reviews_ASC,8,Overwhelmingly Positive,1590,1509,94.91,Overwhelmingly Positive,압도적으로 긍정적,95.0,,Overwhelmingly Positive
653530,Return of the Obra Dinn,593,Overwhelmingly Positive,18165,96.0,_ASC,8,Overwhelmingly Positive,1815,1696,93.44,Overwhelmingly Positive,압도적으로 긍정적,96.0,,Overwhelmingly Positive
107100,Bastion,1154,Overwhelmingly Positive,17632,96.0,Reviews_DESC,8,Overwhelmingly Positive,575,492,85.57,Overwhelmingly Positive,압도적으로 긍정적,96.0,,Overwhelmingly Positive
597170,Clone Drone in the Danger Zone,692,Overwhelmingly Positive,17500,96.0,Reviews_DESC,8,Overwhelmingly Positive,613,571,93.15,Overwhelmingly Positive,압도적으로 긍정적,96.0,,Overwhelmingly Positive
257510,The Talos Principle,1152,Overwhelmingly Positive,17008,95.0,Reviews_DESC,8,Overwhelmingly Positive,512,439,85.74,Overwhelmingly Positive,압도적으로 긍정적,95.0,,Overwhelmingly Positive
413410,Danganronpa: Trigger Happy Havoc,559,Overwhelmingly Positive,16944,95.0,_ASC,8,Overwhelmingly Positive,1873,1763,94.13,Overwhelmingly Positive,압도적으로 긍정적,95.0,,Overwhelmingly Positive
1451940,NEEDY STREAMER OVERLOAD,491,Overwhelmingly Positive,16888,95.0,Reviews_ASC,8,Overwhelmingly Positive,2471,2329,94.25,Overwhelmingly Positive,압도적으로 긍정적,95.0,,Overwhelmingly Positive
1817230,Hi-Fi RUSH,317,Overwhelmingly Positive,16059,97.0,Reviews_DESC,8,Overwhelmingly Positive,1166,1134,97.26,Overwhelmingly Positive,압도적으로 긍정적,97.0,,Overwhelmingly Positive
3489700,Stellar Blade™,59,Overwhelmingly Positive,16032,95.0,Reviews_ASC,8,Overwhelmingly Positive,7066,6752,95.56,Overwhelmingly Positive,압도적으로 긍정적,95.0,,Overwhelmingly Positive
1127500,Mini Motorways,503,Overwhelmingly Positive,15713,96.0,Reviews_ASC,8,Overwhelmingly Positive,930,894,96.13,Overwhelmingly Positive,압도적으로 긍정적,96.0,,Overwhelmingly Positive
977950,A Dance of Fire and Ice,193,Overwhelmingly Positive,15044,95.0,Reviews_ASC,8,Overwhelmingly Positive,27076,24921,92.04,Overwhelmingly Positive,압도적으로 긍정적,95.0,,Overwhelmingly Positive
1040200,Crime Scene Cleaner,70,Overwhelmingly Positive,14809,98.0,Reviews_DESC,8,Overwhelmingly Positive,1348,1321,98.0,Overwhelmingly Positive,압도적으로 긍정적,98.0,,Overwhelmingly Positive
2062430,BALL x PIT,607,Overwhelmingly Positive,14405,95.0,Reviews_ASC,8,Overwhelmingly Positive,553,517,93.49,Overwhelmingly Positive,압도적으로 긍정적,95.0,,Overwhelmingly Positive
386940,Ultimate Chicken Horse,673,Overwhelmingly Positive,14353,96.0,_ASC,8,Overwhelmingly Positive,1217,1129,92.77,Overwhelmingly Positive,압도적으로 긍정적,96.0,,Overwhelmingly Positive
288160,The Room,2556,Overwhelmingly Positive,14289,97.0,Reviews_ASC,8,Overwhelmingly Positive,677,651,96.16,Overwhelmingly Positive,압도적으로 긍정적,97.0,,Overwhelmingly Positive
3357650,PRAGMATA,18,Overwhelmingly Positive,14109,97.0,Reviews_ASC,8,Overwhelmingly Positive,2643,2569,97.2,Overwhelmingly Positive,압도적으로 긍정적,97.0,,Overwhelmingly Positive
1256670,Library Of Ruina,239,Overwhelmingly Positive,13547,96.0,Reviews_ASC,8,Overwhelmingly Positive,7142,6452,90.34,Overwhelmingly Positive,압도적으로 긍정적,96.0,,Overwhelmingly Positive
261570,Ori and the Blind Forest,692,Overwhelmingly Positive,13470,95.0,_ASC,8,Overwhelmingly Positive,1345,1277,94.94,Overwhelmingly Positive,압도적으로 긍정적,95.0,,Overwhelmingly Positive
531510,Just Shapes & Beats,326,Overwhelmingly Positive,13135,97.0,Reviews_DESC,8,Overwhelmingly Positive,1042,1009,96.83,Overwhelmingly Positive,압도적으로 긍정적,97.0,,Overwhelmingly Positive
413420,Danganronpa 2: Goodbye Despair,688,Overwhelmingly Positive,12933,95.0,_ASC,8,Overwhelmingly Positive,1725,1634,94.72,Overwhelmingly Positive,압도적으로 긍정적,95.0,,Overwhelmingly Positive
261030,The Walking Dead: Season Two,713,Overwhelmingly Positive,12863,95.0,Reviews_DESC,8,Overwhelmingly Positive,672,640,95.24,Overwhelmingly Positive,압도적으로 긍정적,95.0,,Overwhelmingly Positive
247080,Crypt of the NecroDancer,1161,Overwhelmingly Positive,12488,95.0,Reviews_DESC,8,Overwhelmingly Positive,2234,2146,96.06,Overwhelmingly Positive,압도적으로 긍정적,95.0,,Overwhelmingly Positive
736260,Baba Is You,330,Overwhelmingly Positive,12364,97.0,Reviews_DESC,8,Overwhelmingly Positive,2280,2237,98.11,Overwhelmingly Positive,압도적으로 긍정적,97.0,,Overwhelmingly Positive
1055540,A Short Hike,2,Overwhelmingly Positive,12283,99.0,Reviews_DESC,8,Overwhelmingly Positive,688,683,99.27,Overwhelmingly Positive,압도적으로 긍정적,99.0,,Overwhelmingly Positive
1931770,Chants of Sennaar,72,Overwhelmingly Positive,12223,98.0,Reviews_DESC,8,Overwhelmingly Positive,1098,1078,98.18,Overwhelmingly Positive,압도적으로 긍정적,98.0,,Overwhelmingly Positive
1599600,PlateUp!,729,Overwhelmingly Positive,12087,96.0,Reviews_ASC,8,Overwhelmingly Positive,526,499,94.87,Overwhelmingly Positive,압도적으로 긍정적,96.0,,Overwhelmingly Positive
221640,Super Hexagon,337,Overwhelmingly Positive,12073,97.0,Reviews_DESC,8,Overwhelmingly Positive,1081,1048,96.95,Overwhelmingly Positive,압도적으로 긍정적,97.0,,Overwhelmingly Positive
1999360,Placid Plastic Duck Simulator,342,Overwhelmingly Positive,12044,97.0,Reviews_DESC,8,Overwhelmingly Positive,1243,1220,98.15,Overwhelmingly Positive,압도적으로 긍정적,97.0,,Overwhelmingly Positive
447530,VA-11 Hall-A: Cyberpunk Bartender Action,312,Overwhelmingly Positive,11939,96.0,Reviews_DESC,8,Overwhelmingly Positive,2514,2417,96.14,Overwhelmingly Positive,압도적으로 긍정적,96.0,,Overwhelmingly Positive
1948280,Stacklands,544,Overwhelmingly Positive,11680,95.0,Reviews_ASC,8,Overwhelmingly Positive,2198,2107,95.86,Overwhelmingly Positive,압도적으로 긍정적,95.0,,Overwhelmingly Positive
2263010,Pineapple on pizza,319,Overwhelmingly Positive,10597,97.0,Reviews_DESC,8,Overwhelmingly Positive,547,534,97.62,Overwhelmingly Positive,압도적으로 긍정적,97.0,,Overwhelmingly Positive
837470,Untitled Goose Game,704,Overwhelmingly Positive,9999,96.0,_ASC,8,Overwhelmingly Positive,507,467,92.11,Overwhelmingly Positive,압도적으로 긍정적,96.0,,Overwhelmingly Positive
1761390,Hatsune Miku: Project DIVA Mega Mix+,1024,Overwhelmingly Positive,9947,95.0,Reviews_ASC,8,Overwhelmingly Positive,589,546,92.7,Overwhelmingly Positive,압도적으로 긍정적,95.0,,Overwhelmingly Positive
787480,Phoenix Wright: Ace Attorney Trilogy,190,Overwhelmingly Positive,9841,97.0,Reviews_ASC,8,Overwhelmingly Positive,3187,3089,96.93,Overwhelmingly Positive,압도적으로 긍정적,97.0,,Overwhelmingly Positive
1240210,There Is No Game: Wrong Dimension,325,Overwhelmingly Positive,9465,97.0,Reviews_DESC,8,Overwhelmingly Positive,1084,1032,95.2,Overwhelmingly Positive,압도적으로 긍정적,97.0,,Overwhelmingly Positive
1435790,Escape Simulator,133,Overwhelmingly Positive,8871,95.0,Reviews_ASC,8,Overwhelmingly Positive,1571,1455,92.62,Overwhelmingly Positive,압도적으로 긍정적,95.0,,Overwhelmingly Positive
2113850,Spirit City: Lofi Sessions,349,Overwhelmingly Positive,8675,97.0,Reviews_DESC,8,Overwhelmingly Positive,512,493,96.29,Overwhelmingly Positive,압도적으로 긍정적,97.0,,Overwhelmingly Positive
3274300,Awaria,723,Overwhelmingly Positive,8654,96.0,Reviews_DESC,8,Overwhelmingly Positive,625,599,95.84,Overwhelmingly Positive,압도적으로 긍정적,96.0,,Overwhelmingly Positive
774181,Rhythm Doctor,73,Overwhelmingly Positive,7858,98.0,Reviews_DESC,8,Overwhelmingly Positive,2933,2860,97.51,Overwhelmingly Positive,압도적으로 긍정적,98.0,,Overwhelmingly Positive
2313250,Travellin Cats in Paris,77,Overwhelmingly Positive,7561,99.0,Reviews_DESC,8,Overwhelmingly Positive,629,625,99.36,Overwhelmingly Positive,압도적으로 긍정적,99.0,,Overwhelmingly Positive
406150,Refunct,729,Overwhelmingly Positive,7474,95.0,Reviews_DESC,8,Overwhelmingly Positive,578,533,92.21,Overwhelmingly Positive,압도적으로 긍정적,95.0,,Overwhelmingly Positive
287980,Mini Metro,1193,Overwhelmingly Positive,6958,95.0,Reviews_DESC,8,Overwhelmingly Positive,663,630,95.02,Overwhelmingly Positive,압도적으로 긍정적,95.0,,Overwhelmingly Positive
2666510,Rusty's Retirement,737,Overwhelmingly Positive,6476,97.0,Reviews_DESC,8,Overwhelmingly Positive,779,755,96.92,Overwhelmingly Positive,압도적으로 긍정적,97.0,,Overwhelmingly Positive
1677770,The Case of the Golden Idol,374,Overwhelmingly Positive,6347,98.0,Reviews_DESC,8,Overwhelmingly Positive,523,505,96.56,Overwhelmingly Positive,압도적으로 긍정적,98.0,,Overwhelmingly Positive
1275670,Outcore: Desktop Adventure,340,Overwhelmingly Positive,5887,96.0,Reviews_DESC,8,Overwhelmingly Positive,524,496,94.66,Overwhelmingly Positive,압도적으로 긍정적,96.0,,Overwhelmingly Positive
557600,Gorogoa,336,Overwhelmingly Positive,5412,95.0,Reviews_DESC,8,Overwhelmingly Positive,597,576,96.48,Overwhelmingly Positive,압도적으로 긍정적,95.0,,Overwhelmingly Positive
1012880,60 Seconds! Reatomized,942,Overwhelmingly Positive,5205,95.0,Reviews_ASC,8,Overwhelmingly Positive,633,587,92.73,Overwhelmingly Positive,압도적으로 긍정적,95.0,,Overwhelmingly Positive
337340,Finding Paradise,339,Overwhelmingly Positive,5017,98.0,Reviews_DESC,8,Overwhelmingly Positive,1158,1103,95.25,Overwhelmingly Positive,압도적으로 긍정적,98.0,,Overwhelmingly Positive
3280350,DEATH STRANDING 2: ON THE BEACH,135,Overwhelmingly Positive,4987,95.0,Reviews_ASC,8,Overwhelmingly Positive,567,531,93.65,Overwhelmingly Positive,압도적으로 긍정적,95.0,,Overwhelmingly Positive
2873080,The NOexistenceN of you AND me,1574,Overwhelmingly Positive,4907,95.0,_ASC,8,Overwhelmingly Positive,516,483,93.6,Overwhelmingly Positive,압도적으로 긍정적,95.0,,Overwhelmingly Positive
2375550,Like a Dragon Gaiden: The Man Who Erased His Name,435,Overwhelmingly Positive,4824,96.0,Reviews_ASC,8,Overwhelmingly Positive,930,904,97.2,Overwhelmingly Positive,압도적으로 긍정적,96.0,,Overwhelmingly Positive
851100,Touhou Luna Nights,355,Overwhelmingly Positive,4698,97.0,Reviews_DESC,8,Overwhelmingly Positive,799,782,97.87,Overwhelmingly Positive,압도적으로 긍정적,97.0,,Overwhelmingly Positive
1801110,BOKURA,1259,Overwhelmingly Positive,4681,95.0,Reviews_ASC,8,Overwhelmingly Positive,910,796,87.47,Overwhelmingly Positive,압도적으로 긍정적,95.0,,Overwhelmingly Positive
1562700,SANABI,309,Overwhelmingly Positive,4633,95.0,Reviews_DESC,8,Overwhelmingly Positive,26330,25842,98.15,Overwhelmingly Positive,압도적으로 긍정적,95.0,,Overwhelmingly Positive
2725260,ENDER MAGNOLIA: Bloom in the Mist,1107,Overwhelmingly Positive,4452,97.0,_ASC,8,Overwhelmingly Positive,1004,983,97.91,Overwhelmingly Positive,압도적으로 긍정적,97.0,,Overwhelmingly Positive
610370,Desperados III,743,Overwhelmingly Positive,4311,95.0,Reviews_DESC,8,Overwhelmingly Positive,1054,1026,97.34,Overwhelmingly Positive,압도적으로 긍정적,95.0,,Overwhelmingly Positive
1388590,Yakuza 6: The Song of Life,769,Overwhelmingly Positive,3736,95.0,_ASC,8,Overwhelmingly Positive,739,706,95.53,Overwhelmingly Positive,압도적으로 긍정적,95.0,,Overwhelmingly Positive
2058190,Lost Judgment,295,Overwhelmingly Positive,3649,96.0,_ASC,8,Overwhelmingly Positive,598,550,91.97,Overwhelmingly Positive,압도적으로 긍정적,96.0,,Overwhelmingly Positive
3862670,Shelldiver,84,Overwhelmingly Positive,3609,98.0,Reviews_DESC,8,Overwhelmingly Positive,1027,1020,99.32,Overwhelmingly Positive,압도적으로 긍정적,98.0,,Overwhelmingly Positive
1584090,Touhou Mystia's Izakaya,71,Overwhelmingly Positive,3486,98.0,Reviews_DESC,8,Overwhelmingly Positive,1459,1443,98.9,Overwhelmingly Positive,압도적으로 긍정적,98.0,,Overwhelmingly Positive
1718570,ASTLIBRA Revision,1151,Overwhelmingly Positive,3249,95.0,Reviews_DESC,8,Overwhelmingly Positive,635,599,94.33,Overwhelmingly Positive,압도적으로 긍정적,95.0,,Overwhelmingly Positive
435400,Hidden Folks,388,Overwhelmingly Positive,3182,96.0,Reviews_DESC,8,Overwhelmingly Positive,775,746,96.26,Overwhelmingly Positive,압도적으로 긍정적,96.0,,Overwhelmingly Positive
2302660,Homicipher,774,Overwhelmingly Positive,2932,98.0,Reviews_DESC,8,Overwhelmingly Positive,541,526,97.23,Overwhelmingly Positive,압도적으로 긍정적,98.0,,Overwhelmingly Positive
1217390,Some Some Convenience Store,865,Overwhelmingly Positive,2894,96.0,Reviews_DESC,8,Overwhelmingly Positive,2805,2697,96.15,Overwhelmingly Positive,압도적으로 긍정적,96.0,,Overwhelmingly Positive
1669980,Volcano Princess,306,Overwhelmingly Positive,2877,96.0,Reviews_DESC,8,Overwhelmingly Positive,991,954,96.27,Overwhelmingly Positive,압도적으로 긍정적,96.0,,Overwhelmingly Positive
555220,Detention,1208,Overwhelmingly Positive,2789,96.0,Reviews_DESC,8,Overwhelmingly Positive,694,671,96.69,Overwhelmingly Positive,압도적으로 긍정적,96.0,,Overwhelmingly Positive
3079280,Saihate Station,1215,Overwhelmingly Positive,2723,97.0,Reviews_DESC,8,Overwhelmingly Positive,520,490,94.23,Overwhelmingly Positive,압도적으로 긍정적,97.0,,Overwhelmingly Positive
1173010,Flowers Blooming at the End of Summer,872,Overwhelmingly Positive,2667,96.0,Reviews_DESC,8,Overwhelmingly Positive,1494,1426,95.45,Overwhelmingly Positive,압도적으로 긍정적,96.0,,Overwhelmingly Positive
400910,Rabi-Ribi,1206,Overwhelmingly Positive,2645,95.0,Reviews_DESC,8,Overwhelmingly Positive,753,723,96.02,Overwhelmingly Positive,압도적으로 긍정적,95.0,,Overwhelmingly Positive
